Rominger,Elvin,Onizuka,Carrie,Rominger,Campbell
Thuot,Angela,Polk,Shayna,Thuot,Rodrigo
Washington,Efrain,Wheelock,Dallas,Washington,Estevan
Haise,Lyndsey,Burbank,Shenelly,Haise,Lee
Carter,Baby,Noriega,Claudia,Carter,Jaylin
McArthur,Shyla,Melroy,Marianne,McArthur,Max
Spring,Deion,Readdy,Mckenzie,Spring,Eric
Cunningham,Michele,Schwartz,Jaylynn,Cunningham,Brenden
Thuot,Rodrigo,Polk,Shayna,Haise,Lee,Boilermaker
Pierce,Reece,Hayes,Devon,Pierce,Josiah
Robinson,Athena,Grant,Leann,Robinson,Chaim
Stafford,Rashaun,Cooper,Elsa,Stafford,Joan
Fabian,Lorena,Deardorff,Elisabeth,Fabian,Trey
Nelson,Bo,Nelson,Debora,Nelson,Jacori
McKinley,Markia,Cutter,Amelia,McKinley,Moses
Harbaugh,Tony,Caldeiro,Nell,Harbaugh,Khalil
Melvin,Kourtney,Jernigan,Cheyenne,Melvin,Eugene
Spring,Humberto,McArthur,Dajanae,Spring,Ian
O'Leary,Rianna,Tanner,Jasmine,O'Leary,Jameson
McCool,Myles,Jackson,Gladys,McCool,Dominick
Bagian,Xochitl,Parazynski,Kristie,Bagian,Leonel
Linenger,Trevor,Herrington,Jaylynn,Linenger,Dylon
Godwin,Maura,Thuot,Keishla,Godwin,Demarco
Rominger,Mathieu,Thuot,Angela,Rominger,Elvin
Cunningham,Ivory,Coolidge,Candy,Cunningham,Dantae
Rominger,Colbey,Thuot,Angela,Rominger,Elvin
Reagan,Mileena,Parazynski,Lilibeth,Reagan,Carson
Rominger,Devontae,Thuot,Angela,Rominger,Elvin
Lawrence,Tory,Sullivan,Kourtney,Lawrence,Reed
Rominger,Niko,Thuot,Angela,Rominger,Elvin
Thornton,Melissa,Walker,Elise,Thornton,Charles
Rominger,Menachem,Thuot,Angela,Rominger,Elvin
Ivins,Tess,Kregel,Lucia,Ivins,Elijah
Rominger,Mohamed,Thuot,Angela,Rominger,Elvin
Scott,Gladys,Halsell,Tamia,Scott,Keshaun
Rominger,Collin,Thuot,Angela,Rominger,Elvin
Rominger,Danika,Thuot,Angela,Rominger,Elvin
Rominger,August,Thuot,Angela,Rominger,Elvin
Rominger,Tia,Thuot,Angela,Rominger,Elvin
Washington,Bronson,Haise,Lyndsey,Washington,Efrain
Rominger,Alondra,Thuot,Angela,Rominger,Elvin
Washington,Kellen,Haise,Lyndsey,Washington,Efrain
Rominger,Janessa,Thuot,Angela,Rominger,Elvin
Carter,Ever,McArthur,Shyla,Carter,Baby
Rominger,Raven,Thuot,Angela,Rominger,Elvin
Carter,Damien,McArthur,Shyla,Carter,Baby
Rominger,Fiona,Thuot,Angela,Rominger,Elvin
Carter,Cesar,McArthur,Shyla,Carter,Baby
Rominger,Chantal,Thuot,Angela,Rominger,Elvin
Carter,Kahlil,McArthur,Shyla,Carter,Baby
Rominger,Alisha,Thuot,Angela,Rominger,Elvin
Carter,Rahim,McArthur,Shyla,Carter,Baby
Rominger,Cambria,Thuot,Angela,Rominger,Elvin
Carter,Bryan,McArthur,Shyla,Carter,Baby
Rominger,Rosemarie,Thuot,Angela,Rominger,Elvin
Carter,Donald,McArthur,Shyla,Carter,Baby
Washington,Josey,Haise,Lyndsey,Washington,Efrain
Carter,Alejandro,McArthur,Shyla,Carter,Baby
Washington,Aliyah,Haise,Lyndsey,Washington,Efrain
Carter,Treshaun,McArthur,Shyla,Carter,Baby
Carter,Cara,McArthur,Shyla,Carter,Baby
Carter,Kegan,McArthur,Shyla,Carter,Baby
Carter,Sarahmarie,McArthur,Shyla,Carter,Baby
Spring,Matthew,Cunningham,Michele,Spring,Deion
Carter,Deanna,McArthur,Shyla,Carter,Baby
Spring,Rodney,Cunningham,Michele,Spring,Deion
Carter,Dorothy,McArthur,Shyla,Carter,Baby
Spring,Raul,Cunningham,Michele,Spring,Deion
Carter,Diane,McArthur,Shyla,Carter,Baby
O'Connor,Ruben,Cunningham,Angelica,O'Connor,Devonta
Carter,Juliana,McArthur,Shyla,Carter,Baby
O'Connor,Drake,Cunningham,Angelica,O'Connor,Devonta
Carter,Kaci,McArthur,Shyla,Carter,Baby
O'Connor,Jacques,Cunningham,Angelica,O'Connor,Devonta
Carter,Janae,McArthur,Shyla,Carter,Baby
O'Connor,Raymond,Cunningham,Angelica,O'Connor,Devonta
Spring,Haiden,Cunningham,Michele,Spring,Deion
O'Connor,Juan,Cunningham,Angelica,O'Connor,Devonta
Spring,Berenice,Cunningham,Michele,Spring,Deion
O'Connor,Aidan,Cunningham,Angelica,O'Connor,Devonta
Spring,Karishma,Cunningham,Michele,Spring,Deion
O'Connor,Kelton,Cunningham,Angelica,O'Connor,Devonta
Spring,Patricia,Cunningham,Michele,Spring,Deion
O'Connor,Benito,Cunningham,Angelica,O'Connor,Devonta
Spring,Christie,Cunningham,Michele,Spring,Deion
O'Connor,Dontae,Cunningham,Angelica,O'Connor,Devonta
Spring,Serenity,Cunningham,Michele,Spring,Deion
Pierce,Dequan,Robinson,Athena,Pierce,Reece
Spring,Veda,Cunningham,Michele,Spring,Deion
Pierce,Kaden,Robinson,Athena,Pierce,Reece
Spring,Hadley,Cunningham,Michele,Spring,Deion
Pierce,Davis,Robinson,Athena,Pierce,Reece
Spring,Marianne,Cunningham,Michele,Spring,Deion
Pierce,Xavier,Robinson,Athena,Pierce,Reece
O'Connor,Hilda,Cunningham,Angelica,O'Connor,Devonta
Pierce,Yuri,Robinson,Athena,Pierce,Reece
O'Connor,Skyler,Cunningham,Angelica,O'Connor,Devonta
Pierce,Enoch,Robinson,Athena,Pierce,Reece
O'Connor,Baby,Cunningham,Angelica,O'Connor,Devonta
Pierce,Anibal,Robinson,Athena,Pierce,Reece
O'Connor,Tyeisha,Cunningham,Angelica,O'Connor,Devonta
Stafford,Anton,Fabian,Lorena,Stafford,Rashaun
O'Connor,Nayeli,Cunningham,Angelica,O'Connor,Devonta
Stafford,Britt,Fabian,Lorena,Stafford,Rashaun
O'Connor,Keyondra,Cunningham,Angelica,O'Connor,Devonta
Stafford,Preston,Fabian,Lorena,Stafford,Rashaun
O'Connor,Caitlynn,Cunningham,Angelica,O'Connor,Devonta
Stafford,Alberto,Fabian,Lorena,Stafford,Rashaun
O'Connor,Drew,Cunningham,Angelica,O'Connor,Devonta
Stafford,Elliot,Fabian,Lorena,Stafford,Rashaun
Pierce,Shawna,Robinson,Athena,Pierce,Reece
Stafford,Riley,Fabian,Lorena,Stafford,Rashaun
Pierce,Kierra,Robinson,Athena,Pierce,Reece
Stafford,Gunner,Fabian,Lorena,Stafford,Rashaun
Pierce,Nyla,Robinson,Athena,Pierce,Reece
Stafford,Derick,Fabian,Lorena,Stafford,Rashaun
Pierce,Tiana,Robinson,Athena,Pierce,Reece
Stafford,Barrett,Fabian,Lorena,Stafford,Rashaun
Pierce,Faith,Robinson,Athena,Pierce,Reece
Stafford,Harry,Fabian,Lorena,Stafford,Rashaun
Pierce,Jesslyn,Robinson,Athena,Pierce,Reece
Nelson,Pierce,McKinley,Markia,Nelson,Bo
Pierce,Rosalinda,Robinson,Athena,Pierce,Reece
Nelson,Oscar,McKinley,Markia,Nelson,Bo
Pierce,Dianne,Robinson,Athena,Pierce,Reece
Nelson,Colt,McKinley,Markia,Nelson,Bo
Pierce,Mykayla,Robinson,Athena,Pierce,Reece
Nelson,Dakota,McKinley,Markia,Nelson,Bo
Stafford,Joyce,Fabian,Lorena,Stafford,Rashaun
Harbaugh,Noe,Melvin,Kourtney,Harbaugh,Tony
Stafford,Kortney,Fabian,Lorena,Stafford,Rashaun
Harbaugh,Maliki,Melvin,Kourtney,Harbaugh,Tony
Stafford,Keara,Fabian,Lorena,Stafford,Rashaun
Harbaugh,Sahil,Melvin,Kourtney,Harbaugh,Tony
Stafford,Shiann,Fabian,Lorena,Stafford,Rashaun
Harbaugh,Josiah,Melvin,Kourtney,Harbaugh,Tony
Stafford,Dana,Fabian,Lorena,Stafford,Rashaun
Harbaugh,Henry,Melvin,Kourtney,Harbaugh,Tony
Stafford,Emmalee,Fabian,Lorena,Stafford,Rashaun
Harbaugh,Jeffrey,Melvin,Kourtney,Harbaugh,Tony
Stafford,Harley,Fabian,Lorena,Stafford,Rashaun
Spring,Demetrius,O'Leary,Rianna,Spring,Humberto
Nelson,Kimberlee,McKinley,Markia,Nelson,Bo
Spring,Ryen,O'Leary,Rianna,Spring,Humberto
Nelson,Madilyn,McKinley,Markia,Nelson,Bo
Spring,Ameer,O'Leary,Rianna,Spring,Humberto
Nelson,Breana,McKinley,Markia,Nelson,Bo
McCool,Antonio,Bagian,Xochitl,McCool,Myles
Nelson,Liana,McKinley,Markia,Nelson,Bo
McCool,Marshall,Bagian,Xochitl,McCool,Myles
Nelson,Krupa,McKinley,Markia,Nelson,Bo
McCool,Domenic,Bagian,Xochitl,McCool,Myles
Nelson,Jonae,McKinley,Markia,Nelson,Bo
McCool,Arian,Bagian,Xochitl,McCool,Myles
Nelson,Kate,McKinley,Markia,Nelson,Bo
McCool,Jacob,Bagian,Xochitl,McCool,Myles
Harbaugh,Francesca,Melvin,Kourtney,Harbaugh,Tony
Linenger,Thaddeus,Godwin,Maura,Linenger,Trevor
Harbaugh,Carina,Melvin,Kourtney,Harbaugh,Tony
Linenger,Terry,Godwin,Maura,Linenger,Trevor
Harbaugh,Shaina,Melvin,Kourtney,Harbaugh,Tony
Rominger,Justice,Cunningham,Ivory,Rominger,Mathieu
Harbaugh,Helen,Melvin,Kourtney,Harbaugh,Tony
Rominger,Arian,Cunningham,Ivory,Rominger,Mathieu
Harbaugh,Maisie,Melvin,Kourtney,Harbaugh,Tony
Rominger,Kasey,Cunningham,Ivory,Rominger,Mathieu
Harbaugh,Simone,Melvin,Kourtney,Harbaugh,Tony
Rominger,Dylan,Cunningham,Ivory,Rominger,Mathieu
Spring,Yvonne,O'Leary,Rianna,Spring,Humberto
Rominger,Triston,Cunningham,Ivory,Rominger,Mathieu
Spring,Anamarie,O'Leary,Rianna,Spring,Humberto
Rominger,Westley,Cunningham,Ivory,Rominger,Mathieu
Spring,Sania,O'Leary,Rianna,Spring,Humberto
Rominger,Elijah,Cunningham,Ivory,Rominger,Mathieu
Spring,Josie,O'Leary,Rianna,Spring,Humberto
Rominger,Jamir,Cunningham,Ivory,Rominger,Mathieu
Spring,Katy,O'Leary,Rianna,Spring,Humberto
Rominger,Antonio,Cunningham,Ivory,Rominger,Mathieu
McCool,Kalee,Bagian,Xochitl,McCool,Myles
Rominger,Stanley,Cunningham,Ivory,Rominger,Mathieu
McCool,Karley,Bagian,Xochitl,McCool,Myles
Rominger,Jayson,Cunningham,Ivory,Rominger,Mathieu
McCool,Daija,Bagian,Xochitl,McCool,Myles
Rominger,Demonte,Cunningham,Ivory,Rominger,Mathieu
McCool,Kelli,Bagian,Xochitl,McCool,Myles
Rominger,Eric,Reagan,Mileena,Rominger,Colbey
McCool,Angelica,Bagian,Xochitl,McCool,Myles
Rominger,Julius,Reagan,Mileena,Rominger,Colbey
McCool,Adrianna,Bagian,Xochitl,McCool,Myles
Rominger,Connor,Reagan,Mileena,Rominger,Colbey
McCool,Jensen,Bagian,Xochitl,McCool,Myles
Rominger,Marco,Reagan,Mileena,Rominger,Colbey
McCool,Myranda,Bagian,Xochitl,McCool,Myles
Rominger,Preston,Reagan,Mileena,Rominger,Colbey
McCool,Kaira,Bagian,Xochitl,McCool,Myles
Rominger,Colby,Reagan,Mileena,Rominger,Colbey
Linenger,Jenna,Godwin,Maura,Linenger,Trevor
Rominger,Dominique,Reagan,Mileena,Rominger,Colbey
Linenger,Jesica,Godwin,Maura,Linenger,Trevor
Rominger,San,Reagan,Mileena,Rominger,Colbey
Linenger,Suzanna,Godwin,Maura,Linenger,Trevor
Rominger,Jonah,Reagan,Mileena,Rominger,Colbey
Rominger,Monique,Cunningham,Ivory,Rominger,Mathieu
Rominger,Walter,Lawrence,Tory,Rominger,Devontae
Rominger,Loren,Cunningham,Ivory,Rominger,Mathieu
Rominger,Taylor,Lawrence,Tory,Rominger,Devontae
Rominger,Jaida,Cunningham,Ivory,Rominger,Mathieu
Rominger,Devan,Lawrence,Tory,Rominger,Devontae
Rominger,Emilie,Cunningham,Ivory,Rominger,Mathieu
Rominger,Corey,Lawrence,Tory,Rominger,Devontae
Rominger,Flor,Cunningham,Ivory,Rominger,Mathieu
Rominger,Garin,Lawrence,Tory,Rominger,Devontae
Rominger,Minnie,Cunningham,Ivory,Rominger,Mathieu
Rominger,Conner,Lawrence,Tory,Rominger,Devontae
Rominger,Priscilla,Reagan,Mileena,Rominger,Colbey
Rominger,Stephan,Lawrence,Tory,Rominger,Devontae
Rominger,Saige,Reagan,Mileena,Rominger,Colbey
Rominger,Stewart,Lawrence,Tory,Rominger,Devontae
Rominger,Kristian,Reagan,Mileena,Rominger,Colbey
Rominger,Garrison,Thornton,Melissa,Rominger,Niko
Rominger,Shea,Lawrence,Tory,Rominger,Devontae
Rominger,Todd,Thornton,Melissa,Rominger,Niko
Rominger,Latosha,Lawrence,Tory,Rominger,Devontae
Rominger,Rayquan,Thornton,Melissa,Rominger,Niko
Rominger,Mykelle,Lawrence,Tory,Rominger,Devontae
Rominger,Antavius,Thornton,Melissa,Rominger,Niko
Rominger,Kaytlyn,Lawrence,Tory,Rominger,Devontae
Rominger,Ruben,Thornton,Melissa,Rominger,Niko
Rominger,Kristi,Lawrence,Tory,Rominger,Devontae
Rominger,Charles,Thornton,Melissa,Rominger,Niko
Rominger,Ayesha,Lawrence,Tory,Rominger,Devontae
Rominger,Chase,Thornton,Melissa,Rominger,Niko
Rominger,Jesslyn,Lawrence,Tory,Rominger,Devontae
Rominger,Mateo,Thornton,Melissa,Rominger,Niko
Rominger,Shoshana,Lawrence,Tory,Rominger,Devontae
Rominger,Conrad,Thornton,Melissa,Rominger,Niko
Rominger,Angel,Lawrence,Tory,Rominger,Devontae
Rominger,Wyatt,Thornton,Melissa,Rominger,Niko
Rominger,Audrey,Lawrence,Tory,Rominger,Devontae
Rominger,Rhett,Ivins,Tess,Rominger,Menachem
Rominger,Cori,Thornton,Melissa,Rominger,Niko
Rominger,Cristian,Ivins,Tess,Rominger,Menachem
Rominger,Susanna,Thornton,Melissa,Rominger,Niko
Rominger,Marlon,Ivins,Tess,Rominger,Menachem
Rominger,Katharine,Thornton,Melissa,Rominger,Niko
Rominger,Denver,Scott,Gladys,Rominger,Mohamed
Rominger,Beatriz,Thornton,Melissa,Rominger,Niko
Rominger,Harley,Scott,Gladys,Rominger,Mohamed
Rominger,Kaylea,Thornton,Melissa,Rominger,Niko
Rominger,Emerson,Scott,Gladys,Rominger,Mohamed
Rominger,Anne,Thornton,Melissa,Rominger,Niko
Rominger,Jan,Washington,Josey,Rominger,Collin
Rominger,Salina,Thornton,Melissa,Rominger,Niko
Rominger,Thomas,Washington,Josey,Rominger,Collin
Rominger,Nyasia,Thornton,Melissa,Rominger,Niko
Rominger,Agustin,Washington,Aliyah,Rominger,August
Rominger,Carolyn,Thornton,Melissa,Rominger,Niko
Rominger,Frankie,Washington,Aliyah,Rominger,August
Rominger,Jaymee,Ivins,Tess,Rominger,Menachem
Rominger,Tylar,Washington,Aliyah,Rominger,August
Rominger,Jori,Ivins,Tess,Rominger,Menachem
Rominger,Jasen,Washington,Aliyah,Rominger,August
Rominger,Shenelly,Ivins,Tess,Rominger,Menachem
Rominger,Javen,Washington,Aliyah,Rominger,August
Rominger,Hunter,Ivins,Tess,Rominger,Menachem
Rominger,Alan,Washington,Aliyah,Rominger,August
Rominger,Elexus,Ivins,Tess,Rominger,Menachem
Rominger,Jamel,Washington,Aliyah,Rominger,August
Rominger,Aubrie,Ivins,Tess,Rominger,Menachem
Rominger,Jacori,Washington,Aliyah,Rominger,August
Rominger,Rayven,Ivins,Tess,Rominger,Menachem
Washington,Royce,Rominger,Danika,Washington,Bronson
Rominger,Marianne,Ivins,Tess,Rominger,Menachem
Washington,Douglas,Rominger,Danika,Washington,Bronson
Rominger,Camille,Ivins,Tess,Rominger,Menachem
Washington,Tallon,Rominger,Danika,Washington,Bronson
Rominger,Annalisa,Ivins,Tess,Rominger,Menachem
Washington,Aiden,Rominger,Danika,Washington,Bronson
Rominger,Helen,Ivins,Tess,Rominger,Menachem
Washington,Alan,Rominger,Danika,Washington,Bronson
Rominger,Rose,Scott,Gladys,Rominger,Mohamed
Washington,Harry,Rominger,Tia,Washington,Kellen
Rominger,Mariangeli,Scott,Gladys,Rominger,Mohamed
Washington,Erik,Rominger,Tia,Washington,Kellen
Rominger,Kaylie,Scott,Gladys,Rominger,Mohamed
Washington,Ray,Rominger,Tia,Washington,Kellen
Rominger,Courteney,Washington,Josey,Rominger,Collin
Washington,Sawyer,Rominger,Tia,Washington,Kellen
Rominger,Carmelita,Washington,Aliyah,Rominger,August
Carter,Yair,Rominger,Alondra,Carter,Ever
Washington,Kellie,Rominger,Danika,Washington,Bronson
Carter,Yobani,Rominger,Alondra,Carter,Ever
Washington,Daphne,Rominger,Tia,Washington,Kellen
Carter,Jeb,Rominger,Alondra,Carter,Ever
Washington,Skye,Rominger,Tia,Washington,Kellen
Carter,Justus,Rominger,Alondra,Carter,Ever
Washington,Anjelica,Rominger,Tia,Washington,Kellen
Carter,Kameron,Rominger,Alondra,Carter,Ever
Washington,Maxine,Rominger,Tia,Washington,Kellen
Carter,Bobby,Rominger,Alondra,Carter,Ever
Washington,Heaven,Rominger,Tia,Washington,Kellen
Carter,Zev,Rominger,Janessa,Carter,Damien
Washington,Sherridan,Rominger,Tia,Washington,Kellen
Carter,Dale,Rominger,Janessa,Carter,Damien
Washington,Keyshla,Rominger,Tia,Washington,Kellen
Carter,Javon,Rominger,Janessa,Carter,Damien
Carter,Yesenia,Rominger,Alondra,Carter,Ever
Carter,Keegan,Rominger,Janessa,Carter,Damien
Carter,Sneha,Rominger,Alondra,Carter,Ever
Carter,Frank,Rominger,Janessa,Carter,Damien
Carter,Brook,Rominger,Alondra,Carter,Ever
Carter,Orlando,Rominger,Raven,Carter,Cesar
Carter,Aylin,Rominger,Alondra,Carter,Ever
Carter,Diamond,Rominger,Raven,Carter,Cesar
Carter,Shayla,Rominger,Alondra,Carter,Ever
Carter,Ezekiel,Rominger,Raven,Carter,Cesar
Carter,Luna,Rominger,Alondra,Carter,Ever
Carter,Dillon,Rominger,Raven,Carter,Cesar
Carter,Jaquana,Rominger,Janessa,Carter,Damien
Carter,Jeramie,Rominger,Raven,Carter,Cesar
Carter,Donisha,Rominger,Janessa,Carter,Damien
Carter,Isaias,Rominger,Raven,Carter,Cesar
Carter,Aesha,Rominger,Janessa,Carter,Damien
Carter,Daylon,Rominger,Fiona,Carter,Kahlil
Carter,Kaitlynn,Rominger,Janessa,Carter,Damien
Carter,Christophe,Rominger,Fiona,Carter,Kahlil
Carter,Nadine,Rominger,Janessa,Carter,Damien
Carter,Gabriel,Rominger,Chantal,Carter,Rahim
Carter,Destiny,Rominger,Janessa,Carter,Damien
Carter,Oscar,Rominger,Chantal,Carter,Rahim
Carter,Celia,Rominger,Janessa,Carter,Damien
Carter,Tristian,Rominger,Alisha,Carter,Bryan
Carter,Stephanie,Rominger,Janessa,Carter,Damien
Carter,Jimmy,Rominger,Alisha,Carter,Bryan
Carter,Imelda,Rominger,Janessa,Carter,Damien
Carter,Xzavier,Rominger,Alisha,Carter,Bryan
Carter,Essence,Rominger,Raven,Carter,Cesar
Carter,Dashane,Rominger,Alisha,Carter,Bryan
Carter,Jayda,Rominger,Raven,Carter,Cesar
Carter,Jayden,Rominger,Alisha,Carter,Bryan
Carter,Camilla,Rominger,Raven,Carter,Cesar
Carter,Ashton,Rominger,Cambria,Carter,Donald
Carter,Samara,Rominger,Raven,Carter,Cesar
Carter,Terance,Rominger,Cambria,Carter,Donald
Carter,Carly,Rominger,Raven,Carter,Cesar
Carter,Dakota,Rominger,Cambria,Carter,Donald
Carter,Mileena,Rominger,Raven,Carter,Cesar
Carter,Brice,Rominger,Cambria,Carter,Donald
Carter,Joanna,Rominger,Raven,Carter,Cesar
Carter,Jeremy,Rominger,Rosemarie,Carter,Alejandro
Carter,Judith,Rominger,Raven,Carter,Cesar
Carter,Roland,Rominger,Rosemarie,Carter,Alejandro
Carter,Nathalie,Rominger,Raven,Carter,Cesar
Carter,Steven,Rominger,Rosemarie,Carter,Alejandro
Carter,Cameron,Rominger,Raven,Carter,Cesar
Carter,William,Spring,Haiden,Carter,Treshaun
Carter,Shyanne,Rominger,Fiona,Carter,Kahlil
Carter,Brandon,Spring,Haiden,Carter,Treshaun
Carter,Haylie,Rominger,Fiona,Carter,Kahlil
Carter,Valentine,Spring,Berenice,Carter,Kegan
Carter,Carson,Rominger,Fiona,Carter,Kahlil
Carter,Sammie,Spring,Berenice,Carter,Kegan
Carter,Estefania,Rominger,Fiona,Carter,Kahlil
Spring,Damian,Carter,Cara,Spring,Matthew
Carter,Karen,Rominger,Fiona,Carter,Kahlil
Spring,Jesus,Carter,Cara,Spring,Matthew
Carter,Tawny,Rominger,Fiona,Carter,Kahlil
Spring,Leo,Carter,Cara,Spring,Matthew
Carter,Estela,Rominger,Chantal,Carter,Rahim
Spring,Simon,Carter,Cara,Spring,Matthew
Carter,Georgia,Rominger,Chantal,Carter,Rahim
Spring,Robert,Carter,Cara,Spring,Matthew
Carter,Renee,Rominger,Alisha,Carter,Bryan
Spring,Marlon,Carter,Cara,Spring,Matthew
Carter,Devin,Rominger,Cambria,Carter,Donald
Spring,Paris,Carter,Cara,Spring,Matthew
Carter,Tabatha,Rominger,Cambria,Carter,Donald
Spring,Rashad,Carter,Cara,Spring,Matthew
Carter,Kori,Rominger,Cambria,Carter,Donald
Spring,Kaden,Carter,Cara,Spring,Matthew
Carter,Edith,Rominger,Cambria,Carter,Donald
Spring,Ted,Carter,Cara,Spring,Matthew
Carter,Colby,Rominger,Cambria,Carter,Donald
Spring,Mario,Carter,Sarahmarie,Spring,Rodney
Carter,Tristan,Rominger,Rosemarie,Carter,Alejandro
Spring,Kellen,Carter,Sarahmarie,Spring,Rodney
Carter,Lila,Rominger,Rosemarie,Carter,Alejandro
Spring,Baby,Carter,Sarahmarie,Spring,Rodney
Carter,Kyla,Rominger,Rosemarie,Carter,Alejandro
Spring,Khalid,Carter,Deanna,Spring,Raul
Carter,Keyondra,Rominger,Rosemarie,Carter,Alejandro
Spring,Ben,Carter,Deanna,Spring,Raul
Carter,Peyton,Spring,Haiden,Carter,Treshaun
Spring,Isaias,Carter,Deanna,Spring,Raul
Carter,Josie,Spring,Haiden,Carter,Treshaun
Spring,Nicolas,Carter,Deanna,Spring,Raul
Carter,Karla,Spring,Haiden,Carter,Treshaun
Spring,Conrad,Carter,Deanna,Spring,Raul
Carter,Daisy,Spring,Haiden,Carter,Treshaun
Spring,Spenser,Carter,Deanna,Spring,Raul
Carter,Camila,Spring,Haiden,Carter,Treshaun
Spring,Walter,Carter,Deanna,Spring,Raul
Carter,Mariam,Spring,Haiden,Carter,Treshaun
O'Connor,Raphael,Carter,Dorothy,O'Connor,Ruben
Carter,Anja,Spring,Haiden,Carter,Treshaun
O'Connor,Sean,Carter,Dorothy,O'Connor,Ruben
Carter,Annalisa,Spring,Berenice,Carter,Kegan
O'Connor,Freeman,Carter,Dorothy,O'Connor,Ruben
Carter,Shannon,Spring,Berenice,Carter,Kegan
O'Connor,Brandon,Carter,Dorothy,O'Connor,Ruben
Carter,Hilda,Spring,Berenice,Carter,Kegan
O'Connor,Jawaun,Carter,Dorothy,O'Connor,Ruben
Carter,Angela,Spring,Berenice,Carter,Kegan
O'Connor,Dana,Carter,Dorothy,O'Connor,Ruben
Spring,Shayna,Carter,Cara,Spring,Matthew
O'Connor,Jose,Carter,Dorothy,O'Connor,Ruben
Spring,Shane,Carter,Cara,Spring,Matthew
O'Connor,Tommy,Carter,Dorothy,O'Connor,Ruben
Spring,Rubi,Carter,Cara,Spring,Matthew
O'Connor,Chaz,Carter,Dorothy,O'Connor,Ruben
Spring,Khaliah,Carter,Cara,Spring,Matthew
O'Connor,Emilio,Carter,Dorothy,O'Connor,Ruben
Spring,Sasha,Carter,Cara,Spring,Matthew
O'Connor,Jonathan,Carter,Dorothy,O'Connor,Ruben
Spring,Luz,Carter,Cara,Spring,Matthew
O'Connor,Cade,Carter,Diane,O'Connor,Drake
Spring,Beverly,Carter,Cara,Spring,Matthew
O'Connor,Arturo,Carter,Diane,O'Connor,Drake
Spring,Kristyn,Carter,Cara,Spring,Matthew
O'Connor,Clayton,Carter,Diane,O'Connor,Drake
Spring,Monet,Carter,Cara,Spring,Matthew
O'Connor,Spenser,Carter,Diane,O'Connor,Drake
Spring,Joselin,Carter,Sarahmarie,Spring,Rodney
O'Connor,Elijah,Carter,Diane,O'Connor,Drake
Spring,Paloma,Carter,Sarahmarie,Spring,Rodney
O'Connor,Adalberto,Carter,Diane,O'Connor,Drake
Spring,Courtney,Carter,Sarahmarie,Spring,Rodney
O'Connor,Julian,Carter,Diane,O'Connor,Drake
Spring,Celina,Carter,Sarahmarie,Spring,Rodney
O'Connor,Lionel,Carter,Diane,O'Connor,Drake
Spring,Irma,Carter,Deanna,Spring,Raul
O'Connor,Terence,Carter,Juliana,O'Connor,Jacques
Spring,Janesha,Carter,Deanna,Spring,Raul
O'Connor,Micheal,Carter,Juliana,O'Connor,Jacques
Spring,Leslie,Carter,Deanna,Spring,Raul
O'Connor,Darrell,Carter,Kaci,O'Connor,Raymond
O'Connor,Jena,Carter,Dorothy,O'Connor,Ruben
O'Connor,Dallas,Carter,Kaci,O'Connor,Raymond
O'Connor,Shanyce,Carter,Dorothy,O'Connor,Ruben
O'Connor,Tayler,Carter,Kaci,O'Connor,Raymond
O'Connor,Claudia,Carter,Dorothy,O'Connor,Ruben
O'Connor,Felipe,Carter,Kaci,O'Connor,Raymond
O'Connor,Carolina,Carter,Dorothy,O'Connor,Ruben
O'Connor,Daequan,Carter,Kaci,O'Connor,Raymond
O'Connor,Kerry,Carter,Dorothy,O'Connor,Ruben
O'Connor,Keaton,Carter,Kaci,O'Connor,Raymond
O'Connor,Melisa,Carter,Dorothy,O'Connor,Ruben
O'Connor,Clarence,Carter,Kaci,O'Connor,Raymond
O'Connor,Tabatha,Carter,Dorothy,O'Connor,Ruben
O'Connor,Grant,Carter,Kaci,O'Connor,Raymond
O'Connor,Mollie,Carter,Dorothy,O'Connor,Ruben
O'Connor,Bjorn,Carter,Janae,O'Connor,Juan
O'Connor,Jamie,Carter,Dorothy,O'Connor,Ruben
O'Connor,Steve,Carter,Janae,O'Connor,Juan
O'Connor,Monique,Carter,Diane,O'Connor,Drake
O'Connor,Mauro,Carter,Janae,O'Connor,Juan
O'Connor,Marilyn,Carter,Diane,O'Connor,Drake
O'Connor,Brennan,Carter,Janae,O'Connor,Juan
O'Connor,Marian,Carter,Diane,O'Connor,Drake
O'Connor,Jacoby,Carter,Janae,O'Connor,Juan
O'Connor,Krysta,Carter,Diane,O'Connor,Drake
O'Connor,Andrew,Spring,Karishma,O'Connor,Aidan
O'Connor,Abby,Carter,Diane,O'Connor,Drake
O'Connor,Kaden,Spring,Karishma,O'Connor,Aidan
O'Connor,Mikaela,Carter,Diane,O'Connor,Drake
O'Connor,Chad,Spring,Karishma,O'Connor,Aidan
O'Connor,Daniella,Carter,Diane,O'Connor,Drake
O'Connor,Ibrahim,Spring,Karishma,O'Connor,Aidan
O'Connor,Eva,Carter,Diane,O'Connor,Drake
O'Connor,Hashim,Spring,Patricia,O'Connor,Kelton
O'Connor,Sonya,Carter,Diane,O'Connor,Drake
O'Connor,Ezekiel,Spring,Patricia,O'Connor,Kelton
O'Connor,Charity,Carter,Diane,O'Connor,Drake
O'Connor,Buford,Spring,Patricia,O'Connor,Kelton
O'Connor,Kaitlin,Carter,Diane,O'Connor,Drake
O'Connor,Edward,Spring,Patricia,O'Connor,Kelton
O'Connor,Carra,Carter,Diane,O'Connor,Drake
O'Connor,Don,Spring,Christie,O'Connor,Benito
O'Connor,Willow,Carter,Juliana,O'Connor,Jacques
O'Connor,Javonte,Spring,Christie,O'Connor,Benito
O'Connor,Katelynn,Carter,Juliana,O'Connor,Jacques
O'Connor,Colbey,Spring,Christie,O'Connor,Benito
O'Connor,Valencia,Carter,Juliana,O'Connor,Jacques
O'Connor,Mauricio,Spring,Christie,O'Connor,Benito
O'Connor,Maranda,Carter,Juliana,O'Connor,Jacques
O'Connor,Mohammad,Spring,Christie,O'Connor,Benito
O'Connor,Dajah,Carter,Juliana,O'Connor,Jacques
O'Connor,Javon,Spring,Christie,O'Connor,Benito
O'Connor,Jenniffer,Carter,Juliana,O'Connor,Jacques
O'Connor,Deante,Spring,Serenity,O'Connor,Dontae
O'Connor,Molly,Carter,Kaci,O'Connor,Raymond
O'Connor,Toby,Spring,Serenity,O'Connor,Dontae
O'Connor,Briana,Carter,Kaci,O'Connor,Raymond
O'Connor,Hiram,Spring,Serenity,O'Connor,Dontae
O'Connor,Brenda,Carter,Kaci,O'Connor,Raymond
O'Connor,Tre,Spring,Serenity,O'Connor,Dontae
O'Connor,Aubrey,Carter,Kaci,O'Connor,Raymond
O'Connor,Kaleb,Spring,Serenity,O'Connor,Dontae
O'Connor,Bridgette,Carter,Kaci,O'Connor,Raymond
Pierce,Greyson,Spring,Veda,Pierce,Dequan
O'Connor,Dandrea,Carter,Kaci,O'Connor,Raymond
Pierce,David,Spring,Veda,Pierce,Dequan
O'Connor,Isabella,Spring,Karishma,O'Connor,Aidan
Pierce,Alec,Spring,Veda,Pierce,Dequan
O'Connor,Haleigh,Spring,Karishma,O'Connor,Aidan
Pierce,Terence,Spring,Veda,Pierce,Dequan
O'Connor,Ashley,Spring,Karishma,O'Connor,Aidan
Pierce,Kody,Spring,Veda,Pierce,Dequan
O'Connor,Keisha,Spring,Karishma,O'Connor,Aidan
Pierce,Keanu,Spring,Hadley,Pierce,Kaden
O'Connor,Larissa,Spring,Patricia,O'Connor,Kelton
Pierce,Jovonte,Spring,Hadley,Pierce,Kaden
O'Connor,Jana,Spring,Christie,O'Connor,Benito
Pierce,Salvatore,Spring,Hadley,Pierce,Kaden
O'Connor,Sarahi,Spring,Christie,O'Connor,Benito
Pierce,Jacoby,Spring,Hadley,Pierce,Kaden
O'Connor,Merissa,Spring,Christie,O'Connor,Benito
Pierce,Braydon,Spring,Hadley,Pierce,Kaden
O'Connor,Tatianna,Spring,Christie,O'Connor,Benito
Pierce,Rafael,Spring,Hadley,Pierce,Kaden
O'Connor,Isamar,Spring,Christie,O'Connor,Benito
Pierce,Ezekiel,Spring,Hadley,Pierce,Kaden
O'Connor,Tia,Spring,Serenity,O'Connor,Dontae
Pierce,Jovan,Spring,Hadley,Pierce,Kaden
Pierce,Luz,Spring,Veda,Pierce,Dequan
Pierce,Kenyon,Spring,Hadley,Pierce,Kaden
Pierce,Anita,Spring,Veda,Pierce,Dequan
Pierce,Brannon,Spring,Marianne,Pierce,Davis
Pierce,Jordyn,Spring,Veda,Pierce,Dequan
Pierce,Destin,Spring,Marianne,Pierce,Davis
Pierce,Payton,Spring,Veda,Pierce,Dequan
Pierce,Tayler,Spring,Marianne,Pierce,Davis
Pierce,Eryn,Spring,Veda,Pierce,Dequan
Pierce,Tylor,Spring,Marianne,Pierce,Davis
Pierce,Mona,Spring,Veda,Pierce,Dequan
Pierce,Ryan,Spring,Marianne,Pierce,Davis
Pierce,Natalee,Spring,Veda,Pierce,Dequan
Pierce,Marielle,Spring,Marianne,Pierce,Davis
Pierce,Melisa,Spring,Veda,Pierce,Dequan
Pierce,Thaddeus,Spring,Marianne,Pierce,Davis
Pierce,Chloe,Spring,Hadley,Pierce,Kaden
Pierce,Callum,O'Connor,Hilda,Pierce,Xavier
Pierce,Justina,Spring,Hadley,Pierce,Kaden
Pierce,Jeremiah,O'Connor,Hilda,Pierce,Xavier
Pierce,Keyondra,Spring,Hadley,Pierce,Kaden
Pierce,Deshawn,O'Connor,Hilda,Pierce,Xavier
Pierce,Theresa,Spring,Hadley,Pierce,Kaden
Pierce,Warren,O'Connor,Hilda,Pierce,Xavier
Pierce,Amanda,Spring,Hadley,Pierce,Kaden
Pierce,Jonah,O'Connor,Hilda,Pierce,Xavier
Pierce,Cori,Spring,Hadley,Pierce,Kaden
Pierce,Enrique,O'Connor,Skyler,Pierce,Yuri
Pierce,Elexus,Spring,Hadley,Pierce,Kaden
Pierce,Alvaro,O'Connor,Skyler,Pierce,Yuri
Pierce,Bridget,Spring,Hadley,Pierce,Kaden
Pierce,Deshaun,O'Connor,Baby,Pierce,Enoch
Pierce,Mykelle,Spring,Hadley,Pierce,Kaden
Pierce,Neftaly,O'Connor,Baby,Pierce,Enoch
Pierce,Margo,Spring,Hadley,Pierce,Kaden
Pierce,Tre,O'Connor,Baby,Pierce,Enoch
Pierce,Leeann,Spring,Marianne,Pierce,Davis
Pierce,Sheldon,O'Connor,Tyeisha,Pierce,Anibal
Pierce,Tracy,Spring,Marianne,Pierce,Davis
Pierce,Harley,O'Connor,Tyeisha,Pierce,Anibal
Pierce,Lara,Spring,Marianne,Pierce,Davis
Stafford,Gonzalo,O'Connor,Nayeli,Stafford,Anton
Pierce,Carlie,Spring,Marianne,Pierce,Davis
Stafford,Jajuan,O'Connor,Nayeli,Stafford,Anton
Pierce,Isabelle,O'Connor,Hilda,Pierce,Xavier
Stafford,Fredrick,O'Connor,Nayeli,Stafford,Anton
Pierce,Isadora,O'Connor,Hilda,Pierce,Xavier
Stafford,Braydon,O'Connor,Nayeli,Stafford,Anton
Pierce,Tayla,O'Connor,Hilda,Pierce,Xavier
Stafford,Griffin,O'Connor,Keyondra,Stafford,Britt
Pierce,Laura,O'Connor,Hilda,Pierce,Xavier
Stafford,Desmond,O'Connor,Keyondra,Stafford,Britt
Pierce,Courtney,O'Connor,Skyler,Pierce,Yuri
Stafford,Brennon,O'Connor,Keyondra,Stafford,Britt
Pierce,Jaden,O'Connor,Skyler,Pierce,Yuri
Stafford,Benny,O'Connor,Keyondra,Stafford,Britt
Pierce,Karena,O'Connor,Skyler,Pierce,Yuri
Stafford,Devonte,O'Connor,Keyondra,Stafford,Britt
Pierce,Chandler,O'Connor,Skyler,Pierce,Yuri
Stafford,Cruz,O'Connor,Keyondra,Stafford,Britt
Pierce,Genevieve,O'Connor,Baby,Pierce,Enoch
Stafford,Tony,O'Connor,Caitlynn,Stafford,Preston
Pierce,Carmelita,O'Connor,Baby,Pierce,Enoch
Stafford,Justice,O'Connor,Caitlynn,Stafford,Preston
Pierce,Shelby,O'Connor,Baby,Pierce,Enoch
Stafford,Wylie,O'Connor,Caitlynn,Stafford,Preston
Pierce,Berenice,O'Connor,Baby,Pierce,Enoch
Stafford,Ignacio,O'Connor,Caitlynn,Stafford,Preston
Pierce,Janell,O'Connor,Tyeisha,Pierce,Anibal
Stafford,Thomas,O'Connor,Caitlynn,Stafford,Preston
Pierce,Cindy,O'Connor,Tyeisha,Pierce,Anibal
Stafford,Mark,O'Connor,Drew,Stafford,Alberto
Pierce,Rachael,O'Connor,Tyeisha,Pierce,Anibal
Stafford,Danny,O'Connor,Drew,Stafford,Alberto
Pierce,Chastity,O'Connor,Tyeisha,Pierce,Anibal
Stafford,Ulysses,O'Connor,Drew,Stafford,Alberto
Pierce,Annie,O'Connor,Tyeisha,Pierce,Anibal
Stafford,Taquan,O'Connor,Drew,Stafford,Alberto
Stafford,Kasandra,O'Connor,Nayeli,Stafford,Anton
Stafford,Alexandro,O'Connor,Drew,Stafford,Alberto
Stafford,Austin,O'Connor,Nayeli,Stafford,Anton
Stafford,Emerson,O'Connor,Drew,Stafford,Alberto
Stafford,Tiani,O'Connor,Nayeli,Stafford,Anton
Stafford,Humberto,Pierce,Shawna,Stafford,Elliot
Stafford,Janeth,O'Connor,Nayeli,Stafford,Anton
Stafford,Nick,Pierce,Shawna,Stafford,Elliot
Stafford,Dylan,O'Connor,Nayeli,Stafford,Anton
Stafford,Elias,Pierce,Shawna,Stafford,Elliot
Stafford,Alison,O'Connor,Keyondra,Stafford,Britt
Stafford,Torey,Pierce,Shawna,Stafford,Elliot
Stafford,Kathryn,O'Connor,Keyondra,Stafford,Britt
Stafford,Addison,Pierce,Shawna,Stafford,Elliot
Stafford,Marina,O'Connor,Caitlynn,Stafford,Preston
Stafford,Maxwell,Pierce,Shawna,Stafford,Elliot
Stafford,Barbara,O'Connor,Caitlynn,Stafford,Preston
Stafford,Sean,Pierce,Shawna,Stafford,Elliot
Stafford,Mykayla,O'Connor,Caitlynn,Stafford,Preston
Stafford,Edgar,Pierce,Shawna,Stafford,Elliot
Stafford,Ashtyn,O'Connor,Caitlynn,Stafford,Preston
Stafford,Cameron,Pierce,Shawna,Stafford,Elliot
Stafford,Brynn,O'Connor,Drew,Stafford,Alberto
Stafford,Abdul,Pierce,Shawna,Stafford,Elliot
Stafford,Liz,O'Connor,Drew,Stafford,Alberto
Stafford,Tomas,Pierce,Kierra,Stafford,Riley
Stafford,Liza,O'Connor,Drew,Stafford,Alberto
Stafford,Parker,Pierce,Kierra,Stafford,Riley
Stafford,Nyla,O'Connor,Drew,Stafford,Alberto
Stafford,Andre,Pierce,Kierra,Stafford,Riley
Stafford,Paula,O'Connor,Drew,Stafford,Alberto
Stafford,Terence,Pierce,Kierra,Stafford,Riley
Stafford,Carli,Pierce,Shawna,Stafford,Elliot
Stafford,Tyson,Pierce,Kierra,Stafford,Riley
Stafford,Maria,Pierce,Shawna,Stafford,Elliot
Stafford,Jaylan,Pierce,Kierra,Stafford,Riley
Stafford,Halee,Pierce,Shawna,Stafford,Elliot
Stafford,Leonard,Pierce,Nyla,Stafford,Gunner
Stafford,Annmarie,Pierce,Shawna,Stafford,Elliot
Stafford,Rafael,Pierce,Nyla,Stafford,Gunner
Stafford,Damaris,Pierce,Shawna,Stafford,Elliot
Stafford,Devontae,Pierce,Nyla,Stafford,Gunner
Stafford,Beverly,Pierce,Shawna,Stafford,Elliot
Stafford,Kyle,Pierce,Nyla,Stafford,Gunner
Stafford,Tess,Pierce,Shawna,Stafford,Elliot
Stafford,Drew,Pierce,Nyla,Stafford,Gunner
Stafford,Janessa,Pierce,Shawna,Stafford,Elliot
Stafford,Keion,Pierce,Tiana,Stafford,Derick
Stafford,Erin,Pierce,Shawna,Stafford,Elliot
Stafford,Eli,Pierce,Tiana,Stafford,Derick
Stafford,Abbigail,Pierce,Kierra,Stafford,Riley
Stafford,Kristian,Pierce,Tiana,Stafford,Derick
Stafford,Asha,Pierce,Kierra,Stafford,Riley
Stafford,Keagan,Pierce,Tiana,Stafford,Derick
Stafford,Regina,Pierce,Kierra,Stafford,Riley
Stafford,Alvin,Pierce,Tiana,Stafford,Derick
Stafford,Deborah,Pierce,Kierra,Stafford,Riley
Stafford,Shan,Pierce,Tiana,Stafford,Derick
Stafford,Daija,Pierce,Kierra,Stafford,Riley
Stafford,Tevin,Pierce,Tiana,Stafford,Derick
Stafford,Marisol,Pierce,Kierra,Stafford,Riley
Stafford,Amari,Pierce,Tiana,Stafford,Derick
Stafford,Kathleen,Pierce,Kierra,Stafford,Riley
Stafford,Rowan,Pierce,Faith,Stafford,Barrett
Stafford,Tiyanna,Pierce,Kierra,Stafford,Riley
Stafford,Walker,Pierce,Faith,Stafford,Barrett
Stafford,Shane,Pierce,Kierra,Stafford,Riley
Stafford,Wesley,Pierce,Faith,Stafford,Barrett
Stafford,Adrianne,Pierce,Kierra,Stafford,Riley
Stafford,Saxon,Pierce,Faith,Stafford,Barrett
Stafford,Kelsee,Pierce,Nyla,Stafford,Gunner
Stafford,Allan,Pierce,Faith,Stafford,Barrett
Stafford,Chardonnay,Pierce,Nyla,Stafford,Gunner
Stafford,Ariel,Pierce,Faith,Stafford,Barrett
Stafford,Iridian,Pierce,Nyla,Stafford,Gunner
Stafford,Tylor,Pierce,Faith,Stafford,Barrett
Stafford,Julissa,Pierce,Nyla,Stafford,Gunner
Stafford,Salvador,Pierce,Faith,Stafford,Barrett
Stafford,Makala,Pierce,Nyla,Stafford,Gunner
Stafford,Michael,Pierce,Faith,Stafford,Barrett
Stafford,Lisa,Pierce,Nyla,Stafford,Gunner
Stafford,Gerardo,Pierce,Faith,Stafford,Barrett
Stafford,Cody,Pierce,Nyla,Stafford,Gunner
Stafford,Clayton,Pierce,Faith,Stafford,Barrett
Stafford,Rachel,Pierce,Nyla,Stafford,Gunner
Stafford,Donald,Pierce,Jesslyn,Stafford,Harry
Stafford,Marie,Pierce,Nyla,Stafford,Gunner
Stafford,Guadalupe,Pierce,Jesslyn,Stafford,Harry
Stafford,Keisha,Pierce,Nyla,Stafford,Gunner
Stafford,Shemar,Pierce,Jesslyn,Stafford,Harry
Stafford,Kira,Pierce,Nyla,Stafford,Gunner
Stafford,Jamie,Pierce,Jesslyn,Stafford,Harry
Stafford,Klee,Pierce,Nyla,Stafford,Gunner
Stafford,Stephen,Pierce,Jesslyn,Stafford,Harry
Stafford,Shenelly,Pierce,Tiana,Stafford,Derick
Stafford,Latrell,Pierce,Jesslyn,Stafford,Harry
Stafford,Sophie,Pierce,Tiana,Stafford,Derick
Nelson,Trae,Pierce,Rosalinda,Nelson,Pierce
Stafford,Molly,Pierce,Tiana,Stafford,Derick
Nelson,Zane,Pierce,Rosalinda,Nelson,Pierce
Stafford,Farrah,Pierce,Tiana,Stafford,Derick
Nelson,Conrad,Pierce,Rosalinda,Nelson,Pierce
Stafford,Miranda,Pierce,Tiana,Stafford,Derick
Nelson,Orion,Pierce,Rosalinda,Nelson,Pierce
Stafford,Maire,Pierce,Tiana,Stafford,Derick
Nelson,Brenden,Pierce,Rosalinda,Nelson,Pierce
Stafford,Skylar,Pierce,Faith,Stafford,Barrett
Nelson,Ryen,Pierce,Rosalinda,Nelson,Pierce
Stafford,Kendra,Pierce,Faith,Stafford,Barrett
Nelson,Darrion,Pierce,Rosalinda,Nelson,Pierce
Stafford,Kaila,Pierce,Faith,Stafford,Barrett
Nelson,Bryce,Pierce,Rosalinda,Nelson,Pierce
Stafford,Haylee,Pierce,Faith,Stafford,Barrett
Nelson,Rodney,Pierce,Dianne,Nelson,Oscar
Stafford,Nakia,Pierce,Faith,Stafford,Barrett
Nelson,Ignacio,Pierce,Dianne,Nelson,Oscar
Stafford,Stefanie,Pierce,Faith,Stafford,Barrett
Nelson,Dandre,Pierce,Dianne,Nelson,Oscar
Stafford,Rita,Pierce,Faith,Stafford,Barrett
Nelson,Carter,Pierce,Dianne,Nelson,Oscar
Stafford,Ryann,Pierce,Jesslyn,Stafford,Harry
Nelson,Torey,Pierce,Dianne,Nelson,Oscar
Stafford,Elisabeth,Pierce,Jesslyn,Stafford,Harry
Nelson,Thaddeus,Pierce,Dianne,Nelson,Oscar
Stafford,Kamri,Pierce,Jesslyn,Stafford,Harry
Nelson,Cullen,Pierce,Dianne,Nelson,Oscar
Stafford,Valentina,Pierce,Jesslyn,Stafford,Harry
Nelson,Andreas,Pierce,Dianne,Nelson,Oscar
Nelson,Jori,Pierce,Rosalinda,Nelson,Pierce
Nelson,Kenneth,Pierce,Dianne,Nelson,Oscar
Nelson,Helen,Pierce,Rosalinda,Nelson,Pierce
Nelson,Johnathen,Pierce,Dianne,Nelson,Oscar
Nelson,Kylie,Pierce,Rosalinda,Nelson,Pierce
Nelson,Cyrus,Pierce,Dianne,Nelson,Oscar
Nelson,Ashtin,Pierce,Rosalinda,Nelson,Pierce
Nelson,Julian,Pierce,Dianne,Nelson,Oscar
Nelson,Sinai,Pierce,Rosalinda,Nelson,Pierce
Nelson,Jayce,Pierce,Mykayla,Nelson,Colt
Nelson,Magdalena,Pierce,Rosalinda,Nelson,Pierce
Nelson,Hugo,Pierce,Mykayla,Nelson,Colt
Nelson,Candy,Pierce,Dianne,Nelson,Oscar
Nelson,Tyree,Pierce,Mykayla,Nelson,Colt
Nelson,Lexi,Pierce,Dianne,Nelson,Oscar
Nelson,Caden,Pierce,Mykayla,Nelson,Colt
Nelson,Kaylee,Pierce,Dianne,Nelson,Oscar
Nelson,Mark,Pierce,Mykayla,Nelson,Colt
Nelson,Zabrina,Pierce,Dianne,Nelson,Oscar
Nelson,Carson,Stafford,Joyce,Nelson,Dakota
Nelson,Hailee,Pierce,Dianne,Nelson,Oscar
Nelson,Eddie,Stafford,Joyce,Nelson,Dakota
Nelson,Shirley,Pierce,Dianne,Nelson,Oscar
Nelson,Domenic,Stafford,Joyce,Nelson,Dakota
Nelson,Estefania,Pierce,Dianne,Nelson,Oscar
Nelson,Jovon,Stafford,Joyce,Nelson,Dakota
Nelson,Anjelica,Pierce,Mykayla,Nelson,Colt
Nelson,Estevan,Stafford,Joyce,Nelson,Dakota
Nelson,Madison,Pierce,Mykayla,Nelson,Colt
Nelson,Shamar,Stafford,Joyce,Nelson,Dakota
Nelson,Katie,Pierce,Mykayla,Nelson,Colt
Harbaugh,Nestor,Stafford,Kortney,Harbaugh,Noe
Nelson,Karlee,Pierce,Mykayla,Nelson,Colt
Harbaugh,Anthony,Stafford,Kortney,Harbaugh,Noe
Nelson,Danielle,Pierce,Mykayla,Nelson,Colt
Harbaugh,Romeo,Stafford,Kortney,Harbaugh,Noe
Nelson,Carol,Pierce,Mykayla,Nelson,Colt
Harbaugh,Cory,Stafford,Kortney,Harbaugh,Noe
Nelson,Dena,Pierce,Mykayla,Nelson,Colt
Harbaugh,Moises,Stafford,Kortney,Harbaugh,Noe
Nelson,Keishla,Stafford,Joyce,Nelson,Dakota
Harbaugh,Kylan,Stafford,Kortney,Harbaugh,Noe
Nelson,Janet,Stafford,Joyce,Nelson,Dakota
Harbaugh,Jairus,Stafford,Kortney,Harbaugh,Noe
Harbaugh,Synthia,Stafford,Kortney,Harbaugh,Noe
Harbaugh,Kalon,Stafford,Keara,Harbaugh,Maliki
Harbaugh,Kayli,Stafford,Kortney,Harbaugh,Noe
Harbaugh,Forrest,Stafford,Keara,Harbaugh,Maliki
Harbaugh,Sarina,Stafford,Kortney,Harbaugh,Noe
Harbaugh,Darryl,Stafford,Keara,Harbaugh,Maliki
Harbaugh,Casey,Stafford,Kortney,Harbaugh,Noe
Harbaugh,Salvador,Stafford,Keara,Harbaugh,Maliki
Harbaugh,Janay,Stafford,Kortney,Harbaugh,Noe
Harbaugh,Vinh,Stafford,Keara,Harbaugh,Maliki
Harbaugh,Shayla,Stafford,Kortney,Harbaugh,Noe
Harbaugh,Josue,Stafford,Shiann,Harbaugh,Sahil
Harbaugh,Madeleine,Stafford,Keara,Harbaugh,Maliki
Harbaugh,Marquis,Stafford,Shiann,Harbaugh,Sahil
Harbaugh,Jasmin,Stafford,Keara,Harbaugh,Maliki
Harbaugh,Alberto,Stafford,Shiann,Harbaugh,Sahil
Harbaugh,Darrian,Stafford,Keara,Harbaugh,Maliki
Harbaugh,Carter,Stafford,Shiann,Harbaugh,Sahil
Harbaugh,Elida,Stafford,Keara,Harbaugh,Maliki
Harbaugh,Wade,Stafford,Shiann,Harbaugh,Sahil
Harbaugh,Antoinette,Stafford,Shiann,Harbaugh,Sahil
Harbaugh,Daxton,Stafford,Shiann,Harbaugh,Sahil
Harbaugh,Shyla,Stafford,Shiann,Harbaugh,Sahil
Harbaugh,Niko,Stafford,Shiann,Harbaugh,Sahil
Harbaugh,Sasha,Stafford,Shiann,Harbaugh,Sahil
Harbaugh,Quinton,Stafford,Shiann,Harbaugh,Sahil
Harbaugh,Chase,Stafford,Shiann,Harbaugh,Sahil
Harbaugh,German,Stafford,Shiann,Harbaugh,Sahil
Harbaugh,Stacie,Stafford,Shiann,Harbaugh,Sahil
Harbaugh,Anibal,Stafford,Shiann,Harbaugh,Sahil
Harbaugh,Carmelita,Stafford,Shiann,Harbaugh,Sahil
Harbaugh,San,Stafford,Dana,Harbaugh,Josiah
Harbaugh,Athena,Stafford,Shiann,Harbaugh,Sahil
Harbaugh,Jeff,Stafford,Dana,Harbaugh,Josiah
Harbaugh,Destiana,Stafford,Dana,Harbaugh,Josiah
Harbaugh,Tylar,Stafford,Dana,Harbaugh,Josiah
Harbaugh,Justine,Stafford,Dana,Harbaugh,Josiah
Harbaugh,Deondre,Stafford,Dana,Harbaugh,Josiah
Harbaugh,Kansas,Stafford,Dana,Harbaugh,Josiah
Harbaugh,Keshaun,Stafford,Emmalee,Harbaugh,Henry
Harbaugh,Nayeli,Stafford,Dana,Harbaugh,Josiah
Harbaugh,Juancarlos,Stafford,Harley,Harbaugh,Jeffrey
Harbaugh,Serena,Stafford,Dana,Harbaugh,Josiah
Harbaugh,Markell,Stafford,Harley,Harbaugh,Jeffrey
Harbaugh,Lourdes,Stafford,Dana,Harbaugh,Josiah
Harbaugh,Salvatore,Stafford,Harley,Harbaugh,Jeffrey
Harbaugh,Aileen,Stafford,Dana,Harbaugh,Josiah
Harbaugh,Domenic,Stafford,Harley,Harbaugh,Jeffrey
Harbaugh,Flor,Stafford,Emmalee,Harbaugh,Henry
Harbaugh,Jamel,Stafford,Harley,Harbaugh,Jeffrey
Harbaugh,Leslie,Stafford,Emmalee,Harbaugh,Henry
Spring,Lucas,Nelson,Kimberlee,Spring,Demetrius
Harbaugh,Ali,Stafford,Emmalee,Harbaugh,Henry
Spring,Thaddeus,Nelson,Kimberlee,Spring,Demetrius
Harbaugh,Shauna,Stafford,Harley,Harbaugh,Jeffrey
Spring,Eduardo,Nelson,Madilyn,Spring,Ryen
Spring,Kiara,Nelson,Kimberlee,Spring,Demetrius
Spring,Brennon,Nelson,Madilyn,Spring,Ryen
Spring,Neda,Nelson,Kimberlee,Spring,Demetrius
Spring,Ramiro,Nelson,Madilyn,Spring,Ryen
Spring,Cheyanne,Nelson,Madilyn,Spring,Ryen
Spring,Rene,Nelson,Madilyn,Spring,Ryen
Spring,Kenya,Nelson,Breana,Spring,Ameer
Spring,Shaun,Nelson,Madilyn,Spring,Ryen
Spring,Kristian,Nelson,Breana,Spring,Ameer
Spring,Jeremiah,Nelson,Madilyn,Spring,Ryen
Spring,Dorian,Nelson,Breana,Spring,Ameer
Spring,Deangelo,Nelson,Madilyn,Spring,Ryen
Spring,Flor,Nelson,Breana,Spring,Ameer
Spring,Eugene,Nelson,Madilyn,Spring,Ryen
Spring,Hattie,Nelson,Breana,Spring,Ameer
Spring,Kirkland,Nelson,Madilyn,Spring,Ryen
McCool,Makala,Nelson,Liana,McCool,Antonio
Spring,Cristopher,Nelson,Breana,Spring,Ameer
McCool,Danica,Nelson,Liana,McCool,Antonio
Spring,Caleb,Nelson,Breana,Spring,Ameer
McCool,Estefania,Nelson,Liana,McCool,Antonio
Spring,Westley,Nelson,Breana,Spring,Ameer
McCool,Bridget,Nelson,Liana,McCool,Antonio
Spring,Dantae,Nelson,Breana,Spring,Ameer
McCool,Jesslyn,Nelson,Liana,McCool,Antonio
Spring,Pierce,Nelson,Breana,Spring,Ameer
McCool,Libby,Nelson,Liana,McCool,Antonio
Spring,Jan,Nelson,Breana,Spring,Ameer
McCool,Brynn,Nelson,Liana,McCool,Antonio
Spring,Steven,Nelson,Breana,Spring,Ameer
McCool,Shirley,Nelson,Krupa,McCool,Marshall
McCool,Garret,Nelson,Liana,McCool,Antonio
McCool,Guadalupe,Nelson,Krupa,McCool,Marshall
McCool,Alan,Nelson,Liana,McCool,Antonio
McCool,Chrystal,Nelson,Krupa,McCool,Marshall
McCool,Anfernee,Nelson,Liana,McCool,Antonio
McCool,Mckinzie,Nelson,Krupa,McCool,Marshall
McCool,Joe,Nelson,Liana,McCool,Antonio
McCool,Makaila,Nelson,Krupa,McCool,Marshall
McCool,Emerson,Nelson,Liana,McCool,Antonio
McCool,Jessenia,Nelson,Jonae,McCool,Domenic
McCool,Austen,Nelson,Liana,McCool,Antonio
McCool,Ashtin,Nelson,Jonae,McCool,Domenic
McCool,Savion,Nelson,Liana,McCool,Antonio
McCool,Justine,Nelson,Jonae,McCool,Domenic
McCool,Rowan,Nelson,Liana,McCool,Antonio
McCool,Marisa,Nelson,Jonae,McCool,Domenic
McCool,Xzavier,Nelson,Liana,McCool,Antonio
McCool,Kellie,Nelson,Jonae,McCool,Domenic
McCool,Junior,Nelson,Liana,McCool,Antonio
McCool,Jackie,Nelson,Jonae,McCool,Domenic
McCool,Rasheed,Nelson,Liana,McCool,Antonio
McCool,Tynia,Nelson,Kate,McCool,Arian
McCool,Dylon,Nelson,Liana,McCool,Antonio
McCool,Mollie,Nelson,Kate,McCool,Arian
McCool,Donovan,Nelson,Krupa,McCool,Marshall
McCool,Yamilex,Nelson,Kate,McCool,Arian
McCool,Shawn,Nelson,Krupa,McCool,Marshall
McCool,Fatima,Nelson,Kate,McCool,Arian
McCool,Isaias,Nelson,Krupa,McCool,Marshall
McCool,Jordyn,Nelson,Kate,McCool,Arian
McCool,Brandon,Nelson,Krupa,McCool,Marshall
McCool,Synthia,Nelson,Kate,McCool,Arian
McCool,Romello,Nelson,Jonae,McCool,Domenic
McCool,Coral,Nelson,Kate,McCool,Arian
McCool,Alejandro,Nelson,Jonae,McCool,Domenic
McCool,Stefanie,Nelson,Kate,McCool,Arian
McCool,Brooks,Nelson,Jonae,McCool,Domenic
McCool,Bobbie,Harbaugh,Francesca,McCool,Jacob
McCool,Cameron,Nelson,Jonae,McCool,Domenic
McCool,Addison,Harbaugh,Francesca,McCool,Jacob
McCool,Soren,Nelson,Jonae,McCool,Domenic
Linenger,Louisa,Harbaugh,Carina,Linenger,Thaddeus
McCool,Forest,Nelson,Jonae,McCool,Domenic
Linenger,Aireona,Harbaugh,Carina,Linenger,Thaddeus
McCool,Douglas,Nelson,Jonae,McCool,Domenic
Linenger,Brook,Harbaugh,Carina,Linenger,Thaddeus
McCool,Ruben,Nelson,Jonae,McCool,Domenic
Linenger,Angelika,Harbaugh,Carina,Linenger,Thaddeus
McCool,Grayson,Nelson,Kate,McCool,Arian
Linenger,Estrella,Harbaugh,Carina,Linenger,Thaddeus
McCool,Dylan,Nelson,Kate,McCool,Arian
Linenger,Deja,Harbaugh,Carina,Linenger,Thaddeus
McCool,Noel,Nelson,Kate,McCool,Arian
Linenger,Skylar,Harbaugh,Carina,Linenger,Thaddeus
McCool,Chris,Nelson,Kate,McCool,Arian
Linenger,Annmarie,Harbaugh,Carina,Linenger,Thaddeus
McCool,Gregory,Nelson,Kate,McCool,Arian
Linenger,Damaris,Harbaugh,Carina,Linenger,Thaddeus
McCool,Dante,Nelson,Kate,McCool,Arian
Linenger,Kaylee,Harbaugh,Shaina,Linenger,Terry
McCool,Avery,Nelson,Kate,McCool,Arian
Linenger,Keana,Harbaugh,Shaina,Linenger,Terry
McCool,Tyren,Nelson,Kate,McCool,Arian
Linenger,Charity,Harbaugh,Shaina,Linenger,Terry
McCool,Jonah,Harbaugh,Francesca,McCool,Jacob
Linenger,Kara,Harbaugh,Shaina,Linenger,Terry
Linenger,Braydon,Harbaugh,Carina,Linenger,Thaddeus
Linenger,Kaylah,Harbaugh,Shaina,Linenger,Terry
