Melvin,Christian,Currie,Dana,Melvin,Peter
Roosevelt,Grecia,Bowersox,Morgan,Roosevelt,Callum
McKinley,Derrick,Johnson,Natasha,McKinley,Jamison
McMonagle,Janay,Searfoss,Jeffrey,McMonagle,Lauren
Collins,Darian,Valheim,Martha,Collins,Alden
Cagle,Idaly,Armstrong,Kelsy,Cagle,Tad
Coleman,Ricky,Haise,Cheyanne,Coleman,Gordon
Springer,Maisie,Thomas,Daphne,Springer,Alex
Whitson,Mario,Jefferson,Malinda,Whitson,Coby
Bagian,Sienna,Carey,Lisa,Bagian,Deon
Deardorff,Camron,Thomas,Doris,Deardorff,Ahmad
Coolidge,Jillian,Morgan,Francisca,Coolidge,Aleksandr
Hayes,Warren,Pierce,Kiera,Hayes,Kory
Still,Lena,Leestma,Jazmine,Still,Ty
Roosevelt,Julian,Hart,Isabella,Roosevelt,Gustavo
Henize,Karyna,Chawla,Coral,Henize,Emmett
White,Oliver,Tyler,Lila,White,Rhett
Thomas,Yvonne,Jones,Danika,Thomas,Charly
Robinson,Yobani,Duffy,Tanna,Robinson,Billy
Hauck,Shanna,Hilmers,Jessika,Hauck,Fredrick
Callum,Bowersox,Morgan,McMonagle,Lauren
Wolf,Johnathen,Buchli,Isadora,Wolf,Hayden
Linenger,Destiana,Givens,Anaya,Linenger,Bruce
Harris,Jackson,Armstrong,Suzette,Harris,Jasen
Bobko,Heavenly,McKinley,Robin,Bobko,Erick
Rominger,Dominique,Moore,Brigitte,Rominger,Cade
Camarda,Guadalupe,Lounge,Sheyla,Camarda,Korey
McKinley,George,McMonagle,Janay,McKinley,Derrick
Smith,Sarina,Brand,Yadira,Smith,Abdul
McKinley,Brendon,McMonagle,Janay,McKinley,Derrick
Garriott,Marilyn,Wolf,Shannon,Garriott,Tyrell
McKinley,Jacori,McMonagle,Janay,McKinley,Derrick
Melvin,Kady,Roosevelt,Grecia,Melvin,Christian
McKinley,Javier,McMonagle,Janay,McKinley,Derrick
Melvin,Brynn,Roosevelt,Grecia,Melvin,Christian
McKinley,Ezra,McMonagle,Janay,McKinley,Derrick
Melvin,Rani,Roosevelt,Grecia,Melvin,Christian
McKinley,Luis,McMonagle,Janay,McKinley,Derrick
McKinley,Amy,McMonagle,Janay,McKinley,Derrick
McKinley,Colin,McMonagle,Janay,McKinley,Derrick
McKinley,Latoya,McMonagle,Janay,McKinley,Derrick
McKinley,Kasey,McMonagle,Janay,McKinley,Derrick
McKinley,Katherine,McMonagle,Janay,McKinley,Derrick
McKinley,Arnold,McMonagle,Janay,McKinley,Derrick
McKinley,Tory,McMonagle,Janay,McKinley,Derrick
McKinley,Aspen,McMonagle,Janay,McKinley,Derrick
McKinley,Nina,McMonagle,Janay,McKinley,Derrick
Collins,Brett,Cagle,Idaly,Collins,Darian
McKinley,Macie,McMonagle,Janay,McKinley,Derrick
Collins,Jaleel,Cagle,Idaly,Collins,Darian
McKinley,Alison,McMonagle,Janay,McKinley,Derrick
Collins,Ross,Cagle,Idaly,Collins,Darian
McKinley,Cambria,McMonagle,Janay,McKinley,Derrick
Coleman,Ariel,Springer,Maisie,Coleman,Ricky
McKinley,Blaine,McMonagle,Janay,McKinley,Derrick
Coleman,Joel,Springer,Maisie,Coleman,Ricky
Collins,India,Cagle,Idaly,Collins,Darian
Coleman,Keshaun,Springer,Maisie,Coleman,Ricky
Collins,Jessika,Cagle,Idaly,Collins,Darian
Coleman,Enoch,Springer,Maisie,Coleman,Ricky
Coleman,Corina,Springer,Maisie,Coleman,Ricky
Whitson,Peyton,Bagian,Sienna,Whitson,Mario
Coleman,Moriah,Springer,Maisie,Coleman,Ricky
Whitson,Remington,Bagian,Sienna,Whitson,Mario
Coleman,Victoria,Springer,Maisie,Coleman,Ricky
Whitson,Devyn,Bagian,Sienna,Whitson,Mario
Coleman,Megan,Springer,Maisie,Coleman,Ricky
Whitson,Alek,Bagian,Sienna,Whitson,Mario
Whitson,Allyson,Bagian,Sienna,Whitson,Mario
Whitson,Jerryd,Bagian,Sienna,Whitson,Mario
Whitson,Kaley,Bagian,Sienna,Whitson,Mario
Whitson,Darrell,Bagian,Sienna,Whitson,Mario
Whitson,Karishma,Bagian,Sienna,Whitson,Mario
Whitson,Keagan,Bagian,Sienna,Whitson,Mario
Whitson,Elizabet,Bagian,Sienna,Whitson,Mario
Whitson,Kolton,Bagian,Sienna,Whitson,Mario
Whitson,Carlie,Bagian,Sienna,Whitson,Mario
Whitson,Jordin,Bagian,Sienna,Whitson,Mario
Whitson,Paris,Bagian,Sienna,Whitson,Mario
Whitson,Austin,Bagian,Sienna,Whitson,Mario
Whitson,Sky,Bagian,Sienna,Whitson,Mario
Whitson,Harley,Bagian,Sienna,Whitson,Mario
Whitson,Dina,Bagian,Sienna,Whitson,Mario
Whitson,Shlomo,Bagian,Sienna,Whitson,Mario
Deardorff,Glenda,Coolidge,Jillian,Deardorff,Camron
Deardorff,Tyson,Coolidge,Jillian,Deardorff,Camron
Deardorff,Joanne,Coolidge,Jillian,Deardorff,Camron
Deardorff,Terrence,Coolidge,Jillian,Deardorff,Camron
Deardorff,Kaycee,Coolidge,Jillian,Deardorff,Camron
Deardorff,Delonta,Coolidge,Jillian,Deardorff,Camron
Deardorff,Kaleigh,Coolidge,Jillian,Deardorff,Camron
Deardorff,Lars,Coolidge,Jillian,Deardorff,Camron
Deardorff,Luz,Coolidge,Jillian,Deardorff,Camron
Deardorff,Augustus,Coolidge,Jillian,Deardorff,Camron
Deardorff,Alysa,Coolidge,Jillian,Deardorff,Camron
Deardorff,Spencer,Coolidge,Jillian,Deardorff,Camron
Deardorff,Felicia,Coolidge,Jillian,Deardorff,Camron
Deardorff,Seamus,Coolidge,Jillian,Deardorff,Camron
Hayes,Aishah,Still,Lena,Hayes,Warren
Deardorff,Shamar,Coolidge,Jillian,Deardorff,Camron
Hayes,Lillian,Still,Lena,Hayes,Warren
Deardorff,Thaddeus,Coolidge,Jillian,Deardorff,Camron
Hayes,Sherridan,Still,Lena,Hayes,Warren
Deardorff,Wanya,Coolidge,Jillian,Deardorff,Camron
Roosevelt,Molli,Henize,Karyna,Roosevelt,Julian
Deardorff,Torey,Coolidge,Jillian,Deardorff,Camron
Roosevelt,Deserae,Henize,Karyna,Roosevelt,Julian
Hayes,Harley,Still,Lena,Hayes,Warren
Roosevelt,Noah,Henize,Karyna,Roosevelt,Julian
Hayes,Efrain,Still,Lena,Hayes,Warren
Roosevelt,Elissa,Henize,Karyna,Roosevelt,Julian
Hayes,Lamont,Still,Lena,Hayes,Warren
Roosevelt,Serena,Henize,Karyna,Roosevelt,Julian
Hayes,Adalberto,Still,Lena,Hayes,Warren
Roosevelt,Mollie,Henize,Karyna,Roosevelt,Julian
Hayes,Britton,Still,Lena,Hayes,Warren
Roosevelt,Yahaira,Henize,Karyna,Roosevelt,Julian
Hayes,Nick,Still,Lena,Hayes,Warren
Roosevelt,Makenzi,Henize,Karyna,Roosevelt,Julian
Roosevelt,Marquise,Henize,Karyna,Roosevelt,Julian
Roosevelt,Cori,Henize,Karyna,Roosevelt,Julian
Roosevelt,Ian,Henize,Karyna,Roosevelt,Julian
White,Mikhaila,Thomas,Yvonne,White,Oliver
Roosevelt,Danny,Henize,Karyna,Roosevelt,Julian
White,Heaven,Thomas,Yvonne,White,Oliver
Roosevelt,Ever,Henize,Karyna,Roosevelt,Julian
White,Jailene,Thomas,Yvonne,White,Oliver
Roosevelt,Keegan,Henize,Karyna,Roosevelt,Julian
White,Ann,Thomas,Yvonne,White,Oliver
Roosevelt,Aidan,Henize,Karyna,Roosevelt,Julian
Robinson,Symphony,Hauck,Shanna,Robinson,Yobani
White,Perry,Thomas,Yvonne,White,Oliver
Robinson,Kacie,Hauck,Shanna,Robinson,Yobani
White,Mohamed,Thomas,Yvonne,White,Oliver
Robinson,Jamiya,Hauck,Shanna,Robinson,Yobani
White,Lionel,Thomas,Yvonne,White,Oliver
Robinson,Hanna,Hauck,Shanna,Robinson,Yobani
White,Nelson,Thomas,Yvonne,White,Oliver
Schirra,Charlotte,Clifford,Ciara,Schirra,Emmitt
White,Kolton,Thomas,Yvonne,White,Oliver
Schirra,Jayda,Clifford,Ciara,Schirra,Emmitt
White,Jesus,Thomas,Yvonne,White,Oliver
Schirra,Heaven,Clifford,Ciara,Schirra,Emmitt
White,Hunter,Thomas,Yvonne,White,Oliver
Wolf,Suzanna,Linenger,Destiana,Wolf,Johnathen
White,Andreas,Thomas,Yvonne,White,Oliver
Wolf,Aidan,Linenger,Destiana,Wolf,Johnathen
White,Irvin,Thomas,Yvonne,White,Oliver
Wolf,Jennie,Linenger,Destiana,Wolf,Johnathen
White,Menachem,Thomas,Yvonne,White,Oliver
Wolf,Allie,Linenger,Destiana,Wolf,Johnathen
White,Lamonte,Thomas,Yvonne,White,Oliver
Wolf,Louisa,Linenger,Destiana,Wolf,Johnathen
Robinson,Alfred,Hauck,Shanna,Robinson,Yobani
Wolf,Jenniffer,Linenger,Destiana,Wolf,Johnathen
Robinson,Brody,Hauck,Shanna,Robinson,Yobani
Wolf,Dorothy,Linenger,Destiana,Wolf,Johnathen
Schirra,Ross,Clifford,Ciara,Schirra,Emmitt
Wolf,Danae,Linenger,Destiana,Wolf,Johnathen
Schirra,Johan,Clifford,Ciara,Schirra,Emmitt
Wolf,Christie,Linenger,Destiana,Wolf,Johnathen
Schirra,Bryant,Clifford,Ciara,Schirra,Emmitt
Harris,Gladys,Bobko,Heavenly,Harris,Jackson
Schirra,Nicholas,Clifford,Ciara,Schirra,Emmitt
Harris,Janice,Bobko,Heavenly,Harris,Jackson
Schirra,Maverick,Clifford,Ciara,Schirra,Emmitt
Harris,Felisha,Bobko,Heavenly,Harris,Jackson
Wolf,Ian,Linenger,Destiana,Wolf,Johnathen
Harris,Trinity,Bobko,Heavenly,Harris,Jackson
Wolf,Craig,Linenger,Destiana,Wolf,Johnathen
Harris,Nichelle,Bobko,Heavenly,Harris,Jackson
Wolf,Roger,Linenger,Destiana,Wolf,Johnathen
Rominger,Armani,Camarda,Guadalupe,Rominger,Dominique
Wolf,Garret,Linenger,Destiana,Wolf,Johnathen
Rominger,Melissa,Camarda,Guadalupe,Rominger,Dominique
Wolf,Rayvon,Linenger,Destiana,Wolf,Johnathen
Rominger,Samara,Camarda,Guadalupe,Rominger,Dominique
Wolf,Buford,Linenger,Destiana,Wolf,Johnathen
Rominger,Alisia,Camarda,Guadalupe,Rominger,Dominique
Wolf,Reynaldo,Linenger,Destiana,Wolf,Johnathen
Rominger,Julie,Camarda,Guadalupe,Rominger,Dominique
Wolf,Darrin,Linenger,Destiana,Wolf,Johnathen
Rominger,Yasmin,Camarda,Guadalupe,Rominger,Dominique
Wolf,Terence,Linenger,Destiana,Wolf,Johnathen
Rominger,Hilda,Camarda,Guadalupe,Rominger,Dominique
Wolf,Bailey,Linenger,Destiana,Wolf,Johnathen
Rominger,Kennedy,Camarda,Guadalupe,Rominger,Dominique
Harris,Rowan,Bobko,Heavenly,Harris,Jackson
McKinley,Myesha,Smith,Sarina,McKinley,George
Harris,Randall,Bobko,Heavenly,Harris,Jackson
McKinley,India,Smith,Sarina,McKinley,George
Harris,Earl,Bobko,Heavenly,Harris,Jackson
McKinley,Yajayra,Smith,Sarina,McKinley,George
Harris,Rashad,Bobko,Heavenly,Harris,Jackson
McKinley,Judy,Garriott,Marilyn,McKinley,Brendon
Harris,Charly,Bobko,Heavenly,Harris,Jackson
McKinley,Clara,Garriott,Marilyn,McKinley,Brendon
Harris,Steve,Bobko,Heavenly,Harris,Jackson
McKinley,Cayla,Melvin,Kady,McKinley,Jacori
Harris,Darrion,Bobko,Heavenly,Harris,Jackson
McKinley,Grace,Melvin,Kady,McKinley,Jacori
Rominger,Johnathon,Camarda,Guadalupe,Rominger,Dominique
McKinley,Jewel,Melvin,Kady,McKinley,Jacori
Rominger,Travon,Camarda,Guadalupe,Rominger,Dominique
McKinley,Jameisha,Melvin,Kady,McKinley,Jacori
Rominger,Cory,Camarda,Guadalupe,Rominger,Dominique
McKinley,Jada,Melvin,Kady,McKinley,Jacori
Rominger,Rey,Camarda,Guadalupe,Rominger,Dominique
McKinley,Yazmin,Melvin,Kady,McKinley,Jacori
McKinley,Kameron,Smith,Sarina,McKinley,George
McKinley,Paxton,Melvin,Brynn,McKinley,Javier
McKinley,Isaac,Smith,Sarina,McKinley,George
McKinley,Ansley,Melvin,Brynn,McKinley,Javier
McKinley,Dean,Smith,Sarina,McKinley,George
McKinley,Reyanna,Melvin,Brynn,McKinley,Javier
McKinley,Micah,Smith,Sarina,McKinley,George
McKinley,Alannah,Melvin,Brynn,McKinley,Javier
McKinley,Maximillia,Smith,Sarina,McKinley,George
McKinley,Janet,Melvin,Rani,McKinley,Ezra
McKinley,Harley,Smith,Sarina,McKinley,George
McKinley,Siearra,Melvin,Rani,McKinley,Ezra
McKinley,Gilbert,Smith,Sarina,McKinley,George
McKinley,Michal,Melvin,Rani,McKinley,Ezra
McKinley,Francis,Smith,Sarina,McKinley,George
McKinley,Diane,Melvin,Rani,McKinley,Ezra
McKinley,Jerryd,Smith,Sarina,McKinley,George
McKinley,Estefany,Melvin,Rani,McKinley,Ezra
McKinley,Karl,Garriott,Marilyn,McKinley,Brendon
McKinley,Elijah,Melvin,Rani,McKinley,Ezra
McKinley,Alexander,Garriott,Marilyn,McKinley,Brendon
McKinley,Anitra,Melvin,Rani,McKinley,Ezra
McKinley,Dalton,Melvin,Kady,McKinley,Jacori
McKinley,Samara,Melvin,Rani,McKinley,Ezra
McKinley,Davin,Melvin,Kady,McKinley,Jacori
McKinley,Deserae,Melvin,Rani,McKinley,Ezra
McKinley,Daron,Melvin,Kady,McKinley,Jacori
McKinley,Corina,Melvin,Rani,McKinley,Ezra
McKinley,Maxwell,Melvin,Kady,McKinley,Jacori
McKinley,Samantha,Melvin,Rani,McKinley,Ezra
McKinley,Perry,Melvin,Kady,McKinley,Jacori
McKinley,Zoee,Collins,India,McKinley,Luis
McKinley,Sean,Melvin,Kady,McKinley,Jacori
McKinley,Alana,Collins,India,McKinley,Luis
McKinley,Samuel,Melvin,Kady,McKinley,Jacori
McKinley,Suzanne,Collins,Jessika,McKinley,Colin
McKinley,Duncan,Melvin,Kady,McKinley,Jacori
McKinley,Maria,Collins,Jessika,McKinley,Colin
McKinley,Esteban,Melvin,Kady,McKinley,Jacori
McKinley,Taryn,Collins,Jessika,McKinley,Colin
McKinley,Deric,Melvin,Kady,McKinley,Jacori
McKinley,Valerie,Collins,Jessika,McKinley,Colin
McKinley,Trey,Melvin,Kady,McKinley,Jacori
McKinley,Angle,Collins,Jessika,McKinley,Colin
McKinley,Valentine,Melvin,Brynn,McKinley,Javier
McKinley,Clair,Collins,Jessika,McKinley,Colin
McKinley,Don,Melvin,Brynn,McKinley,Javier
McKinley,Shayla,Collins,Jessika,McKinley,Colin
McKinley,Irfan,Melvin,Brynn,McKinley,Javier
McKinley,Trisha,Collins,Jessika,McKinley,Colin
McKinley,Raheem,Melvin,Rani,McKinley,Ezra
McKinley,Khyla,Coleman,Corina,McKinley,Kasey
McKinley,Jarod,Melvin,Rani,McKinley,Ezra
McKinley,Sidney,Coleman,Corina,McKinley,Kasey
McKinley,Graham,Melvin,Rani,McKinley,Ezra
McKinley,Jane,Coleman,Corina,McKinley,Kasey
McKinley,Frank,Melvin,Rani,McKinley,Ezra
McKinley,Eileen,Coleman,Corina,McKinley,Kasey
McKinley,Darien,Melvin,Rani,McKinley,Ezra
McKinley,Kerry,Coleman,Moriah,McKinley,Arnold
McKinley,Braxton,Melvin,Rani,McKinley,Ezra
McKinley,Sydney,Coleman,Moriah,McKinley,Arnold
McKinley,Eddie,Collins,India,McKinley,Luis
McKinley,Nichelle,Coleman,Moriah,McKinley,Arnold
McKinley,Killian,Collins,Jessika,McKinley,Colin
McKinley,Abbey,Coleman,Moriah,McKinley,Arnold
McKinley,Rex,Collins,Jessika,McKinley,Colin
McKinley,Avery,Coleman,Moriah,McKinley,Arnold
McKinley,Kody,Collins,Jessika,McKinley,Colin
McKinley,Deborah,Coleman,Moriah,McKinley,Arnold
McKinley,Bailey,Collins,Jessika,McKinley,Colin
McKinley,Alesia,Coleman,Moriah,McKinley,Arnold
McKinley,Gerardo,Coleman,Corina,McKinley,Kasey
McKinley,Calli,Coleman,Moriah,McKinley,Arnold
McKinley,Royce,Coleman,Corina,McKinley,Kasey
McKinley,Michelle,Coleman,Moriah,McKinley,Arnold
McKinley,Mickey,Coleman,Corina,McKinley,Kasey
McKinley,Geraldine,Coleman,Moriah,McKinley,Arnold
McKinley,Patric,Coleman,Corina,McKinley,Kasey
McKinley,Rachael,Coleman,Moriah,McKinley,Arnold
McKinley,Carter,Coleman,Corina,McKinley,Kasey
McKinley,Marycather,Coleman,Moriah,McKinley,Arnold
McKinley,Diego,Coleman,Corina,McKinley,Kasey
McKinley,Marli,Coleman,Victoria,McKinley,Aspen
McKinley,Jairo,Coleman,Corina,McKinley,Kasey
McKinley,Alicia,Coleman,Victoria,McKinley,Aspen
McKinley,Max,Coleman,Corina,McKinley,Kasey
Collins,Janie,McKinley,Amy,Collins,Brett
McKinley,Zakery,Coleman,Corina,McKinley,Kasey
Collins,Alissa,McKinley,Amy,Collins,Brett
McKinley,Josie,Coleman,Moriah,McKinley,Arnold
Collins,Yazmin,McKinley,Amy,Collins,Brett
McKinley,Tristin,Coleman,Moriah,McKinley,Arnold
Collins,Elsa,McKinley,Latoya,Collins,Jaleel
McKinley,Justyn,Coleman,Moriah,McKinley,Arnold
Collins,Kandice,McKinley,Latoya,Collins,Jaleel
McKinley,Luke,Coleman,Moriah,McKinley,Arnold
Collins,Liliana,McKinley,Latoya,Collins,Jaleel
McKinley,Zaire,Coleman,Moriah,McKinley,Arnold
Collins,Leann,McKinley,Latoya,Collins,Jaleel
McKinley,Montana,Coleman,Moriah,McKinley,Arnold
Collins,Sarai,McKinley,Katherine,Collins,Ross
McKinley,Montel,Coleman,Moriah,McKinley,Arnold
Collins,Tia,McKinley,Katherine,Collins,Ross
McKinley,Jaylan,Coleman,Victoria,McKinley,Aspen
Collins,Gladys,McKinley,Katherine,Collins,Ross
McKinley,Adonis,Coleman,Victoria,McKinley,Aspen
Collins,Brigitte,McKinley,Katherine,Collins,Ross
McKinley,Addison,Coleman,Victoria,McKinley,Aspen
Collins,Sneha,McKinley,Katherine,Collins,Ross
McKinley,Nico,Coleman,Victoria,McKinley,Aspen
Collins,Hana,McKinley,Katherine,Collins,Ross
Collins,Michel,McKinley,Amy,Collins,Brett
Collins,Madison,McKinley,Katherine,Collins,Ross
Collins,Stevan,McKinley,Amy,Collins,Brett
Collins,Kailee,McKinley,Katherine,Collins,Ross
Collins,Abdiel,McKinley,Latoya,Collins,Jaleel
Collins,Selena,McKinley,Katherine,Collins,Ross
Collins,Arian,McKinley,Latoya,Collins,Jaleel
Collins,Debra,McKinley,Katherine,Collins,Ross
Collins,Garett,McKinley,Katherine,Collins,Ross
Collins,Kaela,McKinley,Katherine,Collins,Ross
Collins,Joey,McKinley,Katherine,Collins,Ross
Coleman,Tiera,McKinley,Tory,Coleman,Ariel
Collins,Kieran,McKinley,Katherine,Collins,Ross
Coleman,Kelli,McKinley,Tory,Coleman,Ariel
Collins,Mark,McKinley,Katherine,Collins,Ross
Coleman,Alyssa,McKinley,Tory,Coleman,Ariel
Collins,Kendall,McKinley,Katherine,Collins,Ross
Coleman,Lauren,McKinley,Tory,Coleman,Ariel
Collins,Emmett,McKinley,Katherine,Collins,Ross
Coleman,Nathaly,McKinley,Tory,Coleman,Ariel
Collins,Zackary,McKinley,Katherine,Collins,Ross
Coleman,Kenna,McKinley,Tory,Coleman,Ariel
Collins,Devonta,McKinley,Katherine,Collins,Ross
Coleman,Luz,McKinley,Tory,Coleman,Ariel
Collins,Mohamad,McKinley,Katherine,Collins,Ross
Coleman,Annalie,McKinley,Tory,Coleman,Ariel
Coleman,Byron,McKinley,Tory,Coleman,Ariel
Coleman,Janice,McKinley,Nina,Coleman,Joel
Coleman,Armando,McKinley,Tory,Coleman,Ariel
Coleman,Evelyn,McKinley,Nina,Coleman,Joel
Coleman,Beau,McKinley,Tory,Coleman,Ariel
Coleman,Bree,McKinley,Nina,Coleman,Joel
Coleman,Orlando,McKinley,Tory,Coleman,Ariel
Coleman,Onesha,McKinley,Nina,Coleman,Joel
Coleman,Camron,McKinley,Tory,Coleman,Ariel
Coleman,Stephany,McKinley,Nina,Coleman,Joel
Coleman,Jack,McKinley,Tory,Coleman,Ariel
Coleman,Carmela,McKinley,Nina,Coleman,Joel
Coleman,Cristopher,McKinley,Tory,Coleman,Ariel
Coleman,Ashton,McKinley,Macie,Coleman,Keshaun
Coleman,Sergio,McKinley,Tory,Coleman,Ariel
Coleman,Denise,McKinley,Macie,Coleman,Keshaun
Coleman,Jed,McKinley,Nina,Coleman,Joel
Coleman,Sierra,McKinley,Macie,Coleman,Keshaun
Coleman,Keaton,McKinley,Nina,Coleman,Joel
Coleman,Jessie,McKinley,Macie,Coleman,Keshaun
Coleman,Jacky,McKinley,Nina,Coleman,Joel
Coleman,Destini,McKinley,Macie,Coleman,Keshaun
Coleman,Zaire,McKinley,Nina,Coleman,Joel
Coleman,Kayle,McKinley,Macie,Coleman,Keshaun
Coleman,Hudson,McKinley,Nina,Coleman,Joel
Coleman,Katherine,McKinley,Macie,Coleman,Keshaun
Coleman,Jordon,McKinley,Nina,Coleman,Joel
Coleman,Mikala,McKinley,Macie,Coleman,Keshaun
Coleman,Kenny,McKinley,Nina,Coleman,Joel
Coleman,Sara,McKinley,Macie,Coleman,Keshaun
Coleman,Migel,McKinley,Macie,Coleman,Keshaun
Coleman,Carolina,McKinley,Macie,Coleman,Keshaun
Coleman,Noel,McKinley,Macie,Coleman,Keshaun
Coleman,Cheyenne,McKinley,Alison,Coleman,Enoch
Coleman,Maleek,McKinley,Macie,Coleman,Keshaun
Coleman,Clare,McKinley,Alison,Coleman,Enoch
Coleman,Gavin,McKinley,Macie,Coleman,Keshaun
Coleman,Julie,McKinley,Alison,Coleman,Enoch
Coleman,Mark,McKinley,Alison,Coleman,Enoch
Coleman,Zoee,McKinley,Alison,Coleman,Enoch
Coleman,Deon,McKinley,Alison,Coleman,Enoch
Coleman,Sheyla,McKinley,Alison,Coleman,Enoch
Coleman,Mohammad,McKinley,Alison,Coleman,Enoch
Coleman,Celena,McKinley,Alison,Coleman,Enoch
Coleman,Travis,McKinley,Alison,Coleman,Enoch
Coleman,Krystle,McKinley,Alison,Coleman,Enoch
Whitson,Gary,McKinley,Cambria,Whitson,Peyton
Whitson,Cristina,McKinley,Cambria,Whitson,Peyton
Whitson,Adalberto,McKinley,Cambria,Whitson,Peyton
Whitson,Sean,McKinley,Cambria,Whitson,Peyton
Whitson,Willis,McKinley,Cambria,Whitson,Peyton
Whitson,Moriah,McKinley,Cambria,Whitson,Peyton
Whitson,Jevin,McKinley,Cambria,Whitson,Peyton
Whitson,Alina,McKinley,Cambria,Whitson,Peyton
Whitson,Conner,McKinley,Cambria,Whitson,Peyton
Whitson,Kyle,McKinley,Cambria,Whitson,Peyton
Whitson,Javen,McKinley,Cambria,Whitson,Peyton
Whitson,Xochitl,McKinley,Cambria,Whitson,Peyton
Whitson,Britt,McKinley,Cambria,Whitson,Peyton
Whitson,Blair,McKinley,Cambria,Whitson,Peyton
Whitson,Soren,McKinley,Cambria,Whitson,Peyton
Whitson,Tiara,McKinley,Cambria,Whitson,Peyton
Whitson,Daquan,McKinley,Cambria,Whitson,Peyton
Whitson,Haiden,McKinley,Cambria,Whitson,Peyton
Whitson,Jacori,McKinley,Cambria,Whitson,Peyton
Whitson,Delanie,McKinley,Cambria,Whitson,Peyton
Whitson,Mohammed,McKinley,Blaine,Whitson,Remington
Whitson,Roxana,McKinley,Blaine,Whitson,Remington
Whitson,Shane,McKinley,Blaine,Whitson,Remington
Whitson,Desiree,McKinley,Blaine,Whitson,Remington
Whitson,Shamar,McKinley,Blaine,Whitson,Remington
Whitson,Alicia,McKinley,Blaine,Whitson,Remington
Whitson,Justyn,McKinley,Blaine,Whitson,Remington
Whitson,Kaci,McKinley,Blaine,Whitson,Remington
Whitson,Ralph,Coleman,Megan,Whitson,Devyn
Whitson,Kristin,McKinley,Blaine,Whitson,Remington
Whitson,Brennan,Coleman,Megan,Whitson,Devyn
Whitson,Amina,Coleman,Megan,Whitson,Devyn
Whitson,Aaron,Coleman,Megan,Whitson,Devyn
Whitson,Tammy,Coleman,Megan,Whitson,Devyn
Whitson,Idris,Coleman,Megan,Whitson,Devyn
Whitson,Kendyl,Coleman,Megan,Whitson,Devyn
Whitson,Connor,Coleman,Megan,Whitson,Devyn
Whitson,Kira,Coleman,Megan,Whitson,Devyn
Whitson,Kerrick,Coleman,Megan,Whitson,Devyn
Whitson,Kristyn,Coleman,Megan,Whitson,Devyn
Whitson,Alberto,Coleman,Megan,Whitson,Devyn
Whitson,Yamilex,Coleman,Megan,Whitson,Devyn
Whitson,Cory,Coleman,Megan,Whitson,Devyn
Whitson,Spencer,Coleman,Megan,Whitson,Devyn
Whitson,Samual,Deardorff,Glenda,Whitson,Alek
Whitson,Shannon,Deardorff,Glenda,Whitson,Alek
Whitson,Troy,Deardorff,Glenda,Whitson,Alek
Whitson,Yoana,Deardorff,Glenda,Whitson,Alek
Whitson,Jajuan,Deardorff,Glenda,Whitson,Alek
Whitson,Skyler,Deardorff,Glenda,Whitson,Alek
Whitson,Antavius,Deardorff,Glenda,Whitson,Alek
Whitson,Rhiannon,Deardorff,Glenda,Whitson,Alek
Whitson,Kegan,Deardorff,Glenda,Whitson,Alek
Whitson,Alessandra,Deardorff,Glenda,Whitson,Alek
Whitson,Warren,Deardorff,Glenda,Whitson,Alek
Whitson,Michel,Deardorff,Glenda,Whitson,Alek
Whitson,Zev,Deardorff,Glenda,Whitson,Alek
Whitson,Nathalia,Deardorff,Glenda,Whitson,Alek
Whitson,Victor,Deardorff,Joanne,Whitson,Jerryd
Whitson,Morgan,Deardorff,Glenda,Whitson,Alek
Whitson,Rasheed,Deardorff,Kaycee,Whitson,Darrell
Whitson,Rachael,Deardorff,Joanne,Whitson,Jerryd
Whitson,Kellen,Deardorff,Kaycee,Whitson,Darrell
Whitson,Madison,Deardorff,Joanne,Whitson,Jerryd
Whitson,Israel,Deardorff,Kaycee,Whitson,Darrell
Whitson,Wendy,Deardorff,Joanne,Whitson,Jerryd
Whitson,Seth,Deardorff,Kaycee,Whitson,Darrell
Whitson,Heaven,Deardorff,Joanne,Whitson,Jerryd
Whitson,Mohammad,Deardorff,Kaycee,Whitson,Darrell
Whitson,Joelle,Deardorff,Kaycee,Whitson,Darrell
Whitson,Simeon,Deardorff,Kaleigh,Whitson,Keagan
Whitson,Ciara,Deardorff,Kaycee,Whitson,Darrell
Whitson,Efren,Deardorff,Luz,Whitson,Kolton
Whitson,Nancy,Deardorff,Kaycee,Whitson,Darrell
Whitson,Darryl,Deardorff,Luz,Whitson,Kolton
Whitson,Shae,Deardorff,Kaycee,Whitson,Darrell
Whitson,Carson,Deardorff,Luz,Whitson,Kolton
Whitson,Camille,Deardorff,Kaleigh,Whitson,Keagan
Whitson,Glenn,Deardorff,Alysa,Whitson,Jordin
Whitson,Natalee,Deardorff,Kaleigh,Whitson,Keagan
Whitson,Cyrus,Deardorff,Alysa,Whitson,Jordin
Whitson,Emmily,Deardorff,Luz,Whitson,Kolton
Whitson,Bryce,Deardorff,Alysa,Whitson,Jordin
Whitson,Bryn,Deardorff,Luz,Whitson,Kolton
Whitson,Chris,Deardorff,Alysa,Whitson,Jordin
Whitson,Selina,Deardorff,Luz,Whitson,Kolton
Whitson,Stephanie,Deardorff,Alysa,Whitson,Jordin
Whitson,Miriam,Deardorff,Luz,Whitson,Kolton
Whitson,Kahlil,Deardorff,Alysa,Whitson,Jordin
Whitson,Misty,Deardorff,Alysa,Whitson,Jordin
Whitson,Desmond,Deardorff,Felicia,Whitson,Austin
Whitson,Luisa,Deardorff,Alysa,Whitson,Jordin
Whitson,Brayden,Deardorff,Felicia,Whitson,Austin
Whitson,Esther,Deardorff,Alysa,Whitson,Jordin
Whitson,Bretton,Hayes,Aishah,Whitson,Harley
Whitson,Kaya,Deardorff,Alysa,Whitson,Jordin
Whitson,Gerald,Hayes,Aishah,Whitson,Harley
Whitson,Keosha,Deardorff,Alysa,Whitson,Jordin
Whitson,Osvaldo,Hayes,Aishah,Whitson,Harley
Whitson,Johana,Deardorff,Alysa,Whitson,Jordin
Whitson,Lionel,Hayes,Aishah,Whitson,Harley
Whitson,Yazmin,Deardorff,Alysa,Whitson,Jordin
Whitson,Charly,Hayes,Aishah,Whitson,Harley
Whitson,Sandra,Deardorff,Alysa,Whitson,Jordin
Whitson,Nicolas,Hayes,Lillian,Whitson,Shlomo
Whitson,Desaree,Deardorff,Alysa,Whitson,Jordin
Deardorff,Steven,Whitson,Allyson,Deardorff,Tyson
Whitson,Alaina,Deardorff,Alysa,Whitson,Jordin
Deardorff,Shan,Whitson,Allyson,Deardorff,Tyson
Whitson,Adriane,Deardorff,Alysa,Whitson,Jordin
Deardorff,Leonard,Whitson,Allyson,Deardorff,Tyson
Whitson,Cheyenne,Deardorff,Felicia,Whitson,Austin
Deardorff,Stephanie,Whitson,Kaley,Deardorff,Terrence
Whitson,Kaela,Deardorff,Felicia,Whitson,Austin
Deardorff,Aron,Whitson,Kaley,Deardorff,Terrence
Whitson,Ashley,Deardorff,Felicia,Whitson,Austin
Deardorff,Trevon,Whitson,Kaley,Deardorff,Terrence
Whitson,Marissa,Deardorff,Felicia,Whitson,Austin
Deardorff,Forest,Whitson,Kaley,Deardorff,Terrence
Whitson,Lynda,Deardorff,Felicia,Whitson,Austin
Deardorff,Aleksandr,Whitson,Kaley,Deardorff,Terrence
Whitson,Anisha,Deardorff,Felicia,Whitson,Austin
Deardorff,Antavius,Whitson,Kaley,Deardorff,Terrence
Whitson,Clare,Deardorff,Felicia,Whitson,Austin
Deardorff,Travon,Whitson,Kaley,Deardorff,Terrence
Whitson,Debbie,Hayes,Aishah,Whitson,Harley
Deardorff,Kelsey,Whitson,Karishma,Deardorff,Delonta
Whitson,Joselin,Hayes,Aishah,Whitson,Harley
Deardorff,Kelvin,Whitson,Karishma,Deardorff,Delonta
Whitson,Julia,Hayes,Aishah,Whitson,Harley
Deardorff,Jan,Whitson,Karishma,Deardorff,Delonta
Whitson,Geneva,Hayes,Aishah,Whitson,Harley
Deardorff,Jalil,Whitson,Karishma,Deardorff,Delonta
Whitson,Michelle,Hayes,Aishah,Whitson,Harley
Deardorff,Jose,Whitson,Karishma,Deardorff,Delonta
Whitson,Heavenly,Hayes,Aishah,Whitson,Harley
Deardorff,Landin,Whitson,Karishma,Deardorff,Delonta
Whitson,Delilah,Hayes,Aishah,Whitson,Harley
Deardorff,Taylor,Whitson,Karishma,Deardorff,Delonta
Whitson,Payton,Hayes,Aishah,Whitson,Harley
Deardorff,Baby,Whitson,Elizabet,Deardorff,Lars
Whitson,Denise,Hayes,Aishah,Whitson,Harley
Deardorff,Austyn,Whitson,Elizabet,Deardorff,Lars
Whitson,Sheila,Hayes,Aishah,Whitson,Harley
Deardorff,Sergio,Whitson,Elizabet,Deardorff,Lars
Whitson,Rochelle,Hayes,Lillian,Whitson,Shlomo
Deardorff,Lamar,Whitson,Elizabet,Deardorff,Lars
Whitson,Kinsey,Hayes,Lillian,Whitson,Shlomo
Deardorff,Yakov,Whitson,Carlie,Deardorff,Augustus
Whitson,Passion,Hayes,Lillian,Whitson,Shlomo
Deardorff,Kareem,Whitson,Carlie,Deardorff,Augustus
Whitson,Jaymee,Hayes,Lillian,Whitson,Shlomo
Deardorff,Grant,Whitson,Carlie,Deardorff,Augustus
Deardorff,Jalen,Whitson,Allyson,Deardorff,Tyson
Deardorff,Jair,Whitson,Carlie,Deardorff,Augustus
Deardorff,Micayla,Whitson,Kaley,Deardorff,Terrence
Deardorff,Elliott,Whitson,Carlie,Deardorff,Augustus
Deardorff,Adriane,Whitson,Kaley,Deardorff,Terrence
Deardorff,Coy,Whitson,Carlie,Deardorff,Augustus
Deardorff,Kelcee,Whitson,Kaley,Deardorff,Terrence
Deardorff,Campbell,Whitson,Paris,Deardorff,Spencer
Deardorff,Brittani,Whitson,Kaley,Deardorff,Terrence
Deardorff,Jon,Whitson,Paris,Deardorff,Spencer
Deardorff,Kayle,Whitson,Kaley,Deardorff,Terrence
Deardorff,Stefan,Whitson,Paris,Deardorff,Spencer
Deardorff,Ivana,Whitson,Kaley,Deardorff,Terrence
Deardorff,Maximilian,Whitson,Paris,Deardorff,Spencer
Deardorff,Jennie,Whitson,Kaley,Deardorff,Terrence
Deardorff,David,Whitson,Paris,Deardorff,Spencer
Deardorff,Viridiana,Whitson,Kaley,Deardorff,Terrence
Deardorff,Dillon,Whitson,Paris,Deardorff,Spencer
Deardorff,Latosha,Whitson,Karishma,Deardorff,Delonta
Deardorff,Sterling,Whitson,Paris,Deardorff,Spencer
Deardorff,Michal,Whitson,Karishma,Deardorff,Delonta
Deardorff,Brennon,Whitson,Paris,Deardorff,Spencer
Deardorff,Reagan,Whitson,Karishma,Deardorff,Delonta
Deardorff,Curtis,Whitson,Sky,Deardorff,Seamus
Deardorff,Rikki,Whitson,Karishma,Deardorff,Delonta
Deardorff,Antoine,Whitson,Sky,Deardorff,Seamus
Deardorff,Yasmine,Whitson,Elizabet,Deardorff,Lars
Deardorff,Harold,Whitson,Sky,Deardorff,Seamus
Deardorff,Trevor,Whitson,Elizabet,Deardorff,Lars
Deardorff,Miles,Whitson,Sky,Deardorff,Seamus
Deardorff,Zabrina,Whitson,Elizabet,Deardorff,Lars
Deardorff,Gideon,Whitson,Sky,Deardorff,Seamus
Deardorff,Virginia,Whitson,Elizabet,Deardorff,Lars
Deardorff,Shlomo,Whitson,Sky,Deardorff,Seamus
Deardorff,Nichole,Whitson,Elizabet,Deardorff,Lars
Deardorff,Tommy,Whitson,Sky,Deardorff,Seamus
Deardorff,Abbey,Whitson,Elizabet,Deardorff,Lars
Deardorff,Devan,Whitson,Sky,Deardorff,Seamus
Deardorff,Kaela,Whitson,Elizabet,Deardorff,Lars
Deardorff,Jamir,Whitson,Dina,Deardorff,Shamar
Deardorff,Sariah,Whitson,Elizabet,Deardorff,Lars
Deardorff,Dantae,Whitson,Dina,Deardorff,Shamar
Deardorff,Jackie,Whitson,Elizabet,Deardorff,Lars
Deardorff,Sheldon,Hayes,Sherridan,Deardorff,Thaddeus
Deardorff,Jade,Whitson,Elizabet,Deardorff,Lars
Deardorff,Yuri,Hayes,Sherridan,Deardorff,Thaddeus
Deardorff,Hanna,Whitson,Carlie,Deardorff,Augustus
Deardorff,Marcello,Hayes,Sherridan,Deardorff,Thaddeus
Deardorff,Emerald,Whitson,Carlie,Deardorff,Augustus
Deardorff,Shareef,Hayes,Sherridan,Deardorff,Thaddeus
Deardorff,Merissa,Whitson,Carlie,Deardorff,Augustus
Deardorff,Kaden,Hayes,Sherridan,Deardorff,Thaddeus
Deardorff,Perla,Whitson,Carlie,Deardorff,Augustus
Deardorff,Evan,Hayes,Sherridan,Deardorff,Thaddeus
Deardorff,Brook,Whitson,Carlie,Deardorff,Augustus
Deardorff,Tristin,Roosevelt,Molli,Deardorff,Wanya
Deardorff,Toni,Whitson,Carlie,Deardorff,Augustus
Deardorff,Juan,Roosevelt,Molli,Deardorff,Wanya
Deardorff,Holli,Whitson,Carlie,Deardorff,Augustus
Deardorff,Hayden,Roosevelt,Molli,Deardorff,Wanya
Deardorff,Sienna,Whitson,Carlie,Deardorff,Augustus
Deardorff,Jamari,Roosevelt,Deserae,Deardorff,Torey
Deardorff,Harlie,Whitson,Carlie,Deardorff,Augustus
Deardorff,Mariano,Roosevelt,Deserae,Deardorff,Torey
Deardorff,Maeghan,Whitson,Carlie,Deardorff,Augustus
Deardorff,Jesse,Roosevelt,Deserae,Deardorff,Torey
Deardorff,Janna,Whitson,Carlie,Deardorff,Augustus
Deardorff,Anibal,Roosevelt,Deserae,Deardorff,Torey
Deardorff,Aylssa,Whitson,Carlie,Deardorff,Augustus
Hayes,Randy,Roosevelt,Noah,Hayes,Harley
Deardorff,Aleah,Whitson,Paris,Deardorff,Spencer
Hayes,Skyler,Roosevelt,Noah,Hayes,Harley
Deardorff,Britni,Whitson,Paris,Deardorff,Spencer
Hayes,Terance,Roosevelt,Noah,Hayes,Harley
Deardorff,Christina,Whitson,Paris,Deardorff,Spencer
Hayes,Tracy,Roosevelt,Noah,Hayes,Harley
Deardorff,Shelby,Whitson,Paris,Deardorff,Spencer
Hayes,Duncan,Roosevelt,Noah,Hayes,Harley
Deardorff,Shana,Whitson,Paris,Deardorff,Spencer
Hayes,Trentin,Roosevelt,Noah,Hayes,Harley
Deardorff,Hailee,Whitson,Paris,Deardorff,Spencer
Hayes,Titus,Roosevelt,Elissa,Hayes,Efrain
Deardorff,Destini,Whitson,Paris,Deardorff,Spencer
Hayes,Mateo,Roosevelt,Serena,Hayes,Lamont
Deardorff,Tamisha,Whitson,Paris,Deardorff,Spencer
Hayes,Bradly,Roosevelt,Serena,Hayes,Lamont
Deardorff,Sheyla,Whitson,Paris,Deardorff,Spencer
Hayes,Heriberto,Roosevelt,Serena,Hayes,Lamont
Deardorff,Grecia,Whitson,Paris,Deardorff,Spencer
Hayes,Pablo,Roosevelt,Serena,Hayes,Lamont
Deardorff,Scarlett,Whitson,Paris,Deardorff,Spencer
Hayes,Clarence,Roosevelt,Serena,Hayes,Lamont
Deardorff,Emiley,Whitson,Paris,Deardorff,Spencer
Hayes,Hiram,Roosevelt,Serena,Hayes,Lamont
Deardorff,Phoebe,Whitson,Sky,Deardorff,Seamus
Hayes,Jarvis,Roosevelt,Mollie,Hayes,Adalberto
Deardorff,Skye,Whitson,Sky,Deardorff,Seamus
Hayes,Conrad,Roosevelt,Mollie,Hayes,Adalberto
Deardorff,Maricela,Whitson,Sky,Deardorff,Seamus
Hayes,Brandon,Roosevelt,Yahaira,Hayes,Britton
Deardorff,Hayley,Whitson,Sky,Deardorff,Seamus
Hayes,Brent,Roosevelt,Yahaira,Hayes,Britton
Deardorff,Camelia,Whitson,Dina,Deardorff,Shamar
Hayes,Bronson,Roosevelt,Yahaira,Hayes,Britton
Deardorff,Shaylee,Whitson,Dina,Deardorff,Shamar
Hayes,Adan,Roosevelt,Yahaira,Hayes,Britton
Deardorff,Jessenia,Whitson,Dina,Deardorff,Shamar
Hayes,Gerald,Roosevelt,Yahaira,Hayes,Britton
Deardorff,Cherie,Whitson,Dina,Deardorff,Shamar
Hayes,Ervin,Roosevelt,Yahaira,Hayes,Britton
Deardorff,Karishma,Whitson,Dina,Deardorff,Shamar
Hayes,Erick,Roosevelt,Yahaira,Hayes,Britton
Deardorff,Kylee,Hayes,Sherridan,Deardorff,Thaddeus
Hayes,Kalon,Roosevelt,Yahaira,Hayes,Britton
Deardorff,Shane,Hayes,Sherridan,Deardorff,Thaddeus
Hayes,Jalil,Roosevelt,Yahaira,Hayes,Britton
Deardorff,Hilda,Roosevelt,Molli,Deardorff,Wanya
Hayes,Steve,Roosevelt,Yahaira,Hayes,Britton
Deardorff,Chaya,Roosevelt,Molli,Deardorff,Wanya
Hayes,Perry,Roosevelt,Yahaira,Hayes,Britton
Deardorff,Alex,Roosevelt,Deserae,Deardorff,Torey
Hayes,Moses,Roosevelt,Makenzi,Hayes,Nick
Deardorff,Presley,Roosevelt,Deserae,Deardorff,Torey
Hayes,Calib,Roosevelt,Makenzi,Hayes,Nick
Deardorff,Christy,Roosevelt,Deserae,Deardorff,Torey
Hayes,Dexter,Roosevelt,Makenzi,Hayes,Nick
Deardorff,Devyn,Roosevelt,Deserae,Deardorff,Torey
Hayes,Drew,Roosevelt,Makenzi,Hayes,Nick
Deardorff,Donisha,Roosevelt,Deserae,Deardorff,Torey
Hayes,Derick,Roosevelt,Makenzi,Hayes,Nick
Deardorff,Asia,Roosevelt,Deserae,Deardorff,Torey
Hayes,Santana,Roosevelt,Makenzi,Hayes,Nick
Deardorff,Kaitlynn,Roosevelt,Deserae,Deardorff,Torey
Hayes,Erin,Roosevelt,Makenzi,Hayes,Nick
Deardorff,Marycather,Roosevelt,Deserae,Deardorff,Torey
Hayes,Aspen,Roosevelt,Makenzi,Hayes,Nick
Hayes,Brigid,Roosevelt,Noah,Hayes,Harley
Hayes,Westley,Roosevelt,Makenzi,Hayes,Nick
Hayes,Zoee,Roosevelt,Noah,Hayes,Harley
Roosevelt,Rory,White,Mikhaila,Roosevelt,Marquise
Hayes,Keyshla,Roosevelt,Noah,Hayes,Harley
Roosevelt,Samuel,White,Mikhaila,Roosevelt,Marquise
Hayes,Krystan,Roosevelt,Noah,Hayes,Harley
Roosevelt,Raul,White,Mikhaila,Roosevelt,Marquise
Hayes,Blair,Roosevelt,Noah,Hayes,Harley
Roosevelt,Emilio,White,Mikhaila,Roosevelt,Marquise
Hayes,Robin,Roosevelt,Noah,Hayes,Harley
Roosevelt,Ernesto,White,Heaven,Roosevelt,Ian
Hayes,Nathalie,Roosevelt,Noah,Hayes,Harley
Roosevelt,Drake,White,Heaven,Roosevelt,Ian
Hayes,Tori,Roosevelt,Noah,Hayes,Harley
Roosevelt,Destin,White,Heaven,Roosevelt,Ian
Hayes,Asha,Roosevelt,Elissa,Hayes,Efrain
Roosevelt,Tate,White,Heaven,Roosevelt,Ian
Hayes,Allysa,Roosevelt,Elissa,Hayes,Efrain
Roosevelt,Jalen,White,Heaven,Roosevelt,Ian
Hayes,Myranda,Roosevelt,Serena,Hayes,Lamont
Roosevelt,Jevin,White,Heaven,Roosevelt,Ian
Hayes,Nancy,Roosevelt,Serena,Hayes,Lamont
Roosevelt,Sedrick,White,Heaven,Roosevelt,Ian
Hayes,Aundrea,Roosevelt,Serena,Hayes,Lamont
Roosevelt,Alden,White,Heaven,Roosevelt,Ian
Hayes,Carmen,Roosevelt,Serena,Hayes,Lamont
Roosevelt,Charles,White,Heaven,Roosevelt,Ian
Hayes,Shelbi,Roosevelt,Mollie,Hayes,Adalberto
Roosevelt,Jayce,White,Heaven,Roosevelt,Ian
Hayes,Macy,Roosevelt,Mollie,Hayes,Adalberto
Roosevelt,Rafael,White,Jailene,Roosevelt,Danny
Hayes,Aileen,Roosevelt,Mollie,Hayes,Adalberto
Roosevelt,Courtney,White,Jailene,Roosevelt,Danny
Hayes,Malina,Roosevelt,Mollie,Hayes,Adalberto
Roosevelt,Ward,White,Jailene,Roosevelt,Danny
Hayes,Helen,Roosevelt,Mollie,Hayes,Adalberto
Roosevelt,Sidney,White,Jailene,Roosevelt,Danny
Hayes,Nallely,Roosevelt,Mollie,Hayes,Adalberto
Roosevelt,Elias,White,Jailene,Roosevelt,Danny
Hayes,Geneva,Roosevelt,Mollie,Hayes,Adalberto
Roosevelt,Tayler,White,Ann,Roosevelt,Ever
Hayes,Aubree,Roosevelt,Yahaira,Hayes,Britton
Roosevelt,Savion,White,Ann,Roosevelt,Ever
Hayes,Kara,Roosevelt,Yahaira,Hayes,Britton
Roosevelt,Joe,White,Ann,Roosevelt,Ever
Hayes,Abigail,Roosevelt,Yahaira,Hayes,Britton
Roosevelt,Raymond,Robinson,Symphony,Roosevelt,Keegan
Hayes,Cameron,Roosevelt,Yahaira,Hayes,Britton
Roosevelt,Warren,Robinson,Symphony,Roosevelt,Keegan
Hayes,Macie,Roosevelt,Yahaira,Hayes,Britton
Roosevelt,Deric,Robinson,Symphony,Roosevelt,Keegan
Hayes,Evelyn,Roosevelt,Yahaira,Hayes,Britton
Roosevelt,Grady,Robinson,Symphony,Roosevelt,Keegan
Hayes,Lori,Roosevelt,Yahaira,Hayes,Britton
Roosevelt,Keenan,Robinson,Symphony,Roosevelt,Keegan
Hayes,Shania,Roosevelt,Makenzi,Hayes,Nick
Roosevelt,Jayden,Robinson,Kacie,Roosevelt,Aidan
Hayes,Maura,Roosevelt,Makenzi,Hayes,Nick
Roosevelt,Jovon,Robinson,Kacie,Roosevelt,Aidan
Hayes,Marie,Roosevelt,Makenzi,Hayes,Nick
Roosevelt,Addison,Robinson,Kacie,Roosevelt,Aidan
Hayes,Keely,Roosevelt,Makenzi,Hayes,Nick
White,Dwayne,Roosevelt,Cori,White,Perry
Hayes,Lara,Roosevelt,Makenzi,Hayes,Nick
White,Keion,Roosevelt,Cori,White,Perry
Hayes,Shyann,Roosevelt,Makenzi,Hayes,Nick
White,Bradlee,Roosevelt,Cori,White,Perry
Hayes,Deyaneira,Roosevelt,Makenzi,Hayes,Nick
White,Dyllon,Roosevelt,Cori,White,Perry
Hayes,Kiersten,Roosevelt,Makenzi,Hayes,Nick
White,Rodrigo,Roosevelt,Cori,White,Perry
Hayes,Esther,Roosevelt,Makenzi,Hayes,Nick
White,Rene,Roosevelt,Cori,White,Perry
Hayes,Heidy,Roosevelt,Makenzi,Hayes,Nick
White,Fred,Roosevelt,Cori,White,Perry
Hayes,Margarita,Roosevelt,Makenzi,Hayes,Nick
White,Karl,Roosevelt,Cori,White,Perry
Roosevelt,Arielle,White,Mikhaila,Roosevelt,Marquise
White,Brad,Roosevelt,Cori,White,Perry
Roosevelt,Elisa,White,Mikhaila,Roosevelt,Marquise
White,Hayes,Roosevelt,Cori,White,Perry
Roosevelt,Eva,White,Mikhaila,Roosevelt,Marquise
White,Jordon,Roosevelt,Cori,White,Perry
Roosevelt,Reyanna,White,Mikhaila,Roosevelt,Marquise
White,Vinh,Roosevelt,Cori,White,Perry
Roosevelt,Sunny,White,Mikhaila,Roosevelt,Marquise
White,Yakov,Robinson,Jamiya,White,Mohamed
Roosevelt,Karli,White,Mikhaila,Roosevelt,Marquise
White,Raymond,Robinson,Jamiya,White,Mohamed
Roosevelt,Genna,White,Mikhaila,Roosevelt,Marquise
White,Clifford,Robinson,Jamiya,White,Mohamed
Roosevelt,Patience,White,Mikhaila,Roosevelt,Marquise
White,Terry,Robinson,Jamiya,White,Mohamed
Roosevelt,Kamri,White,Mikhaila,Roosevelt,Marquise
White,Tylar,Robinson,Jamiya,White,Mohamed
Roosevelt,Lisette,White,Mikhaila,Roosevelt,Marquise
White,Dean,Robinson,Jamiya,White,Mohamed
Roosevelt,Mayra,White,Mikhaila,Roosevelt,Marquise
White,Ward,Robinson,Jamiya,White,Mohamed
Roosevelt,Justina,White,Mikhaila,Roosevelt,Marquise
White,Abdul,Robinson,Jamiya,White,Mohamed
Roosevelt,Yasmin,White,Mikhaila,Roosevelt,Marquise
White,Craig,Robinson,Hanna,White,Lionel
Roosevelt,Maria,White,Heaven,Roosevelt,Ian
White,Jasper,Robinson,Hanna,White,Lionel
Roosevelt,Rayven,White,Heaven,Roosevelt,Ian
White,Bryant,Robinson,Hanna,White,Lionel
Roosevelt,Anabel,White,Heaven,Roosevelt,Ian
White,Kurtis,Schirra,Jayda,White,Kolton
Roosevelt,Kaitlyn,White,Heaven,Roosevelt,Ian
White,Jarrett,Schirra,Jayda,White,Kolton
Roosevelt,Cody,White,Heaven,Roosevelt,Ian
White,Philip,Schirra,Heaven,White,Jesus
Roosevelt,Lindsay,White,Jailene,Roosevelt,Danny
White,Sidney,Schirra,Heaven,White,Jesus
Roosevelt,Joi,White,Jailene,Roosevelt,Danny
White,Carter,Schirra,Heaven,White,Jesus
Roosevelt,Meaghan,White,Jailene,Roosevelt,Danny
White,Eduardo,Schirra,Heaven,White,Jesus
Roosevelt,Ilana,White,Jailene,Roosevelt,Danny
White,Maxwell,Schirra,Heaven,White,Jesus
Roosevelt,Selena,White,Ann,Roosevelt,Ever
White,Enrique,Schirra,Heaven,White,Jesus
Roosevelt,Ashlyn,White,Ann,Roosevelt,Ever
White,Braxton,Wolf,Suzanna,White,Hunter
Roosevelt,Banesa,White,Ann,Roosevelt,Ever
White,Maurice,Wolf,Suzanna,White,Hunter
Roosevelt,Isadora,Robinson,Symphony,Roosevelt,Keegan
White,Saxon,Wolf,Suzanna,White,Hunter
Roosevelt,Corina,Robinson,Symphony,Roosevelt,Keegan
White,Gerard,Wolf,Suzanna,White,Hunter
Roosevelt,Juanita,Robinson,Symphony,Roosevelt,Keegan
White,Deanthony,Wolf,Suzanna,White,Hunter
Roosevelt,Presley,Robinson,Kacie,Roosevelt,Aidan
White,Preston,Wolf,Suzanna,White,Hunter
Roosevelt,Carrie,Robinson,Kacie,Roosevelt,Aidan
White,Henry,Wolf,Suzanna,White,Hunter
Roosevelt,Promise,Robinson,Kacie,Roosevelt,Aidan
White,Garret,Wolf,Suzanna,White,Hunter
Roosevelt,Jessenia,Robinson,Kacie,Roosevelt,Aidan
White,David,Wolf,Suzanna,White,Hunter
Roosevelt,Kelcee,Robinson,Kacie,Roosevelt,Aidan
White,Benito,Wolf,Aidan,White,Andreas
White,Dulce,Roosevelt,Cori,White,Perry
White,Greyson,Wolf,Aidan,White,Andreas
White,Delanie,Roosevelt,Cori,White,Perry
White,Emanuel,Wolf,Aidan,White,Andreas
White,Chynna,Roosevelt,Cori,White,Perry
White,Drake,Wolf,Aidan,White,Andreas
White,Joleen,Roosevelt,Cori,White,Perry
White,Issac,Wolf,Aidan,White,Andreas
White,Christy,Roosevelt,Cori,White,Perry
White,Gilbert,Wolf,Aidan,White,Andreas
White,Cara,Roosevelt,Cori,White,Perry
White,Damon,Wolf,Aidan,White,Andreas
White,Brook,Robinson,Jamiya,White,Mohamed
White,Bretton,Wolf,Aidan,White,Andreas
White,Elana,Robinson,Jamiya,White,Mohamed
White,Kerrick,Wolf,Aidan,White,Andreas
White,Jaymi,Robinson,Jamiya,White,Mohamed
White,Ian,Wolf,Jennie,White,Irvin
White,Cayla,Robinson,Jamiya,White,Mohamed
White,Nadav,Wolf,Jennie,White,Irvin
White,Jaymie,Robinson,Jamiya,White,Mohamed
White,Tylor,Wolf,Jennie,White,Irvin
White,Riley,Robinson,Jamiya,White,Mohamed
White,Izaiah,Wolf,Jennie,White,Irvin
White,Adriana,Robinson,Jamiya,White,Mohamed
White,Tristian,Wolf,Jennie,White,Irvin
White,Halee,Robinson,Jamiya,White,Mohamed
White,Cristian,Wolf,Allie,White,Menachem
White,Lisette,Robinson,Jamiya,White,Mohamed
White,Andres,Wolf,Allie,White,Menachem
White,Kenya,Robinson,Jamiya,White,Mohamed
White,Austyn,Wolf,Allie,White,Menachem
White,Kendal,Robinson,Hanna,White,Lionel
White,San,Wolf,Allie,White,Menachem
White,Beatriz,Schirra,Charlotte,White,Nelson
White,Noel,Wolf,Allie,White,Menachem
White,Olivia,Schirra,Charlotte,White,Nelson
White,Seamus,Wolf,Allie,White,Menachem
White,Juliana,Schirra,Charlotte,White,Nelson
White,Bradly,Wolf,Allie,White,Menachem
White,Estefany,Schirra,Jayda,White,Kolton
White,Mohammad,Wolf,Allie,White,Menachem
White,Alani,Schirra,Heaven,White,Jesus
White,Johnathon,Wolf,Allie,White,Menachem
White,Deserae,Schirra,Heaven,White,Jesus
White,Devyn,Wolf,Louisa,White,Lamonte
White,Sophia,Schirra,Heaven,White,Jesus
White,Geordan,Wolf,Louisa,White,Lamonte
White,Lilly,Wolf,Suzanna,White,Hunter
White,Jasen,Wolf,Louisa,White,Lamonte
White,Marcela,Wolf,Suzanna,White,Hunter
White,Deshawn,Wolf,Louisa,White,Lamonte
White,Nyasia,Wolf,Suzanna,White,Hunter
White,Brayden,Wolf,Louisa,White,Lamonte
White,Cassie,Wolf,Suzanna,White,Hunter
White,Brooks,Wolf,Louisa,White,Lamonte
White,Tori,Wolf,Suzanna,White,Hunter
Robinson,Efrain,Wolf,Jenniffer,Robinson,Alfred
White,Shiann,Wolf,Suzanna,White,Hunter
Robinson,Dandre,Wolf,Jenniffer,Robinson,Alfred
White,Margaret,Wolf,Suzanna,White,Hunter
Robinson,Victor,Wolf,Jenniffer,Robinson,Alfred
White,Kayland,Wolf,Suzanna,White,Hunter
Robinson,Phillip,Wolf,Jenniffer,Robinson,Alfred
White,Bree,Wolf,Suzanna,White,Hunter
Robinson,Deleon,Wolf,Jenniffer,Robinson,Alfred
White,Myra,Wolf,Aidan,White,Andreas
Robinson,Orion,Wolf,Jenniffer,Robinson,Alfred
White,Yuki,Wolf,Aidan,White,Andreas
Robinson,Greyson,Wolf,Jenniffer,Robinson,Alfred
White,Cristal,Wolf,Aidan,White,Andreas
Robinson,Samuel,Wolf,Jenniffer,Robinson,Alfred
White,Minnie,Wolf,Aidan,White,Andreas
Robinson,Kirk,Wolf,Dorothy,Robinson,Brody
White,Breona,Wolf,Aidan,White,Andreas
Robinson,Yuri,Wolf,Dorothy,Robinson,Brody
White,Iridiana,Wolf,Aidan,White,Andreas
Robinson,Dallin,Wolf,Dorothy,Robinson,Brody
White,Katelynn,Wolf,Aidan,White,Andreas
Robinson,Joseph,Wolf,Dorothy,Robinson,Brody
White,Carolyn,Wolf,Aidan,White,Andreas
Robinson,Bryant,Wolf,Dorothy,Robinson,Brody
White,Rylee,Wolf,Jennie,White,Irvin
Robinson,Bradlee,Wolf,Dorothy,Robinson,Brody
White,Mackenna,Wolf,Jennie,White,Irvin
Robinson,Mark,Wolf,Dorothy,Robinson,Brody
White,Brittney,Wolf,Jennie,White,Irvin
Robinson,Dexter,Wolf,Dorothy,Robinson,Brody
White,Breonna,Wolf,Jennie,White,Irvin
Robinson,Stephen,Wolf,Dorothy,Robinson,Brody
White,Tiara,Wolf,Allie,White,Menachem
Robinson,Jerry,Wolf,Dorothy,Robinson,Brody
White,Imani,Wolf,Allie,White,Menachem
Robinson,Cruz,Wolf,Dorothy,Robinson,Brody
White,Monique,Wolf,Allie,White,Menachem
Schirra,Simon,Wolf,Danae,Schirra,Ross
White,Clare,Wolf,Allie,White,Menachem
Schirra,Michael,Wolf,Danae,Schirra,Ross
White,Anisha,Wolf,Allie,White,Menachem
Schirra,Kylan,Wolf,Danae,Schirra,Ross
White,Lynda,Wolf,Allie,White,Menachem
Schirra,Ali,Wolf,Danae,Schirra,Ross
White,Aidan,Wolf,Allie,White,Menachem
Schirra,Roy,Wolf,Christie,Schirra,Johan
Robinson,Nathalie,Wolf,Jenniffer,Robinson,Alfred
Schirra,Alexandro,Wolf,Christie,Schirra,Johan
Robinson,Lilibeth,Wolf,Jenniffer,Robinson,Alfred
Schirra,Yash,Wolf,Christie,Schirra,Johan
Robinson,Nallely,Wolf,Jenniffer,Robinson,Alfred
Schirra,Jamie,Wolf,Christie,Schirra,Johan
Robinson,Katlyn,Wolf,Jenniffer,Robinson,Alfred
Schirra,Gerard,Wolf,Christie,Schirra,Johan
Robinson,Allysa,Wolf,Dorothy,Robinson,Brody
