Koby,Shriver,Miriam,Grabe,Jesus
Grabe,Branden,Pettit,Alondra,Grabe,Jesus
Nelson,Brynn,Shriver,Miriam,Nelson,Koby
Harrison,Daylon,Holmquest,Sade,Harrison,Ashton
Hire,Kelley,Borman,Selena,Hire,Collin
Voss,Quincy,Ross,Khaliah,Voss,Vinh
Cernan,Kristy,Ashby,Faith,Cernan,Yakov
Dunbar,Trey,Zophar,Adele,Dunbar,Quintyn
Low,Payton,Wisoff,Mckayla,Low,Brad
Readdy,Chase,Walker,Mikyla,Readdy,Esteban
Brown,Savanna,Resnik,Isis,Brown,Luke
McArthur,Quintin,Tyler,Monet,McArthur,Ulysses
Harding,Chloe,Jemison,Danika,Harding,Brennon
Fullerton,Michael,Thomas,Luna,Fullerton,Johnathon
McCandless,Miah,Creighton,Niki,McCandless,Noe
Bursch,Luis,Kavandi,Tammy,Bursch,Rogelio
Moore,Violet,Tanner,Felicia,Moore,Neftaly
Archambault,Bretton,Olivas,Libby,Archambault,Mitchel
Arthur,Yvette,Creighton,Juanita,Arthur,Keaton
Cagle,Marquis,Musgrave,Hope,Cagle,Jonathon
Wilcutt,Kacey,Carey,Brieanna,Wilcutt,Tylar
Grabe,Dale,Nelson,Brynn,Grabe,Branden
Walz,Katarina,Covey,Delilah,Walz,Torey
Grabe,Zackery,Nelson,Brynn,Grabe,Branden
Schmitt,Annette,Wetherbee,Corinne,Schmitt,Bobby
Grabe,Lee,Nelson,Brynn,Grabe,Branden
Garfield,Alayna,Carr,Brigitte,Garfield,Payton
Grabe,Tristin,Nelson,Brynn,Grabe,Branden
Halsell,Laken,Ferguson,Blake,Halsell,Deshaun
Grabe,Brogan,Nelson,Brynn,Grabe,Branden
Burbank,Brittney,Mullane,Hunter,Burbank,Beau
Harrison,Dimitri,Hire,Kelley,Harrison,Daylon
Bobko,Yasmine,Walker,Makaila,Bobko,Deonta
Harrison,Rafael,Hire,Kelley,Harrison,Daylon
Ashby,Jensen,Michel,Tania,Ashby,Marquise
Harrison,Devante,Hire,Kelley,Harrison,Daylon
Cernan,Tiana,England,Iridiana,Cernan,Adam
Harrison,Jaylan,Hire,Kelley,Harrison,Daylon
Givens,Caitlyn,Coleman,Kalsie,Givens,Brock
Voss,Ariel,Cernan,Kristy,Voss,Quincy
Grout,Mona,Schweickart,Neda,Grout,Warren
Voss,Mason,Cernan,Kristy,Voss,Quincy
Grabe,Christy,Nelson,Brynn,Grabe,Branden
Voss,Damion,Cernan,Kristy,Voss,Quincy
Grabe,Mattie,Nelson,Brynn,Grabe,Branden
Dunbar,Sutton,Low,Payton,Dunbar,Trey
Grabe,Emerald,Nelson,Brynn,Grabe,Branden
Dunbar,Dana,Low,Payton,Dunbar,Trey
Grabe,Kyra,Nelson,Brynn,Grabe,Branden
Dunbar,Shaun,Low,Payton,Dunbar,Trey
Grabe,Mindy,Nelson,Brynn,Grabe,Branden
Dunbar,Raekwon,Low,Payton,Dunbar,Trey
Harrison,Alesia,Hire,Kelley,Harrison,Daylon
Dunbar,Orion,Low,Payton,Dunbar,Trey
Harrison,Grecia,Hire,Kelley,Harrison,Daylon
Dunbar,Jarred,Low,Payton,Dunbar,Trey
Voss,Brook,Cernan,Kristy,Voss,Quincy
Dunbar,Brenden,Low,Payton,Dunbar,Trey
Voss,Alexandria,Cernan,Kristy,Voss,Quincy
Readdy,Kenneth,Brown,Savanna,Readdy,Chase
Voss,Katlyn,Cernan,Kristy,Voss,Quincy
Readdy,Al,Brown,Savanna,Readdy,Chase
Voss,Kaelyn,Cernan,Kristy,Voss,Quincy
Readdy,Saul,Brown,Savanna,Readdy,Chase
Voss,Summer,Cernan,Kristy,Voss,Quincy
McArthur,Landin,Harding,Chloe,McArthur,Quintin
Dunbar,Karyna,Low,Payton,Dunbar,Trey
McArthur,Ayub,Harding,Chloe,McArthur,Quintin
Dunbar,Shakia,Low,Payton,Dunbar,Trey
McArthur,Bernardo,Harding,Chloe,McArthur,Quintin
Dunbar,Kansas,Low,Payton,Dunbar,Trey
McArthur,Nour,Harding,Chloe,McArthur,Quintin
Dunbar,Makenzie,Low,Payton,Dunbar,Trey
McArthur,Jeb,Harding,Chloe,McArthur,Quintin
Dunbar,Makala,Low,Payton,Dunbar,Trey
McArthur,Jashua,Harding,Chloe,McArthur,Quintin
Readdy,Evangelina,Brown,Savanna,Readdy,Chase
McArthur,Raekwon,Harding,Chloe,McArthur,Quintin
Readdy,Maeghan,Brown,Savanna,Readdy,Chase
McArthur,Guillermo,Harding,Chloe,McArthur,Quintin
Readdy,Myra,Brown,Savanna,Readdy,Chase
McArthur,Mike,Harding,Chloe,McArthur,Quintin
Readdy,Mari,Brown,Savanna,Readdy,Chase
Fullerton,Johnathen,McCandless,Miah,Fullerton,Michael
Readdy,Lilian,Brown,Savanna,Readdy,Chase
Fullerton,Guy,McCandless,Miah,Fullerton,Michael
Readdy,Sharae,Brown,Savanna,Readdy,Chase
Fullerton,Jaquan,McCandless,Miah,Fullerton,Michael
Readdy,Elisa,Brown,Savanna,Readdy,Chase
Fullerton,Landen,McCandless,Miah,Fullerton,Michael
Readdy,Siearra,Brown,Savanna,Readdy,Chase
Fullerton,Terron,McCandless,Miah,Fullerton,Michael
Readdy,Elana,Brown,Savanna,Readdy,Chase
Fullerton,Denzell,McCandless,Miah,Fullerton,Michael
McArthur,Blake,Harding,Chloe,McArthur,Quintin
Fullerton,Jayce,McCandless,Miah,Fullerton,Michael
McArthur,Tiyanna,Harding,Chloe,McArthur,Quintin
Fullerton,Corbin,McCandless,Miah,Fullerton,Michael
McArthur,Sara,Harding,Chloe,McArthur,Quintin
Bursch,Cruz,Moore,Violet,Bursch,Luis
McArthur,Heather,Harding,Chloe,McArthur,Quintin
Bursch,Josiah,Moore,Violet,Bursch,Luis
McArthur,Kristine,Harding,Chloe,McArthur,Quintin
Bursch,Coleman,Moore,Violet,Bursch,Luis
McArthur,Aileen,Harding,Chloe,McArthur,Quintin
Bursch,Rhett,Moore,Violet,Bursch,Luis
McArthur,Rubi,Harding,Chloe,McArthur,Quintin
Bursch,Anfernee,Moore,Violet,Bursch,Luis
McArthur,Elena,Harding,Chloe,McArthur,Quintin
Bursch,Kirk,Moore,Violet,Bursch,Luis
McArthur,Jocelyn,Harding,Chloe,McArthur,Quintin
Archambault,Tristin,Arthur,Yvette,Archambault,Bretton
Fullerton,Ansley,McCandless,Miah,Fullerton,Michael
Archambault,Sebastien,Arthur,Yvette,Archambault,Bretton
Fullerton,Candace,McCandless,Miah,Fullerton,Michael
Archambault,Anders,Arthur,Yvette,Archambault,Bretton
Bursch,Maryanna,Moore,Violet,Bursch,Luis
Archambault,Jayden,Arthur,Yvette,Archambault,Bretton
Bursch,Sky,Moore,Violet,Bursch,Luis
Archambault,Jack,Arthur,Yvette,Archambault,Bretton
Bursch,Destiney,Moore,Violet,Bursch,Luis
Archambault,Darrell,Arthur,Yvette,Archambault,Bretton
Bursch,Tristan,Moore,Violet,Bursch,Luis
Archambault,Jacori,Arthur,Yvette,Archambault,Bretton
Bursch,Laquisha,Moore,Violet,Bursch,Luis
Archambault,Ronald,Arthur,Yvette,Archambault,Bretton
Bursch,Caitlin,Moore,Violet,Bursch,Luis
Archambault,Lauren,Arthur,Yvette,Archambault,Bretton
Bursch,Kaitlin,Moore,Violet,Bursch,Luis
Archambault,Rashaun,Arthur,Yvette,Archambault,Bretton
Bursch,Austin,Moore,Violet,Bursch,Luis
Archambault,Conrad,Arthur,Yvette,Archambault,Bretton
Archambault,Phoebe,Arthur,Yvette,Archambault,Bretton
Cagle,Marc,Wilcutt,Kacey,Cagle,Marquis
Archambault,Asha,Arthur,Yvette,Archambault,Bretton
Grabe,Zachary,Walz,Katarina,Grabe,Dale
Archambault,Meaghan,Arthur,Yvette,Archambault,Bretton
Grabe,Osvaldo,Walz,Katarina,Grabe,Dale
Archambault,Arlene,Arthur,Yvette,Archambault,Bretton
Grabe,Antonio,Walz,Katarina,Grabe,Dale
Archambault,Ravin,Arthur,Yvette,Archambault,Bretton
Grabe,Quentin,Walz,Katarina,Grabe,Dale
Archambault,Carli,Arthur,Yvette,Archambault,Bretton
Grabe,Nour,Walz,Katarina,Grabe,Dale
Archambault,Amna,Arthur,Yvette,Archambault,Bretton
Grabe,Kelson,Schmitt,Annette,Grabe,Zackery
Archambault,Alysia,Arthur,Yvette,Archambault,Bretton
Grabe,Parker,Schmitt,Annette,Grabe,Zackery
Cagle,Marilyn,Wilcutt,Kacey,Cagle,Marquis
Grabe,Rakeem,Schmitt,Annette,Grabe,Zackery
Cagle,Norma,Wilcutt,Kacey,Cagle,Marquis
Grabe,Frederick,Schmitt,Annette,Grabe,Zackery
Cagle,Kyla,Wilcutt,Kacey,Cagle,Marquis
Grabe,Francisco,Schmitt,Annette,Grabe,Zackery
Cagle,Rylee,Wilcutt,Kacey,Cagle,Marquis
Grabe,Jabari,Schmitt,Annette,Grabe,Zackery
Grabe,Kourtney,Walz,Katarina,Grabe,Dale
Grabe,Travis,Schmitt,Annette,Grabe,Zackery
Grabe,Danae,Walz,Katarina,Grabe,Dale
Grabe,Lukas,Schmitt,Annette,Grabe,Zackery
Grabe,Marysol,Walz,Katarina,Grabe,Dale
Grabe,Bennie,Garfield,Alayna,Grabe,Lee
Grabe,Tianna,Walz,Katarina,Grabe,Dale
Grabe,Thaddeus,Garfield,Alayna,Grabe,Lee
Grabe,Klarisa,Walz,Katarina,Grabe,Dale
Grabe,Deontae,Garfield,Alayna,Grabe,Lee
Grabe,Gabriella,Walz,Katarina,Grabe,Dale
Grabe,Kurtis,Halsell,Laken,Grabe,Tristin
Grabe,Casandra,Walz,Katarina,Grabe,Dale
Grabe,Khalid,Halsell,Laken,Grabe,Tristin
Grabe,Katlyn,Walz,Katarina,Grabe,Dale
Grabe,Michael,Halsell,Laken,Grabe,Tristin
Grabe,Wendy,Walz,Katarina,Grabe,Dale
Grabe,Sunny,Halsell,Laken,Grabe,Tristin
Grabe,Tori,Schmitt,Annette,Grabe,Zackery
Grabe,Reginald,Halsell,Laken,Grabe,Tristin
Grabe,Trista,Schmitt,Annette,Grabe,Zackery
Grabe,Dontae,Halsell,Laken,Grabe,Tristin
Grabe,Kate,Schmitt,Annette,Grabe,Zackery
Grabe,Kristopher,Halsell,Laken,Grabe,Tristin
Grabe,Jori,Schmitt,Annette,Grabe,Zackery
Grabe,Anfernee,Halsell,Laken,Grabe,Tristin
Grabe,Charity,Schmitt,Annette,Grabe,Zackery
Grabe,Allan,Burbank,Brittney,Grabe,Brogan
Grabe,Rebekah,Garfield,Alayna,Grabe,Lee
Grabe,Emmitt,Burbank,Brittney,Grabe,Brogan
Grabe,Kelsi,Garfield,Alayna,Grabe,Lee
Grabe,Demarcus,Burbank,Brittney,Grabe,Brogan
Grabe,Alisha,Garfield,Alayna,Grabe,Lee
Grabe,Kristofer,Burbank,Brittney,Grabe,Brogan
Grabe,Khyla,Halsell,Laken,Grabe,Tristin
Grabe,Raphael,Burbank,Brittney,Grabe,Brogan
Grabe,Rachelle,Halsell,Laken,Grabe,Tristin
Grabe,Quinton,Burbank,Brittney,Grabe,Brogan
Grabe,Ashleigh,Halsell,Laken,Grabe,Tristin
Grabe,Collin,Burbank,Brittney,Grabe,Brogan
Grabe,Samantha,Halsell,Laken,Grabe,Tristin
Grabe,Kaleb,Burbank,Brittney,Grabe,Brogan
Grabe,Katelynn,Halsell,Laken,Grabe,Tristin
Harrison,Mathieu,Bobko,Yasmine,Harrison,Dimitri
Grabe,Anissa,Halsell,Laken,Grabe,Tristin
Harrison,Neftaly,Bobko,Yasmine,Harrison,Dimitri
Grabe,Deanne,Halsell,Laken,Grabe,Tristin
Harrison,Tyler,Bobko,Yasmine,Harrison,Dimitri
Grabe,Karishma,Halsell,Laken,Grabe,Tristin
Harrison,Calib,Bobko,Yasmine,Harrison,Dimitri
Grabe,Jacquelin,Halsell,Laken,Grabe,Tristin
Harrison,Darrion,Bobko,Yasmine,Harrison,Dimitri
Grabe,Jaclyn,Halsell,Laken,Grabe,Tristin
Harrison,Alonzo,Bobko,Yasmine,Harrison,Dimitri
Grabe,Alessandra,Halsell,Laken,Grabe,Tristin
Harrison,Quincy,Bobko,Yasmine,Harrison,Dimitri
Grabe,Roslyn,Burbank,Brittney,Grabe,Brogan
Harrison,Miles,Bobko,Yasmine,Harrison,Dimitri
Grabe,Haiden,Burbank,Brittney,Grabe,Brogan
Harrison,Troy,Bobko,Yasmine,Harrison,Dimitri
Grabe,Drew,Burbank,Brittney,Grabe,Brogan
Harrison,Jashua,Bobko,Yasmine,Harrison,Dimitri
Grabe,Macy,Burbank,Brittney,Grabe,Brogan
Harrison,Tevin,Ashby,Jensen,Harrison,Rafael
Grabe,Maryssa,Burbank,Brittney,Grabe,Brogan
Harrison,Jaylin,Ashby,Jensen,Harrison,Rafael
Grabe,Madelyn,Burbank,Brittney,Grabe,Brogan
Harrison,Calvin,Ashby,Jensen,Harrison,Rafael
Grabe,Abigail,Burbank,Brittney,Grabe,Brogan
Harrison,Olivier,Ashby,Jensen,Harrison,Rafael
Grabe,Miriam,Burbank,Brittney,Grabe,Brogan
Harrison,Dante,Ashby,Jensen,Harrison,Rafael
Grabe,Carly,Burbank,Brittney,Grabe,Brogan
Harrison,Ward,Cernan,Tiana,Harrison,Devante
Grabe,Deborah,Burbank,Brittney,Grabe,Brogan
Harrison,Brennan,Givens,Caitlyn,Harrison,Jaylan
Grabe,Desaree,Burbank,Brittney,Grabe,Brogan
Harrison,Arturo,Givens,Caitlyn,Harrison,Jaylan
Grabe,Becca,Burbank,Brittney,Grabe,Brogan
Harrison,Jamir,Givens,Caitlyn,Harrison,Jaylan
Harrison,Nathalie,Bobko,Yasmine,Harrison,Dimitri
Harrison,Darryl,Givens,Caitlyn,Harrison,Jaylan
Harrison,Lianna,Bobko,Yasmine,Harrison,Dimitri
Harrison,Orlando,Givens,Caitlyn,Harrison,Jaylan
Harrison,Zulema,Bobko,Yasmine,Harrison,Dimitri
Voss,Maverick,Grout,Mona,Voss,Ariel
Harrison,Cara,Bobko,Yasmine,Harrison,Dimitri
Voss,Dwayne,Grout,Mona,Voss,Ariel
Harrison,Lyndsey,Bobko,Yasmine,Harrison,Dimitri
Voss,Oliver,Grout,Mona,Voss,Ariel
Harrison,Elijah,Bobko,Yasmine,Harrison,Dimitri
Voss,Bryant,Grout,Mona,Voss,Ariel
Harrison,Jodie,Bobko,Yasmine,Harrison,Dimitri
Voss,Jajuan,Grout,Mona,Voss,Ariel
Harrison,Devany,Bobko,Yasmine,Harrison,Dimitri
Voss,Jovon,Grout,Mona,Voss,Ariel
Harrison,Mikhaila,Bobko,Yasmine,Harrison,Dimitri
Voss,Jevin,Grout,Mona,Voss,Ariel
Harrison,Asha,Bobko,Yasmine,Harrison,Dimitri
Voss,Cristopher,Grabe,Christy,Voss,Mason
Harrison,Miranda,Ashby,Jensen,Harrison,Rafael
Voss,Houston,Grabe,Christy,Voss,Mason
Harrison,Shannon,Ashby,Jensen,Harrison,Rafael
Voss,Garret,Grabe,Christy,Voss,Mason
Harrison,Flor,Ashby,Jensen,Harrison,Rafael
Voss,Moises,Grabe,Christy,Voss,Mason
Harrison,Keila,Ashby,Jensen,Harrison,Rafael
Voss,Malcolm,Grabe,Christy,Voss,Mason
Harrison,Janeth,Ashby,Jensen,Harrison,Rafael
Voss,Montel,Grabe,Christy,Voss,Mason
Harrison,Keara,Ashby,Jensen,Harrison,Rafael
Voss,Drew,Grabe,Christy,Voss,Mason
Harrison,Alejandra,Ashby,Jensen,Harrison,Rafael
Voss,Jarvis,Grabe,Christy,Voss,Mason
Harrison,Athena,Cernan,Tiana,Harrison,Devante
Voss,Javonte,Grabe,Christy,Voss,Mason
Harrison,Salena,Cernan,Tiana,Harrison,Devante
Voss,Cory,Grabe,Christy,Voss,Mason
Harrison,Shiloh,Cernan,Tiana,Harrison,Devante
Voss,Hunter,Grabe,Mattie,Voss,Damion
Harrison,Devonna,Cernan,Tiana,Harrison,Devante
Voss,Austen,Grabe,Mattie,Voss,Damion
Harrison,Lilly,Cernan,Tiana,Harrison,Devante
Voss,Gavin,Grabe,Mattie,Voss,Damion
Harrison,Clare,Givens,Caitlyn,Harrison,Jaylan
Voss,Kendrick,Grabe,Mattie,Voss,Damion
Harrison,Janna,Givens,Caitlyn,Harrison,Jaylan
Voss,Marquis,Grabe,Mattie,Voss,Damion
Harrison,Zandria,Givens,Caitlyn,Harrison,Jaylan
Voss,Guy,Grabe,Mattie,Voss,Damion
Harrison,Kira,Givens,Caitlyn,Harrison,Jaylan
Voss,Gerardo,Grabe,Mattie,Voss,Damion
Harrison,Sienna,Givens,Caitlyn,Harrison,Jaylan
Dunbar,Gene,Grabe,Emerald,Dunbar,Sutton
Harrison,Jaymie,Givens,Caitlyn,Harrison,Jaylan
Dunbar,Dylan,Grabe,Emerald,Dunbar,Sutton
Harrison,Camelia,Givens,Caitlyn,Harrison,Jaylan
Dunbar,Shmuel,Grabe,Emerald,Dunbar,Sutton
Harrison,Grace,Givens,Caitlyn,Harrison,Jaylan
Dunbar,Kolton,Grabe,Emerald,Dunbar,Sutton
Voss,Shyla,Grout,Mona,Voss,Ariel
Dunbar,Carl,Grabe,Emerald,Dunbar,Sutton
Voss,Adrienne,Grout,Mona,Voss,Ariel
Dunbar,Erick,Grabe,Emerald,Dunbar,Sutton
Voss,Hailee,Grout,Mona,Voss,Ariel
Dunbar,Irvin,Grabe,Emerald,Dunbar,Sutton
Voss,Kyra,Grabe,Christy,Voss,Mason
Dunbar,Robert,Grabe,Emerald,Dunbar,Sutton
Voss,Skye,Grabe,Christy,Voss,Mason
Dunbar,Alan,Grabe,Emerald,Dunbar,Sutton
Voss,Jaida,Grabe,Christy,Voss,Mason
Dunbar,Roberto,Grabe,Kyra,Dunbar,Dana
Voss,Glenda,Grabe,Christy,Voss,Mason
Dunbar,Hayes,Grabe,Kyra,Dunbar,Dana
Voss,Armani,Grabe,Christy,Voss,Mason
Dunbar,Mohamad,Grabe,Kyra,Dunbar,Dana
Voss,Sabrina,Grabe,Christy,Voss,Mason
Dunbar,Shelby,Grabe,Kyra,Dunbar,Dana
Voss,Austin,Grabe,Christy,Voss,Mason
Dunbar,Gordon,Grabe,Kyra,Dunbar,Dana
Voss,Kaytlyn,Grabe,Christy,Voss,Mason
Dunbar,Cedric,Grabe,Kyra,Dunbar,Dana
Voss,Kady,Grabe,Christy,Voss,Mason
Dunbar,Rey,Grabe,Kyra,Dunbar,Dana
Voss,Kaili,Grabe,Mattie,Voss,Damion
Dunbar,Felipe,Grabe,Kyra,Dunbar,Dana
Voss,Sage,Grabe,Mattie,Voss,Damion
Dunbar,Shlomo,Grabe,Kyra,Dunbar,Dana
Voss,Elena,Grabe,Mattie,Voss,Damion
Dunbar,Daryl,Grabe,Mindy,Dunbar,Shaun
Voss,Marycather,Grabe,Mattie,Voss,Damion
Dunbar,Jamie,Grabe,Mindy,Dunbar,Shaun
Voss,Suzanne,Grabe,Mattie,Voss,Damion
Dunbar,Jules,Harrison,Grecia,Dunbar,Orion
Voss,Dorian,Grabe,Mattie,Voss,Damion
Dunbar,Montana,Harrison,Grecia,Dunbar,Orion
Voss,Karissa,Grabe,Mattie,Voss,Damion
Dunbar,Tavon,Harrison,Grecia,Dunbar,Orion
Voss,Elijah,Grabe,Mattie,Voss,Damion
Dunbar,Osvaldo,Harrison,Grecia,Dunbar,Orion
Voss,Brooklyn,Grabe,Mattie,Voss,Damion
Dunbar,Reid,Harrison,Grecia,Dunbar,Orion
Voss,Noemi,Grabe,Mattie,Voss,Damion
Dunbar,Terrance,Harrison,Grecia,Dunbar,Orion
Voss,Cambria,Grabe,Mattie,Voss,Damion
Dunbar,Jerry,Voss,Brook,Dunbar,Jarred
Voss,Abigail,Grabe,Mattie,Voss,Damion
Dunbar,Skylar,Voss,Brook,Dunbar,Jarred
Dunbar,Devon,Grabe,Emerald,Dunbar,Sutton
Dunbar,Brian,Voss,Brook,Dunbar,Jarred
Dunbar,Kaya,Grabe,Emerald,Dunbar,Sutton
Dunbar,Gilberto,Voss,Brook,Dunbar,Jarred
Dunbar,Paris,Grabe,Emerald,Dunbar,Sutton
Dunbar,Simon,Voss,Brook,Dunbar,Jarred
Dunbar,Jada,Grabe,Emerald,Dunbar,Sutton
Dunbar,George,Voss,Brook,Dunbar,Jarred
Dunbar,Cheyann,Grabe,Emerald,Dunbar,Sutton
Dunbar,Austin,Voss,Brook,Dunbar,Jarred
Dunbar,Crystal,Grabe,Emerald,Dunbar,Sutton
Dunbar,Dominic,Voss,Brook,Dunbar,Jarred
Dunbar,Abbigail,Grabe,Emerald,Dunbar,Sutton
Dunbar,Khalid,Voss,Alexandria,Dunbar,Brenden
Dunbar,Chelsie,Grabe,Emerald,Dunbar,Sutton
Dunbar,Darrion,Voss,Alexandria,Dunbar,Brenden
Dunbar,Cassie,Grabe,Emerald,Dunbar,Sutton
Dunbar,Milton,Voss,Alexandria,Dunbar,Brenden
Dunbar,Annalie,Grabe,Emerald,Dunbar,Sutton
Dunbar,Quintin,Voss,Alexandria,Dunbar,Brenden
Dunbar,Janie,Grabe,Kyra,Dunbar,Dana
Dunbar,Samson,Voss,Alexandria,Dunbar,Brenden
Dunbar,Mandi,Grabe,Kyra,Dunbar,Dana
Dunbar,Chad,Voss,Alexandria,Dunbar,Brenden
Dunbar,Vanessa,Grabe,Kyra,Dunbar,Dana
Readdy,Deshawn,Voss,Katlyn,Readdy,Kenneth
Dunbar,Kenia,Grabe,Kyra,Dunbar,Dana
Readdy,Hunter,Voss,Katlyn,Readdy,Kenneth
Dunbar,Shawna,Grabe,Kyra,Dunbar,Dana
Readdy,Braxton,Voss,Katlyn,Readdy,Kenneth
Dunbar,Alison,Grabe,Kyra,Dunbar,Dana
Readdy,Desmond,Voss,Katlyn,Readdy,Kenneth
Dunbar,Wendy,Grabe,Mindy,Dunbar,Shaun
Readdy,Tylar,Voss,Katlyn,Readdy,Kenneth
Dunbar,Chelsey,Grabe,Mindy,Dunbar,Shaun
Readdy,Bruce,Voss,Katlyn,Readdy,Kenneth
Dunbar,Tyeisha,Grabe,Mindy,Dunbar,Shaun
Readdy,Shan,Voss,Katlyn,Readdy,Kenneth
Dunbar,Bayleigh,Harrison,Alesia,Dunbar,Raekwon
Readdy,Titus,Voss,Katlyn,Readdy,Kenneth
Dunbar,Camelia,Harrison,Alesia,Dunbar,Raekwon
Readdy,Bobby,Voss,Kaelyn,Readdy,Al
Dunbar,Shiann,Harrison,Alesia,Dunbar,Raekwon
Readdy,Greyson,Voss,Kaelyn,Readdy,Al
Dunbar,Skye,Harrison,Alesia,Dunbar,Raekwon
Readdy,Dantae,Voss,Kaelyn,Readdy,Al
Dunbar,Ravin,Harrison,Grecia,Dunbar,Orion
Readdy,Amari,Voss,Summer,Readdy,Saul
Dunbar,Terra,Harrison,Grecia,Dunbar,Orion
Readdy,Callum,Voss,Summer,Readdy,Saul
Dunbar,Measia,Harrison,Grecia,Dunbar,Orion
Readdy,Israel,Voss,Summer,Readdy,Saul
Dunbar,Nell,Harrison,Grecia,Dunbar,Orion
Readdy,Wilfredo,Voss,Summer,Readdy,Saul
Dunbar,Esmeralda,Harrison,Grecia,Dunbar,Orion
Readdy,Jeffery,Voss,Summer,Readdy,Saul
Dunbar,Adrian,Harrison,Grecia,Dunbar,Orion
McArthur,Jay,Dunbar,Karyna,McArthur,Landin
Dunbar,Siera,Harrison,Grecia,Dunbar,Orion
McArthur,Conrad,Dunbar,Karyna,McArthur,Landin
Dunbar,Maryanna,Harrison,Grecia,Dunbar,Orion
McArthur,Salvatore,Dunbar,Karyna,McArthur,Landin
Dunbar,Greer,Voss,Brook,Dunbar,Jarred
McArthur,Joel,Dunbar,Shakia,McArthur,Ayub
Dunbar,Terri,Voss,Brook,Dunbar,Jarred
McArthur,Jermaine,Dunbar,Shakia,McArthur,Ayub
Dunbar,Monika,Voss,Brook,Dunbar,Jarred
McArthur,Keenan,Dunbar,Shakia,McArthur,Ayub
Dunbar,Destini,Voss,Brook,Dunbar,Jarred
McArthur,Steven,Dunbar,Shakia,McArthur,Ayub
Dunbar,Caitlyn,Voss,Brook,Dunbar,Jarred
McArthur,Agustin,Dunbar,Kansas,McArthur,Bernardo
Dunbar,Hailee,Voss,Brook,Dunbar,Jarred
McArthur,Emerson,Dunbar,Kansas,McArthur,Bernardo
Dunbar,Mariah,Voss,Brook,Dunbar,Jarred
McArthur,Bennett,Dunbar,Makenzie,McArthur,Nour
Dunbar,Cheryl,Voss,Alexandria,Dunbar,Brenden
McArthur,Mauricio,Dunbar,Makenzie,McArthur,Nour
Dunbar,Bria,Voss,Alexandria,Dunbar,Brenden
McArthur,Dexter,Dunbar,Makenzie,McArthur,Nour
Dunbar,Maddison,Voss,Alexandria,Dunbar,Brenden
McArthur,Nestor,Dunbar,Makenzie,McArthur,Nour
Readdy,Mahogany,Voss,Katlyn,Readdy,Kenneth
McArthur,Riley,Dunbar,Makenzie,McArthur,Nour
Readdy,Dorothy,Voss,Katlyn,Readdy,Kenneth
McArthur,Zachery,Dunbar,Makenzie,McArthur,Nour
Readdy,Maire,Voss,Katlyn,Readdy,Kenneth
McArthur,Misael,Dunbar,Makenzie,McArthur,Nour
Readdy,Marivel,Voss,Katlyn,Readdy,Kenneth
McArthur,Christian,Dunbar,Makenzie,McArthur,Nour
Readdy,Maegen,Voss,Katlyn,Readdy,Kenneth
McArthur,Giovanni,Dunbar,Makenzie,McArthur,Nour
Readdy,Christie,Voss,Katlyn,Readdy,Kenneth
McArthur,Ruben,Dunbar,Makala,McArthur,Jeb
Readdy,Tabatha,Voss,Katlyn,Readdy,Kenneth
McArthur,Jarred,Dunbar,Makala,McArthur,Jeb
Readdy,Suzette,Voss,Katlyn,Readdy,Kenneth
McArthur,Coleman,Readdy,Evangelina,McArthur,Jashua
Readdy,Susanna,Voss,Katlyn,Readdy,Kenneth
McArthur,Billy,Readdy,Evangelina,McArthur,Jashua
Readdy,Ebone,Voss,Katlyn,Readdy,Kenneth
McArthur,Cristopher,Readdy,Evangelina,McArthur,Jashua
Readdy,Xena,Voss,Katlyn,Readdy,Kenneth
McArthur,Alfredo,Readdy,Evangelina,McArthur,Jashua
Readdy,Dena,Voss,Katlyn,Readdy,Kenneth
McArthur,Cooper,Readdy,Evangelina,McArthur,Jashua
Readdy,Paola,Voss,Kaelyn,Readdy,Al
McArthur,Grayson,Readdy,Evangelina,McArthur,Jashua
Readdy,Britni,Voss,Kaelyn,Readdy,Al
McArthur,Demetrius,Readdy,Evangelina,McArthur,Jashua
Readdy,Chelsea,Voss,Kaelyn,Readdy,Al
McArthur,Abdul,Readdy,Evangelina,McArthur,Jashua
Readdy,Sage,Voss,Kaelyn,Readdy,Al
McArthur,Pablo,Readdy,Evangelina,McArthur,Jashua
Readdy,Jazmin,Voss,Kaelyn,Readdy,Al
McArthur,Demarco,Readdy,Maeghan,McArthur,Raekwon
Readdy,Kaleigh,Voss,Kaelyn,Readdy,Al
McArthur,Hugo,Readdy,Maeghan,McArthur,Raekwon
Readdy,Morgen,Voss,Kaelyn,Readdy,Al
McArthur,Reuben,Readdy,Maeghan,McArthur,Raekwon
Readdy,Chelsy,Voss,Kaelyn,Readdy,Al
McArthur,Garrison,Readdy,Maeghan,McArthur,Raekwon
Readdy,Reagan,Voss,Kaelyn,Readdy,Al
McArthur,Stanley,Readdy,Maeghan,McArthur,Raekwon
Readdy,Margo,Voss,Summer,Readdy,Saul
McArthur,Elliott,Readdy,Maeghan,McArthur,Raekwon
Readdy,Tatianna,Voss,Summer,Readdy,Saul
McArthur,Heriberto,Readdy,Maeghan,McArthur,Raekwon
Readdy,Abbigail,Voss,Summer,Readdy,Saul
McArthur,Collin,Readdy,Myra,McArthur,Guillermo
Readdy,Sandra,Voss,Summer,Readdy,Saul
McArthur,Zachariah,Readdy,Myra,McArthur,Guillermo
Readdy,Mckenzie,Voss,Summer,Readdy,Saul
McArthur,Ronnie,Readdy,Myra,McArthur,Guillermo
Readdy,Devin,Voss,Summer,Readdy,Saul
McArthur,Brad,Readdy,Myra,McArthur,Guillermo
Readdy,Heidi,Voss,Summer,Readdy,Saul
McArthur,Jairo,Readdy,Myra,McArthur,Guillermo
Readdy,Shawna,Voss,Summer,Readdy,Saul
McArthur,Edward,Readdy,Myra,McArthur,Guillermo
Readdy,Valencia,Voss,Summer,Readdy,Saul
McArthur,Augustus,Readdy,Mari,McArthur,Mike
Readdy,Estefani,Voss,Summer,Readdy,Saul
Fullerton,Jules,Readdy,Lilian,Fullerton,Johnathen
Readdy,Ruby,Voss,Summer,Readdy,Saul
Fullerton,Jessee,Readdy,Lilian,Fullerton,Johnathen
McArthur,Cindy,Dunbar,Karyna,McArthur,Landin
Fullerton,Issac,Readdy,Sharae,Fullerton,Guy
McArthur,Janell,Dunbar,Karyna,McArthur,Landin
Fullerton,Darnell,Readdy,Sharae,Fullerton,Guy
McArthur,Haylee,Dunbar,Karyna,McArthur,Landin
Fullerton,Freeman,Readdy,Sharae,Fullerton,Guy
McArthur,Kristina,Dunbar,Karyna,McArthur,Landin
Fullerton,Lucas,Readdy,Sharae,Fullerton,Guy
McArthur,Zoe,Dunbar,Shakia,McArthur,Ayub
Fullerton,Cecil,Readdy,Sharae,Fullerton,Guy
McArthur,Alexandra,Dunbar,Shakia,McArthur,Ayub
Fullerton,Wylie,Readdy,Sharae,Fullerton,Guy
McArthur,Tessa,Dunbar,Kansas,McArthur,Bernardo
Fullerton,Lorenzo,Readdy,Sharae,Fullerton,Guy
McArthur,Maxine,Dunbar,Kansas,McArthur,Bernardo
Fullerton,Davis,Readdy,Sharae,Fullerton,Guy
McArthur,Alani,Dunbar,Kansas,McArthur,Bernardo
Fullerton,Callum,Readdy,Sharae,Fullerton,Guy
McArthur,London,Dunbar,Makenzie,McArthur,Nour
Fullerton,Israel,Readdy,Elisa,Fullerton,Jaquan
McArthur,Bailey,Dunbar,Makenzie,McArthur,Nour
Fullerton,Jeremiah,Readdy,Elisa,Fullerton,Jaquan
McArthur,Roxana,Dunbar,Makenzie,McArthur,Nour
Fullerton,Samuel,Readdy,Elisa,Fullerton,Jaquan
McArthur,Noel,Dunbar,Makala,McArthur,Jeb
Fullerton,Tallon,Readdy,Elisa,Fullerton,Jaquan
McArthur,Darcy,Dunbar,Makala,McArthur,Jeb
Fullerton,Rene,Readdy,Elisa,Fullerton,Jaquan
McArthur,Harmony,Readdy,Evangelina,McArthur,Jashua
Fullerton,Gerald,Readdy,Siearra,Fullerton,Landen
McArthur,Rosa,Readdy,Evangelina,McArthur,Jashua
Fullerton,Lamar,Readdy,Siearra,Fullerton,Landen
McArthur,Magdalena,Readdy,Evangelina,McArthur,Jashua
Fullerton,Kalon,Readdy,Siearra,Fullerton,Landen
McArthur,Estefania,Readdy,Evangelina,McArthur,Jashua
Fullerton,Nigel,Readdy,Siearra,Fullerton,Landen
McArthur,Autumn,Readdy,Evangelina,McArthur,Jashua
Fullerton,Drake,Readdy,Siearra,Fullerton,Landen
McArthur,Shaniah,Readdy,Evangelina,McArthur,Jashua
Fullerton,Benjamin,Readdy,Elana,Fullerton,Terron
McArthur,Joan,Readdy,Evangelina,McArthur,Jashua
Fullerton,Wesley,Readdy,Elana,Fullerton,Terron
McArthur,Sarahi,Readdy,Evangelina,McArthur,Jashua
Fullerton,Harold,Readdy,Elana,Fullerton,Terron
McArthur,Eden,Readdy,Maeghan,McArthur,Raekwon
Fullerton,Miguel,Readdy,Elana,Fullerton,Terron
McArthur,Francis,Readdy,Maeghan,McArthur,Raekwon
Fullerton,Isaiah,Readdy,Elana,Fullerton,Terron
McArthur,Benita,Readdy,Maeghan,McArthur,Raekwon
Fullerton,Khalid,Readdy,Elana,Fullerton,Terron
McArthur,Lexus,Readdy,Maeghan,McArthur,Raekwon
Fullerton,Santana,McArthur,Blake,Fullerton,Denzell
McArthur,Carmelita,Readdy,Maeghan,McArthur,Raekwon
Fullerton,Yuri,McArthur,Blake,Fullerton,Denzell
McArthur,Elsa,Readdy,Maeghan,McArthur,Raekwon
Fullerton,Brady,McArthur,Blake,Fullerton,Denzell
McArthur,Myranda,Readdy,Maeghan,McArthur,Raekwon
Fullerton,Wyatt,McArthur,Blake,Fullerton,Denzell
McArthur,Armani,Readdy,Maeghan,McArthur,Raekwon
Fullerton,Anton,McArthur,Blake,Fullerton,Denzell
McArthur,Felicia,Readdy,Myra,McArthur,Guillermo
Fullerton,Austen,McArthur,Blake,Fullerton,Denzell
McArthur,Marisa,Readdy,Myra,McArthur,Guillermo
Fullerton,Alden,McArthur,Blake,Fullerton,Denzell
McArthur,Danielle,Readdy,Myra,McArthur,Guillermo
Fullerton,Johan,McArthur,Blake,Fullerton,Denzell
McArthur,Maryssa,Readdy,Myra,McArthur,Guillermo
Fullerton,Bo,McArthur,Blake,Fullerton,Denzell
McArthur,Mikaela,Readdy,Myra,McArthur,Guillermo
Fullerton,Van,McArthur,Blake,Fullerton,Denzell
McArthur,Trevor,Readdy,Myra,McArthur,Guillermo
Fullerton,Tomas,McArthur,Blake,Fullerton,Denzell
McArthur,Destiny,Readdy,Myra,McArthur,Guillermo
Fullerton,Asher,McArthur,Tiyanna,Fullerton,Jayce
McArthur,Bridgett,Readdy,Myra,McArthur,Guillermo
Fullerton,Miles,McArthur,Sara,Fullerton,Corbin
McArthur,Daija,Readdy,Myra,McArthur,Guillermo
Fullerton,Conor,McArthur,Sara,Fullerton,Corbin
McArthur,Shyann,Readdy,Myra,McArthur,Guillermo
Fullerton,Allan,McArthur,Sara,Fullerton,Corbin
McArthur,Yasmine,Readdy,Mari,McArthur,Mike
Fullerton,Conrad,McArthur,Sara,Fullerton,Corbin
McArthur,Ravin,Readdy,Mari,McArthur,Mike
Fullerton,Kolton,McArthur,Sara,Fullerton,Corbin
McArthur,Hanna,Readdy,Mari,McArthur,Mike
Fullerton,Jerry,McArthur,Sara,Fullerton,Corbin
McArthur,Tasia,Readdy,Mari,McArthur,Mike
Fullerton,Hugh,McArthur,Sara,Fullerton,Corbin
Fullerton,Eden,Readdy,Lilian,Fullerton,Johnathen
Fullerton,Dakota,McArthur,Sara,Fullerton,Corbin
Fullerton,Yoana,Readdy,Lilian,Fullerton,Johnathen
Fullerton,Yakov,McArthur,Sara,Fullerton,Corbin
Fullerton,Jazmine,Readdy,Sharae,Fullerton,Guy
Bursch,Bruce,McArthur,Heather,Bursch,Cruz
Fullerton,Mikyla,Readdy,Sharae,Fullerton,Guy
Bursch,Jay,McArthur,Heather,Bursch,Cruz
Fullerton,Kailey,Readdy,Siearra,Fullerton,Landen
Bursch,Ali,McArthur,Heather,Bursch,Cruz
Fullerton,Heidy,Readdy,Siearra,Fullerton,Landen
Bursch,Kurt,McArthur,Heather,Bursch,Cruz
Fullerton,Katy,Readdy,Elana,Fullerton,Terron
Bursch,Agustin,McArthur,Heather,Bursch,Cruz
Fullerton,Jacquelin,Readdy,Elana,Fullerton,Terron
Bursch,Jasper,McArthur,Heather,Bursch,Cruz
Fullerton,Sharae,McArthur,Blake,Fullerton,Denzell
Bursch,Wayne,McArthur,Heather,Bursch,Cruz
Fullerton,Elana,McArthur,Blake,Fullerton,Denzell
Bursch,Errol,McArthur,Kristine,Bursch,Josiah
Fullerton,Leticia,McArthur,Blake,Fullerton,Denzell
Bursch,Wade,McArthur,Kristine,Bursch,Josiah
Fullerton,Kalee,McArthur,Blake,Fullerton,Denzell
Bursch,Buford,McArthur,Kristine,Bursch,Josiah
Fullerton,Alannah,McArthur,Blake,Fullerton,Denzell
Bursch,Alden,McArthur,Kristine,Bursch,Josiah
Fullerton,Elissa,McArthur,Blake,Fullerton,Denzell
Bursch,Tad,McArthur,Kristine,Bursch,Josiah
Fullerton,Kennedy,McArthur,Tiyanna,Fullerton,Jayce
Bursch,Erick,McArthur,Kristine,Bursch,Josiah
Fullerton,Leandra,McArthur,Tiyanna,Fullerton,Jayce
Bursch,Demetrius,McArthur,Kristine,Bursch,Josiah
Fullerton,Juliet,McArthur,Tiyanna,Fullerton,Jayce
Bursch,Christophe,McArthur,Kristine,Bursch,Josiah
Fullerton,Kira,McArthur,Tiyanna,Fullerton,Jayce
Bursch,Walker,McArthur,Kristine,Bursch,Josiah
Fullerton,Gabriel,McArthur,Tiyanna,Fullerton,Jayce
Bursch,Reuben,McArthur,Kristine,Bursch,Josiah
Fullerton,Breona,McArthur,Sara,Fullerton,Corbin
Bursch,Winston,McArthur,Kristine,Bursch,Josiah
Fullerton,Isabel,McArthur,Sara,Fullerton,Corbin
Bursch,Alec,McArthur,Aileen,Bursch,Coleman
Fullerton,Sasha,McArthur,Sara,Fullerton,Corbin
Bursch,Preston,McArthur,Aileen,Bursch,Coleman
Fullerton,Patsy,McArthur,Sara,Fullerton,Corbin
Bursch,Zachary,McArthur,Aileen,Bursch,Coleman
Fullerton,Francis,McArthur,Sara,Fullerton,Corbin
Bursch,Johan,McArthur,Aileen,Bursch,Coleman
Fullerton,Camilla,McArthur,Sara,Fullerton,Corbin
Bursch,Hassan,McArthur,Aileen,Bursch,Coleman
Bursch,Monique,McArthur,Heather,Bursch,Cruz
Bursch,Olivier,McArthur,Aileen,Bursch,Coleman
Bursch,Genevieve,McArthur,Heather,Bursch,Cruz
Bursch,Grady,McArthur,Aileen,Bursch,Coleman
Bursch,Anaya,McArthur,Heather,Bursch,Cruz
Bursch,Spencer,McArthur,Aileen,Bursch,Coleman
Bursch,Keyshla,McArthur,Heather,Bursch,Cruz
Bursch,Terron,McArthur,Aileen,Bursch,Coleman
Bursch,Tierney,McArthur,Heather,Bursch,Cruz
Bursch,Nicolas,McArthur,Aileen,Bursch,Coleman
Bursch,Debbie,McArthur,Heather,Bursch,Cruz
Bursch,Isiah,McArthur,Rubi,Bursch,Rhett
Bursch,Devany,McArthur,Heather,Bursch,Cruz
Bursch,Brody,McArthur,Rubi,Bursch,Rhett
Bursch,Serenity,McArthur,Heather,Bursch,Cruz
Bursch,Ravon,McArthur,Rubi,Bursch,Rhett
Bursch,Jane,McArthur,Kristine,Bursch,Josiah
Bursch,Saxon,McArthur,Rubi,Bursch,Rhett
Bursch,Ciara,McArthur,Kristine,Bursch,Josiah
Bursch,Francis,McArthur,Rubi,Bursch,Rhett
Bursch,Dajah,McArthur,Kristine,Bursch,Josiah
Bursch,Jerryd,McArthur,Rubi,Bursch,Rhett
Bursch,Chantelle,McArthur,Kristine,Bursch,Josiah
Bursch,Angelo,McArthur,Rubi,Bursch,Rhett
Bursch,Niyah,McArthur,Kristine,Bursch,Josiah
Bursch,Maximillia,McArthur,Rubi,Bursch,Rhett
Bursch,Courteney,McArthur,Kristine,Bursch,Josiah
Bursch,Andreas,McArthur,Elena,Bursch,Anfernee
Bursch,Zoee,McArthur,Kristine,Bursch,Josiah
Bursch,Montana,McArthur,Elena,Bursch,Anfernee
Bursch,Isamar,McArthur,Kristine,Bursch,Josiah
Bursch,Jermaine,McArthur,Jocelyn,Bursch,Kirk
Bursch,Katherine,McArthur,Aileen,Bursch,Coleman
Bursch,Pierce,McArthur,Jocelyn,Bursch,Kirk
Bursch,Pamela,McArthur,Aileen,Bursch,Coleman
Bursch,Oren,McArthur,Jocelyn,Bursch,Kirk
Bursch,Lori,McArthur,Aileen,Bursch,Coleman
Bursch,Trentin,McArthur,Jocelyn,Bursch,Kirk
Bursch,Juliet,McArthur,Aileen,Bursch,Coleman
Bursch,Efren,McArthur,Jocelyn,Bursch,Kirk
Bursch,Kristine,McArthur,Aileen,Bursch,Coleman
Bursch,Isaias,McArthur,Jocelyn,Bursch,Kirk
Bursch,Suzette,McArthur,Aileen,Bursch,Coleman
Bursch,Keenan,McArthur,Jocelyn,Bursch,Kirk
Bursch,Grecia,McArthur,Rubi,Bursch,Rhett
Bursch,Vinh,McArthur,Jocelyn,Bursch,Kirk
Bursch,Bridgette,McArthur,Rubi,Bursch,Rhett
Bursch,Lance,McArthur,Jocelyn,Bursch,Kirk
Bursch,Valeria,McArthur,Rubi,Bursch,Rhett
Bursch,Jacob,McArthur,Jocelyn,Bursch,Kirk
Bursch,Kaira,McArthur,Rubi,Bursch,Rhett
Bursch,Jeremy,McArthur,Jocelyn,Bursch,Kirk
Bursch,Silvia,McArthur,Rubi,Bursch,Rhett
Bursch,Sahil,McArthur,Jocelyn,Bursch,Kirk
Bursch,Adrianne,McArthur,Rubi,Bursch,Rhett
Archambault,Clarence,Fullerton,Ansley,Archambault,Tristin
Bursch,Jaymie,McArthur,Rubi,Bursch,Rhett
Archambault,Alfonso,Fullerton,Ansley,Archambault,Tristin
Bursch,Paloma,McArthur,Rubi,Bursch,Rhett
Archambault,Campbell,Fullerton,Ansley,Archambault,Tristin
Bursch,Alyson,McArthur,Rubi,Bursch,Rhett
Archambault,Brodie,Fullerton,Ansley,Archambault,Tristin
Bursch,Rosalinda,McArthur,Rubi,Bursch,Rhett
Archambault,Gregory,Fullerton,Candace,Archambault,Sebastien
Bursch,Desaree,McArthur,Elena,Bursch,Anfernee
Archambault,James,Fullerton,Candace,Archambault,Sebastien
Bursch,Jaylynn,McArthur,Elena,Bursch,Anfernee
Archambault,Buford,Fullerton,Candace,Archambault,Sebastien
Bursch,Caylee,McArthur,Elena,Bursch,Anfernee
Archambault,German,Fullerton,Candace,Archambault,Sebastien
Bursch,Marivel,McArthur,Elena,Bursch,Anfernee
Archambault,Tyree,Fullerton,Candace,Archambault,Sebastien
Bursch,Leanna,McArthur,Elena,Bursch,Anfernee
Archambault,Aspen,Fullerton,Candace,Archambault,Sebastien
Bursch,Danae,McArthur,Elena,Bursch,Anfernee
Archambault,Juancarlos,Fullerton,Candace,Archambault,Sebastien
Bursch,Ivory,McArthur,Elena,Bursch,Anfernee
Archambault,Arjun,Fullerton,Candace,Archambault,Sebastien
Bursch,Stormy,McArthur,Jocelyn,Bursch,Kirk
Archambault,Lamar,Fullerton,Candace,Archambault,Sebastien
Bursch,Tierra,McArthur,Jocelyn,Bursch,Kirk
Archambault,Callum,Bursch,Maryanna,Archambault,Anders
Bursch,Breanna,McArthur,Jocelyn,Bursch,Kirk
Archambault,Fredy,Bursch,Maryanna,Archambault,Anders
Bursch,Chyanne,McArthur,Jocelyn,Bursch,Kirk
Archambault,Korey,Bursch,Maryanna,Archambault,Anders
Bursch,Jeffrey,McArthur,Jocelyn,Bursch,Kirk
Archambault,Alexander,Bursch,Sky,Archambault,Jayden
Archambault,Whitney,Fullerton,Ansley,Archambault,Tristin
Archambault,Jarred,Bursch,Sky,Archambault,Jayden
Archambault,Tayla,Fullerton,Ansley,Archambault,Tristin
Archambault,Dashane,Bursch,Sky,Archambault,Jayden
Archambault,Aubrey,Fullerton,Ansley,Archambault,Tristin
Archambault,Gordon,Bursch,Sky,Archambault,Jayden
Archambault,Paulina,Fullerton,Ansley,Archambault,Tristin
Archambault,Dontae,Bursch,Sky,Archambault,Jayden
Archambault,Rosa,Fullerton,Ansley,Archambault,Tristin
Archambault,Louis,Bursch,Sky,Archambault,Jayden
Archambault,Sheila,Fullerton,Ansley,Archambault,Tristin
Archambault,Desmond,Bursch,Sky,Archambault,Jayden
Archambault,Ramona,Fullerton,Ansley,Archambault,Tristin
Archambault,Quayshawn,Bursch,Sky,Archambault,Jayden
Archambault,Kallee,Fullerton,Ansley,Archambault,Tristin
Archambault,Jon,Bursch,Destiney,Archambault,Jack
Archambault,Alexus,Fullerton,Ansley,Archambault,Tristin
Archambault,Cristian,Bursch,Destiney,Archambault,Jack
Archambault,Keira,Fullerton,Candace,Archambault,Sebastien
Archambault,Jovonte,Bursch,Destiney,Archambault,Jack
Archambault,Ayla,Fullerton,Candace,Archambault,Sebastien
Archambault,Caleb,Bursch,Laquisha,Archambault,Jacori
Archambault,Flor,Fullerton,Candace,Archambault,Sebastien
Archambault,Rene,Bursch,Laquisha,Archambault,Jacori
Archambault,Casey,Fullerton,Candace,Archambault,Sebastien
Archambault,Julio,Bursch,Laquisha,Archambault,Jacori
Archambault,Kenyatta,Fullerton,Candace,Archambault,Sebastien
Archambault,Michel,Bursch,Laquisha,Archambault,Jacori
Archambault,Riley,Fullerton,Candace,Archambault,Sebastien
Archambault,Joe,Bursch,Laquisha,Archambault,Jacori
Archambault,Chaya,Fullerton,Candace,Archambault,Sebastien
Archambault,Howard,Bursch,Caitlin,Archambault,Ronald
Archambault,Kaylyn,Fullerton,Candace,Archambault,Sebastien
Archambault,Jeramie,Bursch,Caitlin,Archambault,Ronald
Archambault,Allysa,Fullerton,Candace,Archambault,Sebastien
Archambault,Trenton,Bursch,Kaitlin,Archambault,Lauren
Archambault,Deyaneira,Bursch,Maryanna,Archambault,Anders
Archambault,Jamari,Bursch,Kaitlin,Archambault,Lauren
Archambault,Alison,Bursch,Maryanna,Archambault,Anders
Archambault,Marcello,Bursch,Kaitlin,Archambault,Lauren
Archambault,Heidi,Bursch,Maryanna,Archambault,Anders
Archambault,Taylor,Bursch,Austin,Archambault,Rashaun
Archambault,Genesis,Bursch,Maryanna,Archambault,Anders
Archambault,Brennan,Bursch,Austin,Archambault,Rashaun
Archambault,Essence,Bursch,Maryanna,Archambault,Anders
Archambault,Tracy,Bursch,Austin,Archambault,Rashaun
Archambault,Marianna,Bursch,Sky,Archambault,Jayden
Archambault,Rand,Bursch,Austin,Archambault,Rashaun
Archambault,Chantal,Bursch,Sky,Archambault,Jayden
Archambault,Koby,Bursch,Austin,Archambault,Rashaun
Archambault,Yaritza,Bursch,Sky,Archambault,Jayden
Archambault,Killian,Cagle,Marilyn,Archambault,Conrad
Archambault,Ashlie,Bursch,Sky,Archambault,Jayden
Archambault,Bennie,Cagle,Marilyn,Archambault,Conrad
Archambault,Jenniffer,Bursch,Destiney,Archambault,Jack
Archambault,Bobby,Cagle,Marilyn,Archambault,Conrad
Archambault,Liliana,Bursch,Destiney,Archambault,Jack
Archambault,Nelson,Cagle,Marilyn,Archambault,Conrad
Archambault,Lyndsey,Bursch,Destiney,Archambault,Jack
Archambault,Latrell,Cagle,Marilyn,Archambault,Conrad
Archambault,Devon,Bursch,Destiney,Archambault,Jack
Archambault,Dandre,Cagle,Marilyn,Archambault,Conrad
Archambault,Jaida,Bursch,Destiney,Archambault,Jack
Archambault,Colton,Cagle,Marilyn,Archambault,Conrad
Archambault,Destany,Bursch,Tristan,Archambault,Darrell
Archambault,Joey,Cagle,Marilyn,Archambault,Conrad
Archambault,Sarafina,Bursch,Tristan,Archambault,Darrell
Archambault,Rey,Cagle,Marilyn,Archambault,Conrad
Archambault,Janesha,Bursch,Tristan,Archambault,Darrell
Cagle,Dante,Archambault,Phoebe,Cagle,Marc
Archambault,Cheyanne,Bursch,Laquisha,Archambault,Jacori
Cagle,Bradley,Archambault,Phoebe,Cagle,Marc
Archambault,Anita,Bursch,Laquisha,Archambault,Jacori
Cagle,Damion,Archambault,Phoebe,Cagle,Marc
Archambault,Alondra,Bursch,Caitlin,Archambault,Ronald
Cagle,Rogelio,Archambault,Phoebe,Cagle,Marc
Archambault,Nakia,Bursch,Caitlin,Archambault,Ronald
Cagle,Raequan,Archambault,Phoebe,Cagle,Marc
Archambault,Niki,Bursch,Caitlin,Archambault,Ronald
Cagle,Shayne,Archambault,Phoebe,Cagle,Marc
Archambault,Jaclyn,Bursch,Caitlin,Archambault,Ronald
Cagle,Dayton,Archambault,Phoebe,Cagle,Marc
Archambault,Kyra,Bursch,Caitlin,Archambault,Ronald
Cagle,Skyler,Archambault,Phoebe,Cagle,Marc
Archambault,Brooke,Bursch,Kaitlin,Archambault,Lauren
Cagle,Wilfredo,Archambault,Phoebe,Cagle,Marc
Archambault,Charlotte,Bursch,Austin,Archambault,Rashaun
Cagle,Jesus,Archambault,Phoebe,Cagle,Marc
Archambault,Karlie,Bursch,Austin,Archambault,Rashaun
Cagle,Agustin,Archambault,Phoebe,Cagle,Marc
Archambault,Jennifer,Bursch,Austin,Archambault,Rashaun
Grabe,Courtney,Archambault,Asha,Grabe,Zachary
Archambault,Janeth,Bursch,Austin,Archambault,Rashaun
Grabe,Shawn,Archambault,Asha,Grabe,Zachary
Archambault,Teagan,Bursch,Austin,Archambault,Rashaun
Grabe,Todd,Archambault,Asha,Grabe,Zachary
Archambault,Rebekkah,Cagle,Marilyn,Archambault,Conrad
Grabe,Sterling,Archambault,Asha,Grabe,Zachary
Archambault,Roslyn,Cagle,Marilyn,Archambault,Conrad
Grabe,Clifford,Archambault,Asha,Grabe,Zachary
Archambault,Naomi,Cagle,Marilyn,Archambault,Conrad
Grabe,Shelby,Archambault,Meaghan,Grabe,Osvaldo
Archambault,Catalina,Cagle,Marilyn,Archambault,Conrad
Grabe,Migel,Archambault,Meaghan,Grabe,Osvaldo
Archambault,Kaila,Cagle,Marilyn,Archambault,Conrad
Grabe,Taylor,Archambault,Meaghan,Grabe,Osvaldo
Archambault,Evangelina,Cagle,Marilyn,Archambault,Conrad
Grabe,Yovani,Archambault,Meaghan,Grabe,Osvaldo
Archambault,Aubrie,Cagle,Marilyn,Archambault,Conrad
Grabe,Patrick,Archambault,Meaghan,Grabe,Osvaldo
Cagle,Sarahmarie,Archambault,Phoebe,Cagle,Marc
Grabe,Bradly,Archambault,Arlene,Grabe,Antonio
Cagle,Marianna,Archambault,Phoebe,Cagle,Marc
Grabe,Jason,Archambault,Arlene,Grabe,Antonio
Cagle,Lily,Archambault,Phoebe,Cagle,Marc
Grabe,Harold,Archambault,Arlene,Grabe,Antonio
Cagle,Cherokee,Archambault,Phoebe,Cagle,Marc
Grabe,Zane,Archambault,Arlene,Grabe,Antonio
Cagle,Sarafina,Archambault,Phoebe,Cagle,Marc
Grabe,Preston,Archambault,Arlene,Grabe,Antonio
Cagle,Lizbeth,Archambault,Phoebe,Cagle,Marc
Grabe,Calib,Archambault,Arlene,Grabe,Antonio
Cagle,Paola,Archambault,Phoebe,Cagle,Marc
Grabe,Devante,Archambault,Ravin,Grabe,Quentin
Grabe,Pamela,Archambault,Asha,Grabe,Zachary
Grabe,Chris,Archambault,Ravin,Grabe,Quentin
Grabe,Kaydee,Archambault,Asha,Grabe,Zachary
Grabe,Cecil,Archambault,Ravin,Grabe,Quentin
Grabe,Brittani,Archambault,Asha,Grabe,Zachary
Grabe,Josiah,Archambault,Ravin,Grabe,Quentin
Grabe,Spencer,Archambault,Asha,Grabe,Zachary
Grabe,Christen,Archambault,Ravin,Grabe,Quentin
Grabe,Niki,Archambault,Asha,Grabe,Zachary
Grabe,Dedrick,Archambault,Ravin,Grabe,Quentin
Grabe,Cristina,Archambault,Asha,Grabe,Zachary
Grabe,Dequan,Archambault,Ravin,Grabe,Quentin
Grabe,Jenniffer,Archambault,Asha,Grabe,Zachary
Grabe,Joshua,Archambault,Ravin,Grabe,Quentin
Grabe,Carra,Archambault,Asha,Grabe,Zachary
Grabe,Jaylin,Archambault,Ravin,Grabe,Quentin
Grabe,Martha,Archambault,Meaghan,Grabe,Osvaldo
Grabe,Jaime,Archambault,Carli,Grabe,Nour
Grabe,Dasia,Archambault,Meaghan,Grabe,Osvaldo
Grabe,Armando,Archambault,Carli,Grabe,Nour
Grabe,Emma,Archambault,Meaghan,Grabe,Osvaldo
Grabe,Blaine,Archambault,Carli,Grabe,Nour
Grabe,Symphony,Archambault,Meaghan,Grabe,Osvaldo
Grabe,Lars,Archambault,Carli,Grabe,Nour
Grabe,Ivelisse,Archambault,Meaghan,Grabe,Osvaldo
Grabe,Heriberto,Archambault,Amna,Grabe,Kelson
Grabe,Skyler,Archambault,Meaghan,Grabe,Osvaldo
Grabe,Dana,Archambault,Amna,Grabe,Kelson
Grabe,Tatiana,Archambault,Meaghan,Grabe,Osvaldo
Grabe,Stephen,Archambault,Amna,Grabe,Kelson
Grabe,Aaliyah,Archambault,Meaghan,Grabe,Osvaldo
Grabe,Quayshawn,Archambault,Amna,Grabe,Kelson
Grabe,Francisca,Archambault,Meaghan,Grabe,Osvaldo
Grabe,Landon,Archambault,Amna,Grabe,Kelson
Grabe,Rayven,Archambault,Meaghan,Grabe,Osvaldo
Grabe,Terrence,Archambault,Amna,Grabe,Kelson
Grabe,Melanie,Archambault,Arlene,Grabe,Antonio
Grabe,Jace,Archambault,Alysia,Grabe,Parker
Grabe,Sarafina,Archambault,Arlene,Grabe,Antonio
Grabe,Keion,Archambault,Alysia,Grabe,Parker
Grabe,Kara,Archambault,Arlene,Grabe,Antonio
Grabe,Royce,Archambault,Alysia,Grabe,Parker
Grabe,Kianna,Archambault,Arlene,Grabe,Antonio
Grabe,Demetrius,Archambault,Alysia,Grabe,Parker
Grabe,Kenzie,Archambault,Arlene,Grabe,Antonio
Grabe,Milton,Archambault,Alysia,Grabe,Parker
Grabe,Kristie,Archambault,Ravin,Grabe,Quentin
Grabe,Leonel,Cagle,Norma,Grabe,Rakeem
Grabe,Carissa,Archambault,Ravin,Grabe,Quentin
Grabe,Douglas,Cagle,Norma,Grabe,Rakeem
Grabe,Imani,Archambault,Ravin,Grabe,Quentin
Grabe,Benjamin,Cagle,Norma,Grabe,Rakeem
Grabe,Leanna,Archambault,Ravin,Grabe,Quentin
Grabe,Kellen,Cagle,Norma,Grabe,Rakeem
Grabe,Karah,Archambault,Ravin,Grabe,Quentin
Grabe,Leo,Cagle,Norma,Grabe,Rakeem
Grabe,Nikki,Archambault,Ravin,Grabe,Quentin
Grabe,Dakota,Cagle,Norma,Grabe,Rakeem
Grabe,Paulina,Archambault,Ravin,Grabe,Quentin
Grabe,Jay,Cagle,Norma,Grabe,Rakeem
Grabe,Reyanna,Archambault,Ravin,Grabe,Quentin
Grabe,Jasper,Cagle,Norma,Grabe,Rakeem
Grabe,Aimee,Archambault,Ravin,Grabe,Quentin
Grabe,Nikolas,Cagle,Kyla,Grabe,Frederick
Grabe,Madilyn,Archambault,Ravin,Grabe,Quentin
Grabe,Daylon,Cagle,Kyla,Grabe,Frederick
Grabe,Imelda,Archambault,Ravin,Grabe,Quentin
Grabe,Devin,Cagle,Kyla,Grabe,Frederick
Grabe,Megan,Archambault,Carli,Grabe,Nour
Grabe,Abraham,Cagle,Kyla,Grabe,Frederick
Grabe,Casey,Archambault,Carli,Grabe,Nour
Grabe,Brayden,Cagle,Kyla,Grabe,Frederick
Grabe,Lexi,Archambault,Carli,Grabe,Nour
Grabe,Dimitri,Cagle,Kyla,Grabe,Frederick
Grabe,Alma,Archambault,Carli,Grabe,Nour
Grabe,Demarco,Cagle,Rylee,Grabe,Francisco
Grabe,Kaili,Archambault,Amna,Grabe,Kelson
Grabe,Perry,Cagle,Rylee,Grabe,Francisco
Grabe,Kirstin,Archambault,Amna,Grabe,Kelson
Grabe,Ahmed,Cagle,Rylee,Grabe,Francisco
Grabe,Alexandrea,Archambault,Amna,Grabe,Kelson
Grabe,Leonard,Cagle,Rylee,Grabe,Francisco
Grabe,Sonia,Archambault,Alysia,Grabe,Parker
Grabe,Guy,Cagle,Rylee,Grabe,Francisco
Grabe,Kristian,Archambault,Alysia,Grabe,Parker
Grabe,Alec,Cagle,Rylee,Grabe,Francisco
Grabe,Kierstin,Archambault,Alysia,Grabe,Parker
Grabe,Denzel,Cagle,Rylee,Grabe,Francisco
Grabe,Micayla,Archambault,Alysia,Grabe,Parker
Grabe,Kirkland,Cagle,Rylee,Grabe,Francisco
Grabe,Katerina,Archambault,Alysia,Grabe,Parker
Grabe,Camron,Cagle,Rylee,Grabe,Francisco
Grabe,Aidan,Cagle,Norma,Grabe,Rakeem
Grabe,Jawaun,Cagle,Rylee,Grabe,Francisco
Grabe,Tamera,Cagle,Norma,Grabe,Rakeem
Grabe,Reid,Cagle,Rylee,Grabe,Francisco
Grabe,Alani,Cagle,Norma,Grabe,Rakeem
Grabe,Conner,Cagle,Rylee,Grabe,Francisco
Grabe,Valeria,Cagle,Norma,Grabe,Rakeem
Grabe,Pedro,Cagle,Rylee,Grabe,Francisco
Grabe,Fabiola,Cagle,Kyla,Grabe,Frederick
