Melroy,Noel,Morgan,Lauren,Melroy,Bret
Schweickart,Rikki,Davis,Ciara,Schweickart,Davin
Adamson,Andy,Chaffee,Shana,Adamson,Samuel
Precour,Melinda,Noriega,Sofia,Precour,Rey
Richards,Alfonso,Henricks,Savanah,Richards,Jarrett
Beering,Odalys,Adamson,Bonnie,Beering,Jamar
Fullerton,Keanu,Akers,Miriam,Fullerton,Dale
Cunningham,Jaquana,Shaw,Kaila,Cunningham,Gerardo
Monroe,Glenn,Fincke,Roxana,Monroe,Patric
Grant,Chloe,Cleave,Kelsie,Grant,Kellen
Grinch,Gannon,Melvin,Adrienne,Grinch,Trevon
Tani,Chyanne,Dunbar,Britney,Tani,Bryce
Shriver,Mitchel,McCulley,Cailin,Shriver,Kenneth
Carter,Mikhaila,Caldeiro,Queen,Carter,Trey
Jackson,Alan,Johnson,Candice,Jackson,Gordon
Shepherd,Andrea,Thagard,Cheyanna,Shepherd,Zachary
Morin,Tarik,Clifford,Lizette,Morin,Alexis
Resnik,Cierra,Collins,Paola,Resnik,Rene
Cox,Phillip,Graveline,Iris,Cox,Stewart
Crippen,Chloie,Cooper,Lucia,Crippen,Stewart
Franklin,Soren,Wheelock,Giovanna,Franklin,Caden
McDivitt,Rikki,Collins,Brieanna,McDivitt,Braden
Carpenter,Francisco,Hire,Joyce,Carpenter,Raphael
Chiao,Vivian,Chiao,Katy,Chiao,Billy
Evans,Kurt,Irwin,Giselle,Evans,Jayson
Covey,Emmalee,Peterson,Leanna,Covey,Alfredo
Truman,Tate,Walz,Aylssa,Truman,Albert
Mullane,Alice,Fabian,Armani,Mullane,Steven
Haise,Keith,Swanson,Jodie,Haise,Kellen
Hoffman,Liana,Carey,Katrina,Hoffman,Luke
Melroy,Westley,Schweickart,Rikki,Melroy,Noel
Melroy,Maura,Schweickart,Rikki,Melroy,Noel
Melroy,Josie,Schweickart,Rikki,Melroy,Noel
Melroy,Brigitte,Schweickart,Rikki,Melroy,Noel
Melroy,Aleksandr,Schweickart,Rikki,Melroy,Noel
Melroy,Mattie,Schweickart,Rikki,Melroy,Noel
Melroy,Baby,Schweickart,Rikki,Melroy,Noel
Melroy,Mara,Schweickart,Rikki,Melroy,Noel
Melroy,Nick,Schweickart,Rikki,Melroy,Noel
Melroy,Itati,Schweickart,Rikki,Melroy,Noel
Melroy,Gene,Schweickart,Rikki,Melroy,Noel
Melroy,Kelsee,Schweickart,Rikki,Melroy,Noel
Melroy,Quintyn,Schweickart,Rikki,Melroy,Noel
Adamson,Sharae,Precour,Melinda,Adamson,Andy
Melroy,Braxton,Schweickart,Rikki,Melroy,Noel
Adamson,Alexandria,Precour,Melinda,Adamson,Andy
Melroy,Seamus,Schweickart,Rikki,Melroy,Noel
Adamson,Destini,Precour,Melinda,Adamson,Andy
Melroy,Gavin,Schweickart,Rikki,Melroy,Noel
Adamson,Julie,Precour,Melinda,Adamson,Andy
Adamson,Angelo,Precour,Melinda,Adamson,Andy
Adamson,Hailey,Precour,Melinda,Adamson,Andy
Adamson,Guy,Precour,Melinda,Adamson,Andy
Adamson,Maritza,Precour,Melinda,Adamson,Andy
Adamson,Chaim,Precour,Melinda,Adamson,Andy
Adamson,Sally,Precour,Melinda,Adamson,Andy
Adamson,Humberto,Precour,Melinda,Adamson,Andy
Richards,Brenda,Beering,Odalys,Richards,Alfonso
Adamson,Maliki,Precour,Melinda,Adamson,Andy
Richards,Linda,Beering,Odalys,Richards,Alfonso
Adamson,Felipe,Precour,Melinda,Adamson,Andy
Richards,Summer,Beering,Odalys,Richards,Alfonso
Richards,Rex,Beering,Odalys,Richards,Alfonso
Richards,Joselyn,Beering,Odalys,Richards,Alfonso
Richards,Kylan,Beering,Odalys,Richards,Alfonso
Richards,Arielle,Beering,Odalys,Richards,Alfonso
Richards,Beau,Beering,Odalys,Richards,Alfonso
Fullerton,Micayla,Cunningham,Jaquana,Fullerton,Keanu
Richards,Jabari,Beering,Odalys,Richards,Alfonso
Fullerton,Tiyanna,Cunningham,Jaquana,Fullerton,Keanu
Fullerton,Abraham,Cunningham,Jaquana,Fullerton,Keanu
Fullerton,Jailene,Cunningham,Jaquana,Fullerton,Keanu
Fullerton,Tanner,Cunningham,Jaquana,Fullerton,Keanu
Monroe,Annemarie,Grant,Chloe,Monroe,Glenn
Fullerton,Freddy,Cunningham,Jaquana,Fullerton,Keanu
Monroe,Aleisha,Grant,Chloe,Monroe,Glenn
Fullerton,Cole,Cunningham,Jaquana,Fullerton,Keanu
Monroe,Aja,Grant,Chloe,Monroe,Glenn
Fullerton,Lucas,Cunningham,Jaquana,Fullerton,Keanu
Monroe,Maritza,Grant,Chloe,Monroe,Glenn
Fullerton,Russell,Cunningham,Jaquana,Fullerton,Keanu
Monroe,Kelli,Grant,Chloe,Monroe,Glenn
Monroe,Bronson,Grant,Chloe,Monroe,Glenn
Monroe,Queen,Grant,Chloe,Monroe,Glenn
Monroe,Leonard,Grant,Chloe,Monroe,Glenn
Grinch,Joyce,Tani,Chyanne,Grinch,Gannon
Monroe,Denzell,Grant,Chloe,Monroe,Glenn
Grinch,Symone,Tani,Chyanne,Grinch,Gannon
Monroe,Jean,Grant,Chloe,Monroe,Glenn
Grinch,Jamiya,Tani,Chyanne,Grinch,Gannon
Monroe,Xzavier,Grant,Chloe,Monroe,Glenn
Grinch,Keanna,Tani,Chyanne,Grinch,Gannon
Monroe,Alonzo,Grant,Chloe,Monroe,Glenn
Grinch,Emma,Tani,Chyanne,Grinch,Gannon
Monroe,Justyn,Grant,Chloe,Monroe,Glenn
Grinch,Kristi,Tani,Chyanne,Grinch,Gannon
Monroe,Randall,Grant,Chloe,Monroe,Glenn
Grinch,Constance,Tani,Chyanne,Grinch,Gannon
Monroe,Jaleel,Grant,Chloe,Monroe,Glenn
Shriver,Shyanne,Carter,Mikhaila,Shriver,Mitchel
Monroe,Kayle,Grant,Chloe,Monroe,Glenn
Shriver,Kayleigh,Carter,Mikhaila,Shriver,Mitchel
Monroe,Justice,Grant,Chloe,Monroe,Glenn
Shriver,Joelle,Carter,Mikhaila,Shriver,Mitchel
Grinch,Ivan,Tani,Chyanne,Grinch,Gannon
Shriver,Holland,Carter,Mikhaila,Shriver,Mitchel
Grinch,Efrain,Tani,Chyanne,Grinch,Gannon
Shriver,Vianey,Carter,Mikhaila,Shriver,Mitchel
Grinch,Taylor,Tani,Chyanne,Grinch,Gannon
Shriver,Jameisha,Carter,Mikhaila,Shriver,Mitchel
Grinch,Samson,Tani,Chyanne,Grinch,Gannon
Shriver,Sage,Carter,Mikhaila,Shriver,Mitchel
Grinch,Garett,Tani,Chyanne,Grinch,Gannon
Shriver,Karen,Carter,Mikhaila,Shriver,Mitchel
Grinch,Jameson,Tani,Chyanne,Grinch,Gannon
Shriver,Mileena,Carter,Mikhaila,Shriver,Mitchel
Grinch,Joel,Tani,Chyanne,Grinch,Gannon
Shriver,Kerry,Carter,Mikhaila,Shriver,Mitchel
Grinch,Lane,Tani,Chyanne,Grinch,Gannon
Jackson,Natalia,Shepherd,Andrea,Jackson,Alan
Shriver,Shmuel,Carter,Mikhaila,Shriver,Mitchel
Jackson,Jesslyn,Shepherd,Andrea,Jackson,Alan
Shriver,Henry,Carter,Mikhaila,Shriver,Mitchel
Jackson,Latoya,Shepherd,Andrea,Jackson,Alan
Shriver,James,Carter,Mikhaila,Shriver,Mitchel
Jackson,Nathalia,Shepherd,Andrea,Jackson,Alan
Shriver,Chad,Carter,Mikhaila,Shriver,Mitchel
Jackson,Casie,Shepherd,Andrea,Jackson,Alan
Shriver,Ryland,Carter,Mikhaila,Shriver,Mitchel
Jackson,Yuki,Shepherd,Andrea,Jackson,Alan
Jackson,Hayes,Shepherd,Andrea,Jackson,Alan
Jackson,Courteney,Shepherd,Andrea,Jackson,Alan
Jackson,Antavius,Shepherd,Andrea,Jackson,Alan
Jackson,Shanice,Shepherd,Andrea,Jackson,Alan
Jackson,Billy,Shepherd,Andrea,Jackson,Alan
Jackson,Antonia,Shepherd,Andrea,Jackson,Alan
Jackson,Chaz,Shepherd,Andrea,Jackson,Alan
Morin,Ixchel,Resnik,Cierra,Morin,Tarik
Jackson,Levi,Shepherd,Andrea,Jackson,Alan
Cox,Rocio,Crippen,Chloie,Cox,Phillip
Jackson,Darrell,Shepherd,Andrea,Jackson,Alan
Cox,Aubrie,Crippen,Chloie,Cox,Phillip
Morin,Derick,Resnik,Cierra,Morin,Tarik
Cox,India,Crippen,Chloie,Cox,Phillip
Morin,Talon,Resnik,Cierra,Morin,Tarik
Cox,Geneva,Crippen,Chloie,Cox,Phillip
Morin,Tristen,Resnik,Cierra,Morin,Tarik
Cox,Josey,Crippen,Chloie,Cox,Phillip
Morin,Colton,Resnik,Cierra,Morin,Tarik
Franklin,Kaytlyn,McDivitt,Rikki,Franklin,Soren
Morin,Jamison,Resnik,Cierra,Morin,Tarik
Franklin,Kendall,McDivitt,Rikki,Franklin,Soren
Morin,Damien,Resnik,Cierra,Morin,Tarik
Franklin,Karen,McDivitt,Rikki,Franklin,Soren
Cox,Tristan,Crippen,Chloie,Cox,Phillip
Franklin,Jamiya,McDivitt,Rikki,Franklin,Soren
Cox,Brice,Crippen,Chloie,Cox,Phillip
Franklin,Shiann,McDivitt,Rikki,Franklin,Soren
Cox,Jerome,Crippen,Chloie,Cox,Phillip
Carpenter,Makayla,Chiao,Vivian,Carpenter,Francisco
Cox,Kevin,Crippen,Chloie,Cox,Phillip
Carpenter,Daniela,Chiao,Vivian,Carpenter,Francisco
Franklin,Issac,McDivitt,Rikki,Franklin,Soren
Carpenter,Casey,Chiao,Vivian,Carpenter,Francisco
Carpenter,Fred,Chiao,Vivian,Carpenter,Francisco
Carpenter,Annalisa,Chiao,Vivian,Carpenter,Francisco
Carpenter,Osvaldo,Chiao,Vivian,Carpenter,Francisco
Carpenter,Laquisha,Chiao,Vivian,Carpenter,Francisco
Carpenter,Rudy,Chiao,Vivian,Carpenter,Francisco
Carpenter,Anisha,Chiao,Vivian,Carpenter,Francisco
Carpenter,Walker,Chiao,Vivian,Carpenter,Francisco
Carpenter,Jeanette,Chiao,Vivian,Carpenter,Francisco
Carpenter,Juancarlos,Chiao,Vivian,Carpenter,Francisco
Carpenter,Brigitte,Chiao,Vivian,Carpenter,Francisco
Carpenter,Zachariah,Chiao,Vivian,Carpenter,Francisco
Carpenter,Halee,Chiao,Vivian,Carpenter,Francisco
Carpenter,Tayler,Chiao,Vivian,Carpenter,Francisco
Carpenter,Sarina,Chiao,Vivian,Carpenter,Francisco
Carpenter,Luciano,Chiao,Vivian,Carpenter,Francisco
Evans,Melinda,Covey,Emmalee,Evans,Kurt
Carpenter,Oren,Chiao,Vivian,Carpenter,Francisco
Evans,Liza,Covey,Emmalee,Evans,Kurt
Carpenter,Denzell,Chiao,Vivian,Carpenter,Francisco
Evans,Karissa,Covey,Emmalee,Evans,Kurt
Evans,Shayne,Covey,Emmalee,Evans,Kurt
Evans,Alisia,Covey,Emmalee,Evans,Kurt
Evans,Ever,Covey,Emmalee,Evans,Kurt
Evans,Carson,Covey,Emmalee,Evans,Kurt
Evans,Devaughn,Covey,Emmalee,Evans,Kurt
Evans,Shiann,Covey,Emmalee,Evans,Kurt
Evans,Tyler,Covey,Emmalee,Evans,Kurt
Evans,Angelica,Covey,Emmalee,Evans,Kurt
Evans,Shaquille,Covey,Emmalee,Evans,Kurt
Evans,Robin,Covey,Emmalee,Evans,Kurt
Evans,Chandler,Covey,Emmalee,Evans,Kurt
Evans,Jaymie,Covey,Emmalee,Evans,Kurt
Evans,Wilfredo,Covey,Emmalee,Evans,Kurt
Evans,Stacey,Covey,Emmalee,Evans,Kurt
Evans,Carter,Covey,Emmalee,Evans,Kurt
Evans,Lacey,Covey,Emmalee,Evans,Kurt
Truman,Chance,Mullane,Alice,Truman,Tate
Truman,Sunny,Mullane,Alice,Truman,Tate
Truman,Taylor,Mullane,Alice,Truman,Tate
Truman,Janae,Mullane,Alice,Truman,Tate
Truman,Mitchel,Mullane,Alice,Truman,Tate
Truman,Grace,Mullane,Alice,Truman,Tate
Truman,Dyllon,Mullane,Alice,Truman,Tate
Truman,Asia,Mullane,Alice,Truman,Tate
Truman,Moises,Mullane,Alice,Truman,Tate
Truman,Diane,Mullane,Alice,Truman,Tate
Truman,Kamau,Mullane,Alice,Truman,Tate
Truman,Asha,Mullane,Alice,Truman,Tate
Truman,Killian,Mullane,Alice,Truman,Tate
Truman,Logan,Mullane,Alice,Truman,Tate
Truman,Bronson,Mullane,Alice,Truman,Tate
Truman,Sadia,Mullane,Alice,Truman,Tate
Truman,Rashad,Mullane,Alice,Truman,Tate
Truman,Alysia,Mullane,Alice,Truman,Tate
Truman,Ayub,Mullane,Alice,Truman,Tate
Haise,Dania,Hoffman,Liana,Haise,Keith
Truman,Lazaro,Mullane,Alice,Truman,Tate
Haise,Leandra,Hoffman,Liana,Haise,Keith
Haise,Lee,Hoffman,Liana,Haise,Keith
Haise,Eva,Hoffman,Liana,Haise,Keith
Haise,Cody,Hoffman,Liana,Haise,Keith
Haise,Geraldine,Hoffman,Liana,Haise,Keith
Haise,Edgar,Hoffman,Liana,Haise,Keith
Haise,Monique,Hoffman,Liana,Haise,Keith
Haise,Migel,Hoffman,Liana,Haise,Keith
Haise,Jessenia,Hoffman,Liana,Haise,Keith
Haise,Van,Hoffman,Liana,Haise,Keith
Haise,Quinn,Hoffman,Liana,Haise,Keith
Haise,Landon,Hoffman,Liana,Haise,Keith
Haise,Jennie,Hoffman,Liana,Haise,Keith
Melroy,Savion,Adamson,Sharae,Melroy,Westley
Haise,Kyla,Hoffman,Liana,Haise,Keith
Melroy,Francisco,Adamson,Sharae,Melroy,Westley
Haise,Jaymee,Hoffman,Liana,Haise,Keith
Melroy,Victor,Adamson,Sharae,Melroy,Westley
Melroy,Mercedes,Adamson,Sharae,Melroy,Westley
Melroy,Zackery,Adamson,Sharae,Melroy,Westley
Melroy,Kyana,Adamson,Sharae,Melroy,Westley
Melroy,Jeffery,Adamson,Sharae,Melroy,Westley
Melroy,Bridgett,Adamson,Sharae,Melroy,Westley
Melroy,Alfred,Adamson,Alexandria,Melroy,Josie
Melroy,Cayla,Adamson,Sharae,Melroy,Westley
Melroy,Mathieu,Adamson,Alexandria,Melroy,Josie
Melroy,Lourdes,Adamson,Alexandria,Melroy,Josie
Melroy,Adam,Adamson,Alexandria,Melroy,Josie
Melroy,Clair,Adamson,Destini,Melroy,Aleksandr
Melroy,Ben,Adamson,Alexandria,Melroy,Josie
Melroy,Jena,Adamson,Destini,Melroy,Aleksandr
Melroy,Lukas,Adamson,Alexandria,Melroy,Josie
Melroy,Abigail,Adamson,Destini,Melroy,Aleksandr
Melroy,Skylar,Adamson,Julie,Melroy,Baby
Melroy,Tamera,Adamson,Julie,Melroy,Baby
Melroy,Kerry,Adamson,Julie,Melroy,Baby
Melroy,Loren,Adamson,Julie,Melroy,Baby
Melroy,Royce,Adamson,Julie,Melroy,Baby
Melroy,Rochelle,Adamson,Julie,Melroy,Baby
Melroy,William,Adamson,Julie,Melroy,Baby
Melroy,Presley,Adamson,Hailey,Melroy,Nick
Melroy,Saul,Adamson,Hailey,Melroy,Nick
Melroy,Juliana,Adamson,Hailey,Melroy,Nick
Melroy,Orlando,Adamson,Hailey,Melroy,Nick
Melroy,Keana,Adamson,Hailey,Melroy,Nick
Melroy,Nicolas,Adamson,Hailey,Melroy,Nick
Melroy,Lindsay,Adamson,Hailey,Melroy,Nick
Melroy,Estevan,Adamson,Hailey,Melroy,Nick
Melroy,Justice,Adamson,Hailey,Melroy,Nick
Melroy,Juancarlos,Adamson,Hailey,Melroy,Nick
Melroy,Angela,Adamson,Maritza,Melroy,Gene
Melroy,Johnny,Adamson,Maritza,Melroy,Gene
Melroy,Sheniqua,Adamson,Sally,Melroy,Quintyn
Melroy,Allen,Adamson,Maritza,Melroy,Gene
Melroy,Tyeisha,Adamson,Sally,Melroy,Quintyn
Melroy,Anders,Adamson,Sally,Melroy,Quintyn
Melroy,Eliana,Adamson,Sally,Melroy,Quintyn
Melroy,Trentin,Adamson,Sally,Melroy,Quintyn
Melroy,Harlie,Adamson,Sally,Melroy,Quintyn
Melroy,Shareef,Adamson,Sally,Melroy,Quintyn
Melroy,Estefani,Adamson,Sally,Melroy,Quintyn
Melroy,Francis,Adamson,Sally,Melroy,Quintyn
Melroy,Aireona,Adamson,Sally,Melroy,Quintyn
Melroy,Sidney,Adamson,Sally,Melroy,Quintyn
Melroy,Kayla,Adamson,Sally,Melroy,Quintyn
Melroy,Jalil,Adamson,Sally,Melroy,Quintyn
Melroy,Torrie,Adamson,Sally,Melroy,Quintyn
Melroy,Keeton,Richards,Brenda,Melroy,Braxton
Melroy,Mari,Adamson,Sally,Melroy,Quintyn
Melroy,Julio,Richards,Brenda,Melroy,Braxton
Melroy,Tatyana,Adamson,Sally,Melroy,Quintyn
Melroy,Donovan,Richards,Brenda,Melroy,Braxton
Melroy,Halee,Adamson,Sally,Melroy,Quintyn
Melroy,Migel,Richards,Brenda,Melroy,Braxton
Melroy,Siearra,Adamson,Sally,Melroy,Quintyn
Melroy,Dalton,Richards,Linda,Melroy,Seamus
Melroy,Karyna,Richards,Brenda,Melroy,Braxton
Melroy,Kayvon,Richards,Linda,Melroy,Seamus
Melroy,Jabria,Richards,Brenda,Melroy,Braxton
Melroy,Terrance,Richards,Linda,Melroy,Seamus
Melroy,Maricela,Richards,Brenda,Melroy,Braxton
Melroy,Kevon,Richards,Linda,Melroy,Seamus
Melroy,Lesli,Richards,Brenda,Melroy,Braxton
Melroy,Ismael,Richards,Linda,Melroy,Seamus
Melroy,Marilyn,Richards,Brenda,Melroy,Braxton
Melroy,Daxton,Richards,Linda,Melroy,Seamus
Melroy,Alysha,Richards,Brenda,Melroy,Braxton
Melroy,Braden,Richards,Linda,Melroy,Seamus
Melroy,Marli,Richards,Brenda,Melroy,Braxton
Melroy,Milton,Richards,Linda,Melroy,Seamus
Melroy,Denise,Richards,Brenda,Melroy,Braxton
Melroy,Kolton,Richards,Summer,Melroy,Gavin
Melroy,Nora,Richards,Brenda,Melroy,Braxton
Melroy,Alvin,Richards,Summer,Melroy,Gavin
Melroy,London,Richards,Brenda,Melroy,Braxton
Melroy,Malachi,Richards,Summer,Melroy,Gavin
Melroy,Kelci,Richards,Brenda,Melroy,Braxton
Adamson,Nathan,Melroy,Maura,Adamson,Angelo
Melroy,Mindy,Richards,Linda,Melroy,Seamus
Adamson,Daron,Melroy,Maura,Adamson,Angelo
Melroy,Daesha,Richards,Linda,Melroy,Seamus
Adamson,Benito,Melroy,Maura,Adamson,Angelo
Melroy,Karissa,Richards,Summer,Melroy,Gavin
Adamson,Liam,Melroy,Maura,Adamson,Angelo
Melroy,Shea,Richards,Summer,Melroy,Gavin
Adamson,Shawn,Melroy,Maura,Adamson,Angelo
Melroy,Kamri,Richards,Summer,Melroy,Gavin
Adamson,Barrett,Melroy,Maura,Adamson,Angelo
Melroy,Jessika,Richards,Summer,Melroy,Gavin
Adamson,Gilberto,Melroy,Maura,Adamson,Angelo
Melroy,Miranda,Richards,Summer,Melroy,Gavin
Adamson,Fred,Melroy,Maura,Adamson,Angelo
Melroy,Regina,Richards,Summer,Melroy,Gavin
Adamson,Grant,Melroy,Maura,Adamson,Angelo
Adamson,Caitriona,Melroy,Maura,Adamson,Angelo
Adamson,Chris,Melroy,Maura,Adamson,Angelo
Adamson,Jami,Melroy,Maura,Adamson,Angelo
Adamson,Mohamad,Melroy,Maura,Adamson,Angelo
Adamson,Loren,Melroy,Maura,Adamson,Angelo
Adamson,Terry,Melroy,Maura,Adamson,Angelo
Adamson,Jacquelyn,Melroy,Maura,Adamson,Angelo
Adamson,Olivier,Melroy,Maura,Adamson,Angelo
Adamson,Brook,Melroy,Maura,Adamson,Angelo
Adamson,Davin,Melroy,Maura,Adamson,Angelo
Adamson,Danielle,Melroy,Brigitte,Adamson,Guy
Adamson,Caleb,Melroy,Brigitte,Adamson,Guy
Adamson,Jayla,Melroy,Brigitte,Adamson,Guy
Adamson,Callum,Melroy,Brigitte,Adamson,Guy
Adamson,Michel,Melroy,Brigitte,Adamson,Guy
Adamson,Terrence,Melroy,Brigitte,Adamson,Guy
Adamson,Anahi,Melroy,Brigitte,Adamson,Guy
Adamson,Noah,Melroy,Brigitte,Adamson,Guy
Adamson,Dandrea,Melroy,Brigitte,Adamson,Guy
Adamson,Guadalupe,Melroy,Brigitte,Adamson,Guy
Adamson,Sara,Melroy,Mattie,Adamson,Chaim
Adamson,Rasheed,Melroy,Brigitte,Adamson,Guy
Adamson,Esmeralda,Melroy,Mattie,Adamson,Chaim
Adamson,Jaylen,Melroy,Mattie,Adamson,Chaim
Adamson,Dakota,Melroy,Mattie,Adamson,Chaim
Adamson,Braden,Melroy,Mattie,Adamson,Chaim
Adamson,Ladaysha,Melroy,Mattie,Adamson,Chaim
Adamson,Alfredo,Melroy,Mattie,Adamson,Chaim
Adamson,Haylie,Melroy,Mara,Adamson,Humberto
Adamson,Kevon,Melroy,Mattie,Adamson,Chaim
Adamson,Kaydee,Melroy,Mara,Adamson,Humberto
Adamson,Deanthony,Melroy,Mara,Adamson,Humberto
Adamson,Dasia,Melroy,Mara,Adamson,Humberto
Adamson,Addison,Melroy,Mara,Adamson,Humberto
Adamson,Ebone,Melroy,Mara,Adamson,Humberto
Adamson,Brice,Melroy,Mara,Adamson,Humberto
Adamson,Regan,Melroy,Mara,Adamson,Humberto
Adamson,Migel,Melroy,Mara,Adamson,Humberto
Adamson,Alisia,Melroy,Mara,Adamson,Humberto
Adamson,Brennon,Melroy,Mara,Adamson,Humberto
Adamson,Jamie,Melroy,Itati,Adamson,Maliki
Adamson,Ishmael,Melroy,Mara,Adamson,Humberto
Adamson,Arianna,Melroy,Itati,Adamson,Maliki
Adamson,Darian,Melroy,Mara,Adamson,Humberto
Adamson,Halee,Melroy,Itati,Adamson,Maliki
Adamson,Ricardo,Melroy,Mara,Adamson,Humberto
Adamson,Zulema,Melroy,Itati,Adamson,Maliki
Adamson,Rolando,Melroy,Mara,Adamson,Humberto
Adamson,Desiree,Melroy,Kelsee,Adamson,Felipe
Adamson,Denver,Melroy,Mara,Adamson,Humberto
Adamson,Genna,Melroy,Kelsee,Adamson,Felipe
Adamson,Armando,Melroy,Mara,Adamson,Humberto
Adamson,Annie,Melroy,Kelsee,Adamson,Felipe
Adamson,Rafael,Melroy,Mara,Adamson,Humberto
Adamson,Keara,Melroy,Kelsee,Adamson,Felipe
Adamson,Bo,Melroy,Mara,Adamson,Humberto
Adamson,Amelia,Melroy,Kelsee,Adamson,Felipe
Adamson,Francis,Melroy,Itati,Adamson,Maliki
Adamson,Christy,Melroy,Kelsee,Adamson,Felipe
Adamson,Orlando,Melroy,Itati,Adamson,Maliki
Adamson,Margarita,Melroy,Kelsee,Adamson,Felipe
Adamson,Mickey,Melroy,Itati,Adamson,Maliki
Adamson,Kelsi,Melroy,Kelsee,Adamson,Felipe
Adamson,Shelby,Melroy,Itati,Adamson,Maliki
Richards,Eva,Fullerton,Micayla,Richards,Rex
Adamson,Spenser,Melroy,Kelsee,Adamson,Felipe
Richards,Holli,Fullerton,Micayla,Richards,Rex
Adamson,Alberto,Melroy,Kelsee,Adamson,Felipe
Richards,Shanique,Fullerton,Micayla,Richards,Rex
Adamson,Yovani,Melroy,Kelsee,Adamson,Felipe
Richards,Katelin,Fullerton,Micayla,Richards,Rex
Adamson,Kylan,Melroy,Kelsee,Adamson,Felipe
Richards,Debbie,Fullerton,Tiyanna,Richards,Kylan
Adamson,Bryant,Melroy,Kelsee,Adamson,Felipe
Richards,Hannah,Fullerton,Tiyanna,Richards,Kylan
Adamson,Trace,Melroy,Kelsee,Adamson,Felipe
Richards,Nyla,Fullerton,Tiyanna,Richards,Kylan
Adamson,Yakov,Melroy,Kelsee,Adamson,Felipe
Richards,Kara,Fullerton,Jailene,Richards,Beau
Adamson,Winston,Melroy,Kelsee,Adamson,Felipe
Richards,Dylan,Fullerton,Jailene,Richards,Beau
Adamson,Marques,Melroy,Kelsee,Adamson,Felipe
Richards,Lilly,Fullerton,Jailene,Richards,Beau
Adamson,Deonte,Melroy,Kelsee,Adamson,Felipe
Richards,Sylvia,Fullerton,Jailene,Richards,Beau
Richards,Fred,Fullerton,Micayla,Richards,Rex
Richards,Kiana,Fullerton,Jailene,Richards,Beau
Richards,Deion,Fullerton,Micayla,Richards,Rex
Richards,Mollie,Monroe,Annemarie,Richards,Jabari
Richards,Jevon,Fullerton,Micayla,Richards,Rex
Richards,Tiyanna,Monroe,Annemarie,Richards,Jabari
Richards,Kelton,Fullerton,Micayla,Richards,Rex
Richards,Micaela,Monroe,Annemarie,Richards,Jabari
Richards,Skyler,Fullerton,Micayla,Richards,Rex
Richards,Emilee,Monroe,Annemarie,Richards,Jabari
Richards,Stephon,Fullerton,Micayla,Richards,Rex
Richards,Katelyn,Monroe,Annemarie,Richards,Jabari
Richards,Dyllon,Fullerton,Micayla,Richards,Rex
Richards,Jennah,Monroe,Annemarie,Richards,Jabari
Richards,Junior,Fullerton,Micayla,Richards,Rex
Fullerton,Larissa,Richards,Joselyn,Fullerton,Abraham
Richards,Shemar,Fullerton,Tiyanna,Richards,Kylan
Fullerton,Chanel,Richards,Joselyn,Fullerton,Abraham
Richards,Cruz,Fullerton,Tiyanna,Richards,Kylan
Fullerton,Elissa,Richards,Joselyn,Fullerton,Abraham
Richards,Brad,Fullerton,Tiyanna,Richards,Kylan
Fullerton,Carrie,Richards,Joselyn,Fullerton,Abraham
Richards,Kaleb,Fullerton,Tiyanna,Richards,Kylan
Fullerton,Mona,Richards,Joselyn,Fullerton,Abraham
Richards,Jerryd,Fullerton,Tiyanna,Richards,Kylan
Fullerton,Alisha,Richards,Joselyn,Fullerton,Abraham
Richards,Diondre,Fullerton,Tiyanna,Richards,Kylan
Fullerton,Mikala,Richards,Joselyn,Fullerton,Abraham
Richards,Chandler,Fullerton,Tiyanna,Richards,Kylan
Fullerton,Jennie,Richards,Arielle,Fullerton,Tanner
Richards,Ever,Fullerton,Jailene,Richards,Beau
Fullerton,Devin,Monroe,Aleisha,Fullerton,Freddy
Richards,Mathew,Fullerton,Jailene,Richards,Beau
Fullerton,Haleigh,Monroe,Aleisha,Fullerton,Freddy
Richards,Christian,Fullerton,Jailene,Richards,Beau
Fullerton,Stephany,Monroe,Aleisha,Fullerton,Freddy
Richards,Greyson,Fullerton,Jailene,Richards,Beau
Fullerton,Chantelle,Monroe,Aleisha,Fullerton,Freddy
Richards,Carlos,Monroe,Annemarie,Richards,Jabari
Fullerton,Nicolette,Monroe,Aleisha,Fullerton,Freddy
Richards,Dangelo,Monroe,Annemarie,Richards,Jabari
Fullerton,Porsha,Monroe,Aleisha,Fullerton,Freddy
Richards,Wilfredo,Monroe,Annemarie,Richards,Jabari
Fullerton,Tiera,Monroe,Aleisha,Fullerton,Freddy
Richards,Kieran,Monroe,Annemarie,Richards,Jabari
Fullerton,Sylvia,Monroe,Aleisha,Fullerton,Freddy
Richards,Noel,Monroe,Annemarie,Richards,Jabari
Fullerton,Sally,Monroe,Aja,Fullerton,Cole
Richards,Donovan,Monroe,Annemarie,Richards,Jabari
Fullerton,Nancy,Monroe,Aja,Fullerton,Cole
Richards,Rey,Monroe,Annemarie,Richards,Jabari
Fullerton,Ruby,Monroe,Maritza,Fullerton,Lucas
Fullerton,Rafael,Richards,Joselyn,Fullerton,Abraham
Fullerton,Devyn,Monroe,Maritza,Fullerton,Lucas
Fullerton,Jerome,Richards,Joselyn,Fullerton,Abraham
Fullerton,Breona,Monroe,Kelli,Fullerton,Russell
Fullerton,Carl,Richards,Joselyn,Fullerton,Abraham
Fullerton,Chelsea,Monroe,Kelli,Fullerton,Russell
Fullerton,Michael,Richards,Joselyn,Fullerton,Abraham
Monroe,Makenzie,Grinch,Joyce,Monroe,Bronson
Fullerton,Thomas,Richards,Joselyn,Fullerton,Abraham
Monroe,Deondra,Grinch,Joyce,Monroe,Bronson
Fullerton,Bill,Richards,Joselyn,Fullerton,Abraham
Monroe,Nicolle,Grinch,Joyce,Monroe,Bronson
Fullerton,Kendall,Richards,Arielle,Fullerton,Tanner
Monroe,Anne,Grinch,Joyce,Monroe,Bronson
Fullerton,Kelsey,Richards,Arielle,Fullerton,Tanner
Monroe,Kirstie,Grinch,Joyce,Monroe,Bronson
Fullerton,Rowan,Monroe,Aleisha,Fullerton,Freddy
Monroe,Dina,Grinch,Joyce,Monroe,Bronson
Fullerton,Deandre,Monroe,Aleisha,Fullerton,Freddy
Monroe,Mattea,Grinch,Joyce,Monroe,Bronson
Fullerton,German,Monroe,Aleisha,Fullerton,Freddy
Monroe,Isabelle,Grinch,Joyce,Monroe,Bronson
Fullerton,Bennett,Monroe,Aleisha,Fullerton,Freddy
Monroe,Jaden,Grinch,Joyce,Monroe,Bronson
Fullerton,Soren,Monroe,Aleisha,Fullerton,Freddy
Monroe,Jenae,Grinch,Joyce,Monroe,Bronson
Fullerton,Alec,Monroe,Aleisha,Fullerton,Freddy
Monroe,Sage,Grinch,Joyce,Monroe,Bronson
Fullerton,Curtis,Monroe,Aleisha,Fullerton,Freddy
Monroe,Leandra,Grinch,Symone,Monroe,Leonard
Fullerton,Dana,Monroe,Aleisha,Fullerton,Freddy
Monroe,Asha,Grinch,Symone,Monroe,Leonard
Fullerton,Trace,Monroe,Aleisha,Fullerton,Freddy
Monroe,Adrianne,Grinch,Symone,Monroe,Leonard
Fullerton,Brian,Monroe,Aja,Fullerton,Cole
Monroe,Cara,Grinch,Symone,Monroe,Leonard
Fullerton,Cristopher,Monroe,Aja,Fullerton,Cole
Monroe,Stormy,Grinch,Symone,Monroe,Leonard
Fullerton,Tristin,Monroe,Aja,Fullerton,Cole
Monroe,Liz,Grinch,Symone,Monroe,Leonard
Fullerton,Lloyd,Monroe,Aja,Fullerton,Cole
Monroe,Sally,Grinch,Symone,Monroe,Leonard
Fullerton,Ronald,Monroe,Aja,Fullerton,Cole
Monroe,Luna,Grinch,Jamiya,Monroe,Denzell
Fullerton,Montana,Monroe,Aja,Fullerton,Cole
Monroe,Joi,Grinch,Jamiya,Monroe,Denzell
Fullerton,Maverick,Monroe,Aja,Fullerton,Cole
Monroe,Lucia,Grinch,Jamiya,Monroe,Denzell
Fullerton,Skylar,Monroe,Aja,Fullerton,Cole
Monroe,Benita,Grinch,Jamiya,Monroe,Denzell
Fullerton,Jamie,Monroe,Aja,Fullerton,Cole
Monroe,Destinee,Grinch,Jamiya,Monroe,Denzell
Fullerton,Blaine,Monroe,Aja,Fullerton,Cole
Monroe,Mckayla,Grinch,Jamiya,Monroe,Denzell
Fullerton,Mathieu,Monroe,Aja,Fullerton,Cole
Monroe,Delanie,Grinch,Jamiya,Monroe,Denzell
Fullerton,Jordan,Monroe,Maritza,Fullerton,Lucas
Monroe,Sienna,Grinch,Jamiya,Monroe,Denzell
Fullerton,Ted,Monroe,Maritza,Fullerton,Lucas
Monroe,Claudia,Grinch,Jamiya,Monroe,Denzell
Fullerton,Leonel,Monroe,Maritza,Fullerton,Lucas
Monroe,Dylan,Grinch,Jamiya,Monroe,Denzell
Fullerton,Gunner,Monroe,Kelli,Fullerton,Russell
Monroe,Ashly,Grinch,Jamiya,Monroe,Denzell
Monroe,Jovan,Grinch,Joyce,Monroe,Bronson
Monroe,Yvette,Grinch,Keanna,Monroe,Jean
Monroe,Elijah,Grinch,Joyce,Monroe,Bronson
Monroe,Iman,Grinch,Keanna,Monroe,Jean
Monroe,Braxton,Grinch,Joyce,Monroe,Bronson
Monroe,Jaclyn,Grinch,Emma,Monroe,Xzavier
Monroe,Landen,Grinch,Joyce,Monroe,Bronson
Monroe,Jeffrey,Grinch,Emma,Monroe,Xzavier
Monroe,Davis,Grinch,Joyce,Monroe,Bronson
Monroe,Katelynn,Grinch,Emma,Monroe,Xzavier
Monroe,Emiliano,Grinch,Joyce,Monroe,Bronson
Monroe,Hanna,Grinch,Emma,Monroe,Xzavier
Monroe,Gunnar,Grinch,Joyce,Monroe,Bronson
Monroe,Farrah,Grinch,Emma,Monroe,Xzavier
Monroe,Keon,Grinch,Joyce,Monroe,Bronson
Monroe,Lauryn,Grinch,Emma,Monroe,Xzavier
Monroe,Allen,Grinch,Symone,Monroe,Leonard
Monroe,Nichelle,Grinch,Kristi,Monroe,Alonzo
Monroe,Jayden,Grinch,Symone,Monroe,Leonard
Monroe,Joleen,Grinch,Kristi,Monroe,Alonzo
Monroe,Sebastian,Grinch,Symone,Monroe,Leonard
Monroe,Ayanna,Grinch,Kristi,Monroe,Alonzo
Monroe,Donte,Grinch,Symone,Monroe,Leonard
Monroe,Kaela,Grinch,Kristi,Monroe,Alonzo
Monroe,Austyn,Grinch,Symone,Monroe,Leonard
Monroe,Jaycee,Grinch,Kristi,Monroe,Alonzo
Monroe,Morgan,Grinch,Symone,Monroe,Leonard
Monroe,Joyce,Grinch,Kristi,Monroe,Alonzo
Monroe,Dwayne,Grinch,Symone,Monroe,Leonard
Monroe,Leanna,Grinch,Kristi,Monroe,Alonzo
Monroe,Darren,Grinch,Symone,Monroe,Leonard
Monroe,Alessandra,Grinch,Kristi,Monroe,Alonzo
Monroe,Skylar,Grinch,Jamiya,Monroe,Denzell
Monroe,Alondra,Grinch,Kristi,Monroe,Alonzo
Monroe,Salvador,Grinch,Jamiya,Monroe,Denzell
Monroe,Margaret,Grinch,Constance,Monroe,Justyn
Monroe,Kirkland,Grinch,Jamiya,Monroe,Denzell
Monroe,Jayla,Grinch,Constance,Monroe,Justyn
Monroe,Trevon,Grinch,Jamiya,Monroe,Denzell
Monroe,Kylee,Grinch,Constance,Monroe,Justyn
Monroe,Angel,Grinch,Jamiya,Monroe,Denzell
Monroe,Macie,Grinch,Constance,Monroe,Justyn
Monroe,Austin,Grinch,Keanna,Monroe,Jean
Monroe,Sarahi,Grinch,Constance,Monroe,Justyn
Monroe,Maurice,Grinch,Keanna,Monroe,Jean
Monroe,Merideth,Grinch,Constance,Monroe,Justyn
Monroe,Neal,Grinch,Keanna,Monroe,Jean
Monroe,Zahra,Shriver,Shyanne,Monroe,Randall
Monroe,Weston,Grinch,Emma,Monroe,Xzavier
Monroe,Anamarie,Shriver,Shyanne,Monroe,Randall
Monroe,Oren,Grinch,Emma,Monroe,Xzavier
Monroe,Aubrie,Shriver,Shyanne,Monroe,Randall
Monroe,Anthony,Grinch,Emma,Monroe,Xzavier
Monroe,Tatyana,Shriver,Shyanne,Monroe,Randall
Monroe,Mason,Grinch,Emma,Monroe,Xzavier
Monroe,Simone,Shriver,Shyanne,Monroe,Randall
Monroe,Paris,Grinch,Emma,Monroe,Xzavier
Monroe,Ida,Shriver,Shyanne,Monroe,Randall
Monroe,Chaz,Grinch,Emma,Monroe,Xzavier
Monroe,Angelina,Shriver,Shyanne,Monroe,Randall
Monroe,Andy,Grinch,Emma,Monroe,Xzavier
Monroe,Keosha,Shriver,Kayleigh,Monroe,Jaleel
Monroe,Jevin,Grinch,Kristi,Monroe,Alonzo
Monroe,Kelcee,Shriver,Kayleigh,Monroe,Jaleel
Monroe,Jalil,Grinch,Kristi,Monroe,Alonzo
Monroe,Divya,Shriver,Kayleigh,Monroe,Jaleel
Monroe,Hayden,Grinch,Kristi,Monroe,Alonzo
Monroe,Rebeca,Shriver,Kayleigh,Monroe,Jaleel
Monroe,Noah,Grinch,Kristi,Monroe,Alonzo
Monroe,Carrie,Shriver,Kayleigh,Monroe,Jaleel
Monroe,Zakery,Grinch,Kristi,Monroe,Alonzo
Monroe,Tynia,Shriver,Kayleigh,Monroe,Jaleel
Monroe,Jarred,Grinch,Kristi,Monroe,Alonzo
Monroe,Carolyn,Shriver,Kayleigh,Monroe,Jaleel
Monroe,Shawn,Grinch,Kristi,Monroe,Alonzo
Monroe,Marissa,Shriver,Kayleigh,Monroe,Jaleel
Monroe,Garrick,Grinch,Kristi,Monroe,Alonzo
Monroe,Georgia,Shriver,Kayleigh,Monroe,Jaleel
Monroe,Ladarius,Grinch,Kristi,Monroe,Alonzo
Monroe,Cecilia,Shriver,Kayleigh,Monroe,Jaleel
Monroe,Arthur,Grinch,Kristi,Monroe,Alonzo
Monroe,Denise,Shriver,Kayleigh,Monroe,Jaleel
Monroe,Draven,Grinch,Constance,Monroe,Justyn
Monroe,Aleah,Shriver,Kayleigh,Monroe,Jaleel
Monroe,Marielle,Grinch,Constance,Monroe,Justyn
Monroe,Danica,Shriver,Joelle,Monroe,Kayle
Monroe,Johnny,Grinch,Constance,Monroe,Justyn
Monroe,Emily,Shriver,Joelle,Monroe,Kayle
Monroe,Shaun,Grinch,Constance,Monroe,Justyn
Monroe,Kenyetta,Shriver,Holland,Monroe,Justice
Monroe,Soren,Grinch,Constance,Monroe,Justyn
Monroe,Evelin,Shriver,Holland,Monroe,Justice
Monroe,Armani,Grinch,Constance,Monroe,Justyn
Monroe,Aubree,Shriver,Holland,Monroe,Justice
Monroe,Demarco,Grinch,Constance,Monroe,Justyn
Monroe,Maegen,Shriver,Holland,Monroe,Justice
Monroe,Kory,Shriver,Shyanne,Monroe,Randall
Monroe,Rita,Shriver,Holland,Monroe,Justice
Monroe,Sammie,Shriver,Shyanne,Monroe,Randall
Grinch,Mariela,Monroe,Queen,Grinch,Ivan
Monroe,Kristopher,Shriver,Shyanne,Monroe,Randall
Grinch,Courtney,Monroe,Queen,Grinch,Ivan
Monroe,Ian,Shriver,Shyanne,Monroe,Randall
Grinch,Alana,Monroe,Queen,Grinch,Ivan
Monroe,Preston,Shriver,Shyanne,Monroe,Randall
Grinch,Gloria,Shriver,Vianey,Grinch,Efrain
Monroe,Osvaldo,Shriver,Shyanne,Monroe,Randall
Grinch,Jania,Shriver,Vianey,Grinch,Efrain
Monroe,Ivan,Shriver,Shyanne,Monroe,Randall
Grinch,Allyssa,Shriver,Vianey,Grinch,Efrain
Monroe,Harrison,Shriver,Shyanne,Monroe,Randall
Grinch,Mckinzie,Shriver,Vianey,Grinch,Efrain
Monroe,Marcos,Shriver,Shyanne,Monroe,Randall
Grinch,Bailey,Shriver,Vianey,Grinch,Efrain
Monroe,Cristian,Shriver,Kayleigh,Monroe,Jaleel
Grinch,Ciarra,Shriver,Vianey,Grinch,Efrain
Monroe,Craig,Shriver,Kayleigh,Monroe,Jaleel
Grinch,Kelci,Shriver,Vianey,Grinch,Efrain
Monroe,Markell,Shriver,Kayleigh,Monroe,Jaleel
Grinch,Cassandra,Shriver,Vianey,Grinch,Efrain
Monroe,Eddie,Shriver,Kayleigh,Monroe,Jaleel
Grinch,Micaela,Shriver,Vianey,Grinch,Efrain
Monroe,Deleon,Shriver,Kayleigh,Monroe,Jaleel
Grinch,Gretchen,Shriver,Vianey,Grinch,Efrain
Monroe,Sebastien,Shriver,Joelle,Monroe,Kayle
Grinch,Miranda,Shriver,Vianey,Grinch,Efrain
Monroe,Everett,Shriver,Joelle,Monroe,Kayle
Grinch,Xochitl,Shriver,Jameisha,Grinch,Taylor
Monroe,Todd,Shriver,Holland,Monroe,Justice
Grinch,Donisha,Shriver,Sage,Grinch,Samson
Monroe,Diamond,Shriver,Holland,Monroe,Justice
Grinch,Juanita,Shriver,Sage,Grinch,Samson
Monroe,Brennon,Shriver,Holland,Monroe,Justice
Grinch,Salena,Shriver,Sage,Grinch,Samson
Monroe,Garret,Shriver,Holland,Monroe,Justice
Grinch,Katia,Shriver,Sage,Grinch,Samson
Monroe,Jaime,Shriver,Holland,Monroe,Justice
Grinch,Melanie,Shriver,Karen,Grinch,Garett
Monroe,Roger,Shriver,Holland,Monroe,Justice
Grinch,Lisette,Shriver,Karen,Grinch,Garett
Monroe,Grayson,Shriver,Holland,Monroe,Justice
Grinch,Leana,Shriver,Karen,Grinch,Garett
Monroe,Rudy,Shriver,Holland,Monroe,Justice
Grinch,Makena,Shriver,Karen,Grinch,Garett
Melroy,Bret,Morgan,Lauren,Schweickart,Davin,Boilermaker
Grinch,Zachary,Monroe,Queen,Grinch,Ivan
Grinch,Kyndra,Shriver,Karen,Grinch,Garett
Grinch,Lukas,Monroe,Queen,Grinch,Ivan
Grinch,Toni,Shriver,Mileena,Grinch,Jameson
Grinch,Bret,Monroe,Queen,Grinch,Ivan
Grinch,Baily,Shriver,Mileena,Grinch,Jameson
Grinch,Mariano,Monroe,Queen,Grinch,Ivan
Grinch,Laurel,Shriver,Mileena,Grinch,Jameson
Grinch,Rigoberto,Shriver,Vianey,Grinch,Efrain
Grinch,Breanne,Shriver,Mileena,Grinch,Jameson
Grinch,Don,Shriver,Vianey,Grinch,Efrain
Grinch,Arielle,Shriver,Mileena,Grinch,Jameson
Grinch,Jace,Shriver,Vianey,Grinch,Efrain
Grinch,Kylie,Shriver,Mileena,Grinch,Jameson
Grinch,Dequan,Shriver,Vianey,Grinch,Efrain
Grinch,Chyanne,Shriver,Mileena,Grinch,Jameson
Grinch,Harold,Shriver,Vianey,Grinch,Efrain
Grinch,Keyshla,Shriver,Mileena,Grinch,Jameson
Grinch,Ronnie,Shriver,Vianey,Grinch,Efrain
Grinch,Callan,Shriver,Mileena,Grinch,Jameson
Grinch,Russell,Shriver,Vianey,Grinch,Efrain
Grinch,Liz,Shriver,Mileena,Grinch,Jameson
Grinch,Ricardo,Shriver,Vianey,Grinch,Efrain
Grinch,Maribel,Shriver,Mileena,Grinch,Jameson
Grinch,Hashim,Shriver,Jameisha,Grinch,Taylor
Grinch,Shamaria,Shriver,Mileena,Grinch,Jameson
Grinch,Eugene,Shriver,Jameisha,Grinch,Taylor
Grinch,Deondra,Shriver,Mileena,Grinch,Jameson
Grinch,Dustin,Shriver,Jameisha,Grinch,Taylor
Grinch,Tara,Shriver,Mileena,Grinch,Jameson
Grinch,Deric,Shriver,Jameisha,Grinch,Taylor
Grinch,Diane,Shriver,Kerry,Grinch,Joel
Grinch,Jaylin,Shriver,Jameisha,Grinch,Taylor
Grinch,Shoshana,Shriver,Kerry,Grinch,Joel
Grinch,Gavin,Shriver,Jameisha,Grinch,Taylor
Grinch,Victoria,Shriver,Kerry,Grinch,Joel
Grinch,Jordan,Shriver,Jameisha,Grinch,Taylor
Grinch,Siearra,Shriver,Kerry,Grinch,Joel
Grinch,Eberardo,Shriver,Jameisha,Grinch,Taylor
Grinch,Kaycee,Shriver,Kerry,Grinch,Joel
Grinch,Raekwon,Shriver,Jameisha,Grinch,Taylor
Grinch,Eileen,Shriver,Kerry,Grinch,Joel
Grinch,Kahlil,Shriver,Sage,Grinch,Samson
Grinch,Lesley,Shriver,Kerry,Grinch,Joel
Grinch,Jonathon,Shriver,Karen,Grinch,Garett
Grinch,Nakia,Shriver,Kerry,Grinch,Joel
Grinch,Darnell,Shriver,Karen,Grinch,Garett
Grinch,Destinee,Shriver,Kerry,Grinch,Joel
Grinch,Tarik,Shriver,Karen,Grinch,Garett
Grinch,Rebecca,Jackson,Natalia,Grinch,Lane
Grinch,Gustavo,Shriver,Karen,Grinch,Garett
Grinch,Ciera,Jackson,Natalia,Grinch,Lane
Grinch,Kenneth,Shriver,Karen,Grinch,Garett
Grinch,Karli,Jackson,Natalia,Grinch,Lane
Grinch,Alejandro,Shriver,Karen,Grinch,Garett
Shriver,Ashley,Jackson,Latoya,Shriver,Henry
Grinch,Alvin,Shriver,Karen,Grinch,Garett
Shriver,Emiley,Jackson,Latoya,Shriver,Henry
Grinch,Malik,Shriver,Karen,Grinch,Garett
Shriver,Milena,Jackson,Latoya,Shriver,Henry
Grinch,Asa,Shriver,Karen,Grinch,Garett
Shriver,Aireona,Jackson,Latoya,Shriver,Henry
Grinch,Daniel,Shriver,Karen,Grinch,Garett
Shriver,Deja,Jackson,Latoya,Shriver,Henry
Grinch,Jaleel,Shriver,Karen,Grinch,Garett
Shriver,Carmela,Jackson,Latoya,Shriver,Henry
Grinch,Darryl,Shriver,Karen,Grinch,Garett
Shriver,Genesis,Jackson,Latoya,Shriver,Henry
Grinch,Terrell,Shriver,Karen,Grinch,Garett
Shriver,Julianna,Jackson,Latoya,Shriver,Henry
Grinch,Dandre,Shriver,Mileena,Grinch,Jameson
Shriver,Kaydee,Jackson,Nathalia,Shriver,James
Grinch,Zachariah,Shriver,Mileena,Grinch,Jameson
Shriver,Chanelle,Jackson,Nathalia,Shriver,James
Grinch,Chaim,Shriver,Mileena,Grinch,Jameson
Shriver,Donisha,Jackson,Nathalia,Shriver,James
Grinch,Lorenzo,Shriver,Mileena,Grinch,Jameson
Shriver,Dorothy,Jackson,Nathalia,Shriver,James
Grinch,Marquise,Shriver,Mileena,Grinch,Jameson
Shriver,Dakota,Jackson,Nathalia,Shriver,James
Grinch,Yovani,Shriver,Mileena,Grinch,Jameson
Shriver,Myra,Jackson,Nathalia,Shriver,James
Grinch,Ervin,Shriver,Kerry,Grinch,Joel
Shriver,Sara,Jackson,Nathalia,Shriver,James
Grinch,Mario,Shriver,Kerry,Grinch,Joel
Shriver,Kelli,Jackson,Casie,Shriver,Chad
Grinch,Henry,Shriver,Kerry,Grinch,Joel
Shriver,Giovanna,Jackson,Casie,Shriver,Chad
Grinch,Ayub,Shriver,Kerry,Grinch,Joel
Shriver,Lesley,Jackson,Casie,Shriver,Chad
Grinch,Brodie,Shriver,Kerry,Grinch,Joel
Shriver,Cheyenne,Jackson,Casie,Shriver,Chad
Grinch,Tylar,Shriver,Kerry,Grinch,Joel
Shriver,Clair,Jackson,Casie,Shriver,Chad
Grinch,Guillermo,Shriver,Kerry,Grinch,Joel
Shriver,Selina,Jackson,Casie,Shriver,Chad
Grinch,Simeon,Shriver,Kerry,Grinch,Joel
Shriver,Breona,Jackson,Casie,Shriver,Chad
Grinch,Cade,Shriver,Kerry,Grinch,Joel
Shriver,Arlene,Jackson,Casie,Shriver,Chad
Grinch,Dashane,Shriver,Kerry,Grinch,Joel
Shriver,Allana,Jackson,Casie,Shriver,Chad
Grinch,Deanthony,Jackson,Natalia,Grinch,Lane
Shriver,Alejandra,Jackson,Casie,Shriver,Chad
Grinch,Devan,Jackson,Natalia,Grinch,Lane
Shriver,Tanya,Jackson,Casie,Shriver,Chad
Grinch,Donald,Jackson,Natalia,Grinch,Lane
Shriver,Kalsie,Jackson,Casie,Shriver,Chad
Grinch,Richie,Jackson,Natalia,Grinch,Lane
Shriver,Emilee,Jackson,Yuki,Shriver,Ryland
Grinch,Byron,Jackson,Natalia,Grinch,Lane
Shriver,Tonya,Jackson,Yuki,Shriver,Ryland
Shriver,Gabriel,Jackson,Jesslyn,Shriver,Shmuel
Shriver,Regina,Jackson,Yuki,Shriver,Ryland
Shriver,Izaiah,Jackson,Jesslyn,Shriver,Shmuel
Shriver,Makayla,Jackson,Yuki,Shriver,Ryland
Shriver,Amari,Jackson,Jesslyn,Shriver,Shmuel
Shriver,Camille,Jackson,Yuki,Shriver,Ryland
Shriver,Shamar,Jackson,Latoya,Shriver,Henry
Shriver,Tatianna,Jackson,Yuki,Shriver,Ryland
Shriver,Dequan,Jackson,Latoya,Shriver,Henry
Shriver,Krystal,Jackson,Yuki,Shriver,Ryland
Shriver,Drew,Jackson,Latoya,Shriver,Henry
Jackson,Hallie,Morin,Ixchel,Jackson,Hayes
Shriver,Tony,Jackson,Latoya,Shriver,Henry
Jackson,Benita,Morin,Ixchel,Jackson,Hayes
Shriver,Aleksandr,Jackson,Latoya,Shriver,Henry
Jackson,Kandice,Morin,Ixchel,Jackson,Hayes
Shriver,Pierce,Jackson,Latoya,Shriver,Henry
Jackson,Joelle,Morin,Ixchel,Jackson,Hayes
Shriver,Bo,Jackson,Latoya,Shriver,Henry
Jackson,Amari,Cox,Rocio,Jackson,Antavius
Shriver,Remington,Jackson,Nathalia,Shriver,James
Jackson,Violet,Cox,Rocio,Jackson,Antavius
Shriver,Rory,Jackson,Nathalia,Shriver,James
Jackson,Irene,Cox,Rocio,Jackson,Antavius
Shriver,Dennis,Jackson,Nathalia,Shriver,James
Jackson,Roxana,Cox,Rocio,Jackson,Antavius
Shriver,Andreas,Jackson,Nathalia,Shriver,James
Jackson,Passion,Cox,Rocio,Jackson,Antavius
Shriver,Addison,Jackson,Nathalia,Shriver,James
Jackson,Makayla,Cox,Rocio,Jackson,Antavius
Shriver,Kevin,Jackson,Nathalia,Shriver,James
Jackson,Miracle,Cox,Aubrie,Jackson,Billy
Shriver,Jovan,Jackson,Casie,Shriver,Chad
Jackson,Lila,Cox,Aubrie,Jackson,Billy
Shriver,Eberardo,Jackson,Casie,Shriver,Chad
Jackson,Rosalinda,Cox,Aubrie,Jackson,Billy
Shriver,Peyton,Jackson,Casie,Shriver,Chad
Jackson,Gabriel,Cox,Aubrie,Jackson,Billy
Shriver,Theodore,Jackson,Casie,Shriver,Chad
Jackson,Destiana,Cox,India,Jackson,Chaz
Shriver,Bill,Jackson,Casie,Shriver,Chad
Jackson,Yahaira,Cox,India,Jackson,Chaz
Shriver,Cristobal,Jackson,Yuki,Shriver,Ryland
Jackson,Sinai,Cox,India,Jackson,Chaz
Shriver,Jesse,Jackson,Yuki,Shriver,Ryland
Jackson,Banesa,Cox,India,Jackson,Chaz
Shriver,Jeff,Jackson,Yuki,Shriver,Ryland
Jackson,Aubrie,Cox,India,Jackson,Chaz
Jackson,Adan,Morin,Ixchel,Jackson,Hayes
Jackson,Jasmin,Cox,India,Jackson,Chaz
Jackson,Kristian,Morin,Ixchel,Jackson,Hayes
Jackson,Chantel,Cox,Geneva,Jackson,Levi
Jackson,Jashua,Morin,Ixchel,Jackson,Hayes
Jackson,Anamarie,Cox,Geneva,Jackson,Levi
Jackson,Liam,Morin,Ixchel,Jackson,Hayes
Jackson,Jeanette,Cox,Geneva,Jackson,Levi
Jackson,Damien,Morin,Ixchel,Jackson,Hayes
Jackson,Kasandra,Cox,Geneva,Jackson,Levi
Jackson,Samson,Morin,Ixchel,Jackson,Hayes
Jackson,Veda,Cox,Geneva,Jackson,Levi
Jackson,Marlon,Cox,Rocio,Jackson,Antavius
Jackson,Kaitlynn,Cox,Josey,Jackson,Darrell
Jackson,Devonte,Cox,Rocio,Jackson,Antavius
Jackson,Chelsie,Cox,Josey,Jackson,Darrell
Jackson,San,Cox,Rocio,Jackson,Antavius
Morin,Maritza,Jackson,Courteney,Morin,Derick
Jackson,Santos,Cox,Aubrie,Jackson,Billy
Morin,Marilyn,Jackson,Courteney,Morin,Derick
Jackson,Vincent,Cox,Aubrie,Jackson,Billy
Morin,Cheyann,Jackson,Courteney,Morin,Derick
Jackson,Manuel,Cox,Aubrie,Jackson,Billy
Morin,Maia,Jackson,Courteney,Morin,Derick
Jackson,Dayton,Cox,Aubrie,Jackson,Billy
Morin,Lilibeth,Jackson,Courteney,Morin,Derick
Jackson,Angel,Cox,Aubrie,Jackson,Billy
Morin,Yolanda,Jackson,Courteney,Morin,Derick
Jackson,Grady,Cox,India,Jackson,Chaz
Morin,Justice,Jackson,Shanice,Morin,Talon
Jackson,Aleksandr,Cox,India,Jackson,Chaz
Morin,Marysol,Jackson,Shanice,Morin,Talon
Jackson,Brayden,Cox,India,Jackson,Chaz
Morin,Tabitha,Jackson,Shanice,Morin,Talon
Jackson,Nickolas,Cox,India,Jackson,Chaz
Morin,Charlene,Jackson,Shanice,Morin,Talon
Jackson,Mitchel,Cox,India,Jackson,Chaz
Morin,Joleen,Jackson,Shanice,Morin,Talon
Jackson,Lance,Cox,India,Jackson,Chaz
Morin,Alexandria,Jackson,Shanice,Morin,Talon
Jackson,Randall,Cox,India,Jackson,Chaz
Morin,Charity,Jackson,Antonia,Morin,Tristen
Jackson,Khalid,Cox,Geneva,Jackson,Levi
Morin,Maegen,Jackson,Antonia,Morin,Tristen
Jackson,Dan,Cox,Geneva,Jackson,Levi
Morin,Chastity,Jackson,Antonia,Morin,Tristen
Jackson,Leonard,Cox,Josey,Jackson,Darrell
Morin,Courteney,Jackson,Antonia,Morin,Tristen
Morin,Romello,Jackson,Courteney,Morin,Derick
Morin,Annette,Jackson,Antonia,Morin,Tristen
Morin,Cristopher,Jackson,Courteney,Morin,Derick
Morin,Maire,Jackson,Antonia,Morin,Tristen
Morin,Yobani,Jackson,Courteney,Morin,Derick
Morin,Michel,Jackson,Antonia,Morin,Tristen
Morin,Micah,Jackson,Courteney,Morin,Derick
Morin,Tory,Jackson,Antonia,Morin,Tristen
Morin,Jasen,Jackson,Courteney,Morin,Derick
Morin,Linda,Franklin,Kaytlyn,Morin,Colton
Morin,Donte,Jackson,Courteney,Morin,Derick
Morin,Paulina,Franklin,Kaytlyn,Morin,Colton
Morin,Jade,Jackson,Courteney,Morin,Derick
Morin,Emma,Franklin,Kaytlyn,Morin,Colton
Morin,Emerson,Jackson,Courteney,Morin,Derick
Morin,Devon,Franklin,Kaytlyn,Morin,Colton
Morin,Gerald,Jackson,Courteney,Morin,Derick
Morin,Luz,Franklin,Kaytlyn,Morin,Colton
Morin,Silas,Jackson,Shanice,Morin,Talon
Morin,Kalee,Franklin,Kendall,Morin,Jamison
Morin,Shlomo,Jackson,Shanice,Morin,Talon
Morin,Madeleine,Franklin,Kendall,Morin,Jamison
Morin,Xavier,Jackson,Shanice,Morin,Talon
Morin,Michal,Franklin,Kendall,Morin,Jamison
Morin,Elijah,Jackson,Shanice,Morin,Talon
Morin,Myra,Franklin,Kendall,Morin,Jamison
Morin,Hayes,Jackson,Shanice,Morin,Talon
Morin,Carli,Franklin,Kendall,Morin,Jamison
Morin,Rayquan,Jackson,Shanice,Morin,Talon
Morin,Bridgette,Franklin,Kendall,Morin,Jamison
Morin,Bobby,Jackson,Shanice,Morin,Talon
Morin,Anthony,Franklin,Kendall,Morin,Jamison
Morin,Francis,Jackson,Shanice,Morin,Talon
Morin,Yessica,Franklin,Kendall,Morin,Jamison
Morin,Warren,Jackson,Shanice,Morin,Talon
Morin,Alisia,Franklin,Kendall,Morin,Jamison
Morin,Shamar,Jackson,Shanice,Morin,Talon
Morin,Gabrielle,Franklin,Kendall,Morin,Jamison
Morin,Buford,Jackson,Antonia,Morin,Tristen
Morin,Alysia,Franklin,Kendall,Morin,Jamison
Morin,Henry,Jackson,Antonia,Morin,Tristen
Morin,Kaina,Franklin,Kendall,Morin,Jamison
Morin,Wilmer,Jackson,Antonia,Morin,Tristen
Morin,Symone,Franklin,Karen,Morin,Damien
Morin,Jeffrey,Jackson,Antonia,Morin,Tristen
Morin,Miranda,Franklin,Karen,Morin,Damien
Morin,Raequan,Jackson,Antonia,Morin,Tristen
Morin,Esmeralda,Franklin,Karen,Morin,Damien
Morin,Darren,Jackson,Antonia,Morin,Tristen
Morin,Chelsea,Franklin,Karen,Morin,Damien
