Gemar,Clinton,Jones,Saige,Gemar,Britton
Davis,Katharine,Richards,Francisca,Davis,Mauricio
Polk,Marcus,Cleave,Haven,Polk,Giovanni
Wolf,Kaya,Frick,Michele,Wolf,Roman
McMonagle,Hassan,Linnehan,Keisha,McMonagle,Korey
Eisele,Anamaria,Haise,Lucy,Eisele,Mickey
Hart,Thaddeus,Shriver,Marcela,Hart,Lauren
Walz,Kenia,Collins,Ivy,Walz,Tyren
Lu,Kerry,Caldeiro,Lakendra,Lu,Garrett
Schmitt,Glenda,Gutierrez,Kerry,Schmitt,Abraham
Schweickart,Levi,Schweickart,Madeline,Schweickart,Lionel
Forrester,Sherry,Hire,Blaine,Forrester,Marcus
Henize,Domenic,Lind,Evelyn,Henize,Damian
Pffaff,Ann,Brandenstein,Leah,Pffaff,Anthony
Slayton,Emiliano,Duke,Catherine,Slayton,Westley
Irwin,Esther,Gordon,Whitney,Irwin,Johnathen
Schmitt,Jairus,Patrick,Montana,Schmitt,Branden
Pffaff,Susana,Veach,Ashlie,Pffaff,Darren
Wetherbee,Johnathen,Lucid,Octavia,Wetherbee,Brian
Hilmers,Emmalee,Clifford,Symone,Hilmers,Jerome
Hart,Luciano,Weber,Shayna,Hart,Lloyd
Whitson,Hunter,Reightler,Chrystal,Whitson,Nigel
Wisoff,Joseph,Schmitt,Ciera,Wisoff,Philip
White,Lyndsey,Chiao,Adriana,White,Gustavo
Johnson,Juan,Henize,Pamela,Johnson,Tysheem
Gemar,Amy,Davis,Katharine,Gemar,Clinton
Fincke,Callum,Voss,Nathalie,Fincke,Conrad
Gemar,Jazmyn,Davis,Katharine,Gemar,Clinton
Hire,Colin,Bursch,Selina,Hire,Landen
Gemar,Sarah,Davis,Katharine,Gemar,Clinton
Bowersox,Stephen,Linnehan,Daniella,Bowersox,Trevon
Gemar,Margarita,Davis,Katharine,Gemar,Clinton
Caldwell,Gilberto,Noriega,Camisha,Caldwell,Romello
Gemar,Sariah,Davis,Katharine,Gemar,Clinton
Carter,Howard,Hobaugh,Emilee,Carter,Toby
Polk,Bree,Wolf,Kaya,Polk,Marcus
Gemar,Sedrick,Davis,Katharine,Gemar,Clinton
Polk,Karlee,Wolf,Kaya,Polk,Marcus
Gemar,Victor,Davis,Katharine,Gemar,Clinton
Polk,Minna,Wolf,Kaya,Polk,Marcus
Gemar,Frederic,Davis,Katharine,Gemar,Clinton
Polk,Alena,Wolf,Kaya,Polk,Marcus
Gemar,Bradly,Davis,Katharine,Gemar,Clinton
McMonagle,Tiffanie,Eisele,Anamaria,McMonagle,Hassan
Polk,Ted,Wolf,Kaya,Polk,Marcus
McMonagle,Karli,Eisele,Anamaria,McMonagle,Hassan
McMonagle,Andre,Eisele,Anamaria,McMonagle,Hassan
McMonagle,Abbigail,Eisele,Anamaria,McMonagle,Hassan
McMonagle,Gerardo,Eisele,Anamaria,McMonagle,Hassan
Hart,Karina,Walz,Kenia,Hart,Thaddeus
McMonagle,Conner,Eisele,Anamaria,McMonagle,Hassan
Hart,Kathleen,Walz,Kenia,Hart,Thaddeus
McMonagle,Rene,Eisele,Anamaria,McMonagle,Hassan
Hart,Rachael,Walz,Kenia,Hart,Thaddeus
McMonagle,Ronnie,Eisele,Anamaria,McMonagle,Hassan
Hart,Sarai,Walz,Kenia,Hart,Thaddeus
McMonagle,Jean,Eisele,Anamaria,McMonagle,Hassan
Hart,Lorena,Walz,Kenia,Hart,Thaddeus
Hart,Nicolas,Walz,Kenia,Hart,Thaddeus
Hart,Katie,Walz,Kenia,Hart,Thaddeus
Hart,Yash,Walz,Kenia,Hart,Thaddeus
Hart,Baylee,Walz,Kenia,Hart,Thaddeus
Hart,Jonathan,Walz,Kenia,Hart,Thaddeus
Hart,Amber,Walz,Kenia,Hart,Thaddeus
Hart,Lazaro,Walz,Kenia,Hart,Thaddeus
Lu,Jania,Schmitt,Glenda,Lu,Kerry
Hart,Alvaro,Walz,Kenia,Hart,Thaddeus
Schweickart,Celina,Forrester,Sherry,Schweickart,Levi
Hart,Preston,Walz,Kenia,Hart,Thaddeus
Schweickart,Kinsey,Forrester,Sherry,Schweickart,Levi
Hart,Shane,Walz,Kenia,Hart,Thaddeus
Schweickart,Viridiana,Forrester,Sherry,Schweickart,Levi
Hart,Bernard,Walz,Kenia,Hart,Thaddeus
Schweickart,Yvette,Forrester,Sherry,Schweickart,Levi
Hart,Elliott,Walz,Kenia,Hart,Thaddeus
Henize,Lilibeth,Pffaff,Ann,Henize,Domenic
Hart,Tobias,Walz,Kenia,Hart,Thaddeus
Henize,Tianna,Pffaff,Ann,Henize,Domenic
Hart,Alvin,Walz,Kenia,Hart,Thaddeus
Henize,Lilian,Pffaff,Ann,Henize,Domenic
Lu,Elliott,Schmitt,Glenda,Lu,Kerry
Henize,Celina,Pffaff,Ann,Henize,Domenic
Lu,Draven,Schmitt,Glenda,Lu,Kerry
Henize,Madelyne,Pffaff,Ann,Henize,Domenic
Lu,Erick,Schmitt,Glenda,Lu,Kerry
Henize,Maxine,Pffaff,Ann,Henize,Domenic
Schweickart,Wilfredo,Forrester,Sherry,Schweickart,Levi
Henize,Connie,Pffaff,Ann,Henize,Domenic
Schweickart,Tristan,Forrester,Sherry,Schweickart,Levi
Henize,Alyssa,Pffaff,Ann,Henize,Domenic
Henize,Colt,Pffaff,Ann,Henize,Domenic
Henize,Sadia,Pffaff,Ann,Henize,Domenic
Henize,Fred,Pffaff,Ann,Henize,Domenic
Henize,Ixchel,Pffaff,Ann,Henize,Domenic
Henize,Perry,Pffaff,Ann,Henize,Domenic
Henize,Yasmeen,Pffaff,Ann,Henize,Domenic
Henize,Bretton,Pffaff,Ann,Henize,Domenic
Henize,Cayla,Pffaff,Ann,Henize,Domenic
Henize,Jevin,Pffaff,Ann,Henize,Domenic
Slayton,Sarah,Irwin,Esther,Slayton,Emiliano
Henize,Reese,Pffaff,Ann,Henize,Domenic
Slayton,Alisia,Irwin,Esther,Slayton,Emiliano
Henize,Geordan,Pffaff,Ann,Henize,Domenic
Slayton,Cassandra,Irwin,Esther,Slayton,Emiliano
Slayton,Kyler,Irwin,Esther,Slayton,Emiliano
Slayton,Natalee,Irwin,Esther,Slayton,Emiliano
Slayton,Arjun,Irwin,Esther,Slayton,Emiliano
Slayton,Sarahi,Irwin,Esther,Slayton,Emiliano
Slayton,Olivier,Irwin,Esther,Slayton,Emiliano
Slayton,Maegan,Irwin,Esther,Slayton,Emiliano
Slayton,Ruben,Irwin,Esther,Slayton,Emiliano
Slayton,Annalie,Irwin,Esther,Slayton,Emiliano
Slayton,Andres,Irwin,Esther,Slayton,Emiliano
Slayton,Precious,Irwin,Esther,Slayton,Emiliano
Slayton,Stephan,Irwin,Esther,Slayton,Emiliano
Slayton,Giovanna,Irwin,Esther,Slayton,Emiliano
Slayton,Willie,Irwin,Esther,Slayton,Emiliano
Slayton,Jayda,Irwin,Esther,Slayton,Emiliano
Slayton,Sebastian,Irwin,Esther,Slayton,Emiliano
Slayton,Felicia,Irwin,Esther,Slayton,Emiliano
Schmitt,Julio,Pffaff,Susana,Schmitt,Jairus
Slayton,Johanna,Irwin,Esther,Slayton,Emiliano
Schmitt,Tyreek,Pffaff,Susana,Schmitt,Jairus
Schmitt,Gabrielle,Pffaff,Susana,Schmitt,Jairus
Wetherbee,Mitchell,Hilmers,Emmalee,Wetherbee,Johnathen
Schmitt,Ashtyn,Pffaff,Susana,Schmitt,Jairus
Wetherbee,Terry,Hilmers,Emmalee,Wetherbee,Johnathen
Wetherbee,Kiana,Hilmers,Emmalee,Wetherbee,Johnathen
Wetherbee,Braxton,Hilmers,Emmalee,Wetherbee,Johnathen
Wetherbee,Lizette,Hilmers,Emmalee,Wetherbee,Johnathen
Hart,Philip,Whitson,Hunter,Hart,Luciano
Wetherbee,Tara,Hilmers,Emmalee,Wetherbee,Johnathen
Wisoff,Michael,White,Lyndsey,Wisoff,Joseph
Wetherbee,Kaytlyn,Hilmers,Emmalee,Wetherbee,Johnathen
Wisoff,Montel,White,Lyndsey,Wisoff,Joseph
Wetherbee,Sarafina,Hilmers,Emmalee,Wetherbee,Johnathen
Wisoff,Bryan,White,Lyndsey,Wisoff,Joseph
Wetherbee,Zoee,Hilmers,Emmalee,Wetherbee,Johnathen
Wisoff,Nico,White,Lyndsey,Wisoff,Joseph
Wetherbee,Jenniffer,Hilmers,Emmalee,Wetherbee,Johnathen
Wisoff,Moshe,White,Lyndsey,Wisoff,Joseph
Wetherbee,Marlen,Hilmers,Emmalee,Wetherbee,Johnathen
Wisoff,Denzel,White,Lyndsey,Wisoff,Joseph
Wetherbee,Marelyn,Hilmers,Emmalee,Wetherbee,Johnathen
Wisoff,Trae,White,Lyndsey,Wisoff,Joseph
Hart,Aja,Whitson,Hunter,Hart,Luciano
Wisoff,Kevon,White,Lyndsey,Wisoff,Joseph
Hart,Kenyatta,Whitson,Hunter,Hart,Luciano
Wisoff,Erin,White,Lyndsey,Wisoff,Joseph
Hart,Jhane,Whitson,Hunter,Hart,Luciano
Wisoff,Mckay,White,Lyndsey,Wisoff,Joseph
Wisoff,Joanne,White,Lyndsey,Wisoff,Joseph
Johnson,Benjamen,Gemar,Amy,Johnson,Juan
Wisoff,Deborah,White,Lyndsey,Wisoff,Joseph
Johnson,Keion,Gemar,Amy,Johnson,Juan
Johnson,Cherokee,Gemar,Amy,Johnson,Juan
Johnson,Kelson,Gemar,Amy,Johnson,Juan
Johnson,Emilee,Gemar,Amy,Johnson,Juan
Johnson,Raekwon,Gemar,Amy,Johnson,Juan
Johnson,Ashly,Gemar,Amy,Johnson,Juan
Johnson,Bennett,Gemar,Amy,Johnson,Juan
Johnson,Rochelle,Gemar,Amy,Johnson,Juan
Johnson,Stanley,Gemar,Amy,Johnson,Juan
Johnson,Kaytlyn,Gemar,Amy,Johnson,Juan
Johnson,Morgan,Gemar,Amy,Johnson,Juan
Johnson,Makayla,Gemar,Amy,Johnson,Juan
Fincke,Jarod,Gemar,Jazmyn,Fincke,Callum
Johnson,Magdalena,Gemar,Amy,Johnson,Juan
Fincke,Sahil,Gemar,Jazmyn,Fincke,Callum
Johnson,Stacey,Gemar,Amy,Johnson,Juan
Fincke,Bradlee,Gemar,Jazmyn,Fincke,Callum
Johnson,Tess,Gemar,Amy,Johnson,Juan
Fincke,Trentin,Gemar,Jazmyn,Fincke,Callum
Johnson,Jaycie,Gemar,Amy,Johnson,Juan
Fincke,Kristofer,Gemar,Jazmyn,Fincke,Callum
Johnson,Meaghan,Gemar,Amy,Johnson,Juan
Fincke,Jon,Gemar,Jazmyn,Fincke,Callum
Johnson,Lara,Gemar,Amy,Johnson,Juan
Fincke,Josie,Gemar,Jazmyn,Fincke,Callum
Johnson,Joleen,Gemar,Amy,Johnson,Juan
Fincke,Owen,Gemar,Jazmyn,Fincke,Callum
Fincke,Daisy,Gemar,Jazmyn,Fincke,Callum
Fincke,Brad,Gemar,Jazmyn,Fincke,Callum
Fincke,Kinsey,Gemar,Jazmyn,Fincke,Callum
Fincke,Richard,Gemar,Jazmyn,Fincke,Callum
Fincke,Suleyma,Gemar,Jazmyn,Fincke,Callum
Fincke,Jordan,Gemar,Jazmyn,Fincke,Callum
Fincke,Jewel,Gemar,Jazmyn,Fincke,Callum
Fincke,Jerome,Gemar,Jazmyn,Fincke,Callum
Fincke,Octavia,Gemar,Jazmyn,Fincke,Callum
Hire,Leland,Gemar,Sarah,Hire,Colin
Fincke,Anahi,Gemar,Jazmyn,Fincke,Callum
Bowersox,Alfonso,Gemar,Margarita,Bowersox,Stephen
Hire,Kathleen,Gemar,Sarah,Hire,Colin
Bowersox,Anthony,Gemar,Margarita,Bowersox,Stephen
Hire,Measia,Gemar,Sarah,Hire,Colin
Bowersox,Hashim,Gemar,Margarita,Bowersox,Stephen
Hire,Madilyn,Gemar,Sarah,Hire,Colin
Caldwell,Jevin,Gemar,Sariah,Caldwell,Gilberto
Bowersox,Karen,Gemar,Margarita,Bowersox,Stephen
Caldwell,Garrison,Gemar,Sariah,Caldwell,Gilberto
Bowersox,Laura,Gemar,Margarita,Bowersox,Stephen
Caldwell,Samuel,Gemar,Sariah,Caldwell,Gilberto
Bowersox,Zoi,Gemar,Margarita,Bowersox,Stephen
Caldwell,Estevan,Gemar,Sariah,Caldwell,Gilberto
Caldwell,Lianna,Gemar,Sariah,Caldwell,Gilberto
Caldwell,Willis,Gemar,Sariah,Caldwell,Gilberto
Caldwell,Flor,Gemar,Sariah,Caldwell,Gilberto
Caldwell,Kaden,Gemar,Sariah,Caldwell,Gilberto
Caldwell,Anastasia,Gemar,Sariah,Caldwell,Gilberto
Caldwell,Reginald,Gemar,Sariah,Caldwell,Gilberto
Caldwell,Katy,Gemar,Sariah,Caldwell,Gilberto
Caldwell,Weston,Gemar,Sariah,Caldwell,Gilberto
Caldwell,Deisy,Gemar,Sariah,Caldwell,Gilberto
Caldwell,Kahlil,Gemar,Sariah,Caldwell,Gilberto
Caldwell,Itzel,Gemar,Sariah,Caldwell,Gilberto
Carter,Corey,Polk,Bree,Carter,Howard
Caldwell,Trisha,Gemar,Sariah,Caldwell,Gilberto
Gemar,Osvaldo,Polk,Karlee,Gemar,Sedrick
Caldwell,Ansley,Gemar,Sariah,Caldwell,Gilberto
Gemar,Anfernee,Polk,Minna,Gemar,Victor
Caldwell,Katherine,Gemar,Sariah,Caldwell,Gilberto
Gemar,Junior,Polk,Minna,Gemar,Victor
Caldwell,Kailee,Gemar,Sariah,Caldwell,Gilberto
Gemar,Jairo,Polk,Minna,Gemar,Victor
Caldwell,Lesley,Gemar,Sariah,Caldwell,Gilberto
Gemar,Yovani,Polk,Minna,Gemar,Victor
Carter,Justice,Polk,Bree,Carter,Howard
Davis,Mauricio,Richards,Francisca,Gemar,Britton,Boilermaker
Gemar,Campbell,Polk,Alena,Gemar,Frederic
Carter,Kayley,Polk,Bree,Carter,Howard
Gemar,Thaddeus,Polk,Alena,Gemar,Frederic
Carter,Alysia,Polk,Bree,Carter,Howard
Gemar,Brennan,Polk,Alena,Gemar,Frederic
Gemar,Angela,Polk,Karlee,Gemar,Sedrick
Gemar,Jovan,McMonagle,Tiffanie,Gemar,Bradly
Gemar,Tiara,Polk,Karlee,Gemar,Sedrick
Polk,Kody,McMonagle,Karli,Polk,Ted
Gemar,Robin,Polk,Minna,Gemar,Victor
Polk,Barrett,McMonagle,Karli,Polk,Ted
Gemar,Kayla,Polk,Minna,Gemar,Victor
Polk,Wesley,McMonagle,Karli,Polk,Ted
Gemar,Gilda,Polk,Minna,Gemar,Victor
Polk,Javier,McMonagle,Karli,Polk,Ted
Gemar,Sheridan,Polk,Minna,Gemar,Victor
Polk,Destin,McMonagle,Karli,Polk,Ted
Gemar,Brieanna,Polk,Minna,Gemar,Victor
McMonagle,Alec,Hart,Karina,McMonagle,Andre
Gemar,Estrella,Polk,Minna,Gemar,Victor
McMonagle,Tyren,Hart,Karina,McMonagle,Andre
Gemar,Ladaysha,Polk,Alena,Gemar,Frederic
McMonagle,Chance,Hart,Karina,McMonagle,Andre
Gemar,Meaghan,Polk,Alena,Gemar,Frederic
McMonagle,Franklin,Hart,Karina,McMonagle,Andre
Gemar,Natalya,Polk,Alena,Gemar,Frederic
McMonagle,Jeremy,Hart,Karina,McMonagle,Andre
Gemar,Keila,Polk,Alena,Gemar,Frederic
McMonagle,Lashawn,Hart,Karina,McMonagle,Andre
Gemar,Eva,McMonagle,Tiffanie,Gemar,Bradly
McMonagle,Zaquan,Hart,Karina,McMonagle,Andre
Gemar,Iman,McMonagle,Tiffanie,Gemar,Bradly
McMonagle,Marques,Hart,Karina,McMonagle,Andre
Polk,Imani,McMonagle,Karli,Polk,Ted
McMonagle,Lloyd,Hart,Kathleen,McMonagle,Gerardo
Polk,Maryanna,McMonagle,Karli,Polk,Ted
McMonagle,Juancarlos,Hart,Kathleen,McMonagle,Gerardo
Polk,Darian,McMonagle,Karli,Polk,Ted
McMonagle,Jaylan,Hart,Kathleen,McMonagle,Gerardo
Polk,Mara,McMonagle,Karli,Polk,Ted
McMonagle,Payton,Hart,Rachael,McMonagle,Conner
Polk,Ariel,McMonagle,Karli,Polk,Ted
McMonagle,Kayle,Hart,Rachael,McMonagle,Conner
Polk,Monet,McMonagle,Karli,Polk,Ted
McMonagle,Tobias,Hart,Sarai,McMonagle,Rene
Polk,Kaili,McMonagle,Karli,Polk,Ted
McMonagle,Dillon,Hart,Sarai,McMonagle,Rene
McMonagle,Constance,Hart,Karina,McMonagle,Andre
McMonagle,Clarence,Hart,Sarai,McMonagle,Rene
McMonagle,Essence,Hart,Karina,McMonagle,Andre
McMonagle,Jeffrey,Hart,Lorena,McMonagle,Ronnie
McMonagle,Chynna,Hart,Karina,McMonagle,Andre
McMonagle,Garret,Hart,Lorena,McMonagle,Ronnie
McMonagle,Charlene,Hart,Karina,McMonagle,Andre
McMonagle,Samual,Hart,Lorena,McMonagle,Ronnie
McMonagle,Toni,Hart,Karina,McMonagle,Andre
McMonagle,Griffin,Hart,Katie,McMonagle,Jean
McMonagle,Aleasha,Hart,Karina,McMonagle,Andre
McMonagle,Tallon,Hart,Katie,McMonagle,Jean
McMonagle,Britni,Hart,Karina,McMonagle,Andre
McMonagle,Morgan,Hart,Katie,McMonagle,Jean
McMonagle,Linda,Hart,Kathleen,McMonagle,Gerardo
McMonagle,Brooks,Hart,Katie,McMonagle,Jean
McMonagle,Bertha,Hart,Rachael,McMonagle,Conner
McMonagle,Chaim,Hart,Katie,McMonagle,Jean
McMonagle,Chase,Hart,Rachael,McMonagle,Conner
McMonagle,Hakeem,Hart,Katie,McMonagle,Jean
McMonagle,Imelda,Hart,Rachael,McMonagle,Conner
McMonagle,Kalon,Hart,Katie,McMonagle,Jean
McMonagle,Symone,Hart,Rachael,McMonagle,Conner
Hart,Steve,McMonagle,Abbigail,Hart,Nicolas
McMonagle,Julia,Hart,Rachael,McMonagle,Conner
Hart,Brent,McMonagle,Abbigail,Hart,Nicolas
McMonagle,Alysha,Hart,Rachael,McMonagle,Conner
Hart,Brendan,McMonagle,Abbigail,Hart,Nicolas
McMonagle,Breona,Hart,Rachael,McMonagle,Conner
Hart,Ravon,McMonagle,Abbigail,Hart,Nicolas
McMonagle,Shanise,Hart,Rachael,McMonagle,Conner
Hart,Rigoberto,McMonagle,Abbigail,Hart,Nicolas
McMonagle,Ashley,Hart,Sarai,McMonagle,Rene
Hart,Jerome,McMonagle,Abbigail,Hart,Nicolas
McMonagle,Eden,Hart,Sarai,McMonagle,Rene
Hart,Micheal,Lu,Jania,Hart,Yash
McMonagle,Candace,Hart,Sarai,McMonagle,Rene
Hart,Salvatore,Lu,Jania,Hart,Yash
McMonagle,Elijah,Hart,Sarai,McMonagle,Rene
Hart,Ruben,Lu,Jania,Hart,Yash
McMonagle,Georgia,Hart,Sarai,McMonagle,Rene
Hart,Jalen,Schweickart,Celina,Hart,Jonathan
McMonagle,Darcy,Hart,Lorena,McMonagle,Ronnie
Hart,Braeden,Schweickart,Celina,Hart,Jonathan
McMonagle,Joselyn,Hart,Lorena,McMonagle,Ronnie
Hart,Truman,Schweickart,Celina,Hart,Jonathan
McMonagle,Charlotte,Hart,Lorena,McMonagle,Ronnie
Hart,Sebastien,Schweickart,Celina,Hart,Jonathan
McMonagle,Katheryn,Hart,Lorena,McMonagle,Ronnie
Hart,Demonte,Schweickart,Celina,Hart,Jonathan
McMonagle,London,Hart,Katie,McMonagle,Jean
Hart,Zakery,Schweickart,Celina,Hart,Jonathan
McMonagle,Jasmine,Hart,Katie,McMonagle,Jean
Hart,Rayvon,Schweickart,Kinsey,Hart,Lazaro
McMonagle,Alayna,Hart,Katie,McMonagle,Jean
Hart,Sawyer,Schweickart,Kinsey,Hart,Lazaro
McMonagle,Elsa,Hart,Katie,McMonagle,Jean
Hart,Sergio,Schweickart,Kinsey,Hart,Lazaro
McMonagle,Yvonne,Hart,Katie,McMonagle,Jean
Hart,Gage,Schweickart,Kinsey,Hart,Lazaro
McMonagle,Armani,Hart,Katie,McMonagle,Jean
Hart,Raul,Schweickart,Kinsey,Hart,Lazaro
McMonagle,Alison,Hart,Katie,McMonagle,Jean
Hart,Anders,Schweickart,Kinsey,Hart,Lazaro
McMonagle,Neda,Hart,Katie,McMonagle,Jean
Hart,Maleek,Schweickart,Kinsey,Hart,Lazaro
Hart,Jacquelin,McMonagle,Abbigail,Hart,Nicolas
Hart,Forrest,Schweickart,Kinsey,Hart,Lazaro
Hart,Katy,McMonagle,Abbigail,Hart,Nicolas
Hart,Soren,Schweickart,Kinsey,Hart,Lazaro
Hart,Shaylee,McMonagle,Abbigail,Hart,Nicolas
Hart,Deshawn,Schweickart,Kinsey,Hart,Lazaro
Hart,Stella,McMonagle,Abbigail,Hart,Nicolas
Hart,Westley,Schweickart,Viridiana,Hart,Alvaro
Hart,Macey,McMonagle,Abbigail,Hart,Nicolas
Hart,Valentin,Schweickart,Viridiana,Hart,Alvaro
Hart,Naomi,McMonagle,Abbigail,Hart,Nicolas
Hart,Maxwell,Schweickart,Viridiana,Hart,Alvaro
Hart,Nicole,McMonagle,Abbigail,Hart,Nicolas
Hart,Demarcus,Schweickart,Viridiana,Hart,Alvaro
Hart,Kiera,McMonagle,Abbigail,Hart,Nicolas
Hart,Kai,Schweickart,Viridiana,Hart,Alvaro
Hart,Lexy,McMonagle,Abbigail,Hart,Nicolas
Hart,Kristian,Schweickart,Viridiana,Hart,Alvaro
Hart,Loren,McMonagle,Abbigail,Hart,Nicolas
Hart,Ronnie,Schweickart,Viridiana,Hart,Alvaro
Hart,Laken,Lu,Jania,Hart,Yash
Hart,Killian,Schweickart,Viridiana,Hart,Alvaro
Hart,Yasmine,Schweickart,Celina,Hart,Jonathan
Hart,Keon,Schweickart,Viridiana,Hart,Alvaro
Hart,Joanne,Schweickart,Celina,Hart,Jonathan
Hart,Larry,Schweickart,Yvette,Hart,Preston
Hart,Stefanie,Schweickart,Celina,Hart,Jonathan
Hart,Patrick,Schweickart,Yvette,Hart,Preston
Hart,Terri,Schweickart,Celina,Hart,Jonathan
Hart,Jovon,Schweickart,Yvette,Hart,Preston
Hart,Kristi,Schweickart,Celina,Hart,Jonathan
Hart,Scott,Schweickart,Yvette,Hart,Preston
Hart,Gianna,Schweickart,Celina,Hart,Jonathan
Hart,Caleb,Schweickart,Yvette,Hart,Preston
Hart,Sarahmarie,Schweickart,Kinsey,Hart,Lazaro
Hart,Dante,Schweickart,Yvette,Hart,Preston
Hart,Joleen,Schweickart,Kinsey,Hart,Lazaro
Hart,Coby,Schweickart,Yvette,Hart,Preston
Hart,Caitlan,Schweickart,Kinsey,Hart,Lazaro
Hart,Kegan,Henize,Lilibeth,Hart,Shane
Hart,Ashley,Schweickart,Kinsey,Hart,Lazaro
Hart,Callum,Henize,Lilibeth,Hart,Shane
Hart,Kalsie,Schweickart,Kinsey,Hart,Lazaro
Hart,Eberardo,Henize,Lilibeth,Hart,Shane
Hart,Hannah,Schweickart,Kinsey,Hart,Lazaro
Hart,Shlomo,Henize,Lilibeth,Hart,Shane
Hart,Kaylin,Schweickart,Kinsey,Hart,Lazaro
Hart,Cooper,Henize,Lilibeth,Hart,Shane
Hart,Keanna,Schweickart,Kinsey,Hart,Lazaro
Hart,Garin,Henize,Lilibeth,Hart,Shane
Hart,Sadia,Schweickart,Kinsey,Hart,Lazaro
Hart,Dallas,Henize,Lilibeth,Hart,Shane
Hart,Lyndsey,Schweickart,Viridiana,Hart,Alvaro
Hart,Robert,Henize,Lilibeth,Hart,Shane
Hart,Jade,Schweickart,Viridiana,Hart,Alvaro
Hart,Gilberto,Henize,Lilibeth,Hart,Shane
Hart,Tiera,Schweickart,Viridiana,Hart,Alvaro
Hart,Alec,Henize,Lilibeth,Hart,Shane
Hart,Presley,Schweickart,Viridiana,Hart,Alvaro
Hart,Douglas,Henize,Lilibeth,Hart,Shane
Hart,Kiersten,Schweickart,Viridiana,Hart,Alvaro
Hart,Deonta,Henize,Tianna,Hart,Bernard
Hart,Kirstin,Schweickart,Viridiana,Hart,Alvaro
Hart,Rory,Henize,Tianna,Hart,Bernard
Hart,Kelsie,Schweickart,Viridiana,Hart,Alvaro
Hart,Andrew,Henize,Tianna,Hart,Bernard
Hart,Anja,Schweickart,Viridiana,Hart,Alvaro
Hart,Nicholas,Henize,Tianna,Hart,Bernard
Hart,Deanna,Schweickart,Viridiana,Hart,Alvaro
Hart,Antoine,Henize,Tianna,Hart,Bernard
Hart,Cristina,Schweickart,Yvette,Hart,Preston
Hart,Jerry,Henize,Tianna,Hart,Bernard
Hart,Catherine,Schweickart,Yvette,Hart,Preston
Hart,Moshe,Henize,Lilian,Hart,Elliott
Hart,Tamisha,Schweickart,Yvette,Hart,Preston
Hart,Kayvon,Henize,Lilian,Hart,Elliott
Hart,Viviana,Schweickart,Yvette,Hart,Preston
Hart,Deante,Henize,Lilian,Hart,Elliott
Hart,Tessa,Schweickart,Yvette,Hart,Preston
Hart,Darius,Henize,Lilian,Hart,Elliott
Hart,Allysa,Schweickart,Yvette,Hart,Preston
Hart,Barrett,Henize,Lilian,Hart,Elliott
Hart,Angela,Schweickart,Yvette,Hart,Preston
Hart,Tony,Henize,Lilian,Hart,Elliott
Hart,Yazmin,Schweickart,Yvette,Hart,Preston
Hart,Vincent,Henize,Lilian,Hart,Elliott
Hart,Niki,Schweickart,Yvette,Hart,Preston
Hart,Tayler,Henize,Lilian,Hart,Elliott
Hart,Violet,Henize,Lilibeth,Hart,Shane
Hart,Michal,Henize,Celina,Hart,Tobias
Hart,Genna,Henize,Tianna,Hart,Bernard
Hart,Ethan,Henize,Celina,Hart,Tobias
Hart,Elizabeth,Henize,Tianna,Hart,Bernard
Hart,Johnathen,Henize,Celina,Hart,Tobias
Hart,Diane,Henize,Tianna,Hart,Bernard
Hart,Jawaun,Henize,Celina,Hart,Tobias
Hart,Annette,Henize,Tianna,Hart,Bernard
Hart,Misael,Henize,Celina,Hart,Tobias
Hart,Heidi,Henize,Tianna,Hart,Bernard
Hart,Chandler,Henize,Celina,Hart,Tobias
Hart,Cristal,Henize,Tianna,Hart,Bernard
Hart,Derick,Henize,Celina,Hart,Tobias
Hart,Aubrey,Henize,Tianna,Hart,Bernard
Hart,Jovonte,Henize,Celina,Hart,Tobias
Hart,Heather,Henize,Tianna,Hart,Bernard
Hart,Abraham,Henize,Celina,Hart,Tobias
Hart,Joyce,Henize,Tianna,Hart,Bernard
Hart,Reuben,Henize,Madelyne,Hart,Alvin
Hart,Zulema,Henize,Lilian,Hart,Elliott
Hart,Forest,Henize,Madelyne,Hart,Alvin
Hart,Pamela,Henize,Lilian,Hart,Elliott
Hart,Kenyon,Henize,Madelyne,Hart,Alvin
Hart,Summer,Henize,Lilian,Hart,Elliott
Hart,Cody,Henize,Madelyne,Hart,Alvin
Hart,Fabiola,Henize,Lilian,Hart,Elliott
Hart,Romeo,Henize,Madelyne,Hart,Alvin
Hart,Tatyana,Henize,Lilian,Hart,Elliott
Hart,Khalil,Henize,Madelyne,Hart,Alvin
Hart,Aidan,Henize,Lilian,Hart,Elliott
Hart,Adan,Henize,Madelyne,Hart,Alvin
Hart,Lila,Henize,Lilian,Hart,Elliott
Hart,Nico,Henize,Madelyne,Hart,Alvin
Hart,Yamilex,Henize,Celina,Hart,Tobias
Hart,Zev,Henize,Madelyne,Hart,Alvin
Hart,Emma,Henize,Celina,Hart,Tobias
Hart,Christophe,Henize,Madelyne,Hart,Alvin
Hart,Hailee,Henize,Celina,Hart,Tobias
Hart,Dale,Henize,Madelyne,Hart,Alvin
Hart,Jaime,Henize,Celina,Hart,Tobias
Lu,Carlos,Hart,Baylee,Lu,Elliott
Hart,Allie,Henize,Celina,Hart,Tobias
Lu,Chase,Hart,Baylee,Lu,Elliott
Hart,Camille,Henize,Celina,Hart,Tobias
Lu,Walter,Hart,Baylee,Lu,Elliott
Hart,Xochitl,Henize,Celina,Hart,Tobias
Lu,Oren,Hart,Baylee,Lu,Elliott
Hart,Blake,Henize,Celina,Hart,Tobias
Lu,Saul,Hart,Baylee,Lu,Elliott
Hart,Gerardo,Henize,Celina,Hart,Tobias
Lu,Landen,Hart,Baylee,Lu,Elliott
Hart,Mckenzie,Henize,Madelyne,Hart,Alvin
Lu,Johnathen,Hart,Baylee,Lu,Elliott
Hart,Gloria,Henize,Madelyne,Hart,Alvin
Lu,Erich,Hart,Baylee,Lu,Elliott
Hart,Kiana,Henize,Madelyne,Hart,Alvin
Lu,Nick,Hart,Baylee,Lu,Elliott
Hart,Deja,Henize,Madelyne,Hart,Alvin
Lu,Kalon,Hart,Baylee,Lu,Elliott
Hart,Shelbi,Henize,Madelyne,Hart,Alvin
Lu,Dayton,Hart,Amber,Lu,Draven
Hart,Marlena,Henize,Madelyne,Hart,Alvin
Lu,Zackery,Hart,Amber,Lu,Draven
Hart,Jackie,Henize,Madelyne,Hart,Alvin
Lu,Earl,Hart,Amber,Lu,Draven
Hart,Tess,Henize,Madelyne,Hart,Alvin
Lu,Anfernee,Hart,Amber,Lu,Draven
Lu,Lynette,Hart,Baylee,Lu,Elliott
Lu,Roman,Hart,Amber,Lu,Draven
Lu,Rikki,Hart,Baylee,Lu,Elliott
Lu,Gideon,Hart,Amber,Lu,Draven
Lu,Alysa,Hart,Baylee,Lu,Elliott
Lu,Bret,Hart,Amber,Lu,Draven
Lu,Quinn,Hart,Baylee,Lu,Elliott
Lu,Armani,Hart,Amber,Lu,Draven
Lu,Brittney,Hart,Baylee,Lu,Elliott
Lu,Gregory,Hart,Amber,Lu,Draven
Lu,Desiree,Hart,Baylee,Lu,Elliott
Lu,Terrance,Henize,Maxine,Lu,Erick
Lu,Yaritza,Hart,Baylee,Lu,Elliott
Lu,Eli,Henize,Maxine,Lu,Erick
Lu,Amari,Hart,Baylee,Lu,Elliott
Lu,Dusty,Henize,Maxine,Lu,Erick
Lu,Connie,Hart,Baylee,Lu,Elliott
Schweickart,Shelby,Henize,Connie,Schweickart,Wilfredo
Lu,Teagan,Hart,Baylee,Lu,Elliott
Schweickart,Elliott,Henize,Connie,Schweickart,Wilfredo
Lu,Julie,Hart,Amber,Lu,Draven
Schweickart,Tad,Henize,Connie,Schweickart,Wilfredo
Lu,Kayleigh,Hart,Amber,Lu,Draven
Schweickart,Quentin,Henize,Connie,Schweickart,Wilfredo
Lu,Meghan,Hart,Amber,Lu,Draven
Schweickart,Neal,Henize,Connie,Schweickart,Wilfredo
Lu,Lexi,Hart,Amber,Lu,Draven
Schweickart,Anthony,Henize,Connie,Schweickart,Wilfredo
Lu,Mykayla,Hart,Amber,Lu,Draven
Schweickart,Royce,Henize,Connie,Schweickart,Wilfredo
Lu,Deserae,Hart,Amber,Lu,Draven
Schweickart,Justice,Henize,Alyssa,Schweickart,Tristan
Lu,Gerardo,Hart,Amber,Lu,Draven
Schweickart,Camron,Henize,Alyssa,Schweickart,Tristan
Lu,Mariangeli,Hart,Amber,Lu,Draven
Schweickart,Mitchell,Henize,Alyssa,Schweickart,Tristan
Lu,Alayna,Hart,Amber,Lu,Draven
Schweickart,Diego,Henize,Alyssa,Schweickart,Tristan
Lu,Stella,Henize,Maxine,Lu,Erick
Schweickart,Dana,Henize,Alyssa,Schweickart,Tristan
Lu,Shanyce,Henize,Maxine,Lu,Erick
Schweickart,Melvin,Henize,Alyssa,Schweickart,Tristan
Schweickart,Haylee,Henize,Connie,Schweickart,Wilfredo
Schweickart,Moises,Henize,Alyssa,Schweickart,Tristan
Schweickart,Miranda,Henize,Connie,Schweickart,Wilfredo
Schweickart,Danny,Henize,Alyssa,Schweickart,Tristan
Schweickart,Kitana,Henize,Connie,Schweickart,Wilfredo
Schweickart,Kelsey,Henize,Alyssa,Schweickart,Tristan
Schweickart,Ashlee,Henize,Connie,Schweickart,Wilfredo
Schweickart,Slaten,Henize,Alyssa,Schweickart,Tristan
Schweickart,Shawn,Henize,Connie,Schweickart,Wilfredo
Schweickart,Arturo,Henize,Alyssa,Schweickart,Tristan
Schweickart,Kayle,Henize,Connie,Schweickart,Wilfredo
Schweickart,Denzell,Henize,Alyssa,Schweickart,Tristan
Schweickart,Amy,Henize,Connie,Schweickart,Wilfredo
Henize,Carlos,Slayton,Sarah,Henize,Colt
Schweickart,Marlen,Henize,Alyssa,Schweickart,Tristan
Henize,Steve,Slayton,Sarah,Henize,Colt
Schweickart,Danielle,Henize,Alyssa,Schweickart,Tristan
Henize,Justyn,Slayton,Sarah,Henize,Colt
Schweickart,Zoe,Henize,Alyssa,Schweickart,Tristan
Henize,Colby,Slayton,Alisia,Henize,Fred
Schweickart,Kristian,Henize,Alyssa,Schweickart,Tristan
Henize,Rashad,Slayton,Alisia,Henize,Fred
Schweickart,Maryanna,Henize,Alyssa,Schweickart,Tristan
Henize,Ernesto,Slayton,Alisia,Henize,Fred
Schweickart,Alma,Henize,Alyssa,Schweickart,Tristan
Henize,Santos,Slayton,Alisia,Henize,Fred
Schweickart,Estela,Henize,Alyssa,Schweickart,Tristan
Henize,Tayler,Slayton,Alisia,Henize,Fred
Schweickart,Elizabeth,Henize,Alyssa,Schweickart,Tristan
Henize,Jose,Slayton,Alisia,Henize,Fred
Henize,Ashleigh,Slayton,Sarah,Henize,Colt
Henize,Antavius,Slayton,Alisia,Henize,Fred
Henize,Debbie,Slayton,Sarah,Henize,Colt
Henize,Nigel,Slayton,Cassandra,Henize,Perry
Henize,Rosemary,Slayton,Sarah,Henize,Colt
Henize,Gordon,Slayton,Cassandra,Henize,Perry
Henize,Ayla,Slayton,Sarah,Henize,Colt
Henize,Raekwon,Slayton,Cassandra,Henize,Perry
Henize,Shanna,Slayton,Alisia,Henize,Fred
Henize,Josiah,Slayton,Cassandra,Henize,Perry
Henize,Estela,Slayton,Alisia,Henize,Fred
Henize,Larry,Slayton,Natalee,Henize,Bretton
Henize,Abigayle,Slayton,Alisia,Henize,Fred
Henize,Torey,Slayton,Natalee,Henize,Bretton
Henize,Kelsie,Slayton,Alisia,Henize,Fred
Henize,Cade,Slayton,Sarahi,Henize,Jevin
Henize,Domonique,Slayton,Alisia,Henize,Fred
Henize,Campbell,Slayton,Sarahi,Henize,Jevin
Henize,Callan,Slayton,Cassandra,Henize,Perry
Henize,Seamus,Slayton,Sarahi,Henize,Jevin
Henize,Iesha,Slayton,Cassandra,Henize,Perry
Henize,Jermaine,Slayton,Sarahi,Henize,Jevin
Henize,Kassandra,Slayton,Cassandra,Henize,Perry
Henize,Freddy,Slayton,Sarahi,Henize,Jevin
Henize,Tania,Slayton,Cassandra,Henize,Perry
Henize,Kareem,Slayton,Sarahi,Henize,Jevin
Henize,Cassidy,Slayton,Natalee,Henize,Bretton
Henize,Michael,Slayton,Sarahi,Henize,Jevin
Henize,Chanelle,Slayton,Natalee,Henize,Bretton
Henize,Jaylen,Slayton,Sarahi,Henize,Jevin
Henize,Aundrea,Slayton,Natalee,Henize,Bretton
Henize,Sterling,Slayton,Sarahi,Henize,Jevin
Henize,Mariangeli,Slayton,Sarahi,Henize,Jevin
Henize,Gerald,Slayton,Sarahi,Henize,Jevin
Henize,Zoee,Slayton,Sarahi,Henize,Jevin
Henize,Vincent,Slayton,Sarahi,Henize,Jevin
Henize,Brigitte,Slayton,Sarahi,Henize,Jevin
Henize,Daryl,Slayton,Maegan,Henize,Reese
Henize,Elaine,Slayton,Sarahi,Henize,Jevin
Henize,Adam,Slayton,Maegan,Henize,Reese
Henize,Idaly,Slayton,Sarahi,Henize,Jevin
Henize,Dreshaun,Slayton,Maegan,Henize,Reese
Henize,Makaila,Slayton,Sarahi,Henize,Jevin
Henize,Jeff,Slayton,Maegan,Henize,Reese
Henize,Michaela,Slayton,Sarahi,Henize,Jevin
Henize,Maximillia,Slayton,Maegan,Henize,Reese
Henize,Annabel,Slayton,Sarahi,Henize,Jevin
Henize,Jeb,Slayton,Maegan,Henize,Reese
Henize,Madalyn,Slayton,Sarahi,Henize,Jevin
Henize,Cyrus,Slayton,Maegan,Henize,Reese
Henize,Violet,Slayton,Maegan,Henize,Reese
Henize,Rayvon,Slayton,Annalie,Henize,Geordan
Henize,Danielle,Slayton,Maegan,Henize,Reese
Henize,Reid,Slayton,Annalie,Henize,Geordan
Henize,Moesha,Slayton,Maegan,Henize,Reese
Henize,Tyran,Slayton,Annalie,Henize,Geordan
Henize,Kyla,Slayton,Annalie,Henize,Geordan
Henize,Ruben,Slayton,Annalie,Henize,Geordan
Henize,Janesha,Slayton,Annalie,Henize,Geordan
Henize,Brandon,Slayton,Annalie,Henize,Geordan
Henize,Candace,Slayton,Annalie,Henize,Geordan
Slayton,Geoffrey,Henize,Sadia,Slayton,Kyler
Slayton,Miranda,Henize,Sadia,Slayton,Kyler
Slayton,Erick,Henize,Sadia,Slayton,Kyler
Slayton,Itati,Henize,Ixchel,Slayton,Arjun
Slayton,Deon,Henize,Sadia,Slayton,Kyler
Slayton,Jessa,Henize,Ixchel,Slayton,Arjun
Slayton,Tyree,Henize,Sadia,Slayton,Kyler
Slayton,Lyric,Henize,Ixchel,Slayton,Arjun
Slayton,Raekwon,Henize,Ixchel,Slayton,Arjun
Slayton,Jada,Henize,Ixchel,Slayton,Arjun
Slayton,Shayne,Henize,Ixchel,Slayton,Arjun
Slayton,Haylee,Henize,Ixchel,Slayton,Arjun
Slayton,Ignacio,Henize,Ixchel,Slayton,Arjun
Slayton,Destany,Henize,Ixchel,Slayton,Arjun
Slayton,Brenden,Henize,Ixchel,Slayton,Arjun
Slayton,Emma,Henize,Ixchel,Slayton,Arjun
Slayton,Howard,Henize,Ixchel,Slayton,Arjun
Slayton,Marli,Henize,Yasmeen,Slayton,Olivier
Slayton,Zachery,Henize,Ixchel,Slayton,Arjun
Slayton,Marlena,Henize,Yasmeen,Slayton,Olivier
Slayton,Kristian,Henize,Ixchel,Slayton,Arjun
Slayton,Iesha,Henize,Yasmeen,Slayton,Olivier
Slayton,Stefan,Henize,Ixchel,Slayton,Arjun
Slayton,Avery,Henize,Yasmeen,Slayton,Olivier
Slayton,Vinh,Henize,Ixchel,Slayton,Arjun
Slayton,Susan,Henize,Yasmeen,Slayton,Olivier
Slayton,Karl,Henize,Ixchel,Slayton,Arjun
Slayton,Kaila,Henize,Yasmeen,Slayton,Olivier
Slayton,Alec,Henize,Ixchel,Slayton,Arjun
Slayton,Ivana,Henize,Yasmeen,Slayton,Olivier
Slayton,Britt,Henize,Ixchel,Slayton,Arjun
Slayton,Jane,Henize,Cayla,Slayton,Ruben
Slayton,Jose,Henize,Yasmeen,Slayton,Olivier
Slayton,Jordan,Henize,Cayla,Slayton,Ruben
Slayton,Stevan,Henize,Yasmeen,Slayton,Olivier
Slayton,Ashtyn,Henize,Cayla,Slayton,Ruben
Slayton,Jamar,Henize,Cayla,Slayton,Ruben
Slayton,Esther,Henize,Cayla,Slayton,Ruben
Slayton,Darius,Henize,Cayla,Slayton,Ruben
Slayton,Jori,Henize,Cayla,Slayton,Ruben
Slayton,Ariel,Schmitt,Gabrielle,Slayton,Andres
Slayton,Alejandra,Schmitt,Gabrielle,Slayton,Andres
Slayton,Harrison,Schmitt,Gabrielle,Slayton,Andres
Slayton,Rayven,Schmitt,Gabrielle,Slayton,Andres
Slayton,Craig,Schmitt,Gabrielle,Slayton,Andres
Slayton,Shea,Schmitt,Gabrielle,Slayton,Andres
Slayton,Reece,Schmitt,Gabrielle,Slayton,Andres
Slayton,Rosemary,Schmitt,Gabrielle,Slayton,Andres
Slayton,Lamonte,Schmitt,Gabrielle,Slayton,Andres
Slayton,Samantha,Schmitt,Gabrielle,Slayton,Andres
Slayton,Deleon,Schmitt,Gabrielle,Slayton,Andres
Slayton,Patrice,Schmitt,Gabrielle,Slayton,Andres
Slayton,Kameron,Schmitt,Gabrielle,Slayton,Andres
Slayton,Macy,Schmitt,Gabrielle,Slayton,Andres
Slayton,Mckay,Schmitt,Gabrielle,Slayton,Andres
Slayton,Valerie,Schmitt,Ashtyn,Slayton,Stephan
Slayton,Keon,Schmitt,Gabrielle,Slayton,Andres
Slayton,Britni,Schmitt,Ashtyn,Slayton,Stephan
Slayton,Garrett,Schmitt,Gabrielle,Slayton,Andres
Slayton,Jadah,Schmitt,Ashtyn,Slayton,Stephan
Slayton,Alvin,Schmitt,Gabrielle,Slayton,Andres
Slayton,Isabel,Schmitt,Ashtyn,Slayton,Stephan
Slayton,Treshaun,Schmitt,Ashtyn,Slayton,Stephan
Slayton,Ashleigh,Schmitt,Ashtyn,Slayton,Stephan
Slayton,Israel,Schmitt,Ashtyn,Slayton,Stephan
Slayton,Haven,Schmitt,Ashtyn,Slayton,Stephan
Slayton,Mike,Schmitt,Ashtyn,Slayton,Stephan
Slayton,Raquel,Schmitt,Ashtyn,Slayton,Stephan
Slayton,Joshua,Schmitt,Ashtyn,Slayton,Stephan
Slayton,Desiree,Schmitt,Ashtyn,Slayton,Stephan
Slayton,Cedric,Schmitt,Ashtyn,Slayton,Stephan
Slayton,Carrie,Wetherbee,Kiana,Slayton,Willie
Slayton,Keith,Schmitt,Ashtyn,Slayton,Stephan
Slayton,Shawna,Wetherbee,Kiana,Slayton,Willie
Slayton,Ross,Schmitt,Ashtyn,Slayton,Stephan
Slayton,Francisca,Wetherbee,Kiana,Slayton,Willie
Slayton,Hashim,Schmitt,Ashtyn,Slayton,Stephan
Slayton,Noemi,Wetherbee,Lizette,Slayton,Sebastian
Slayton,Alfonso,Schmitt,Ashtyn,Slayton,Stephan
Slayton,Taylorann,Wetherbee,Lizette,Slayton,Sebastian
Slayton,Dominick,Wetherbee,Kiana,Slayton,Willie
Slayton,Dandrea,Wetherbee,Lizette,Slayton,Sebastian
Slayton,Erich,Wetherbee,Kiana,Slayton,Willie
Slayton,Angel,Wetherbee,Lizette,Slayton,Sebastian
Slayton,Stephon,Wetherbee,Lizette,Slayton,Sebastian
Schmitt,Marycather,Slayton,Precious,Schmitt,Julio
Slayton,Isiah,Wetherbee,Lizette,Slayton,Sebastian
Schmitt,Beatriz,Slayton,Giovanna,Schmitt,Tyreek
Slayton,Carl,Wetherbee,Lizette,Slayton,Sebastian
Schmitt,Demi,Slayton,Giovanna,Schmitt,Tyreek
Slayton,Ramon,Wetherbee,Lizette,Slayton,Sebastian
Schmitt,Laura,Slayton,Giovanna,Schmitt,Tyreek
Slayton,Silas,Wetherbee,Lizette,Slayton,Sebastian
Schmitt,Crystal,Slayton,Giovanna,Schmitt,Tyreek
Schmitt,Collin,Slayton,Precious,Schmitt,Julio
Schmitt,Kathryn,Slayton,Giovanna,Schmitt,Tyreek
Schmitt,Deric,Slayton,Precious,Schmitt,Julio
Schmitt,Shaye,Slayton,Giovanna,Schmitt,Tyreek
Schmitt,Migel,Slayton,Precious,Schmitt,Julio
Schmitt,Lakeisha,Slayton,Giovanna,Schmitt,Tyreek
Schmitt,Kristofer,Slayton,Precious,Schmitt,Julio
Schmitt,Dayana,Slayton,Giovanna,Schmitt,Tyreek
Schmitt,Marquis,Slayton,Precious,Schmitt,Julio
Schmitt,Brooke,Slayton,Giovanna,Schmitt,Tyreek
Schmitt,Bailey,Slayton,Giovanna,Schmitt,Tyreek
Schmitt,Rayna,Slayton,Giovanna,Schmitt,Tyreek
Schmitt,Tyler,Slayton,Giovanna,Schmitt,Tyreek
Schmitt,Susanna,Slayton,Giovanna,Schmitt,Tyreek
Schmitt,Tysen,Slayton,Giovanna,Schmitt,Tyreek
Schmitt,Jocelyne,Slayton,Giovanna,Schmitt,Tyreek
Schmitt,Omar,Slayton,Giovanna,Schmitt,Tyreek
Schmitt,Chantal,Slayton,Giovanna,Schmitt,Tyreek
Schmitt,Luciano,Slayton,Giovanna,Schmitt,Tyreek
Wetherbee,Julianne,Slayton,Jayda,Wetherbee,Mitchell
Schmitt,Jarrod,Slayton,Giovanna,Schmitt,Tyreek
Wetherbee,Deondra,Slayton,Jayda,Wetherbee,Mitchell
Schmitt,Kai,Slayton,Giovanna,Schmitt,Tyreek
Wetherbee,Candy,Slayton,Jayda,Wetherbee,Mitchell
Wetherbee,Keifer,Slayton,Jayda,Wetherbee,Mitchell
Wetherbee,Halie,Slayton,Felicia,Wetherbee,Terry
Wetherbee,Collin,Slayton,Jayda,Wetherbee,Mitchell
Wetherbee,Katherine,Slayton,Felicia,Wetherbee,Terry
Wetherbee,Gilberto,Slayton,Jayda,Wetherbee,Mitchell
Wetherbee,Juliana,Slayton,Felicia,Wetherbee,Terry
Wetherbee,Sunny,Slayton,Jayda,Wetherbee,Mitchell
Wetherbee,Mikhaila,Slayton,Felicia,Wetherbee,Terry
Wetherbee,Toby,Slayton,Jayda,Wetherbee,Mitchell
Wetherbee,Dania,Slayton,Felicia,Wetherbee,Terry
Wetherbee,Guillermo,Slayton,Jayda,Wetherbee,Mitchell
Wetherbee,Gabriela,Slayton,Felicia,Wetherbee,Terry
Wetherbee,Edwin,Slayton,Felicia,Wetherbee,Terry
Wetherbee,Tatum,Slayton,Felicia,Wetherbee,Terry
Wetherbee,Camron,Slayton,Felicia,Wetherbee,Terry
Wetherbee,Leeann,Slayton,Johanna,Wetherbee,Braxton
Wetherbee,Dayton,Slayton,Felicia,Wetherbee,Terry
Wetherbee,Holly,Slayton,Johanna,Wetherbee,Braxton
Wetherbee,Rayvon,Slayton,Felicia,Wetherbee,Terry
Wetherbee,Allysa,Slayton,Johanna,Wetherbee,Braxton
Wetherbee,Donald,Slayton,Felicia,Wetherbee,Terry
Wetherbee,Shawn,Slayton,Johanna,Wetherbee,Braxton
Wetherbee,Tom,Slayton,Felicia,Wetherbee,Terry
Wetherbee,Micaela,Slayton,Johanna,Wetherbee,Braxton
Wetherbee,Andreas,Slayton,Felicia,Wetherbee,Terry
Wetherbee,Dayna,Slayton,Johanna,Wetherbee,Braxton
Wetherbee,Malik,Slayton,Felicia,Wetherbee,Terry
Wetherbee,Kylie,Slayton,Johanna,Wetherbee,Braxton
Wetherbee,Angel,Slayton,Felicia,Wetherbee,Terry
Wetherbee,Angelika,Slayton,Johanna,Wetherbee,Braxton
Wetherbee,Migel,Slayton,Johanna,Wetherbee,Braxton
Wetherbee,Johanna,Slayton,Johanna,Wetherbee,Braxton
Wetherbee,Ron,Slayton,Johanna,Wetherbee,Braxton
Hart,Tierney,Wetherbee,Tara,Hart,Philip
Wetherbee,Bryan,Slayton,Johanna,Wetherbee,Braxton
Hart,Carra,Wetherbee,Tara,Hart,Philip
Wetherbee,Stefan,Slayton,Johanna,Wetherbee,Braxton
Wisoff,Jamie,Wetherbee,Kaytlyn,Wisoff,Michael
Wetherbee,Talon,Slayton,Johanna,Wetherbee,Braxton
Wisoff,Caroline,Wetherbee,Kaytlyn,Wisoff,Michael
Wetherbee,Darien,Slayton,Johanna,Wetherbee,Braxton
Wisoff,Karena,Wetherbee,Kaytlyn,Wisoff,Michael
Wetherbee,Jeremy,Slayton,Johanna,Wetherbee,Braxton
Wisoff,Crystal,Wetherbee,Kaytlyn,Wisoff,Michael
Wetherbee,Johnathon,Slayton,Johanna,Wetherbee,Braxton
Wisoff,Carolyn,Wetherbee,Kaytlyn,Wisoff,Michael
Wetherbee,Hassan,Slayton,Johanna,Wetherbee,Braxton
Wisoff,Rosa,Wetherbee,Kaytlyn,Wisoff,Michael
Wetherbee,Keanu,Slayton,Johanna,Wetherbee,Braxton
Wisoff,Khyla,Wetherbee,Kaytlyn,Wisoff,Michael
Wetherbee,Nadav,Slayton,Johanna,Wetherbee,Braxton
Wisoff,Natasha,Wetherbee,Kaytlyn,Wisoff,Michael
Hart,Reece,Wetherbee,Tara,Hart,Philip
Wisoff,Keana,Wetherbee,Kaytlyn,Wisoff,Michael
Hart,Javon,Wetherbee,Tara,Hart,Philip
Wisoff,Michaela,Wetherbee,Kaytlyn,Wisoff,Michael
Hart,Bailey,Wetherbee,Tara,Hart,Philip
Wisoff,Renee,Wetherbee,Kaytlyn,Wisoff,Michael
Wisoff,Jacky,Wetherbee,Kaytlyn,Wisoff,Michael
Wisoff,Christy,Wetherbee,Sarafina,Wisoff,Montel
Wisoff,Diamond,Wetherbee,Kaytlyn,Wisoff,Michael
Wisoff,Meredith,Wetherbee,Sarafina,Wisoff,Montel
Wisoff,Killian,Wetherbee,Kaytlyn,Wisoff,Michael
Wisoff,Rebekkah,Wetherbee,Sarafina,Wisoff,Montel
Wisoff,Jeremiah,Wetherbee,Kaytlyn,Wisoff,Michael
Wisoff,Sonia,Wetherbee,Sarafina,Wisoff,Montel
Wisoff,Larry,Wetherbee,Kaytlyn,Wisoff,Michael
Wisoff,Allie,Wetherbee,Zoee,Wisoff,Bryan
Wisoff,Troy,Wetherbee,Sarafina,Wisoff,Montel
Wisoff,Joy,Wetherbee,Zoee,Wisoff,Bryan
Wisoff,Noel,Wetherbee,Sarafina,Wisoff,Montel
Wisoff,Annemarie,Wetherbee,Zoee,Wisoff,Bryan
Wisoff,Lamonte,Wetherbee,Zoee,Wisoff,Bryan
Wisoff,Shaylee,Wetherbee,Jenniffer,Wisoff,Nico
Wisoff,Emiliano,Wetherbee,Zoee,Wisoff,Bryan
Wisoff,Kasandra,Wetherbee,Jenniffer,Wisoff,Nico
Wisoff,Sedrick,Wetherbee,Zoee,Wisoff,Bryan
Wisoff,Shaina,Wetherbee,Jenniffer,Wisoff,Nico
Wisoff,Cooper,Wetherbee,Jenniffer,Wisoff,Nico
Wisoff,Mikayla,Wetherbee,Jenniffer,Wisoff,Nico
Wisoff,Jonathan,Wetherbee,Jenniffer,Wisoff,Nico
Wisoff,Brianna,Wetherbee,Marlen,Wisoff,Moshe
Wisoff,Mohamed,Wetherbee,Jenniffer,Wisoff,Nico
Wisoff,Melisa,Wetherbee,Marlen,Wisoff,Moshe
Wisoff,Davis,Wetherbee,Jenniffer,Wisoff,Nico
Wisoff,Klee,Wetherbee,Marlen,Wisoff,Moshe
Wisoff,Colin,Wetherbee,Jenniffer,Wisoff,Nico
Wisoff,Kori,Wetherbee,Marlen,Wisoff,Moshe
Wisoff,Walter,Wetherbee,Jenniffer,Wisoff,Nico
Wisoff,Catalina,Wetherbee,Marelyn,Wisoff,Denzel
Wisoff,Rodrigo,Wetherbee,Jenniffer,Wisoff,Nico
Wisoff,Malina,Wetherbee,Marelyn,Wisoff,Denzel
Wisoff,Rafael,Wetherbee,Marlen,Wisoff,Moshe
Wisoff,Karissa,Wetherbee,Marelyn,Wisoff,Denzel
Wisoff,Garrett,Wetherbee,Marlen,Wisoff,Moshe
Wisoff,Leana,Wetherbee,Marelyn,Wisoff,Denzel
Wisoff,Ruben,Wetherbee,Marlen,Wisoff,Moshe
Wisoff,Maisie,Wetherbee,Marelyn,Wisoff,Denzel
Wisoff,Niko,Wetherbee,Marelyn,Wisoff,Denzel
Wisoff,Skylar,Wetherbee,Marelyn,Wisoff,Denzel
Wisoff,Andres,Wetherbee,Marelyn,Wisoff,Denzel
Wisoff,Mona,Wetherbee,Marelyn,Wisoff,Denzel
Wisoff,Kellen,Wetherbee,Marelyn,Wisoff,Denzel
Wisoff,Baylee,Wetherbee,Marelyn,Wisoff,Denzel
Wisoff,Harold,Wetherbee,Marelyn,Wisoff,Denzel
Wisoff,Aireona,Wetherbee,Marelyn,Wisoff,Denzel
Wisoff,Johnny,Wetherbee,Marelyn,Wisoff,Denzel
Wisoff,Johnna,Hart,Aja,Wisoff,Trae
Wisoff,Kelson,Hart,Aja,Wisoff,Trae
Wisoff,Holli,Hart,Aja,Wisoff,Trae
Wisoff,Rey,Hart,Aja,Wisoff,Trae
Wisoff,Rayven,Hart,Aja,Wisoff,Trae
Wisoff,Taquan,Hart,Aja,Wisoff,Trae
Wisoff,Megan,Hart,Aja,Wisoff,Trae
Wisoff,Tanner,Hart,Kenyatta,Wisoff,Kevon
Wisoff,Luna,Hart,Kenyatta,Wisoff,Kevon
Wisoff,Treshaun,Hart,Kenyatta,Wisoff,Kevon
Wisoff,Jhane,Hart,Kenyatta,Wisoff,Kevon
Wisoff,Layne,Hart,Kenyatta,Wisoff,Kevon
Wisoff,Julissa,Hart,Kenyatta,Wisoff,Kevon
Wisoff,Ivan,Hart,Kenyatta,Wisoff,Kevon
Wisoff,Claire,Hart,Kenyatta,Wisoff,Kevon
Wisoff,Baby,Hart,Kenyatta,Wisoff,Kevon
Wisoff,Kellie,Hart,Kenyatta,Wisoff,Kevon
Wisoff,Jevin,Hart,Kenyatta,Wisoff,Kevon
Wisoff,Karley,Hart,Kenyatta,Wisoff,Kevon
Wisoff,Tyler,Hart,Jhane,Wisoff,Erin
Wisoff,Geraldine,Hart,Kenyatta,Wisoff,Kevon
Wisoff,Menachem,Hart,Jhane,Wisoff,Erin
Wisoff,Ashlynn,Hart,Kenyatta,Wisoff,Kevon
Wisoff,Jacoby,Hart,Jhane,Wisoff,Erin
Wisoff,Khaila,Hart,Kenyatta,Wisoff,Kevon
Wisoff,Jan,Hart,Jhane,Wisoff,Erin
Wisoff,Savannah,Hart,Kenyatta,Wisoff,Kevon
Wisoff,Sergio,Johnson,Cherokee,Wisoff,Mckay
Wisoff,Shari,Hart,Jhane,Wisoff,Erin
Wisoff,Marquise,Johnson,Cherokee,Wisoff,Mckay
Wisoff,Yasmin,Hart,Jhane,Wisoff,Erin
Wisoff,Michal,Johnson,Cherokee,Wisoff,Mckay
Wisoff,Eryn,Hart,Jhane,Wisoff,Erin
Wisoff,Mason,Johnson,Cherokee,Wisoff,Mckay
Wisoff,Aria,Johnson,Cherokee,Wisoff,Mckay
Wisoff,Zachery,Johnson,Cherokee,Wisoff,Mckay
Wisoff,Jessa,Johnson,Cherokee,Wisoff,Mckay
Wisoff,Kerrick,Johnson,Cherokee,Wisoff,Mckay
Wisoff,Alysia,Johnson,Cherokee,Wisoff,Mckay
Wisoff,Corey,Johnson,Cherokee,Wisoff,Mckay
Wisoff,Rocio,Johnson,Cherokee,Wisoff,Mckay
Wisoff,Byron,Johnson,Cherokee,Wisoff,Mckay
Wisoff,Chaya,Johnson,Cherokee,Wisoff,Mckay
Wisoff,Jeffrey,Johnson,Cherokee,Wisoff,Mckay
Wisoff,Sarah,Johnson,Cherokee,Wisoff,Mckay
Wisoff,Freddy,Johnson,Cherokee,Wisoff,Mckay
Wisoff,Chloie,Johnson,Cherokee,Wisoff,Mckay
Johnson,Anfernee,Wisoff,Joanne,Johnson,Benjamen
Wisoff,Misty,Johnson,Cherokee,Wisoff,Mckay
Johnson,Jamari,Wisoff,Joanne,Johnson,Benjamen
Johnson,Trinity,Wisoff,Joanne,Johnson,Benjamen
Johnson,Max,Wisoff,Joanne,Johnson,Benjamen
Johnson,Sania,Wisoff,Joanne,Johnson,Benjamen
Johnson,Johnathon,Wisoff,Deborah,Johnson,Keion
Johnson,Sonya,Wisoff,Deborah,Johnson,Keion
Johnson,Deion,Wisoff,Deborah,Johnson,Keion
Johnson,Cameron,Wisoff,Deborah,Johnson,Keion
Johnson,Stewart,Wisoff,Deborah,Johnson,Keion
Johnson,Julianna,Wisoff,Deborah,Johnson,Keion
Johnson,Jairo,Carter,Justice,Johnson,Kelson
Johnson,Dyamond,Wisoff,Deborah,Johnson,Keion
Johnson,Tevin,Carter,Justice,Johnson,Kelson
Johnson,Mckinzie,Wisoff,Deborah,Johnson,Keion
Johnson,Daron,Carter,Justice,Johnson,Kelson
Johnson,Elaina,Wisoff,Deborah,Johnson,Keion
Johnson,Sydney,Carter,Justice,Johnson,Kelson
Johnson,Lakeisha,Wisoff,Deborah,Johnson,Keion
Johnson,Misael,Carter,Justice,Johnson,Kelson
Johnson,Gina,Wisoff,Deborah,Johnson,Keion
Johnson,David,Carter,Jackie,Johnson,Raekwon
Johnson,Chantal,Wisoff,Deborah,Johnson,Keion
Johnson,Jayson,Carter,Jackie,Johnson,Raekwon
Johnson,Jenniffer,Wisoff,Deborah,Johnson,Keion
Johnson,Zakery,Carter,Jackie,Johnson,Raekwon
Johnson,Lila,Wisoff,Deborah,Johnson,Keion
Johnson,Treshaun,Carter,Jackie,Johnson,Raekwon
Johnson,Bobbie,Wisoff,Deborah,Johnson,Keion
Johnson,Hashim,Carter,Jackie,Johnson,Raekwon
Johnson,Lynn,Wisoff,Deborah,Johnson,Keion
Johnson,Rashaun,Carter,Jackie,Johnson,Raekwon
Johnson,Savanna,Carter,Justice,Johnson,Kelson
Johnson,Erin,Carter,Jackie,Johnson,Raekwon
Johnson,Olivia,Carter,Justice,Johnson,Kelson
