Taft,Terrell,Roosa,Lorena,Taft,Damian
Taylor,Brittney,Hudson,Kaylyn,Taylor,Romeo
Fossum,Casey,Piper,Wendy,Fossum,Britt
Aldrin,Jayme,Cooper,Marlena,Aldrin,Arnold
Greene,Parker,Hobaugh,Tamra,Greene,Esau
Caldeiro,Baily,Grinch,Yamilex,Caldeiro,Killian
Olivas,Austen,Ride,Tamera,Olivas,Garrett
Low,Ryann,Kennedy,Jaclyn,Low,Dominick
Wisoff,Esau,Onizuka,Malinda,Wisoff,Lee
Vanderhooven,Desaree,Gardner,Bernadette,Vanderhooven,Chadwick
Bluford,Jade,Chawla,Tamra,Bluford,Brad
Bowersox,Vera,Lawrence,Reilly,Bowersox,Davon
Bloomfield,Javon,Cleave,Micaela,Bloomfield,Frank
Schirra,Cheryl,Cernan,Dana,Schirra,Jose
Walker,Lance,McNair,Kailey,Walker,Ricardo
Griggs,Dalila,Bassett,Pamela,Griggs,Dominique
Bassett,Alexandro,Cabana,Denise,Bassett,Marshall
Bagian,Ariel,Deckard,Shannon,Bagian,Fabian
Thornton,Kellen,Evans,Yasmine,Thornton,Zachery
Lu,Alexi,Ride,Yuki,Lu,Jacky
Edwards,Dominick,Michel,Natasha,Edwards,Lawrence
Chilton,Rebekkah,Walker,Sky,Chilton,Alfonso
McCulley,Steve,Jones,Jaden,McCulley,Brennan
Ewing,Joanna,Fabian,Malia,Ewing,Jake
Evans,Tom,O'Leary,Jasmine,Evans,Tyreek
Givens,Jeanette,Bobko,Karli,Givens,Garrison
Still,Skylar,Pffaff,Kellie,Still,Walter
Garriott,Ixchel,Wetherbee,Casie,Garriott,Spencer
Sellers,Bret,Runco,Aubrie,Sellers,Mitchell
Melvin,Mariangeli,Runco,Nikki,Melvin,Alvaro
Taft,Joel,Taylor,Brittney,Taft,Terrell
Taft,Diamond,Taylor,Brittney,Taft,Terrell
Taft,Guillermo,Taylor,Brittney,Taft,Terrell
Taft,Quinn,Taylor,Brittney,Taft,Terrell
Taft,Beau,Taylor,Brittney,Taft,Terrell
Taft,Rylee,Taylor,Brittney,Taft,Terrell
Taft,Coy,Taylor,Brittney,Taft,Terrell
Taft,Mallory,Taylor,Brittney,Taft,Terrell
Fossum,Jaylen,Aldrin,Jayme,Fossum,Casey
Taft,Marisa,Taylor,Brittney,Taft,Terrell
Fossum,Leroy,Aldrin,Jayme,Fossum,Casey
Taft,Elsa,Taylor,Brittney,Taft,Terrell
Fossum,Jesus,Aldrin,Jayme,Fossum,Casey
Fossum,Maison,Aldrin,Jayme,Fossum,Casey
Fossum,Estevan,Aldrin,Jayme,Fossum,Casey
Fossum,Cheyanna,Aldrin,Jayme,Fossum,Casey
Fossum,Neil,Aldrin,Jayme,Fossum,Casey
Fossum,Joselin,Aldrin,Jayme,Fossum,Casey
Fossum,Rory,Aldrin,Jayme,Fossum,Casey
Fossum,Madelyne,Aldrin,Jayme,Fossum,Casey
Fossum,Tavon,Aldrin,Jayme,Fossum,Casey
Fossum,Macie,Aldrin,Jayme,Fossum,Casey
Fossum,Samuel,Aldrin,Jayme,Fossum,Casey
Greene,Liza,Caldeiro,Baily,Greene,Parker
Fossum,Kayle,Aldrin,Jayme,Fossum,Casey
Greene,Marcela,Caldeiro,Baily,Greene,Parker
Fossum,Sterling,Aldrin,Jayme,Fossum,Casey
Greene,Lacey,Caldeiro,Baily,Greene,Parker
Greene,Marques,Caldeiro,Baily,Greene,Parker
Greene,Jhane,Caldeiro,Baily,Greene,Parker
Greene,Gerardo,Caldeiro,Baily,Greene,Parker
Greene,Carla,Caldeiro,Baily,Greene,Parker
Greene,Donald,Caldeiro,Baily,Greene,Parker
Greene,Kirsten,Caldeiro,Baily,Greene,Parker
Greene,Jaime,Caldeiro,Baily,Greene,Parker
Olivas,Camelia,Low,Ryann,Olivas,Austen
Olivas,Harrison,Low,Ryann,Olivas,Austen
Olivas,Anna,Low,Ryann,Olivas,Austen
Olivas,Rodolfo,Low,Ryann,Olivas,Austen
Olivas,Toni,Low,Ryann,Olivas,Austen
Olivas,Aaron,Low,Ryann,Olivas,Austen
Olivas,Emiley,Low,Ryann,Olivas,Austen
Wisoff,Tallon,Vanderhooven,Desaree,Wisoff,Esau
Wisoff,Felisha,Vanderhooven,Desaree,Wisoff,Esau
Wisoff,Layne,Vanderhooven,Desaree,Wisoff,Esau
Wisoff,Mikyla,Vanderhooven,Desaree,Wisoff,Esau
Wisoff,Rey,Vanderhooven,Desaree,Wisoff,Esau
Wisoff,Allyssa,Vanderhooven,Desaree,Wisoff,Esau
Wisoff,Leroy,Vanderhooven,Desaree,Wisoff,Esau
Wisoff,London,Vanderhooven,Desaree,Wisoff,Esau
Wisoff,Brice,Vanderhooven,Desaree,Wisoff,Esau
Wisoff,Francisca,Vanderhooven,Desaree,Wisoff,Esau
Wisoff,Casey,Vanderhooven,Desaree,Wisoff,Esau
Wisoff,Daja,Vanderhooven,Desaree,Wisoff,Esau
Bluford,Alan,Bowersox,Vera,Bluford,Jade
Bluford,Presley,Bowersox,Vera,Bluford,Jade
Bluford,Steve,Bowersox,Vera,Bluford,Jade
Bluford,Allysa,Bowersox,Vera,Bluford,Jade
Bloomfield,Nicholas,Schirra,Cheryl,Bloomfield,Javon
Bluford,Ayanna,Bowersox,Vera,Bluford,Jade
Bloomfield,Esteban,Schirra,Cheryl,Bloomfield,Javon
Bluford,Yuki,Bowersox,Vera,Bluford,Jade
Bloomfield,Danny,Schirra,Cheryl,Bloomfield,Javon
Bloomfield,Marisa,Schirra,Cheryl,Bloomfield,Javon
Bloomfield,Bernard,Schirra,Cheryl,Bloomfield,Javon
Bloomfield,Riley,Schirra,Cheryl,Bloomfield,Javon
Bloomfield,Mauricio,Schirra,Cheryl,Bloomfield,Javon
Bloomfield,Annemarie,Schirra,Cheryl,Bloomfield,Javon
Bloomfield,Johnny,Schirra,Cheryl,Bloomfield,Javon
Bloomfield,Yaritza,Schirra,Cheryl,Bloomfield,Javon
Bloomfield,Jeramie,Schirra,Cheryl,Bloomfield,Javon
Bloomfield,Jessica,Schirra,Cheryl,Bloomfield,Javon
Bloomfield,Angel,Schirra,Cheryl,Bloomfield,Javon
Bloomfield,Marcela,Schirra,Cheryl,Bloomfield,Javon
Bloomfield,Rigoberto,Schirra,Cheryl,Bloomfield,Javon
Walker,Maggie,Griggs,Dalila,Walker,Lance
Walker,Shaquille,Griggs,Dalila,Walker,Lance
Walker,Helena,Griggs,Dalila,Walker,Lance
Walker,Keon,Griggs,Dalila,Walker,Lance
Walker,Shekinah,Griggs,Dalila,Walker,Lance
Walker,Spenser,Griggs,Dalila,Walker,Lance
Walker,Anitra,Griggs,Dalila,Walker,Lance
Bassett,Ronnie,Bagian,Ariel,Bassett,Alexandro
Walker,Mandy,Griggs,Dalila,Walker,Lance
Bassett,Derick,Bagian,Ariel,Bassett,Alexandro
Bassett,Vivien,Bagian,Ariel,Bassett,Alexandro
Bassett,Keith,Bagian,Ariel,Bassett,Alexandro
Bassett,Cassidy,Bagian,Ariel,Bassett,Alexandro
Bassett,Bruce,Bagian,Ariel,Bassett,Alexandro
Bassett,Merissa,Bagian,Ariel,Bassett,Alexandro
Bassett,Leonel,Bagian,Ariel,Bassett,Alexandro
Bassett,Shelley,Bagian,Ariel,Bassett,Alexandro
Thornton,Ashton,Lu,Alexi,Thornton,Kellen
Bassett,Mindy,Bagian,Ariel,Bassett,Alexandro
Thornton,Wyatt,Lu,Alexi,Thornton,Kellen
Bassett,India,Bagian,Ariel,Bassett,Alexandro
Thornton,Yobani,Lu,Alexi,Thornton,Kellen
Bassett,Anissa,Bagian,Ariel,Bassett,Alexandro
Thornton,Olivier,Lu,Alexi,Thornton,Kellen
Bassett,Keely,Bagian,Ariel,Bassett,Alexandro
Thornton,Paris,Lu,Alexi,Thornton,Kellen
Bassett,Hallie,Bagian,Ariel,Bassett,Alexandro
Thornton,Samuel,Lu,Alexi,Thornton,Kellen
Thornton,Marlene,Lu,Alexi,Thornton,Kellen
Thornton,Keagan,Lu,Alexi,Thornton,Kellen
Thornton,Odalys,Lu,Alexi,Thornton,Kellen
Thornton,Kareem,Lu,Alexi,Thornton,Kellen
Thornton,Krysta,Lu,Alexi,Thornton,Kellen
Thornton,Coy,Lu,Alexi,Thornton,Kellen
Thornton,Dasia,Lu,Alexi,Thornton,Kellen
Edwards,Gerardo,Chilton,Rebekkah,Edwards,Dominick
Thornton,Candy,Lu,Alexi,Thornton,Kellen
Edwards,Kapil,Chilton,Rebekkah,Edwards,Dominick
Thornton,Regan,Lu,Alexi,Thornton,Kellen
Edwards,Nick,Chilton,Rebekkah,Edwards,Dominick
Thornton,Daesha,Lu,Alexi,Thornton,Kellen
Edwards,Lucas,Chilton,Rebekkah,Edwards,Dominick
Thornton,Chelsie,Lu,Alexi,Thornton,Kellen
Edwards,Nadav,Chilton,Rebekkah,Edwards,Dominick
Thornton,Nichole,Lu,Alexi,Thornton,Kellen
McCulley,Hugo,Ewing,Joanna,McCulley,Steve
Edwards,Domonique,Chilton,Rebekkah,Edwards,Dominick
McCulley,Graham,Ewing,Joanna,McCulley,Steve
Edwards,Dasia,Chilton,Rebekkah,Edwards,Dominick
McCulley,Josiah,Ewing,Joanna,McCulley,Steve
Edwards,Joi,Chilton,Rebekkah,Edwards,Dominick
McCulley,Domenic,Ewing,Joanna,McCulley,Steve
Edwards,Chardonnay,Chilton,Rebekkah,Edwards,Dominick
McCulley,Menachem,Ewing,Joanna,McCulley,Steve
Edwards,Elyse,Chilton,Rebekkah,Edwards,Dominick
McCulley,Jason,Ewing,Joanna,McCulley,Steve
Edwards,Zoey,Chilton,Rebekkah,Edwards,Dominick
McCulley,Elmer,Ewing,Joanna,McCulley,Steve
Edwards,Jori,Chilton,Rebekkah,Edwards,Dominick
McCulley,Tyreek,Ewing,Joanna,McCulley,Steve
Edwards,Cheyann,Chilton,Rebekkah,Edwards,Dominick
McCulley,Humberto,Ewing,Joanna,McCulley,Steve
Edwards,Emiley,Chilton,Rebekkah,Edwards,Dominick
McCulley,Samual,Ewing,Joanna,McCulley,Steve
Edwards,Carla,Chilton,Rebekkah,Edwards,Dominick
Evans,Skylar,Givens,Jeanette,Evans,Tom
Edwards,Kaytlyn,Chilton,Rebekkah,Edwards,Dominick
Evans,Ben,Givens,Jeanette,Evans,Tom
McCulley,Shana,Ewing,Joanna,McCulley,Steve
Evans,Nathanael,Givens,Jeanette,Evans,Tom
McCulley,Perla,Ewing,Joanna,McCulley,Steve
Evans,Pablo,Givens,Jeanette,Evans,Tom
McCulley,Norma,Ewing,Joanna,McCulley,Steve
Evans,Simeon,Givens,Jeanette,Evans,Tom
McCulley,Janie,Ewing,Joanna,McCulley,Steve
Evans,Anthoni,Givens,Jeanette,Evans,Tom
McCulley,Christy,Ewing,Joanna,McCulley,Steve
Evans,Erik,Givens,Jeanette,Evans,Tom
McCulley,Maricela,Ewing,Joanna,McCulley,Steve
Still,Jameson,Garriott,Ixchel,Still,Skylar
McCulley,Ronni,Ewing,Joanna,McCulley,Steve
Still,Gannon,Garriott,Ixchel,Still,Skylar
McCulley,Makenzi,Ewing,Joanna,McCulley,Steve
Sellers,Ezekiel,Melvin,Mariangeli,Sellers,Bret
McCulley,Annika,Ewing,Joanna,McCulley,Steve
Sellers,Christian,Melvin,Mariangeli,Sellers,Bret
Evans,Xena,Givens,Jeanette,Evans,Tom
Sellers,Alexis,Melvin,Mariangeli,Sellers,Bret
Evans,Rianna,Givens,Jeanette,Evans,Tom
Sellers,Clifford,Melvin,Mariangeli,Sellers,Bret
Evans,Kaylie,Givens,Jeanette,Evans,Tom
Sellers,Deion,Melvin,Mariangeli,Sellers,Bret
Evans,Ellie,Givens,Jeanette,Evans,Tom
Sellers,Micheal,Melvin,Mariangeli,Sellers,Bret
Evans,Katy,Givens,Jeanette,Evans,Tom
Taft,Drew,Fossum,Maison,Taft,Joel
Evans,Abby,Givens,Jeanette,Evans,Tom
Taft,Eric,Fossum,Maison,Taft,Joel
Evans,Kelsie,Givens,Jeanette,Evans,Tom
Taft,Jeb,Fossum,Maison,Taft,Joel
Still,Ciara,Garriott,Ixchel,Still,Skylar
Taft,Markell,Fossum,Maison,Taft,Joel
Still,Alisa,Garriott,Ixchel,Still,Skylar
Taft,Brennan,Fossum,Maison,Taft,Joel
Still,Makenna,Garriott,Ixchel,Still,Skylar
Taft,Landin,Fossum,Maison,Taft,Joel
Still,Jessie,Garriott,Ixchel,Still,Skylar
Taft,Peter,Fossum,Maison,Taft,Joel
Sellers,Clara,Melvin,Mariangeli,Sellers,Bret
Taft,Emilio,Fossum,Maison,Taft,Joel
Sellers,Brooklyn,Melvin,Mariangeli,Sellers,Bret
Taft,Tyson,Fossum,Cheyanna,Taft,Guillermo
Sellers,Jaqueline,Melvin,Mariangeli,Sellers,Bret
Taft,Jeff,Fossum,Cheyanna,Taft,Guillermo
Sellers,Sarahmarie,Melvin,Mariangeli,Sellers,Bret
Taft,Brian,Fossum,Cheyanna,Taft,Guillermo
Sellers,Bridgette,Melvin,Mariangeli,Sellers,Bret
Taft,Harry,Fossum,Cheyanna,Taft,Guillermo
Taft,Roxana,Fossum,Maison,Taft,Joel
Taft,Deion,Fossum,Cheyanna,Taft,Guillermo
Taft,Jessika,Fossum,Maison,Taft,Joel
Taft,Zackery,Fossum,Cheyanna,Taft,Guillermo
Taft,Mckinzie,Fossum,Maison,Taft,Joel
Taft,Diego,Fossum,Joselin,Taft,Beau
Taft,Katy,Fossum,Maison,Taft,Joel
Taft,Tylor,Fossum,Madelyne,Taft,Coy
Taft,Maura,Fossum,Maison,Taft,Joel
Taft,Neftaly,Fossum,Madelyne,Taft,Coy
Taft,Chastity,Fossum,Maison,Taft,Joel
Taft,Connor,Fossum,Madelyne,Taft,Coy
Taft,Irma,Fossum,Maison,Taft,Joel
Taft,Cristobal,Fossum,Madelyne,Taft,Coy
Taft,Latasha,Fossum,Maison,Taft,Joel
Taft,Luis,Fossum,Madelyne,Taft,Coy
Taft,Kimberly,Fossum,Maison,Taft,Joel
Taft,Jovon,Fossum,Madelyne,Taft,Coy
Taft,Kiersten,Fossum,Maison,Taft,Joel
Fossum,Hayden,Taft,Diamond,Fossum,Jaylen
Taft,Jennie,Fossum,Maison,Taft,Joel
Fossum,Romeo,Taft,Diamond,Fossum,Jaylen
Taft,Sophia,Fossum,Cheyanna,Taft,Guillermo
Fossum,Latrell,Taft,Diamond,Fossum,Jaylen
Taft,Bertha,Fossum,Cheyanna,Taft,Guillermo
Fossum,Kevon,Taft,Quinn,Fossum,Leroy
Taft,Flor,Fossum,Cheyanna,Taft,Guillermo
Fossum,Mauro,Taft,Quinn,Fossum,Leroy
Taft,Madelyn,Fossum,Cheyanna,Taft,Guillermo
Fossum,Lauren,Taft,Quinn,Fossum,Leroy
Taft,Maren,Fossum,Cheyanna,Taft,Guillermo
Fossum,Chadwick,Taft,Quinn,Fossum,Leroy
Taft,Carley,Fossum,Joselin,Taft,Beau
Fossum,Weston,Taft,Quinn,Fossum,Leroy
Taft,Shirley,Fossum,Joselin,Taft,Beau
Fossum,Wanya,Taft,Quinn,Fossum,Leroy
Taft,Jill,Fossum,Joselin,Taft,Beau
Fossum,Ignacio,Taft,Quinn,Fossum,Leroy
Taft,Eryn,Fossum,Joselin,Taft,Beau
Fossum,Dillon,Taft,Quinn,Fossum,Leroy
Taft,Morgan,Fossum,Joselin,Taft,Beau
Fossum,Leo,Taft,Quinn,Fossum,Leroy
Taft,Jewel,Fossum,Joselin,Taft,Beau
Fossum,Kegan,Taft,Rylee,Fossum,Jesus
Taft,Nicole,Fossum,Madelyne,Taft,Coy
Fossum,Santana,Taft,Rylee,Fossum,Jesus
Taft,Aubrey,Fossum,Madelyne,Taft,Coy
Fossum,Kristofer,Taft,Rylee,Fossum,Jesus
Taft,Mia,Fossum,Madelyne,Taft,Coy
Fossum,Brendan,Taft,Rylee,Fossum,Jesus
Taft,Julia,Fossum,Madelyne,Taft,Coy
Fossum,Juancarlos,Taft,Mallory,Fossum,Estevan
Taft,Katharine,Fossum,Madelyne,Taft,Coy
Fossum,Langston,Taft,Mallory,Fossum,Estevan
Taft,Ashlie,Fossum,Madelyne,Taft,Coy
Fossum,Brodie,Taft,Mallory,Fossum,Estevan
Taft,Alani,Fossum,Madelyne,Taft,Coy
Fossum,Bennie,Taft,Mallory,Fossum,Estevan
Taft,Nicolette,Fossum,Madelyne,Taft,Coy
Fossum,Davin,Taft,Marisa,Fossum,Neil
Fossum,Leticia,Taft,Diamond,Fossum,Jaylen
Fossum,Harry,Taft,Marisa,Fossum,Neil
Fossum,Alesia,Taft,Diamond,Fossum,Jaylen
Fossum,Carlos,Taft,Marisa,Fossum,Neil
Fossum,Cara,Taft,Diamond,Fossum,Jaylen
Fossum,Kyler,Taft,Marisa,Fossum,Neil
Fossum,Rebecca,Taft,Diamond,Fossum,Jaylen
Fossum,Tyler,Taft,Marisa,Fossum,Neil
Fossum,Blanca,Taft,Quinn,Fossum,Leroy
Fossum,Abdul,Taft,Marisa,Fossum,Neil
Fossum,Daphne,Taft,Quinn,Fossum,Leroy
Fossum,Donovan,Taft,Marisa,Fossum,Neil
Fossum,Johanna,Taft,Quinn,Fossum,Leroy
Fossum,Koby,Taft,Elsa,Fossum,Rory
Fossum,Sade,Taft,Quinn,Fossum,Leroy
Fossum,Robert,Taft,Elsa,Fossum,Rory
Fossum,Bethany,Taft,Quinn,Fossum,Leroy
Fossum,Daron,Taft,Elsa,Fossum,Rory
Fossum,Xian,Taft,Quinn,Fossum,Leroy
Fossum,Colt,Greene,Liza,Fossum,Tavon
Fossum,Kaylah,Taft,Quinn,Fossum,Leroy
Fossum,Grayson,Greene,Liza,Fossum,Tavon
Fossum,Danika,Taft,Quinn,Fossum,Leroy
Fossum,Rashad,Greene,Liza,Fossum,Tavon
Fossum,Tasha,Taft,Quinn,Fossum,Leroy
Fossum,Quentin,Greene,Liza,Fossum,Tavon
Fossum,Joi,Taft,Quinn,Fossum,Leroy
Fossum,Marquis,Greene,Marcela,Fossum,Samuel
Fossum,Kaylie,Taft,Quinn,Fossum,Leroy
Fossum,Braeden,Greene,Marcela,Fossum,Samuel
Fossum,Kendra,Taft,Rylee,Fossum,Jesus
Fossum,Diondre,Greene,Marcela,Fossum,Samuel
Fossum,Esther,Taft,Rylee,Fossum,Jesus
Fossum,Davon,Greene,Marcela,Fossum,Samuel
Fossum,Janesha,Taft,Rylee,Fossum,Jesus
Fossum,Raheem,Greene,Marcela,Fossum,Samuel
Fossum,Chelsy,Taft,Rylee,Fossum,Jesus
Fossum,Lorenzo,Greene,Marcela,Fossum,Samuel
Fossum,Sharon,Taft,Rylee,Fossum,Jesus
Fossum,Nickolas,Greene,Lacey,Fossum,Kayle
Fossum,Zandria,Taft,Rylee,Fossum,Jesus
Fossum,Josiah,Greene,Jhane,Fossum,Sterling
Fossum,Camelia,Taft,Mallory,Fossum,Estevan
Fossum,Antoine,Greene,Jhane,Fossum,Sterling
Fossum,Janette,Taft,Mallory,Fossum,Estevan
Fossum,Kirk,Greene,Jhane,Fossum,Sterling
Fossum,Blaze,Taft,Mallory,Fossum,Estevan
Fossum,Jeramie,Greene,Jhane,Fossum,Sterling
Fossum,Ebone,Taft,Mallory,Fossum,Estevan
Fossum,Dan,Greene,Jhane,Fossum,Sterling
Fossum,Xena,Taft,Mallory,Fossum,Estevan
Fossum,Trent,Greene,Jhane,Fossum,Sterling
Fossum,Anika,Taft,Mallory,Fossum,Estevan
Fossum,Jade,Greene,Jhane,Fossum,Sterling
Fossum,Phoebe,Taft,Mallory,Fossum,Estevan
Fossum,Luke,Greene,Jhane,Fossum,Sterling
Fossum,Keishla,Taft,Mallory,Fossum,Estevan
Fossum,Al,Greene,Jhane,Fossum,Sterling
Fossum,Carina,Taft,Mallory,Fossum,Estevan
Fossum,Demarco,Greene,Jhane,Fossum,Sterling
Fossum,Kirstin,Taft,Mallory,Fossum,Estevan
Fossum,Shayne,Greene,Jhane,Fossum,Sterling
Fossum,Bria,Taft,Mallory,Fossum,Estevan
Greene,Lashawn,Fossum,Macie,Greene,Marques
Fossum,Kitana,Taft,Mallory,Fossum,Estevan
Greene,Ishmael,Fossum,Macie,Greene,Marques
Fossum,Delanie,Taft,Marisa,Fossum,Neil
Greene,Myron,Fossum,Macie,Greene,Marques
Fossum,Yessenia,Taft,Marisa,Fossum,Neil
Greene,Jeb,Olivas,Camelia,Greene,Gerardo
Fossum,Maegan,Taft,Marisa,Fossum,Neil
Greene,Daequan,Olivas,Camelia,Greene,Gerardo
Fossum,Tasia,Taft,Elsa,Fossum,Rory
Greene,Perry,Olivas,Camelia,Greene,Gerardo
Fossum,Aimee,Taft,Elsa,Fossum,Rory
Greene,Douglas,Olivas,Camelia,Greene,Gerardo
Fossum,Lakendra,Taft,Elsa,Fossum,Rory
Greene,Savion,Olivas,Camelia,Greene,Gerardo
Fossum,Katelin,Taft,Elsa,Fossum,Rory
Greene,Enrique,Olivas,Camelia,Greene,Gerardo
Fossum,Clara,Taft,Elsa,Fossum,Rory
Greene,Alden,Olivas,Camelia,Greene,Gerardo
Fossum,Emmalee,Taft,Elsa,Fossum,Rory
Greene,Chris,Olivas,Camelia,Greene,Gerardo
Fossum,Katelynn,Taft,Elsa,Fossum,Rory
Greene,Ernest,Olivas,Anna,Greene,Donald
Fossum,Guadalupe,Taft,Elsa,Fossum,Rory
Greene,Cristobal,Olivas,Anna,Greene,Donald
Fossum,Loren,Taft,Elsa,Fossum,Rory
Greene,Martin,Olivas,Toni,Greene,Jaime
Fossum,Katlyn,Taft,Elsa,Fossum,Rory
Greene,Micheal,Olivas,Toni,Greene,Jaime
Fossum,Brieanna,Taft,Elsa,Fossum,Rory
Greene,Keith,Olivas,Toni,Greene,Jaime
Fossum,Juliette,Greene,Liza,Fossum,Tavon
Greene,Britton,Olivas,Toni,Greene,Jaime
Fossum,Shakira,Greene,Liza,Fossum,Tavon
Greene,Ashton,Olivas,Toni,Greene,Jaime
Fossum,Myesha,Greene,Liza,Fossum,Tavon
Greene,James,Olivas,Toni,Greene,Jaime
Fossum,Ashanti,Greene,Liza,Fossum,Tavon
Olivas,Emerson,Greene,Carla,Olivas,Harrison
Fossum,Tania,Greene,Liza,Fossum,Tavon
Olivas,Clarence,Greene,Carla,Olivas,Harrison
Fossum,Shauna,Greene,Liza,Fossum,Tavon
Olivas,Ron,Greene,Carla,Olivas,Harrison
Fossum,Makaila,Greene,Liza,Fossum,Tavon
Olivas,Wyatt,Greene,Carla,Olivas,Harrison
Fossum,Beatriz,Greene,Marcela,Fossum,Samuel
Olivas,Heriberto,Greene,Carla,Olivas,Harrison
Fossum,Leanna,Greene,Marcela,Fossum,Samuel
Olivas,Erick,Greene,Carla,Olivas,Harrison
Fossum,Doris,Greene,Marcela,Fossum,Samuel
Olivas,Ibrahim,Greene,Kirsten,Olivas,Rodolfo
Fossum,Haley,Greene,Marcela,Fossum,Samuel
Olivas,Scott,Greene,Kirsten,Olivas,Rodolfo
Fossum,Janet,Greene,Marcela,Fossum,Samuel
Olivas,Isaac,Wisoff,Felisha,Olivas,Aaron
Fossum,Shanique,Greene,Marcela,Fossum,Samuel
Olivas,Tyreek,Wisoff,Felisha,Olivas,Aaron
Fossum,Zulema,Greene,Marcela,Fossum,Samuel
Olivas,Harold,Wisoff,Felisha,Olivas,Aaron
Fossum,Chardonnay,Greene,Marcela,Fossum,Samuel
Olivas,Nelson,Wisoff,Felisha,Olivas,Aaron
Fossum,Dasia,Greene,Lacey,Fossum,Kayle
Olivas,Alan,Wisoff,Felisha,Olivas,Aaron
Fossum,Jenae,Greene,Lacey,Fossum,Kayle
Olivas,Marshall,Wisoff,Felisha,Olivas,Aaron
Fossum,Shaye,Greene,Jhane,Fossum,Sterling
Olivas,Jamari,Wisoff,Felisha,Olivas,Aaron
Fossum,Keana,Greene,Jhane,Fossum,Sterling
Olivas,Rakeem,Wisoff,Felisha,Olivas,Aaron
Fossum,Rian,Greene,Jhane,Fossum,Sterling
Olivas,Marquis,Wisoff,Felisha,Olivas,Aaron
Fossum,Antonia,Greene,Jhane,Fossum,Sterling
Olivas,Brendon,Wisoff,Felisha,Olivas,Aaron
Fossum,Dajanae,Greene,Jhane,Fossum,Sterling
Wisoff,Nathanael,Olivas,Emiley,Wisoff,Tallon
Fossum,Mariana,Greene,Jhane,Fossum,Sterling
Wisoff,David,Olivas,Emiley,Wisoff,Tallon
Fossum,Blair,Greene,Jhane,Fossum,Sterling
Wisoff,Stephanie,Olivas,Emiley,Wisoff,Tallon
Fossum,Sabreen,Greene,Jhane,Fossum,Sterling
Wisoff,Abel,Olivas,Emiley,Wisoff,Tallon
Greene,Jaqueline,Fossum,Macie,Greene,Marques
Damian,Roosa,Lorena,Taylor,Romeo
Wisoff,Jay,Olivas,Emiley,Wisoff,Tallon
Greene,Candy,Olivas,Camelia,Greene,Gerardo
Wisoff,Moshe,Bluford,Allysa,Wisoff,Rey
Greene,Blanca,Olivas,Camelia,Greene,Gerardo
Wisoff,Norman,Bluford,Allysa,Wisoff,Rey
Greene,Isabella,Olivas,Camelia,Greene,Gerardo
Wisoff,Tate,Bluford,Allysa,Wisoff,Rey
Greene,Rian,Olivas,Camelia,Greene,Gerardo
Wisoff,Aleksandr,Bluford,Allysa,Wisoff,Rey
Greene,Anahi,Olivas,Camelia,Greene,Gerardo
Wisoff,Dillon,Bluford,Ayanna,Wisoff,Leroy
Greene,Felisha,Olivas,Camelia,Greene,Gerardo
Wisoff,Tyrell,Bluford,Ayanna,Wisoff,Leroy
Greene,Aliyah,Olivas,Camelia,Greene,Gerardo
Wisoff,Addison,Bluford,Ayanna,Wisoff,Leroy
Greene,Sean,Olivas,Camelia,Greene,Gerardo
Wisoff,Frederick,Bluford,Ayanna,Wisoff,Leroy
Greene,Lori,Olivas,Anna,Greene,Donald
Wisoff,Caleb,Bluford,Ayanna,Wisoff,Leroy
Greene,Maison,Olivas,Anna,Greene,Donald
Wisoff,Danny,Bluford,Ayanna,Wisoff,Leroy
Greene,Rebecca,Olivas,Toni,Greene,Jaime
Wisoff,Devonta,Bluford,Ayanna,Wisoff,Leroy
Greene,Camilla,Olivas,Toni,Greene,Jaime
Wisoff,Orlando,Bluford,Yuki,Wisoff,Brice
Greene,Ivy,Olivas,Toni,Greene,Jaime
Wisoff,Jeb,Bluford,Yuki,Wisoff,Brice
Greene,Stacie,Olivas,Toni,Greene,Jaime
Wisoff,Chris,Bluford,Yuki,Wisoff,Brice
Greene,Queen,Olivas,Toni,Greene,Jaime
Wisoff,Corbin,Bluford,Yuki,Wisoff,Brice
Greene,Hallie,Olivas,Toni,Greene,Jaime
Wisoff,Garrick,Bluford,Yuki,Wisoff,Brice
Greene,Alexandrea,Olivas,Toni,Greene,Jaime
Wisoff,Garrison,Bloomfield,Marisa,Wisoff,Casey
Olivas,Ayla,Greene,Carla,Olivas,Harrison
Wisoff,Brian,Bloomfield,Marisa,Wisoff,Casey
Olivas,Alannah,Greene,Carla,Olivas,Harrison
Wisoff,Troy,Bloomfield,Marisa,Wisoff,Casey
Olivas,Eva,Greene,Carla,Olivas,Harrison
Bluford,Ayub,Wisoff,Mikyla,Bluford,Alan
Olivas,Giselle,Greene,Carla,Olivas,Harrison
Bluford,Lamar,Wisoff,Mikyla,Bluford,Alan
Olivas,Brielle,Greene,Carla,Olivas,Harrison
Bluford,Markus,Wisoff,Mikyla,Bluford,Alan
Olivas,Lena,Greene,Carla,Olivas,Harrison
Bluford,Vincent,Wisoff,Allyssa,Bluford,Steve
Olivas,Carmen,Greene,Carla,Olivas,Harrison
Bluford,Carlos,Wisoff,Allyssa,Bluford,Steve
Olivas,Carolyn,Greene,Carla,Olivas,Harrison
Bluford,Malik,Wisoff,Allyssa,Bluford,Steve
Olivas,Tatiana,Greene,Kirsten,Olivas,Rodolfo
Bloomfield,Giovanni,Wisoff,London,Bloomfield,Nicholas
Olivas,Jami,Greene,Kirsten,Olivas,Rodolfo
Bloomfield,Devan,Wisoff,London,Bloomfield,Nicholas
Olivas,Samantha,Greene,Kirsten,Olivas,Rodolfo
Bloomfield,Efrain,Wisoff,London,Bloomfield,Nicholas
Olivas,Laura,Greene,Kirsten,Olivas,Rodolfo
Bloomfield,Willis,Wisoff,London,Bloomfield,Nicholas
Olivas,Paula,Greene,Kirsten,Olivas,Rodolfo
Bloomfield,Ezekiel,Wisoff,London,Bloomfield,Nicholas
Olivas,Karli,Wisoff,Felisha,Olivas,Aaron
Bloomfield,Eugene,Wisoff,London,Bloomfield,Nicholas
Olivas,Susanna,Wisoff,Felisha,Olivas,Aaron
Bloomfield,Colton,Wisoff,London,Bloomfield,Nicholas
Olivas,Chelsy,Wisoff,Felisha,Olivas,Aaron
Bloomfield,Marc,Wisoff,London,Bloomfield,Nicholas
Olivas,Markia,Wisoff,Felisha,Olivas,Aaron
Bloomfield,Casey,Wisoff,London,Bloomfield,Nicholas
Olivas,Shakia,Wisoff,Felisha,Olivas,Aaron
Bloomfield,Deleon,Wisoff,London,Bloomfield,Nicholas
Olivas,Jeanette,Wisoff,Felisha,Olivas,Aaron
Bloomfield,Myles,Wisoff,London,Bloomfield,Nicholas
Olivas,Heidy,Wisoff,Felisha,Olivas,Aaron
Bloomfield,Nathanael,Wisoff,Francisca,Bloomfield,Esteban
Olivas,Molli,Wisoff,Felisha,Olivas,Aaron
Bloomfield,Dalton,Wisoff,Francisca,Bloomfield,Esteban
Wisoff,Jade,Olivas,Emiley,Wisoff,Tallon
Bloomfield,Rahim,Wisoff,Francisca,Bloomfield,Esteban
Wisoff,Leana,Olivas,Emiley,Wisoff,Tallon
Bloomfield,Leonardo,Wisoff,Daja,Bloomfield,Danny
Wisoff,Aundrea,Olivas,Emiley,Wisoff,Tallon
Bloomfield,Adrian,Wisoff,Daja,Bloomfield,Danny
Wisoff,Ashlie,Olivas,Emiley,Wisoff,Tallon
Bloomfield,Ivan,Wisoff,Daja,Bloomfield,Danny
Wisoff,Abbie,Olivas,Emiley,Wisoff,Tallon
Bloomfield,Caden,Wisoff,Daja,Bloomfield,Danny
Wisoff,Mattie,Olivas,Emiley,Wisoff,Tallon
Bloomfield,Braeden,Wisoff,Daja,Bloomfield,Danny
Wisoff,Isadora,Olivas,Emiley,Wisoff,Tallon
Bloomfield,Colin,Wisoff,Daja,Bloomfield,Danny
Wisoff,Angelique,Olivas,Emiley,Wisoff,Tallon
Bloomfield,Desmond,Walker,Maggie,Bloomfield,Bernard
Wisoff,Rochelle,Bluford,Presley,Wisoff,Layne
Bloomfield,James,Walker,Maggie,Bloomfield,Bernard
Wisoff,Camisha,Bluford,Presley,Wisoff,Layne
Bloomfield,Kalon,Walker,Maggie,Bloomfield,Bernard
Wisoff,Shae,Bluford,Presley,Wisoff,Layne
Bloomfield,Tallon,Walker,Maggie,Bloomfield,Bernard
Wisoff,Mollie,Bluford,Presley,Wisoff,Layne
Bloomfield,Mohamad,Walker,Maggie,Bloomfield,Bernard
Wisoff,Janessa,Bluford,Presley,Wisoff,Layne
Bloomfield,Keshaun,Walker,Maggie,Bloomfield,Bernard
Wisoff,Debra,Bluford,Presley,Wisoff,Layne
Bloomfield,Anton,Walker,Maggie,Bloomfield,Bernard
Wisoff,Micayla,Bluford,Presley,Wisoff,Layne
Bloomfield,Weston,Walker,Maggie,Bloomfield,Bernard
Wisoff,Destany,Bluford,Presley,Wisoff,Layne
Bloomfield,Bo,Walker,Maggie,Bloomfield,Bernard
Wisoff,Hannah,Bluford,Presley,Wisoff,Layne
Bloomfield,Keifer,Walker,Maggie,Bloomfield,Bernard
Wisoff,Breonna,Bluford,Allysa,Wisoff,Rey
Bloomfield,Lauren,Walker,Helena,Bloomfield,Mauricio
Wisoff,Tayla,Bluford,Ayanna,Wisoff,Leroy
Bloomfield,Alfonso,Walker,Helena,Bloomfield,Mauricio
Wisoff,Kayley,Bluford,Ayanna,Wisoff,Leroy
Bloomfield,Ian,Walker,Helena,Bloomfield,Mauricio
Wisoff,Kalsie,Bluford,Ayanna,Wisoff,Leroy
Bloomfield,Deonta,Walker,Helena,Bloomfield,Mauricio
Wisoff,Elena,Bluford,Ayanna,Wisoff,Leroy
Bloomfield,Rogelio,Walker,Helena,Bloomfield,Mauricio
Wisoff,Rebekah,Bluford,Ayanna,Wisoff,Leroy
Bloomfield,Jamar,Walker,Helena,Bloomfield,Mauricio
Wisoff,Carolyn,Bluford,Ayanna,Wisoff,Leroy
Bloomfield,Harley,Walker,Helena,Bloomfield,Mauricio
Wisoff,Maggie,Bluford,Yuki,Wisoff,Brice
Bloomfield,Salvatore,Walker,Shekinah,Bloomfield,Johnny
Wisoff,Breanne,Bluford,Yuki,Wisoff,Brice
Bloomfield,Justin,Walker,Shekinah,Bloomfield,Johnny
Wisoff,Ramona,Bluford,Yuki,Wisoff,Brice
Bloomfield,Braden,Walker,Shekinah,Bloomfield,Johnny
Bluford,Avery,Wisoff,Mikyla,Bluford,Alan
Bloomfield,Dominick,Walker,Shekinah,Bloomfield,Johnny
Bluford,Tyra,Wisoff,Mikyla,Bluford,Alan
Bloomfield,Jeb,Walker,Anitra,Bloomfield,Jeramie
Bluford,Joceline,Wisoff,Mikyla,Bluford,Alan
Bloomfield,Destin,Walker,Anitra,Bloomfield,Jeramie
Bluford,Kristen,Wisoff,Mikyla,Bluford,Alan
Bloomfield,Conner,Walker,Anitra,Bloomfield,Jeramie
Bluford,Heidy,Wisoff,Mikyla,Bluford,Alan
Bloomfield,Griffin,Walker,Anitra,Bloomfield,Jeramie
Bluford,Destini,Wisoff,Mikyla,Bluford,Alan
Bloomfield,Aleksandr,Walker,Anitra,Bloomfield,Jeramie
Bluford,Kelley,Wisoff,Allyssa,Bluford,Steve
Bloomfield,Jean,Walker,Anitra,Bloomfield,Jeramie
Bluford,Elisa,Wisoff,Allyssa,Bluford,Steve
Bloomfield,Dedrick,Walker,Mandy,Bloomfield,Angel
Bluford,Haiden,Wisoff,Allyssa,Bluford,Steve
Bloomfield,Marielle,Walker,Mandy,Bloomfield,Angel
Bluford,Itzel,Wisoff,Allyssa,Bluford,Steve
Bloomfield,Tavon,Walker,Mandy,Bloomfield,Angel
Bluford,Perla,Wisoff,Allyssa,Bluford,Steve
Bloomfield,Brice,Walker,Mandy,Bloomfield,Angel
Bloomfield,Johana,Wisoff,London,Bloomfield,Nicholas
Bloomfield,Luis,Walker,Mandy,Bloomfield,Angel
Bloomfield,Janna,Wisoff,London,Bloomfield,Nicholas
Bloomfield,Jermaine,Bassett,Vivien,Bloomfield,Rigoberto
Bloomfield,Tiona,Wisoff,London,Bloomfield,Nicholas
Bloomfield,Darrin,Bassett,Vivien,Bloomfield,Rigoberto
Bloomfield,Sheri,Wisoff,London,Bloomfield,Nicholas
Bloomfield,Damien,Bassett,Vivien,Bloomfield,Rigoberto
Bloomfield,Nikki,Wisoff,London,Bloomfield,Nicholas
Bloomfield,Bryan,Bassett,Vivien,Bloomfield,Rigoberto
Bloomfield,Dorian,Wisoff,London,Bloomfield,Nicholas
Bloomfield,Trace,Bassett,Vivien,Bloomfield,Rigoberto
Bloomfield,Caylee,Wisoff,London,Bloomfield,Nicholas
Bloomfield,Jalen,Bassett,Vivien,Bloomfield,Rigoberto
Bloomfield,Krista,Wisoff,London,Bloomfield,Nicholas
Walker,Demonte,Bloomfield,Riley,Walker,Shaquille
Bloomfield,Mallory,Wisoff,London,Bloomfield,Nicholas
Walker,Yovani,Bloomfield,Riley,Walker,Shaquille
Bloomfield,Alex,Wisoff,Daja,Bloomfield,Danny
Walker,Silas,Bloomfield,Riley,Walker,Shaquille
Bloomfield,Jonae,Wisoff,Daja,Bloomfield,Danny
Walker,Jalil,Bloomfield,Riley,Walker,Shaquille
Bloomfield,Kaylin,Wisoff,Daja,Bloomfield,Danny
Walker,Chase,Bloomfield,Riley,Walker,Shaquille
Bloomfield,Briana,Wisoff,Daja,Bloomfield,Danny
Walker,Frank,Bloomfield,Riley,Walker,Shaquille
Bloomfield,Kori,Wisoff,Daja,Bloomfield,Danny
Walker,Zachary,Bloomfield,Riley,Walker,Shaquille
Bloomfield,Lexi,Wisoff,Daja,Bloomfield,Danny
Walker,Nickalus,Bloomfield,Riley,Walker,Shaquille
Bloomfield,Jennie,Wisoff,Daja,Bloomfield,Danny
Walker,Ramon,Bloomfield,Riley,Walker,Shaquille
Bloomfield,Rebekkah,Walker,Maggie,Bloomfield,Bernard
Walker,Josiah,Bloomfield,Annemarie,Walker,Keon
Bloomfield,Naomi,Walker,Maggie,Bloomfield,Bernard
Walker,Johnathen,Bloomfield,Annemarie,Walker,Keon
Bloomfield,Edith,Walker,Maggie,Bloomfield,Bernard
Walker,Jairus,Bloomfield,Annemarie,Walker,Keon
Bloomfield,Breeanna,Walker,Maggie,Bloomfield,Bernard
Walker,Raheem,Bloomfield,Annemarie,Walker,Keon
Bloomfield,Shanna,Walker,Maggie,Bloomfield,Bernard
Walker,Tomas,Bloomfield,Annemarie,Walker,Keon
Bloomfield,Hailey,Walker,Maggie,Bloomfield,Bernard
Walker,Javen,Bloomfield,Annemarie,Walker,Keon
Bloomfield,Liza,Walker,Maggie,Bloomfield,Bernard
Walker,Jai,Bloomfield,Annemarie,Walker,Keon
Bloomfield,Maricela,Walker,Maggie,Bloomfield,Bernard
Walker,Jamel,Bloomfield,Annemarie,Walker,Keon
Bloomfield,Mckenna,Walker,Helena,Bloomfield,Mauricio
Walker,Leland,Bloomfield,Yaritza,Walker,Spenser
Bloomfield,Deondra,Walker,Helena,Bloomfield,Mauricio
Walker,Braden,Bloomfield,Yaritza,Walker,Spenser
Bloomfield,Christian,Walker,Helena,Bloomfield,Mauricio
Walker,Braxton,Bloomfield,Yaritza,Walker,Spenser
Bloomfield,Presley,Walker,Helena,Bloomfield,Mauricio
Walker,Darryl,Bloomfield,Yaritza,Walker,Spenser
Bloomfield,Donisha,Walker,Helena,Bloomfield,Mauricio
Walker,Alfred,Bloomfield,Yaritza,Walker,Spenser
Bloomfield,Jessenia,Walker,Helena,Bloomfield,Mauricio
Walker,Salvatore,Bloomfield,Yaritza,Walker,Spenser
Bloomfield,Kayleen,Walker,Helena,Bloomfield,Mauricio
Walker,Eddie,Bloomfield,Yaritza,Walker,Spenser
Bloomfield,Keisha,Walker,Helena,Bloomfield,Mauricio
Walker,Troy,Bloomfield,Yaritza,Walker,Spenser
Bloomfield,Kaitlynn,Walker,Helena,Bloomfield,Mauricio
Walker,Coleman,Bloomfield,Yaritza,Walker,Spenser
Bloomfield,Sara,Walker,Shekinah,Bloomfield,Johnny
Walker,Bennie,Bloomfield,Yaritza,Walker,Spenser
Bloomfield,Zabrina,Walker,Shekinah,Bloomfield,Johnny
Walker,Marcos,Bloomfield,Yaritza,Walker,Spenser
Bloomfield,Tyeisha,Walker,Shekinah,Bloomfield,Johnny
Bassett,Lazaro,Bloomfield,Jessica,Bassett,Ronnie
Bloomfield,Mara,Walker,Shekinah,Bloomfield,Johnny
Bassett,Mariano,Bloomfield,Jessica,Bassett,Ronnie
Bloomfield,Audrey,Walker,Anitra,Bloomfield,Jeramie
Bassett,Billy,Bloomfield,Jessica,Bassett,Ronnie
Bloomfield,Elijah,Walker,Anitra,Bloomfield,Jeramie
Bassett,Austin,Bloomfield,Jessica,Bassett,Ronnie
Bloomfield,Paris,Walker,Anitra,Bloomfield,Jeramie
Bassett,Casey,Bloomfield,Jessica,Bassett,Ronnie
Bloomfield,Sherry,Walker,Anitra,Bloomfield,Jeramie
Bassett,Keion,Bloomfield,Jessica,Bassett,Ronnie
Bloomfield,Jenny,Walker,Anitra,Bloomfield,Jeramie
Bassett,Abdul,Bloomfield,Jessica,Bassett,Ronnie
Bloomfield,Tehya,Walker,Anitra,Bloomfield,Jeramie
Bassett,Cristian,Bloomfield,Jessica,Bassett,Ronnie
Bloomfield,Kaytlin,Walker,Anitra,Bloomfield,Jeramie
Bassett,Jalen,Bloomfield,Jessica,Bassett,Ronnie
Bloomfield,Lenora,Walker,Anitra,Bloomfield,Jeramie
Bassett,Adam,Bloomfield,Jessica,Bassett,Ronnie
Bloomfield,Kenya,Walker,Mandy,Bloomfield,Angel
Bassett,Quintyn,Bloomfield,Marcela,Bassett,Derick
Bloomfield,Yuki,Walker,Mandy,Bloomfield,Angel
Bassett,Nicholaus,Bloomfield,Marcela,Bassett,Derick
Bloomfield,Connie,Walker,Mandy,Bloomfield,Angel
Bassett,Dominique,Bloomfield,Marcela,Bassett,Derick
Bloomfield,Chana,Walker,Mandy,Bloomfield,Angel
Bassett,Roberto,Bloomfield,Marcela,Bassett,Derick
Bloomfield,Keishla,Bassett,Vivien,Bloomfield,Rigoberto
Bassett,Mitchell,Thornton,Marlene,Bassett,Keith
Bloomfield,Adriana,Bassett,Vivien,Bloomfield,Rigoberto
Bassett,Jeffrey,Thornton,Marlene,Bassett,Keith
Bloomfield,Francisca,Bassett,Vivien,Bloomfield,Rigoberto
Bassett,Lionel,Thornton,Marlene,Bassett,Keith
Bloomfield,Miracle,Bassett,Vivien,Bloomfield,Rigoberto
Bassett,Jesse,Thornton,Marlene,Bassett,Keith
Bloomfield,Karly,Bassett,Vivien,Bloomfield,Rigoberto
Bassett,Roman,Thornton,Marlene,Bassett,Keith
Bloomfield,Sandy,Bassett,Vivien,Bloomfield,Rigoberto
Bassett,Kirk,Thornton,Marlene,Bassett,Keith
Bloomfield,Kendal,Bassett,Vivien,Bloomfield,Rigoberto
Bassett,Jay,Thornton,Odalys,Bassett,Bruce
Bloomfield,Vivien,Bassett,Vivien,Bloomfield,Rigoberto
Bassett,Chaz,Thornton,Odalys,Bassett,Bruce
Bloomfield,Nicolle,Bassett,Vivien,Bloomfield,Rigoberto
Bassett,Tad,Thornton,Odalys,Bassett,Bruce
Walker,Carley,Bloomfield,Riley,Walker,Shaquille
Bassett,Jameson,Thornton,Odalys,Bassett,Bruce
Walker,Madelyn,Bloomfield,Riley,Walker,Shaquille
Bassett,Corbin,Thornton,Odalys,Bassett,Bruce
Walker,Unique,Bloomfield,Riley,Walker,Shaquille
Bassett,Coy,Thornton,Odalys,Bassett,Bruce
Walker,Angelika,Bloomfield,Riley,Walker,Shaquille
Bassett,Javonte,Thornton,Krysta,Bassett,Leonel
Walker,Debora,Bloomfield,Riley,Walker,Shaquille
Bassett,Armando,Thornton,Krysta,Bassett,Leonel
Walker,Estefany,Bloomfield,Riley,Walker,Shaquille
Bassett,Royce,Thornton,Krysta,Bassett,Leonel
Walker,Iris,Bloomfield,Riley,Walker,Shaquille
Bassett,Lukas,Thornton,Krysta,Bassett,Leonel
Walker,Annette,Bloomfield,Riley,Walker,Shaquille
Bassett,Miguel,Thornton,Krysta,Bassett,Leonel
Walker,Dana,Bloomfield,Riley,Walker,Shaquille
Bassett,Arturo,Thornton,Krysta,Bassett,Leonel
Walker,Yessenia,Bloomfield,Riley,Walker,Shaquille
Bassett,Diamond,Thornton,Krysta,Bassett,Leonel
Walker,Marisa,Bloomfield,Annemarie,Walker,Keon
Thornton,Latrell,Bassett,Cassidy,Thornton,Ashton
Walker,Britni,Bloomfield,Annemarie,Walker,Keon
Thornton,Bryson,Bassett,Cassidy,Thornton,Ashton
Walker,Cheyann,Bloomfield,Annemarie,Walker,Keon
Thornton,Kristofer,Bassett,Cassidy,Thornton,Ashton
Walker,Esperanza,Bloomfield,Annemarie,Walker,Keon
Thornton,Theodore,Bassett,Cassidy,Thornton,Ashton
Walker,Lindsay,Bloomfield,Annemarie,Walker,Keon
Thornton,Bo,Bassett,Cassidy,Thornton,Ashton
Walker,Kali,Bloomfield,Annemarie,Walker,Keon
Thornton,Bennett,Bassett,Cassidy,Thornton,Ashton
Walker,Jenniffer,Bloomfield,Annemarie,Walker,Keon
Thornton,Peyton,Bassett,Merissa,Thornton,Wyatt
Walker,Kimberly,Bloomfield,Annemarie,Walker,Keon
Thornton,Freeman,Bassett,Merissa,Thornton,Wyatt
Walker,Simone,Bloomfield,Annemarie,Walker,Keon
Thornton,Tristan,Bassett,Merissa,Thornton,Wyatt
Walker,Bridgett,Bloomfield,Annemarie,Walker,Keon
Thornton,Trevor,Bassett,Shelley,Thornton,Yobani
Walker,Valerie,Bloomfield,Yaritza,Walker,Spenser
Thornton,Kasey,Bassett,Shelley,Thornton,Yobani
Walker,Maryann,Bloomfield,Yaritza,Walker,Spenser
Thornton,Daquan,Bassett,Mindy,Thornton,Olivier
Walker,Shyanne,Bloomfield,Yaritza,Walker,Spenser
Thornton,Kelvin,Bassett,Mindy,Thornton,Olivier
Walker,Baylee,Bloomfield,Yaritza,Walker,Spenser
Thornton,Killian,Bassett,Mindy,Thornton,Olivier
Walker,Alexandria,Bloomfield,Yaritza,Walker,Spenser
Thornton,Ethan,Bassett,Mindy,Thornton,Olivier
Bassett,Angle,Bloomfield,Jessica,Bassett,Ronnie
Thornton,Keaton,Bassett,India,Thornton,Paris
Bassett,Alexi,Bloomfield,Jessica,Bassett,Ronnie
Thornton,Terrence,Bassett,India,Thornton,Paris
Bassett,Deondra,Bloomfield,Jessica,Bassett,Ronnie
Thornton,Santana,Bassett,Anissa,Thornton,Samuel
Bassett,Kelsey,Bloomfield,Jessica,Bassett,Ronnie
Thornton,Alexandro,Bassett,Anissa,Thornton,Samuel
Bassett,Kayli,Bloomfield,Jessica,Bassett,Ronnie
Thornton,Donovan,Bassett,Keely,Thornton,Keagan
Bassett,Cheyanne,Bloomfield,Jessica,Bassett,Ronnie
Thornton,Jajuan,Bassett,Keely,Thornton,Keagan
Bassett,Kelsy,Bloomfield,Jessica,Bassett,Ronnie
Thornton,Amari,Bassett,Keely,Thornton,Keagan
Bassett,Chaya,Bloomfield,Marcela,Bassett,Derick
Thornton,Brayden,Bassett,Keely,Thornton,Keagan
Bassett,Caitriona,Bloomfield,Marcela,Bassett,Derick
Thornton,Keanu,Bassett,Keely,Thornton,Keagan
Bassett,Lesli,Bloomfield,Marcela,Bassett,Derick
Thornton,Aaron,Bassett,Keely,Thornton,Keagan
Bassett,Marlene,Thornton,Marlene,Bassett,Keith
Thornton,Mario,Bassett,Keely,Thornton,Keagan
Bassett,Brielle,Thornton,Marlene,Bassett,Keith
Thornton,Billy,Bassett,Keely,Thornton,Keagan
Bassett,Shyanne,Thornton,Marlene,Bassett,Keith
Thornton,Cecil,Bassett,Keely,Thornton,Keagan
Bassett,Tyeisha,Thornton,Marlene,Bassett,Keith
Thornton,Curtis,Bassett,Keely,Thornton,Keagan
Bassett,Kaela,Thornton,Marlene,Bassett,Keith
Thornton,Erik,Bassett,Hallie,Thornton,Kareem
Bassett,Nina,Thornton,Marlene,Bassett,Keith
Thornton,Tavon,Bassett,Hallie,Thornton,Kareem
Bassett,Kori,Thornton,Odalys,Bassett,Bruce
Thornton,Santos,Edwards,Domonique,Thornton,Coy
Bassett,Kaylah,Thornton,Odalys,Bassett,Bruce
Edwards,Reese,Thornton,Dasia,Edwards,Gerardo
Bassett,Siearra,Thornton,Odalys,Bassett,Bruce
Edwards,Daquan,Thornton,Candy,Edwards,Kapil
Bassett,Sadie,Thornton,Odalys,Bassett,Bruce
Edwards,Ryan,Thornton,Candy,Edwards,Kapil
Bassett,Precious,Thornton,Odalys,Bassett,Bruce
Edwards,Bryan,Thornton,Candy,Edwards,Kapil
Bassett,Cristina,Thornton,Odalys,Bassett,Bruce
Edwards,Chadwick,Thornton,Candy,Edwards,Kapil
Bassett,Devyn,Thornton,Odalys,Bassett,Bruce
Edwards,Duncan,Thornton,Candy,Edwards,Kapil
Bassett,Cheyenne,Thornton,Krysta,Bassett,Leonel
Edwards,Kenyon,Thornton,Candy,Edwards,Kapil
Bassett,Kiera,Thornton,Krysta,Bassett,Leonel
Edwards,Trenton,Thornton,Candy,Edwards,Kapil
Bassett,Tynia,Thornton,Krysta,Bassett,Leonel
Edwards,Jerome,Thornton,Candy,Edwards,Kapil
Bassett,Malina,Thornton,Krysta,Bassett,Leonel
Edwards,Demarco,Thornton,Candy,Edwards,Kapil
Thornton,Tayler,Bassett,Cassidy,Thornton,Ashton
Edwards,Tucker,Thornton,Candy,Edwards,Kapil
Thornton,Tessa,Bassett,Cassidy,Thornton,Ashton
Edwards,Scott,Thornton,Candy,Edwards,Kapil
Thornton,Jasmine,Bassett,Cassidy,Thornton,Ashton
Edwards,Jason,Thornton,Candy,Edwards,Kapil
Thornton,Mattie,Bassett,Cassidy,Thornton,Ashton
Edwards,Ethan,Thornton,Regan,Edwards,Nick
Thornton,Tatyana,Bassett,Cassidy,Thornton,Ashton
Edwards,Valentin,Thornton,Regan,Edwards,Nick
Thornton,Kelsy,Bassett,Merissa,Thornton,Wyatt
Edwards,Kieran,Thornton,Regan,Edwards,Nick
Thornton,Mallory,Bassett,Merissa,Thornton,Wyatt
Edwards,Erin,Thornton,Regan,Edwards,Nick
Thornton,Julissa,Bassett,Merissa,Thornton,Wyatt
Edwards,Tyson,Thornton,Regan,Edwards,Nick
Thornton,Mykelle,Bassett,Merissa,Thornton,Wyatt
Edwards,Wade,Thornton,Daesha,Edwards,Lucas
Thornton,Adele,Bassett,Merissa,Thornton,Wyatt
Edwards,Quinton,Thornton,Daesha,Edwards,Lucas
Thornton,Samira,Bassett,Merissa,Thornton,Wyatt
Edwards,Issac,Thornton,Daesha,Edwards,Lucas
Thornton,Alex,Bassett,Merissa,Thornton,Wyatt
Edwards,Gerald,Thornton,Daesha,Edwards,Lucas
Thornton,Fabiola,Bassett,Merissa,Thornton,Wyatt
Edwards,Alek,Thornton,Daesha,Edwards,Lucas
Thornton,Macey,Bassett,Merissa,Thornton,Wyatt
Edwards,Garin,Thornton,Daesha,Edwards,Lucas
Thornton,Joyce,Bassett,Merissa,Thornton,Wyatt
Edwards,Gary,Thornton,Daesha,Edwards,Lucas
Thornton,Leanna,Bassett,Merissa,Thornton,Wyatt
Edwards,Clayton,Thornton,Daesha,Edwards,Lucas
Thornton,Tia,Bassett,Shelley,Thornton,Yobani
Edwards,Ryland,Thornton,Daesha,Edwards,Lucas
Thornton,Precious,Bassett,Shelley,Thornton,Yobani
Edwards,Jovan,Thornton,Daesha,Edwards,Lucas
Thornton,Holland,Bassett,Shelley,Thornton,Yobani
Edwards,Lloyd,Thornton,Daesha,Edwards,Lucas
Thornton,Sheri,Bassett,Mindy,Thornton,Olivier
Edwards,Pedro,Thornton,Daesha,Edwards,Lucas
Thornton,Juliana,Bassett,Mindy,Thornton,Olivier
Edwards,Kelsey,Thornton,Daesha,Edwards,Lucas
Thornton,Graciela,Bassett,Mindy,Thornton,Olivier
Edwards,Jarred,Thornton,Daesha,Edwards,Lucas
Thornton,Candice,Bassett,Mindy,Thornton,Olivier
Edwards,Hashim,Thornton,Daesha,Edwards,Lucas
Thornton,Kiara,Bassett,Mindy,Thornton,Olivier
Edwards,Jamir,Thornton,Daesha,Edwards,Lucas
Thornton,Paulina,Bassett,Mindy,Thornton,Olivier
Edwards,Deandre,Thornton,Daesha,Edwards,Lucas
Thornton,Karli,Bassett,Mindy,Thornton,Olivier
Edwards,Francisco,Thornton,Daesha,Edwards,Lucas
Thornton,Symphony,Bassett,Mindy,Thornton,Olivier
Edwards,Shaun,Thornton,Daesha,Edwards,Lucas
Thornton,Sadie,Bassett,Mindy,Thornton,Olivier
Edwards,Chase,Thornton,Daesha,Edwards,Lucas
Thornton,Danielle,Bassett,India,Thornton,Paris
Edwards,Larry,Thornton,Chelsie,Edwards,Nadav
Thornton,Keana,Bassett,Anissa,Thornton,Samuel
Edwards,Howard,Thornton,Chelsie,Edwards,Nadav
Thornton,Elisa,Bassett,Anissa,Thornton,Samuel
Edwards,Yakov,Thornton,Chelsie,Edwards,Nadav
Thornton,Michele,Bassett,Keely,Thornton,Keagan
Edwards,Nolan,Thornton,Chelsie,Edwards,Nadav
Thornton,Sharon,Bassett,Keely,Thornton,Keagan
Edwards,John,Thornton,Chelsie,Edwards,Nadav
Thornton,Janessa,Bassett,Keely,Thornton,Keagan
Edwards,Louis,Thornton,Chelsie,Edwards,Nadav
Thornton,Angelique,Bassett,Keely,Thornton,Keagan
Edwards,Fred,Thornton,Chelsie,Edwards,Nadav
Thornton,Lauryn,Bassett,Keely,Thornton,Keagan
Edwards,Hakeem,Thornton,Chelsie,Edwards,Nadav
Thornton,Tatiana,Bassett,Keely,Thornton,Keagan
Edwards,Jaylon,Thornton,Chelsie,Edwards,Nadav
Thornton,Brenda,Bassett,Keely,Thornton,Keagan
Edwards,Weston,Thornton,Chelsie,Edwards,Nadav
Thornton,Judy,Bassett,Keely,Thornton,Keagan
Edwards,Lane,Thornton,Chelsie,Edwards,Nadav
Thornton,Mona,Bassett,Hallie,Thornton,Kareem
Edwards,Bret,Thornton,Chelsie,Edwards,Nadav
Thornton,Maisie,Bassett,Hallie,Thornton,Kareem
Edwards,Marquise,Thornton,Chelsie,Edwards,Nadav
Thornton,Blaine,Bassett,Hallie,Thornton,Kareem
Edwards,Romeo,Thornton,Chelsie,Edwards,Nadav
Thornton,Sierra,Bassett,Hallie,Thornton,Kareem
Edwards,Houston,Thornton,Chelsie,Edwards,Nadav
Thornton,Kayleen,Bassett,Hallie,Thornton,Kareem
McCulley,Ernesto,Thornton,Nichole,McCulley,Hugo
Thornton,Haleigh,Bassett,Hallie,Thornton,Kareem
McCulley,Marc,Thornton,Nichole,McCulley,Hugo
Thornton,Diamond,Bassett,Hallie,Thornton,Kareem
McCulley,Ivan,Thornton,Nichole,McCulley,Hugo
Thornton,Breana,Bassett,Hallie,Thornton,Kareem
McCulley,Collin,Thornton,Nichole,McCulley,Hugo
Thornton,Linnea,Bassett,Hallie,Thornton,Kareem
McCulley,Carlos,Thornton,Nichole,McCulley,Hugo
Thornton,Debora,Edwards,Domonique,Thornton,Coy
McCulley,Austyn,Thornton,Nichole,McCulley,Hugo
Thornton,Phoebe,Edwards,Domonique,Thornton,Coy
McCulley,Willis,Thornton,Nichole,McCulley,Hugo
Thornton,Savanna,Edwards,Domonique,Thornton,Coy
McCulley,Leonel,Thornton,Nichole,McCulley,Hugo
Thornton,Ciara,Edwards,Domonique,Thornton,Coy
McCulley,Howard,Thornton,Nichole,McCulley,Hugo
Thornton,Kayle,Edwards,Domonique,Thornton,Coy
McCulley,Jace,Thornton,Nichole,McCulley,Hugo
Thornton,Alycia,Edwards,Domonique,Thornton,Coy
McCulley,Isaac,Thornton,Nichole,McCulley,Hugo
Edwards,Yuki,Thornton,Dasia,Edwards,Gerardo
McCulley,Mckay,Thornton,Nichole,McCulley,Hugo
Edwards,Keana,Thornton,Dasia,Edwards,Gerardo
McCulley,Tomas,Thornton,Nichole,McCulley,Hugo
Edwards,Brook,Thornton,Dasia,Edwards,Gerardo
McCulley,Camden,Thornton,Nichole,McCulley,Hugo
Edwards,Emilie,Thornton,Dasia,Edwards,Gerardo
McCulley,Stanley,Thornton,Nichole,McCulley,Hugo
Edwards,Cindy,Thornton,Dasia,Edwards,Gerardo
McCulley,Alfredo,Thornton,Nichole,McCulley,Hugo
Edwards,Lena,Thornton,Dasia,Edwards,Gerardo
McCulley,Alek,Edwards,Dasia,McCulley,Graham
Edwards,Banesa,Thornton,Dasia,Edwards,Gerardo
McCulley,Bronson,Edwards,Dasia,McCulley,Graham
Edwards,Isabel,Thornton,Dasia,Edwards,Gerardo
McCulley,Rex,Edwards,Dasia,McCulley,Graham
Edwards,Latosha,Thornton,Dasia,Edwards,Gerardo
McCulley,Nick,Edwards,Dasia,McCulley,Graham
Edwards,Spencer,Thornton,Candy,Edwards,Kapil
McCulley,Alfonso,Edwards,Dasia,McCulley,Graham
Edwards,Makenzi,Thornton,Candy,Edwards,Kapil
McCulley,Enoch,Edwards,Dasia,McCulley,Graham
Edwards,Shane,Thornton,Candy,Edwards,Kapil
McCulley,Dontae,Edwards,Dasia,McCulley,Graham
Edwards,Clare,Thornton,Regan,Edwards,Nick
McCulley,Jaleel,Edwards,Dasia,McCulley,Graham
Edwards,Morgan,Thornton,Regan,Edwards,Nick
McCulley,Demetrius,Edwards,Dasia,McCulley,Graham
Edwards,Dena,Thornton,Regan,Edwards,Nick
