Engle,Trey,Lenoir,Lorena,Engle,Brodie
Henize,Emerald,Garriott,Samantha,Henize,Rhett
Creamer,Jermaine,Melroy,Yasmine,Creamer,Lucas
Schirra,Gina,Hobaugh,Reyanna,Schirra,Norman
Worden,Jordon,Scobee,Tammy,Worden,Dylan
Grout,Leandra,Thorne,Keara,Grout,Errol
Edwards,Jessee,Wilcutt,Simone,Edwards,Donte
Pierce,Kennedy,Worden,Julia,Pierce,Lamar
Lockhart,Nicholas,Onizuka,Veronica,Lockhart,Sterling
Lee,Gabriele,Gruber,Elana,Lee,Quincy
Nagel,Camron,Precour,Janay,Nagel,Romello
Searfoss,Nayeli,Reagan,Libby,Searfoss,Sergio
Gardner,Stewart,Wheelock,Hope,Gardner,Nestor
Resnik,Stevie,Lenoir,Rebeca,Resnik,Alec
Jernigan,Frank,Nagel,Ansley,Jernigan,Willie
Harrison,Serena,Meade,Kalee,Harrison,Ibrahim
Valheim,Rayvon,Allen,Shelly,Valheim,Bradly
Lucid,Yasmin,O'Leary,Meaghan,Lucid,Kelsey
Garriott,Juancarlos,Lincoln,Annalisa,Garriott,Elijah
Gorie,Isis,Whitson,Noemi,Gorie,Douglas
Evans,Daquan,Bowersox,Angelika,Evans,Marvin
Mullane,Deyaneira,Irwin,Audra,Mullane,Philip
Still,Sahil,Daniels,Kasandra,Still,Freddy
Llewellyn,Leticia,Hobaugh,Jennifer,Llewellyn,Ray
Helms,Preston,Madison,Brooke,Helms,Barry
Chaffee,Catherine,Camarda,Gabriella,Chaffee,Dimitri
Truman,Kendall,Culbertson,Holli,Truman,Theodore
Lawrence,Onesha,Bagian,Kaylyn,Lawrence,Preston
Tani,Bryan,Chiao,Zahra,Tani,Timothy
Engle,Elena,Henize,Emerald,Engle,Trey
Barry,Leonardo,Still,Malika,Barry,Clarence
Engle,Rachel,Henize,Emerald,Engle,Trey
Engle,Mauro,Henize,Emerald,Engle,Trey
Engle,Alexia,Henize,Emerald,Engle,Trey
Engle,Alan,Henize,Emerald,Engle,Trey
Engle,Tracy,Henize,Emerald,Engle,Trey
Engle,Jordan,Henize,Emerald,Engle,Trey
Engle,Amina,Henize,Emerald,Engle,Trey
Engle,Coy,Henize,Emerald,Engle,Trey
Engle,Janay,Henize,Emerald,Engle,Trey
Engle,Quanterriu,Henize,Emerald,Engle,Trey
Engle,Domonique,Henize,Emerald,Engle,Trey
Creamer,Jovonte,Schirra,Gina,Creamer,Jermaine
Engle,Kristin,Henize,Emerald,Engle,Trey
Creamer,Yobani,Schirra,Gina,Creamer,Jermaine
Engle,Elexus,Henize,Emerald,Engle,Trey
Creamer,Zane,Schirra,Gina,Creamer,Jermaine
Engle,Alisa,Henize,Emerald,Engle,Trey
Creamer,Bronson,Schirra,Gina,Creamer,Jermaine
Engle,Gabrielle,Henize,Emerald,Engle,Trey
Creamer,Gerald,Schirra,Gina,Creamer,Jermaine
Engle,Angelique,Henize,Emerald,Engle,Trey
Creamer,Colbey,Schirra,Gina,Creamer,Jermaine
Engle,Estefany,Henize,Emerald,Engle,Trey
Creamer,Edwin,Schirra,Gina,Creamer,Jermaine
Creamer,Tyeisha,Schirra,Gina,Creamer,Jermaine
Creamer,Salvatore,Schirra,Gina,Creamer,Jermaine
Creamer,Claudia,Schirra,Gina,Creamer,Jermaine
Worden,Karl,Grout,Leandra,Worden,Jordon
Creamer,Yvonne,Schirra,Gina,Creamer,Jermaine
Worden,Zaquan,Grout,Leandra,Worden,Jordon
Creamer,Klee,Schirra,Gina,Creamer,Jermaine
Worden,Daequan,Grout,Leandra,Worden,Jordon
Creamer,Kaylah,Schirra,Gina,Creamer,Jermaine
Worden,Nicholas,Grout,Leandra,Worden,Jordon
Creamer,Chana,Schirra,Gina,Creamer,Jermaine
Worden,Montana,Grout,Leandra,Worden,Jordon
Creamer,Carina,Schirra,Gina,Creamer,Jermaine
Engle,Brodie,Lenoir,Lorena,Henize,Rhett,Boilermaker
Worden,Jerryd,Grout,Leandra,Worden,Jordon
Creamer,Brigitte,Schirra,Gina,Creamer,Jermaine
Edwards,Deandre,Pierce,Kennedy,Edwards,Jessee
Creamer,Haleigh,Schirra,Gina,Creamer,Jermaine
Edwards,Jacori,Pierce,Kennedy,Edwards,Jessee
Creamer,Zoi,Schirra,Gina,Creamer,Jermaine
Edwards,Koby,Pierce,Kennedy,Edwards,Jessee
Worden,Madelyn,Grout,Leandra,Worden,Jordon
Edwards,Taylor,Pierce,Kennedy,Edwards,Jessee
Worden,Kourtney,Grout,Leandra,Worden,Jordon
Edwards,Jade,Pierce,Kennedy,Edwards,Jessee
Worden,Kirsten,Grout,Leandra,Worden,Jordon
Edwards,Kellen,Pierce,Kennedy,Edwards,Jessee
Worden,Carmen,Grout,Leandra,Worden,Jordon
Edwards,Ward,Pierce,Kennedy,Edwards,Jessee
Worden,Xian,Grout,Leandra,Worden,Jordon
Edwards,Emerson,Pierce,Kennedy,Edwards,Jessee
Worden,Isadora,Grout,Leandra,Worden,Jordon
Edwards,Jacob,Pierce,Kennedy,Edwards,Jessee
Worden,Carolyn,Grout,Leandra,Worden,Jordon
Edwards,Raymond,Pierce,Kennedy,Edwards,Jessee
Worden,Raven,Grout,Leandra,Worden,Jordon
Edwards,Earl,Pierce,Kennedy,Edwards,Jessee
Worden,Amber,Grout,Leandra,Worden,Jordon
Edwards,Darien,Pierce,Kennedy,Edwards,Jessee
Worden,Alondra,Grout,Leandra,Worden,Jordon
Edwards,Titus,Pierce,Kennedy,Edwards,Jessee
Worden,Tasha,Grout,Leandra,Worden,Jordon
Lockhart,Deandre,Lee,Gabriele,Lockhart,Nicholas
Edwards,Ashlyn,Pierce,Kennedy,Edwards,Jessee
Lockhart,Barrett,Lee,Gabriele,Lockhart,Nicholas
Edwards,Kassidy,Pierce,Kennedy,Edwards,Jessee
Lockhart,Trevon,Lee,Gabriele,Lockhart,Nicholas
Edwards,Lisa,Pierce,Kennedy,Edwards,Jessee
Lockhart,Jacob,Lee,Gabriele,Lockhart,Nicholas
Edwards,Allison,Pierce,Kennedy,Edwards,Jessee
Nagel,Marcos,Searfoss,Nayeli,Nagel,Camron
Edwards,Spencer,Pierce,Kennedy,Edwards,Jessee
Nagel,Jon,Searfoss,Nayeli,Nagel,Camron
Edwards,Estela,Pierce,Kennedy,Edwards,Jessee
Nagel,Edgar,Searfoss,Nayeli,Nagel,Camron
Edwards,Shea,Pierce,Kennedy,Edwards,Jessee
Nagel,Damion,Searfoss,Nayeli,Nagel,Camron
Lockhart,Kaydee,Lee,Gabriele,Lockhart,Nicholas
Nagel,Jonathan,Searfoss,Nayeli,Nagel,Camron
Lockhart,Paula,Lee,Gabriele,Lockhart,Nicholas
Nagel,Kai,Searfoss,Nayeli,Nagel,Camron
Lockhart,Kayley,Lee,Gabriele,Lockhart,Nicholas
Nagel,Bernard,Searfoss,Nayeli,Nagel,Camron
Lockhart,Michele,Lee,Gabriele,Lockhart,Nicholas
Nagel,Tyrone,Searfoss,Nayeli,Nagel,Camron
Lockhart,Destinee,Lee,Gabriele,Lockhart,Nicholas
Gardner,Frederick,Resnik,Stevie,Gardner,Stewart
Lockhart,Paloma,Lee,Gabriele,Lockhart,Nicholas
Gardner,Adalberto,Resnik,Stevie,Gardner,Stewart
Lockhart,Gladys,Lee,Gabriele,Lockhart,Nicholas
Gardner,Jairus,Resnik,Stevie,Gardner,Stewart
Lockhart,Kamri,Lee,Gabriele,Lockhart,Nicholas
Gardner,Denver,Resnik,Stevie,Gardner,Stewart
Nagel,Lilibeth,Searfoss,Nayeli,Nagel,Camron
Gardner,Ricky,Resnik,Stevie,Gardner,Stewart
Nagel,Xandria,Searfoss,Nayeli,Nagel,Camron
Jernigan,Daylon,Harrison,Serena,Jernigan,Frank
Nagel,Suleyma,Searfoss,Nayeli,Nagel,Camron
Jernigan,Bruce,Harrison,Serena,Jernigan,Frank
Nagel,Jewel,Searfoss,Nayeli,Nagel,Camron
Jernigan,Quanterriu,Harrison,Serena,Jernigan,Frank
Nagel,Stefanie,Searfoss,Nayeli,Nagel,Camron
Jernigan,Damion,Harrison,Serena,Jernigan,Frank
Nagel,Yasmine,Searfoss,Nayeli,Nagel,Camron
Jernigan,Keanu,Harrison,Serena,Jernigan,Frank
Gardner,Mackenzie,Resnik,Stevie,Gardner,Stewart
Jernigan,Damon,Harrison,Serena,Jernigan,Frank
Gardner,Terri,Resnik,Stevie,Gardner,Stewart
Jernigan,Humberto,Harrison,Serena,Jernigan,Frank
Gardner,Mariah,Resnik,Stevie,Gardner,Stewart
Jernigan,Wayne,Harrison,Serena,Jernigan,Frank
Jernigan,Kira,Harrison,Serena,Jernigan,Frank
Valheim,Kendrick,Lucid,Yasmin,Valheim,Rayvon
Jernigan,Aesha,Harrison,Serena,Jernigan,Frank
Valheim,Emanuel,Lucid,Yasmin,Valheim,Rayvon
Jernigan,Tamisha,Harrison,Serena,Jernigan,Frank
Valheim,Bailey,Lucid,Yasmin,Valheim,Rayvon
Jernigan,Shekinah,Harrison,Serena,Jernigan,Frank
Valheim,Rafael,Lucid,Yasmin,Valheim,Rayvon
Jernigan,Allison,Harrison,Serena,Jernigan,Frank
Valheim,Hiram,Lucid,Yasmin,Valheim,Rayvon
Jernigan,Kyra,Harrison,Serena,Jernigan,Frank
Valheim,Nolan,Lucid,Yasmin,Valheim,Rayvon
Valheim,Keira,Lucid,Yasmin,Valheim,Rayvon
Valheim,Frankie,Lucid,Yasmin,Valheim,Rayvon
Valheim,Jayda,Lucid,Yasmin,Valheim,Rayvon
Valheim,Micah,Lucid,Yasmin,Valheim,Rayvon
Valheim,Ashlee,Lucid,Yasmin,Valheim,Rayvon
Valheim,Jerome,Lucid,Yasmin,Valheim,Rayvon
Valheim,Elsa,Lucid,Yasmin,Valheim,Rayvon
Valheim,Malachi,Lucid,Yasmin,Valheim,Rayvon
Valheim,Annie,Lucid,Yasmin,Valheim,Rayvon
Valheim,Jarred,Lucid,Yasmin,Valheim,Rayvon
Garriott,Aja,Gorie,Isis,Garriott,Juancarlos
Valheim,Cruz,Lucid,Yasmin,Valheim,Rayvon
Garriott,Valentina,Gorie,Isis,Garriott,Juancarlos
Valheim,Arnold,Lucid,Yasmin,Valheim,Rayvon
Garriott,Casandra,Gorie,Isis,Garriott,Juancarlos
Valheim,Shane,Lucid,Yasmin,Valheim,Rayvon
Garriott,Noemi,Gorie,Isis,Garriott,Juancarlos
Garriott,Clinton,Gorie,Isis,Garriott,Juancarlos
Garriott,Janessa,Gorie,Isis,Garriott,Juancarlos
Garriott,Shawn,Gorie,Isis,Garriott,Juancarlos
Evans,Patricia,Mullane,Deyaneira,Evans,Daquan
Garriott,Paul,Gorie,Isis,Garriott,Juancarlos
Evans,Kady,Mullane,Deyaneira,Evans,Daquan
Garriott,Braxton,Gorie,Isis,Garriott,Juancarlos
Evans,Amy,Mullane,Deyaneira,Evans,Daquan
Garriott,Alfred,Gorie,Isis,Garriott,Juancarlos
Evans,Jessica,Mullane,Deyaneira,Evans,Daquan
Garriott,Bjorn,Gorie,Isis,Garriott,Juancarlos
Evans,Valencia,Mullane,Deyaneira,Evans,Daquan
Evans,Malcolm,Mullane,Deyaneira,Evans,Daquan
Evans,Chandler,Mullane,Deyaneira,Evans,Daquan
Evans,Shea,Mullane,Deyaneira,Evans,Daquan
Evans,Luna,Mullane,Deyaneira,Evans,Daquan
Evans,Dyllon,Mullane,Deyaneira,Evans,Daquan
Still,Katarina,Llewellyn,Leticia,Still,Sahil
Evans,Sahil,Mullane,Deyaneira,Evans,Daquan
Still,Laquisha,Llewellyn,Leticia,Still,Sahil
Evans,Zachary,Mullane,Deyaneira,Evans,Daquan
Still,Elisa,Llewellyn,Leticia,Still,Sahil
Evans,Jaylen,Mullane,Deyaneira,Evans,Daquan
Still,Shoshana,Llewellyn,Leticia,Still,Sahil
Evans,German,Mullane,Deyaneira,Evans,Daquan
Still,Shea,Llewellyn,Leticia,Still,Sahil
Evans,Baby,Mullane,Deyaneira,Evans,Daquan
Still,Antonia,Llewellyn,Leticia,Still,Sahil
Evans,Kody,Mullane,Deyaneira,Evans,Daquan
Still,Rebekkah,Llewellyn,Leticia,Still,Sahil
Evans,Anton,Mullane,Deyaneira,Evans,Daquan
Still,Camisha,Llewellyn,Leticia,Still,Sahil
Still,Jules,Llewellyn,Leticia,Still,Sahil
Helms,Kiesha,Chaffee,Catherine,Helms,Preston
Still,Dequan,Llewellyn,Leticia,Still,Sahil
Truman,Elise,Lawrence,Onesha,Truman,Kendall
Still,Warren,Llewellyn,Leticia,Still,Sahil
Truman,Bryanna,Lawrence,Onesha,Truman,Kendall
Still,Andrew,Llewellyn,Leticia,Still,Sahil
Truman,Krista,Lawrence,Onesha,Truman,Kendall
Still,Dana,Llewellyn,Leticia,Still,Sahil
Truman,Macy,Lawrence,Onesha,Truman,Kendall
Still,Javen,Llewellyn,Leticia,Still,Sahil
Truman,Breana,Lawrence,Onesha,Truman,Kendall
Still,Lloyd,Llewellyn,Leticia,Still,Sahil
Truman,Ashanti,Lawrence,Onesha,Truman,Kendall
Still,Wayne,Llewellyn,Leticia,Still,Sahil
Tani,Stephania,Engle,Elena,Tani,Bryan
Still,Myles,Llewellyn,Leticia,Still,Sahil
Tani,Estefani,Engle,Elena,Tani,Bryan
Still,Montana,Llewellyn,Leticia,Still,Sahil
Barry,Valerie,Engle,Rachel,Barry,Leonardo
Still,Bernard,Llewellyn,Leticia,Still,Sahil
Barry,Asha,Engle,Rachel,Barry,Leonardo
Helms,Tristan,Chaffee,Catherine,Helms,Preston
Barry,Alondra,Engle,Rachel,Barry,Leonardo
Helms,Eddie,Chaffee,Catherine,Helms,Preston
Engle,Bianca,Creamer,Tyeisha,Engle,Mauro
Truman,Ronnie,Lawrence,Onesha,Truman,Kendall
Engle,Lily,Creamer,Tyeisha,Engle,Mauro
Truman,Jonathon,Lawrence,Onesha,Truman,Kendall
Engle,Minna,Creamer,Tyeisha,Engle,Mauro
Truman,Joel,Lawrence,Onesha,Truman,Kendall
Engle,Yuki,Creamer,Tyeisha,Engle,Mauro
Truman,Edgardo,Lawrence,Onesha,Truman,Kendall
Engle,Terra,Creamer,Tyeisha,Engle,Mauro
Truman,Dante,Lawrence,Onesha,Truman,Kendall
Engle,Shayla,Creamer,Tyeisha,Engle,Mauro
Tani,Orlando,Engle,Elena,Tani,Bryan
Engle,Trevor,Creamer,Tyeisha,Engle,Mauro
Barry,Marc,Engle,Rachel,Barry,Leonardo
Engle,Clair,Creamer,Tyeisha,Engle,Mauro
Engle,Anders,Creamer,Tyeisha,Engle,Mauro
Engle,Emilia,Creamer,Tyeisha,Engle,Mauro
Engle,Tyreek,Creamer,Tyeisha,Engle,Mauro
Engle,Tawny,Creamer,Tyeisha,Engle,Mauro
Engle,Deric,Creamer,Tyeisha,Engle,Mauro
Engle,Tessa,Creamer,Claudia,Engle,Alan
Engle,Chase,Creamer,Tyeisha,Engle,Mauro
Engle,Casie,Creamer,Claudia,Engle,Alan
Engle,Diego,Creamer,Tyeisha,Engle,Mauro
Engle,Luisa,Creamer,Claudia,Engle,Alan
Engle,Sterling,Creamer,Tyeisha,Engle,Mauro
Engle,Breanna,Creamer,Claudia,Engle,Alan
Engle,Diamond,Creamer,Claudia,Engle,Alan
Engle,Imelda,Creamer,Yvonne,Engle,Jordan
Engle,Gilberto,Creamer,Claudia,Engle,Alan
Engle,Heavenly,Creamer,Yvonne,Engle,Jordan
Engle,Montel,Creamer,Claudia,Engle,Alan
Engle,Marlee,Creamer,Yvonne,Engle,Jordan
Engle,Raequan,Creamer,Claudia,Engle,Alan
Engle,Connie,Creamer,Yvonne,Engle,Jordan
Engle,Peyton,Creamer,Claudia,Engle,Alan
Engle,Shae,Creamer,Yvonne,Engle,Jordan
Engle,Bennett,Creamer,Claudia,Engle,Alan
Engle,Blake,Creamer,Yvonne,Engle,Jordan
Engle,Jack,Creamer,Claudia,Engle,Alan
Engle,Melody,Creamer,Yvonne,Engle,Jordan
Engle,Reynaldo,Creamer,Claudia,Engle,Alan
Engle,Maggie,Creamer,Klee,Engle,Coy
Engle,Jackson,Creamer,Claudia,Engle,Alan
Engle,Harlie,Creamer,Klee,Engle,Coy
Engle,Randy,Creamer,Yvonne,Engle,Jordan
Engle,Makenzie,Creamer,Klee,Engle,Coy
Engle,Kelson,Creamer,Yvonne,Engle,Jordan
Engle,Claire,Creamer,Kaylah,Engle,Quanterriu
Engle,Allan,Creamer,Yvonne,Engle,Jordan
Engle,Janeth,Creamer,Kaylah,Engle,Quanterriu
Engle,Dakota,Creamer,Yvonne,Engle,Jordan
Creamer,Chasity,Engle,Alexia,Creamer,Jovonte
Engle,Steve,Creamer,Yvonne,Engle,Jordan
Creamer,Johnna,Engle,Alexia,Creamer,Jovonte
Engle,Brice,Creamer,Klee,Engle,Coy
Creamer,Kailey,Engle,Alexia,Creamer,Jovonte
Engle,Vicente,Creamer,Klee,Engle,Coy
Creamer,Alysa,Engle,Alexia,Creamer,Jovonte
Engle,Ali,Creamer,Kaylah,Engle,Quanterriu
Creamer,Mindy,Engle,Alexia,Creamer,Jovonte
Engle,Dallin,Creamer,Kaylah,Engle,Quanterriu
Creamer,Joleen,Engle,Alexia,Creamer,Jovonte
Engle,Nicholaus,Creamer,Kaylah,Engle,Quanterriu
Creamer,Gerardo,Engle,Alexia,Creamer,Jovonte
Creamer,Brennon,Engle,Alexia,Creamer,Jovonte
Creamer,Destini,Engle,Alexia,Creamer,Jovonte
Creamer,Darryl,Engle,Alexia,Creamer,Jovonte
Creamer,Jessa,Engle,Alexia,Creamer,Jovonte
Creamer,Louis,Engle,Tracy,Creamer,Yobani
Creamer,Odalys,Engle,Alexia,Creamer,Jovonte
Creamer,Jacky,Engle,Tracy,Creamer,Yobani
Creamer,Drew,Engle,Alexia,Creamer,Jovonte
Creamer,Estevan,Engle,Tracy,Creamer,Yobani
Creamer,Elana,Engle,Tracy,Creamer,Yobani
Creamer,Maxwell,Engle,Tracy,Creamer,Yobani
Creamer,Saige,Engle,Tracy,Creamer,Yobani
Creamer,Darrell,Engle,Tracy,Creamer,Yobani
Creamer,Paxton,Engle,Tracy,Creamer,Yobani
Creamer,Cade,Engle,Tracy,Creamer,Yobani
Creamer,Julia,Engle,Tracy,Creamer,Yobani
Creamer,Bernardo,Engle,Tracy,Creamer,Yobani
Creamer,Kaylie,Engle,Tracy,Creamer,Yobani
Creamer,Stewart,Engle,Amina,Creamer,Zane
Creamer,Arianna,Engle,Tracy,Creamer,Yobani
Creamer,Van,Engle,Amina,Creamer,Zane
Creamer,Gianna,Engle,Tracy,Creamer,Yobani
Creamer,Bennie,Engle,Amina,Creamer,Zane
Creamer,Genna,Engle,Tracy,Creamer,Yobani
Creamer,Charles,Engle,Amina,Creamer,Zane
Creamer,Jaida,Engle,Tracy,Creamer,Yobani
Creamer,Maximillia,Engle,Amina,Creamer,Zane
Creamer,Dalila,Engle,Tracy,Creamer,Yobani
Creamer,Jashua,Engle,Amina,Creamer,Zane
Creamer,Teresa,Engle,Tracy,Creamer,Yobani
Creamer,Raphael,Engle,Amina,Creamer,Zane
Creamer,Porsha,Engle,Tracy,Creamer,Yobani
Creamer,Brady,Engle,Amina,Creamer,Zane
Creamer,Deborah,Engle,Tracy,Creamer,Yobani
Creamer,Pierce,Engle,Amina,Creamer,Zane
Creamer,Linnea,Engle,Amina,Creamer,Zane
Creamer,Maurice,Engle,Janay,Creamer,Bronson
Creamer,Brooke,Engle,Amina,Creamer,Zane
Creamer,Dennis,Engle,Janay,Creamer,Bronson
Creamer,Sarina,Engle,Amina,Creamer,Zane
Creamer,Reece,Engle,Janay,Creamer,Bronson
Creamer,Maryanne,Engle,Amina,Creamer,Zane
Creamer,Colt,Engle,Kristin,Creamer,Colbey
Creamer,Salena,Engle,Amina,Creamer,Zane
Creamer,Calib,Engle,Kristin,Creamer,Colbey
Creamer,Micah,Engle,Amina,Creamer,Zane
Creamer,Conner,Engle,Kristin,Creamer,Colbey
Creamer,Judy,Engle,Amina,Creamer,Zane
Creamer,Sheldon,Engle,Kristin,Creamer,Colbey
Creamer,Heather,Engle,Amina,Creamer,Zane
Creamer,Tallon,Engle,Elexus,Creamer,Edwin
Creamer,Rachael,Engle,Janay,Creamer,Bronson
Creamer,Juancarlos,Engle,Elexus,Creamer,Edwin
Creamer,Ashlie,Engle,Janay,Creamer,Bronson
Creamer,Sam,Engle,Alisa,Creamer,Salvatore
Creamer,Marisa,Engle,Janay,Creamer,Bronson
Creamer,Gary,Engle,Alisa,Creamer,Salvatore
Creamer,Rocio,Engle,Janay,Creamer,Bronson
Creamer,Neal,Engle,Alisa,Creamer,Salvatore
Creamer,Zoey,Engle,Janay,Creamer,Bronson
Creamer,Armani,Engle,Alisa,Creamer,Salvatore
Creamer,Shana,Engle,Janay,Creamer,Bronson
Creamer,Slaten,Engle,Alisa,Creamer,Salvatore
Creamer,Alejandra,Engle,Janay,Creamer,Bronson
Creamer,Jordan,Engle,Alisa,Creamer,Salvatore
Creamer,Kallee,Engle,Domonique,Creamer,Gerald
Creamer,Quinn,Engle,Alisa,Creamer,Salvatore
Creamer,Farrah,Engle,Domonique,Creamer,Gerald
Creamer,Terry,Engle,Alisa,Creamer,Salvatore
Creamer,Deserae,Engle,Domonique,Creamer,Gerald
Creamer,Jerryd,Engle,Alisa,Creamer,Salvatore
Creamer,Valencia,Engle,Kristin,Creamer,Colbey
Creamer,Liam,Engle,Alisa,Creamer,Salvatore
Creamer,Connie,Engle,Kristin,Creamer,Colbey
Creamer,Shawn,Engle,Alisa,Creamer,Salvatore
Creamer,Moesha,Engle,Kristin,Creamer,Colbey
Creamer,Rodolfo,Engle,Alisa,Creamer,Salvatore
Creamer,Camilla,Engle,Kristin,Creamer,Colbey
Worden,Zachary,Engle,Gabrielle,Worden,Karl
Creamer,Devonna,Engle,Kristin,Creamer,Colbey
Worden,Jayson,Engle,Gabrielle,Worden,Karl
Creamer,Ayanna,Engle,Kristin,Creamer,Colbey
Worden,Maurice,Engle,Gabrielle,Worden,Karl
Creamer,Sean,Engle,Kristin,Creamer,Colbey
Worden,Ervin,Engle,Gabrielle,Worden,Karl
Creamer,Maddison,Engle,Kristin,Creamer,Colbey
Worden,Mario,Engle,Gabrielle,Worden,Karl
Creamer,Hilda,Engle,Elexus,Creamer,Edwin
Worden,Brian,Engle,Gabrielle,Worden,Karl
Creamer,Corina,Engle,Elexus,Creamer,Edwin
Worden,Roman,Engle,Gabrielle,Worden,Karl
Creamer,Estefani,Engle,Elexus,Creamer,Edwin
Worden,Gilbert,Engle,Gabrielle,Worden,Karl
Creamer,Riley,Engle,Alisa,Creamer,Salvatore
Worden,Trevor,Engle,Angelique,Worden,Zaquan
Creamer,Celeste,Engle,Alisa,Creamer,Salvatore
Worden,Conor,Engle,Angelique,Worden,Zaquan
Creamer,Makena,Engle,Alisa,Creamer,Salvatore
Worden,Javonte,Engle,Angelique,Worden,Zaquan
Creamer,Rianna,Engle,Alisa,Creamer,Salvatore
Worden,Nathanael,Engle,Estefany,Worden,Daequan
Creamer,India,Engle,Alisa,Creamer,Salvatore
Worden,Aiden,Engle,Estefany,Worden,Daequan
Creamer,Anja,Engle,Alisa,Creamer,Salvatore
Worden,Alvin,Engle,Estefany,Worden,Daequan
Creamer,Sherridan,Engle,Alisa,Creamer,Salvatore
Worden,Edgardo,Engle,Estefany,Worden,Daequan
Creamer,Carlye,Engle,Alisa,Creamer,Salvatore
Worden,Bernard,Engle,Estefany,Worden,Daequan
Worden,Chasity,Engle,Gabrielle,Worden,Karl
Worden,Truman,Engle,Estefany,Worden,Daequan
Worden,Tawny,Engle,Gabrielle,Worden,Karl
Worden,Calib,Creamer,Chana,Worden,Nicholas
Worden,Rebekah,Engle,Gabrielle,Worden,Karl
Worden,Devonte,Creamer,Chana,Worden,Nicholas
Worden,Gabriela,Engle,Gabrielle,Worden,Karl
Worden,Moshe,Creamer,Chana,Worden,Nicholas
Worden,Paige,Engle,Gabrielle,Worden,Karl
Worden,Jalil,Creamer,Chana,Worden,Nicholas
Worden,Regan,Engle,Gabrielle,Worden,Karl
Worden,Lionel,Creamer,Carina,Worden,Montana
Worden,Itati,Engle,Gabrielle,Worden,Karl
Worden,Mathieu,Creamer,Carina,Worden,Montana
Worden,Tarah,Engle,Angelique,Worden,Zaquan
Worden,Marques,Creamer,Carina,Worden,Montana
Worden,Francisca,Engle,Angelique,Worden,Zaquan
Worden,Jamar,Creamer,Carina,Worden,Montana
Worden,Carson,Engle,Estefany,Worden,Daequan
Worden,Stevan,Creamer,Carina,Worden,Montana
Worden,Brooklyn,Engle,Estefany,Worden,Daequan
Worden,Ariel,Creamer,Carina,Worden,Montana
Worden,Justina,Engle,Estefany,Worden,Daequan
Worden,Addison,Creamer,Carina,Worden,Montana
Worden,Yaritza,Engle,Estefany,Worden,Daequan
Worden,Philip,Creamer,Johana,Worden,River
Worden,Catalina,Engle,Estefany,Worden,Daequan
Worden,Leo,Creamer,Johana,Worden,River
Worden,Kristina,Engle,Estefany,Worden,Daequan
Worden,Rex,Creamer,Johana,Worden,River
Worden,Dianne,Engle,Estefany,Worden,Daequan
Worden,Devon,Creamer,Johana,Worden,River
Worden,Shianne,Engle,Estefany,Worden,Daequan
Worden,Kareem,Creamer,Johana,Worden,River
Worden,Myranda,Engle,Estefany,Worden,Daequan
Worden,Deangelo,Creamer,Johana,Worden,River
Worden,Chastity,Engle,Estefany,Worden,Daequan
Worden,Clint,Creamer,Johana,Worden,River
Worden,Kara,Engle,Estefany,Worden,Daequan
Worden,Sebastien,Creamer,Johana,Worden,River
Worden,Rose,Creamer,Chana,Worden,Nicholas
Worden,Landen,Creamer,Johana,Worden,River
Worden,Callan,Creamer,Chana,Worden,Nicholas
Edwards,Seamus,Creamer,Haleigh,Edwards,Deandre
Worden,Cecelia,Creamer,Carina,Worden,Montana
Edwards,Quintin,Creamer,Haleigh,Edwards,Deandre
Worden,Karlee,Creamer,Carina,Worden,Montana
Edwards,Elliot,Creamer,Haleigh,Edwards,Deandre
Worden,Nadia,Creamer,Carina,Worden,Montana
Edwards,Darian,Creamer,Haleigh,Edwards,Deandre
Worden,Tori,Creamer,Carina,Worden,Montana
Edwards,Jimmy,Creamer,Haleigh,Edwards,Deandre
Worden,Carrie,Creamer,Carina,Worden,Montana
Edwards,Jacoby,Creamer,Haleigh,Edwards,Deandre
Worden,Lillie,Creamer,Carina,Worden,Montana
Edwards,Jonathan,Creamer,Haleigh,Edwards,Deandre
Worden,Alysha,Creamer,Carina,Worden,Montana
Edwards,Ever,Creamer,Haleigh,Edwards,Deandre
Worden,Kayleen,Creamer,Carina,Worden,Montana
Edwards,Bailey,Creamer,Haleigh,Edwards,Deandre
Worden,Annie,Creamer,Carina,Worden,Montana
Edwards,Alden,Creamer,Haleigh,Edwards,Deandre
Worden,Ashtin,Creamer,Carina,Worden,Montana
Edwards,Nathaniel,Creamer,Haleigh,Edwards,Deandre
Worden,Arlene,Creamer,Carina,Worden,Montana
Edwards,Clay,Creamer,Haleigh,Edwards,Deandre
Worden,Juanita,Creamer,Carina,Worden,Montana
Edwards,Shlomo,Creamer,Zoi,Edwards,Jacori
Worden,Kylee,Creamer,Johana,Worden,River
Edwards,Terrell,Worden,Madelyn,Edwards,Koby
Worden,Audra,Creamer,Johana,Worden,River
Edwards,Montel,Worden,Madelyn,Edwards,Koby
Worden,Alisa,Creamer,Johana,Worden,River
Edwards,Chase,Worden,Madelyn,Edwards,Koby
Worden,Minnie,Creamer,Johana,Worden,River
Edwards,Ramiro,Worden,Madelyn,Edwards,Koby
Worden,Kacey,Creamer,Johana,Worden,River
Edwards,James,Worden,Madelyn,Edwards,Koby
Worden,Maison,Creamer,Johana,Worden,River
Edwards,Nicholaus,Worden,Madelyn,Edwards,Koby
Worden,Sheila,Creamer,Johana,Worden,River
Edwards,Davon,Worden,Madelyn,Edwards,Koby
Worden,Shae,Creamer,Johana,Worden,River
Edwards,Kelton,Worden,Kourtney,Edwards,Taylor
Worden,Rylee,Creamer,Johana,Worden,River
Edwards,Liam,Worden,Kourtney,Edwards,Taylor
Worden,Kaylie,Creamer,Brigitte,Worden,Jerryd
Edwards,Stewart,Worden,Kourtney,Edwards,Taylor
Worden,Delanie,Creamer,Brigitte,Worden,Jerryd
Edwards,Wylie,Worden,Kourtney,Edwards,Taylor
Worden,Shea,Creamer,Brigitte,Worden,Jerryd
Edwards,Asa,Worden,Kirsten,Edwards,Jade
Edwards,Aesha,Creamer,Haleigh,Edwards,Deandre
Edwards,Kamau,Worden,Kirsten,Edwards,Jade
Edwards,Karly,Creamer,Haleigh,Edwards,Deandre
Edwards,Arturo,Worden,Carmen,Edwards,Kellen
Edwards,Caitlan,Creamer,Haleigh,Edwards,Deandre
Edwards,Ben,Worden,Carmen,Edwards,Kellen
Edwards,Sarina,Creamer,Haleigh,Edwards,Deandre
Edwards,Caleb,Worden,Carmen,Edwards,Kellen
Edwards,Krystan,Creamer,Haleigh,Edwards,Deandre
Edwards,Jared,Worden,Carmen,Edwards,Kellen
Edwards,Alexandria,Creamer,Haleigh,Edwards,Deandre
Edwards,Neftaly,Worden,Carmen,Edwards,Kellen
Edwards,Hailey,Creamer,Haleigh,Edwards,Deandre
Edwards,Tysen,Worden,Carmen,Edwards,Kellen
Edwards,Kirsten,Creamer,Haleigh,Edwards,Deandre
Edwards,Gideon,Worden,Carmen,Edwards,Kellen
Edwards,Makenzie,Creamer,Zoi,Edwards,Jacori
Edwards,Abdul,Worden,Carmen,Edwards,Kellen
Edwards,Emiley,Creamer,Zoi,Edwards,Jacori
Edwards,Stephon,Worden,Carmen,Edwards,Kellen
Edwards,Janesha,Creamer,Zoi,Edwards,Jacori
Edwards,Amari,Worden,Xian,Edwards,Ward
Edwards,Nora,Worden,Madelyn,Edwards,Koby
Edwards,Campbell,Worden,Xian,Edwards,Ward
Edwards,Rochelle,Worden,Madelyn,Edwards,Koby
Edwards,Tracy,Worden,Isadora,Edwards,Emerson
Edwards,Julianne,Worden,Madelyn,Edwards,Koby
Edwards,Dylon,Worden,Isadora,Edwards,Emerson
Edwards,Tamara,Worden,Madelyn,Edwards,Koby
Edwards,Grayson,Worden,Isadora,Edwards,Emerson
Edwards,Shakia,Worden,Madelyn,Edwards,Koby
Edwards,Justyn,Worden,Carolyn,Edwards,Jacob
Edwards,Perla,Worden,Madelyn,Edwards,Koby
Edwards,Alexander,Worden,Carolyn,Edwards,Jacob
Edwards,Rebekah,Worden,Kourtney,Edwards,Taylor
Edwards,Riley,Worden,Carolyn,Edwards,Jacob
Edwards,Destiny,Worden,Kourtney,Edwards,Taylor
Edwards,Phillip,Worden,Carolyn,Edwards,Jacob
Edwards,Briana,Worden,Kourtney,Edwards,Taylor
Edwards,Ted,Worden,Carolyn,Edwards,Jacob
Edwards,Cori,Worden,Kourtney,Edwards,Taylor
Edwards,Tre,Worden,Carolyn,Edwards,Jacob
Edwards,Malina,Worden,Kirsten,Edwards,Jade
Edwards,Damon,Worden,Carolyn,Edwards,Jacob
Edwards,Joanne,Worden,Kirsten,Edwards,Jade
Edwards,Colton,Worden,Carolyn,Edwards,Jacob
Edwards,Malika,Worden,Kirsten,Edwards,Jade
Edwards,Tyquan,Worden,Raven,Edwards,Raymond
Edwards,Chelsea,Worden,Carmen,Edwards,Kellen
Edwards,Delonta,Worden,Raven,Edwards,Raymond
Edwards,Mykelle,Worden,Carmen,Edwards,Kellen
Edwards,Tony,Worden,Raven,Edwards,Raymond
Edwards,Devonna,Worden,Carmen,Edwards,Kellen
Edwards,Keagan,Worden,Raven,Edwards,Raymond
Edwards,Kaira,Worden,Xian,Edwards,Ward
Edwards,Kaleb,Worden,Amber,Edwards,Earl
Edwards,Keishla,Worden,Xian,Edwards,Ward
Edwards,Jayson,Worden,Amber,Edwards,Earl
Edwards,Ashtyn,Worden,Xian,Edwards,Ward
Edwards,Emiliano,Worden,Amber,Edwards,Earl
Edwards,Maribel,Worden,Xian,Edwards,Ward
Edwards,Yash,Worden,Amber,Edwards,Earl
Edwards,Maggie,Worden,Isadora,Edwards,Emerson
Edwards,Isiah,Worden,Alondra,Edwards,Darien
Edwards,Becca,Worden,Isadora,Edwards,Emerson
Edwards,Max,Worden,Tasha,Edwards,Titus
Edwards,Rebeca,Worden,Isadora,Edwards,Emerson
Edwards,Adonis,Worden,Tasha,Edwards,Titus
Edwards,Ronni,Worden,Isadora,Edwards,Emerson
Edwards,Sean,Worden,Tasha,Edwards,Titus
Edwards,Kelsi,Worden,Carolyn,Edwards,Jacob
Edwards,Kelson,Worden,Tasha,Edwards,Titus
Edwards,Karley,Worden,Carolyn,Edwards,Jacob
Edwards,Philip,Worden,Tasha,Edwards,Titus
Edwards,Marisela,Worden,Carolyn,Edwards,Jacob
Edwards,Jon,Worden,Tasha,Edwards,Titus
Edwards,Tynia,Worden,Carolyn,Edwards,Jacob
Lockhart,Ruben,Edwards,Ashlyn,Lockhart,Deandre
Edwards,Ivy,Worden,Carolyn,Edwards,Jacob
Lockhart,Alonso,Edwards,Ashlyn,Lockhart,Deandre
Edwards,Paula,Worden,Carolyn,Edwards,Jacob
Lockhart,Mariano,Edwards,Kassidy,Lockhart,Barrett
Edwards,Quinn,Worden,Carolyn,Edwards,Jacob
Lockhart,Freddy,Edwards,Kassidy,Lockhart,Barrett
Edwards,Tabitha,Worden,Carolyn,Edwards,Jacob
Lockhart,Al,Edwards,Kassidy,Lockhart,Barrett
Edwards,Cheyann,Worden,Carolyn,Edwards,Jacob
Lockhart,Jasper,Edwards,Kassidy,Lockhart,Barrett
Edwards,Suzanne,Worden,Carolyn,Edwards,Jacob
Lockhart,Patrick,Edwards,Kassidy,Lockhart,Barrett
Edwards,Alexia,Worden,Carolyn,Edwards,Jacob
Lockhart,Avery,Edwards,Kassidy,Lockhart,Barrett
Edwards,Synthia,Worden,Raven,Edwards,Raymond
Lockhart,Xzavier,Edwards,Kassidy,Lockhart,Barrett
Edwards,Myranda,Worden,Raven,Edwards,Raymond
Lockhart,Aidan,Edwards,Kassidy,Lockhart,Barrett
Edwards,Breona,Worden,Raven,Edwards,Raymond
Lockhart,Benjamen,Edwards,Kassidy,Lockhart,Barrett
Edwards,Mackenzie,Worden,Raven,Edwards,Raymond
Lockhart,Babyboy,Edwards,Lisa,Lockhart,Trevon
Edwards,Emma,Worden,Raven,Edwards,Raymond
Lockhart,Paul,Edwards,Lisa,Lockhart,Trevon
Edwards,Ladaysha,Worden,Amber,Edwards,Earl
Lockhart,Nathan,Edwards,Lisa,Lockhart,Trevon
Edwards,Kayland,Worden,Amber,Edwards,Earl
Lockhart,Darrin,Edwards,Allison,Lockhart,Jacob
Edwards,Dena,Worden,Amber,Edwards,Earl
Lockhart,Benito,Edwards,Allison,Lockhart,Jacob
Edwards,Maranda,Worden,Amber,Edwards,Earl
Lockhart,Carter,Edwards,Allison,Lockhart,Jacob
Edwards,Donisha,Worden,Amber,Edwards,Earl
Lockhart,Clinton,Edwards,Allison,Lockhart,Jacob
Edwards,Mikhaila,Worden,Amber,Edwards,Earl
Lockhart,Sean,Edwards,Allison,Lockhart,Jacob
Edwards,Abagail,Worden,Alondra,Edwards,Darien
Lockhart,Tristan,Edwards,Allison,Lockhart,Jacob
Edwards,Sydney,Worden,Alondra,Edwards,Darien
Lockhart,Stewart,Edwards,Allison,Lockhart,Jacob
Edwards,Dania,Worden,Tasha,Edwards,Titus
Lockhart,Arnold,Edwards,Allison,Lockhart,Jacob
Edwards,Karina,Worden,Tasha,Edwards,Titus
Lockhart,Kenneth,Edwards,Allison,Lockhart,Jacob
Edwards,Elaine,Worden,Tasha,Edwards,Titus
Lockhart,Desmond,Edwards,Allison,Lockhart,Jacob
Edwards,Evelyn,Worden,Tasha,Edwards,Titus
Lockhart,Matthew,Edwards,Allison,Lockhart,Jacob
Edwards,Simone,Worden,Tasha,Edwards,Titus
Nagel,Vinh,Edwards,Spencer,Nagel,Marcos
Edwards,Jazmyn,Worden,Tasha,Edwards,Titus
Nagel,Justin,Edwards,Spencer,Nagel,Marcos
Lockhart,Mandi,Edwards,Ashlyn,Lockhart,Deandre
Nagel,Migel,Edwards,Spencer,Nagel,Marcos
Lockhart,Kealani,Edwards,Ashlyn,Lockhart,Deandre
Nagel,Stephen,Edwards,Spencer,Nagel,Marcos
Lockhart,Marlen,Edwards,Ashlyn,Lockhart,Deandre
Nagel,Tommy,Edwards,Estela,Nagel,Jon
Lockhart,Jami,Edwards,Kassidy,Lockhart,Barrett
Nagel,Julian,Edwards,Shea,Nagel,Edgar
Lockhart,Tonya,Edwards,Kassidy,Lockhart,Barrett
Nagel,Raekwon,Edwards,Shea,Nagel,Edgar
Lockhart,Margo,Edwards,Kassidy,Lockhart,Barrett
Nagel,Kevin,Edwards,Shea,Nagel,Edgar
Lockhart,Hanna,Edwards,Kassidy,Lockhart,Barrett
Nagel,Brandon,Lockhart,Kaydee,Nagel,Damion
Lockhart,Jewel,Edwards,Kassidy,Lockhart,Barrett
Nagel,Sean,Lockhart,Kaydee,Nagel,Damion
Lockhart,Dajah,Edwards,Kassidy,Lockhart,Barrett
Nagel,Moshe,Lockhart,Kaydee,Nagel,Damion
Lockhart,Madelyn,Edwards,Kassidy,Lockhart,Barrett
Nagel,Ahmad,Lockhart,Kaydee,Nagel,Damion
Lockhart,Savana,Edwards,Kassidy,Lockhart,Barrett
Nagel,Kareem,Lockhart,Paula,Nagel,Jonathan
Lockhart,Ivelisse,Edwards,Kassidy,Lockhart,Barrett
Nagel,Tysen,Lockhart,Paula,Nagel,Jonathan
Lockhart,Christine,Edwards,Allison,Lockhart,Jacob
Nagel,Michel,Lockhart,Paula,Nagel,Jonathan
Lockhart,Cayla,Edwards,Allison,Lockhart,Jacob
Nagel,Titus,Lockhart,Paula,Nagel,Jonathan
Lockhart,Bridget,Edwards,Allison,Lockhart,Jacob
Nagel,Ayub,Lockhart,Paula,Nagel,Jonathan
Lockhart,Alannah,Edwards,Allison,Lockhart,Jacob
Nagel,Johan,Lockhart,Paula,Nagel,Jonathan
Nagel,Kayleen,Edwards,Spencer,Nagel,Marcos
Nagel,Quincy,Lockhart,Paula,Nagel,Jonathan
Nagel,Mona,Edwards,Spencer,Nagel,Marcos
Nagel,Brennen,Lockhart,Paula,Nagel,Jonathan
Nagel,Ashanti,Edwards,Spencer,Nagel,Marcos
Nagel,Keanu,Lockhart,Kayley,Nagel,Kai
Nagel,Ashly,Edwards,Spencer,Nagel,Marcos
Nagel,Dominick,Lockhart,Kayley,Nagel,Kai
Nagel,Alisia,Edwards,Spencer,Nagel,Marcos
Nagel,Jamar,Lockhart,Kayley,Nagel,Kai
Nagel,Janelle,Edwards,Estela,Nagel,Jon
Nagel,Izaiah,Lockhart,Kayley,Nagel,Kai
Nagel,Deondra,Edwards,Estela,Nagel,Jon
Nagel,Kody,Lockhart,Kayley,Nagel,Kai
Nagel,Juanita,Edwards,Shea,Nagel,Edgar
Nagel,Damian,Lockhart,Kayley,Nagel,Kai
Nagel,Aesha,Edwards,Shea,Nagel,Edgar
Nagel,Dylan,Lockhart,Kayley,Nagel,Kai
Nagel,Analisa,Lockhart,Kaydee,Nagel,Damion
Nagel,Calvin,Lockhart,Kayley,Nagel,Kai
Nagel,Shanique,Lockhart,Kaydee,Nagel,Damion
Nagel,Chance,Lockhart,Michele,Nagel,Bernard
Nagel,Asha,Lockhart,Kaydee,Nagel,Damion
Nagel,Harrison,Lockhart,Michele,Nagel,Bernard
Nagel,Rachelle,Lockhart,Kaydee,Nagel,Damion
Nagel,Charly,Lockhart,Michele,Nagel,Bernard
Nagel,Mikayla,Lockhart,Paula,Nagel,Jonathan
Nagel,Sedrick,Lockhart,Michele,Nagel,Bernard
Nagel,Ashtin,Lockhart,Kayley,Nagel,Kai
Nagel,Tyree,Lockhart,Michele,Nagel,Bernard
Nagel,Julianne,Lockhart,Kayley,Nagel,Kai
Nagel,Derick,Lockhart,Michele,Nagel,Bernard
Nagel,Gwendolyn,Lockhart,Kayley,Nagel,Kai
Nagel,Landen,Lockhart,Michele,Nagel,Bernard
Nagel,Tiani,Lockhart,Kayley,Nagel,Kai
Nagel,Jasen,Lockhart,Michele,Nagel,Bernard
Nagel,Beverly,Lockhart,Michele,Nagel,Bernard
Nagel,Ravon,Lockhart,Michele,Nagel,Bernard
Nagel,Roxana,Lockhart,Michele,Nagel,Bernard
Nagel,Trace,Lockhart,Destinee,Nagel,Tyrone
Nagel,Eileen,Lockhart,Destinee,Nagel,Tyrone
Nagel,Hector,Lockhart,Destinee,Nagel,Tyrone
Nagel,Yajayra,Lockhart,Destinee,Nagel,Tyrone
Gardner,Britton,Lockhart,Paloma,Gardner,Frederick
Nagel,Shelly,Lockhart,Destinee,Nagel,Tyrone
Gardner,Davis,Lockhart,Paloma,Gardner,Frederick
Nagel,Kaila,Lockhart,Destinee,Nagel,Tyrone
Gardner,Hector,Lockhart,Paloma,Gardner,Frederick
Nagel,Haley,Lockhart,Destinee,Nagel,Tyrone
Gardner,Reynaldo,Lockhart,Paloma,Gardner,Frederick
Nagel,Georgia,Lockhart,Destinee,Nagel,Tyrone
Gardner,Bretton,Lockhart,Paloma,Gardner,Frederick
Gardner,Denise,Lockhart,Paloma,Gardner,Frederick
Gardner,Isaias,Lockhart,Paloma,Gardner,Frederick
Gardner,Summer,Lockhart,Paloma,Gardner,Frederick
Gardner,Devyn,Lockhart,Paloma,Gardner,Frederick
Gardner,Jacquelin,Lockhart,Paloma,Gardner,Frederick
Gardner,Jean,Lockhart,Gladys,Gardner,Adalberto
Gardner,Kiara,Lockhart,Paloma,Gardner,Frederick
Gardner,Forest,Lockhart,Gladys,Gardner,Adalberto
Gardner,Cortney,Lockhart,Paloma,Gardner,Frederick
Gardner,Dwayne,Lockhart,Gladys,Gardner,Adalberto
Gardner,Precious,Lockhart,Paloma,Gardner,Frederick
Gardner,Dantae,Lockhart,Gladys,Gardner,Adalberto
Gardner,Christa,Lockhart,Paloma,Gardner,Frederick
Gardner,Evan,Lockhart,Gladys,Gardner,Adalberto
Gardner,Trevor,Lockhart,Paloma,Gardner,Frederick
Gardner,Markus,Lockhart,Gladys,Gardner,Adalberto
Gardner,Aja,Lockhart,Paloma,Gardner,Frederick
Gardner,Jawaun,Lockhart,Kamri,Gardner,Jairus
Gardner,Xiomara,Lockhart,Gladys,Gardner,Adalberto
Gardner,Olivier,Lockhart,Kamri,Gardner,Jairus
Gardner,Antoinette,Lockhart,Gladys,Gardner,Adalberto
Gardner,Armani,Nagel,Lilibeth,Gardner,Denver
Gardner,Leslie,Lockhart,Gladys,Gardner,Adalberto
Gardner,Duncan,Nagel,Lilibeth,Gardner,Denver
Gardner,Itati,Lockhart,Gladys,Gardner,Adalberto
Gardner,Patric,Nagel,Lilibeth,Gardner,Denver
Gardner,Karina,Lockhart,Gladys,Gardner,Adalberto
Gardner,Mathew,Nagel,Lilibeth,Gardner,Denver
Gardner,Kailey,Lockhart,Gladys,Gardner,Adalberto
Gardner,Desmond,Nagel,Xandria,Gardner,Ricky
Gardner,Margaret,Lockhart,Gladys,Gardner,Adalberto
Gardner,Jalen,Nagel,Xandria,Gardner,Ricky
Gardner,Ann,Lockhart,Gladys,Gardner,Adalberto
Gardner,Oren,Nagel,Xandria,Gardner,Ricky
Gardner,Sara,Lockhart,Gladys,Gardner,Adalberto
Gardner,Van,Nagel,Xandria,Gardner,Ricky
Gardner,Gina,Lockhart,Gladys,Gardner,Adalberto
Jernigan,Yuri,Nagel,Suleyma,Jernigan,Daylon
Gardner,Arielle,Lockhart,Gladys,Gardner,Adalberto
Jernigan,Santos,Nagel,Suleyma,Jernigan,Daylon
Gardner,Celia,Lockhart,Gladys,Gardner,Adalberto
Jernigan,Sunny,Nagel,Suleyma,Jernigan,Daylon
Gardner,Kathleen,Lockhart,Gladys,Gardner,Adalberto
Jernigan,Vinh,Nagel,Suleyma,Jernigan,Daylon
Gardner,Savana,Lockhart,Kamri,Gardner,Jairus
Jernigan,Tracy,Nagel,Suleyma,Jernigan,Daylon
Gardner,Kyana,Lockhart,Kamri,Gardner,Jairus
Jernigan,Ervin,Nagel,Suleyma,Jernigan,Daylon
Gardner,Caitlan,Nagel,Lilibeth,Gardner,Denver
Jernigan,Adam,Nagel,Suleyma,Jernigan,Daylon
Gardner,Alicia,Nagel,Lilibeth,Gardner,Denver
Jernigan,Yakov,Nagel,Suleyma,Jernigan,Daylon
Gardner,Ariel,Nagel,Lilibeth,Gardner,Denver
Jernigan,Michael,Nagel,Suleyma,Jernigan,Daylon
Gardner,Isabelle,Nagel,Lilibeth,Gardner,Denver
Jernigan,Jairus,Nagel,Suleyma,Jernigan,Daylon
Gardner,Haven,Nagel,Lilibeth,Gardner,Denver
Jernigan,Clay,Nagel,Jewel,Jernigan,Bruce
Gardner,Allyson,Nagel,Lilibeth,Gardner,Denver
Jernigan,Beau,Nagel,Jewel,Jernigan,Bruce
Gardner,Synthia,Nagel,Lilibeth,Gardner,Denver
Jernigan,Deion,Nagel,Jewel,Jernigan,Bruce
Gardner,Kaylea,Nagel,Lilibeth,Gardner,Denver
Jernigan,Byron,Nagel,Jewel,Jernigan,Bruce
Gardner,Sheila,Nagel,Lilibeth,Gardner,Denver
Jernigan,Ever,Nagel,Jewel,Jernigan,Bruce
Gardner,Jena,Nagel,Lilibeth,Gardner,Denver
Jernigan,Gordon,Nagel,Jewel,Jernigan,Bruce
Gardner,Jori,Nagel,Xandria,Gardner,Ricky
Jernigan,Kalon,Nagel,Stefanie,Jernigan,Quanterriu
Gardner,Liliana,Nagel,Xandria,Gardner,Ricky
Jernigan,Clint,Nagel,Stefanie,Jernigan,Quanterriu
Gardner,Siearra,Nagel,Xandria,Gardner,Ricky
Jernigan,Dan,Nagel,Stefanie,Jernigan,Quanterriu
Gardner,Mikaela,Nagel,Xandria,Gardner,Ricky
Jernigan,Ernesto,Nagel,Stefanie,Jernigan,Quanterriu
Jernigan,Tayler,Nagel,Suleyma,Jernigan,Daylon
Jernigan,Colbey,Nagel,Yasmine,Jernigan,Damion
Jernigan,Nakia,Nagel,Suleyma,Jernigan,Daylon
Jernigan,Hashim,Nagel,Yasmine,Jernigan,Damion
Jernigan,Sariah,Nagel,Suleyma,Jernigan,Daylon
Jernigan,Cedric,Gardner,Mackenzie,Jernigan,Keanu
Jernigan,Neda,Nagel,Suleyma,Jernigan,Daylon
Jernigan,Dylon,Gardner,Mackenzie,Jernigan,Keanu
Jernigan,Lauryn,Nagel,Suleyma,Jernigan,Daylon
Jernigan,Kory,Gardner,Mackenzie,Jernigan,Keanu
Jernigan,Jaime,Nagel,Suleyma,Jernigan,Daylon
Jernigan,Jarrett,Gardner,Mackenzie,Jernigan,Keanu
Jernigan,Nicolette,Nagel,Suleyma,Jernigan,Daylon
Jernigan,Bill,Gardner,Mackenzie,Jernigan,Keanu
Jernigan,Kaina,Nagel,Suleyma,Jernigan,Daylon
Jernigan,Colin,Gardner,Mackenzie,Jernigan,Keanu
Jernigan,Kelly,Nagel,Jewel,Jernigan,Bruce
Jernigan,Hugh,Gardner,Mackenzie,Jernigan,Keanu
Jernigan,Ivana,Nagel,Jewel,Jernigan,Bruce
Jernigan,Ernest,Gardner,Mackenzie,Jernigan,Keanu
Jernigan,Spencer,Nagel,Jewel,Jernigan,Bruce
Jernigan,Hiram,Gardner,Mackenzie,Jernigan,Keanu
Jernigan,Rebeca,Nagel,Jewel,Jernigan,Bruce
Jernigan,Ty,Gardner,Mackenzie,Jernigan,Keanu
Jernigan,Trisha,Nagel,Jewel,Jernigan,Bruce
Jernigan,Wilmer,Gardner,Terri,Jernigan,Damon
Jernigan,Kaylah,Nagel,Jewel,Jernigan,Bruce
Jernigan,Quayshawn,Gardner,Terri,Jernigan,Damon
Jernigan,Jami,Nagel,Yasmine,Jernigan,Damion
Jernigan,Idris,Gardner,Terri,Jernigan,Damon
Jernigan,Rian,Gardner,Mackenzie,Jernigan,Keanu
Jernigan,Edgar,Gardner,Terri,Jernigan,Damon
Jernigan,Kate,Gardner,Mackenzie,Jernigan,Keanu
Jernigan,Collin,Gardner,Terri,Jernigan,Damon
Jernigan,Amari,Gardner,Mackenzie,Jernigan,Keanu
Jernigan,Earl,Gardner,Terri,Jernigan,Damon
Jernigan,Magdalena,Gardner,Mackenzie,Jernigan,Keanu
Jernigan,Garret,Gardner,Terri,Jernigan,Damon
Jernigan,Carolina,Gardner,Mackenzie,Jernigan,Keanu
Jernigan,Moshe,Gardner,Terri,Jernigan,Damon
Jernigan,Amberly,Gardner,Mackenzie,Jernigan,Keanu
Jernigan,Arturo,Gardner,Mariah,Jernigan,Humberto
Jernigan,Melissa,Gardner,Mackenzie,Jernigan,Keanu
Jernigan,Hassan,Gardner,Mariah,Jernigan,Humberto
Jernigan,Samira,Gardner,Mackenzie,Jernigan,Keanu
Jernigan,Lukas,Valheim,Keira,Jernigan,Wayne
Jernigan,Chantelle,Gardner,Mackenzie,Jernigan,Keanu
Jernigan,Blake,Valheim,Keira,Jernigan,Wayne
Jernigan,Katheryn,Gardner,Mackenzie,Jernigan,Keanu
Jernigan,Curtis,Valheim,Keira,Jernigan,Wayne
Jernigan,Mariah,Gardner,Terri,Jernigan,Damon
Jernigan,Van,Valheim,Keira,Jernigan,Wayne
Jernigan,Tristin,Gardner,Terri,Jernigan,Damon
Jernigan,Carl,Valheim,Keira,Jernigan,Wayne
Jernigan,Destini,Gardner,Terri,Jernigan,Damon
Jernigan,Keegan,Valheim,Keira,Jernigan,Wayne
Jernigan,Nathalie,Gardner,Terri,Jernigan,Damon
Jernigan,Cristopher,Valheim,Keira,Jernigan,Wayne
Jernigan,Janae,Gardner,Terri,Jernigan,Damon
Valheim,Raymond,Jernigan,Kira,Valheim,Kendrick
Jernigan,Annalie,Gardner,Terri,Jernigan,Damon
Valheim,Eugene,Jernigan,Kira,Valheim,Kendrick
Jernigan,Angela,Gardner,Terri,Jernigan,Damon
Valheim,Blake,Jernigan,Kira,Valheim,Kendrick
Jernigan,Misty,Gardner,Mariah,Jernigan,Humberto
Valheim,Deleon,Jernigan,Kira,Valheim,Kendrick
Jernigan,Cassie,Gardner,Mariah,Jernigan,Humberto
Valheim,Kayle,Jernigan,Kira,Valheim,Kendrick
Jernigan,Mollie,Gardner,Mariah,Jernigan,Humberto
Valheim,Diamond,Jernigan,Kira,Valheim,Kendrick
Jernigan,Lisette,Valheim,Keira,Jernigan,Wayne
Valheim,Derick,Jernigan,Kira,Valheim,Kendrick
Jernigan,Joanna,Valheim,Keira,Jernigan,Wayne
Valheim,Shawn,Jernigan,Kira,Valheim,Kendrick
Jernigan,Nancy,Valheim,Keira,Jernigan,Wayne
Valheim,Mauro,Jernigan,Kira,Valheim,Kendrick
Jernigan,Paola,Valheim,Keira,Jernigan,Wayne
Valheim,Bradley,Jernigan,Kira,Valheim,Kendrick
Jernigan,Janet,Valheim,Keira,Jernigan,Wayne
Valheim,Terrence,Jernigan,Kira,Valheim,Kendrick
Jernigan,Kristyn,Valheim,Keira,Jernigan,Wayne
Valheim,Alexis,Jernigan,Aesha,Valheim,Emanuel
Jernigan,Rylee,Valheim,Keira,Jernigan,Wayne
Valheim,Dusty,Jernigan,Aesha,Valheim,Emanuel
Jernigan,Caitlin,Valheim,Keira,Jernigan,Wayne
Valheim,Chris,Jernigan,Aesha,Valheim,Emanuel
Valheim,Kayli,Jernigan,Kira,Valheim,Kendrick
Valheim,Carter,Jernigan,Tamisha,Valheim,Bailey
Valheim,Merissa,Jernigan,Kira,Valheim,Kendrick
Valheim,Brogan,Jernigan,Tamisha,Valheim,Bailey
Valheim,Danae,Jernigan,Kira,Valheim,Kendrick
Valheim,Zachary,Jernigan,Tamisha,Valheim,Bailey
Valheim,Heidi,Jernigan,Kira,Valheim,Kendrick
Valheim,Tracy,Jernigan,Tamisha,Valheim,Bailey
Valheim,Nia,Jernigan,Kira,Valheim,Kendrick
Valheim,Kody,Jernigan,Tamisha,Valheim,Bailey
Valheim,Breeanna,Jernigan,Kira,Valheim,Kendrick
Valheim,Stanley,Jernigan,Tamisha,Valheim,Bailey
Valheim,Kaci,Jernigan,Aesha,Valheim,Emanuel
Valheim,Mitchel,Jernigan,Shekinah,Valheim,Rafael
Valheim,Mariah,Jernigan,Aesha,Valheim,Emanuel
Valheim,Austyn,Jernigan,Shekinah,Valheim,Rafael
Valheim,Kianna,Jernigan,Aesha,Valheim,Emanuel
Valheim,Lucas,Jernigan,Allison,Valheim,Hiram
Valheim,Valerie,Jernigan,Tamisha,Valheim,Bailey
Valheim,Neil,Jernigan,Allison,Valheim,Hiram
Valheim,Jamee,Jernigan,Tamisha,Valheim,Bailey
Valheim,Joe,Jernigan,Allison,Valheim,Hiram
Valheim,Kelsee,Jernigan,Tamisha,Valheim,Bailey
Valheim,Agustin,Jernigan,Allison,Valheim,Hiram
Valheim,Natalya,Jernigan,Shekinah,Valheim,Rafael
Valheim,Kyler,Jernigan,Allison,Valheim,Hiram
Valheim,Symone,Jernigan,Shekinah,Valheim,Rafael
Valheim,Keon,Jernigan,Kyra,Valheim,Nolan
Valheim,Sierra,Jernigan,Shekinah,Valheim,Rafael
Valheim,Ayub,Jernigan,Kyra,Valheim,Nolan
Valheim,Jesslyn,Jernigan,Shekinah,Valheim,Rafael
Valheim,Abdul,Jernigan,Kyra,Valheim,Nolan
Valheim,Kady,Jernigan,Shekinah,Valheim,Rafael
Valheim,Thaddeus,Jernigan,Kyra,Valheim,Nolan
Valheim,Joselin,Jernigan,Allison,Valheim,Hiram
Valheim,Elijah,Jernigan,Kyra,Valheim,Nolan
Valheim,Ida,Jernigan,Allison,Valheim,Hiram
Valheim,Colt,Jernigan,Kyra,Valheim,Nolan
Valheim,Gerardo,Jernigan,Allison,Valheim,Hiram
Valheim,Raul,Jernigan,Kyra,Valheim,Nolan
Valheim,Jena,Jernigan,Allison,Valheim,Hiram
Valheim,Zakery,Jernigan,Kyra,Valheim,Nolan
Valheim,Sage,Jernigan,Allison,Valheim,Hiram
Valheim,Benjamen,Garriott,Aja,Valheim,Frankie
Valheim,Genesis,Jernigan,Allison,Valheim,Hiram
Valheim,Saxon,Garriott,Aja,Valheim,Frankie
Valheim,Tasha,Jernigan,Allison,Valheim,Hiram
Valheim,Conor,Garriott,Aja,Valheim,Frankie
Valheim,Virginia,Jernigan,Kyra,Valheim,Nolan
Valheim,Israel,Garriott,Aja,Valheim,Frankie
Valheim,Brianna,Jernigan,Kyra,Valheim,Nolan
Valheim,Lashawn,Garriott,Aja,Valheim,Frankie
Valheim,Paris,Jernigan,Kyra,Valheim,Nolan
Valheim,Jairus,Garriott,Aja,Valheim,Frankie
Valheim,Yoana,Jernigan,Kyra,Valheim,Nolan
Valheim,Sutton,Garriott,Aja,Valheim,Frankie
Valheim,Emily,Jernigan,Kyra,Valheim,Nolan
Valheim,Forest,Garriott,Aja,Valheim,Frankie
Valheim,Kansas,Jernigan,Kyra,Valheim,Nolan
Valheim,Adalberto,Garriott,Aja,Valheim,Frankie
Valheim,Harley,Garriott,Aja,Valheim,Frankie
Valheim,Rashad,Garriott,Aja,Valheim,Frankie
Valheim,Antonia,Garriott,Aja,Valheim,Frankie
Valheim,Dominic,Garriott,Aja,Valheim,Frankie
Valheim,Nereida,Garriott,Aja,Valheim,Frankie
