Tyler,Deon,Poindexter,Marycather,Tyler,Alfred
Loria,Kealani,Pierce,Sara,Loria,Kyler
Graveline,Duncan,Evans,Shakia,Graveline,Colton
Greene,Jadah,Hudson,Carly,Greene,Shea
Taylor,Brian,Lenoir,Kyana,Taylor,Devonte
Truly,Ariel,Parazynski,Tyeisha,Truly,Jade
Helms,Marcanthon,Franklin,Marissa,Helms,Ray
Thagard,Alexia,Still,Irene,Thagard,Cole
Aldrin,Jonathon,McMonagle,Anissa,Aldrin,Truman
Readdy,Nina,Brandenstein,Aireona,Readdy,Jamison
McCool,Jovonte,Shriver,Ellie,McCool,Pablo
McArthur,Cody,Coats,Malina,McArthur,Tavon
Greene,Tylar,Jemison,Aundrea,Greene,Jace
Garfield,Jeanna,Vanderhooven,Elaine,Garfield,Dominique
Slayton,Ervin,Mastracchio,Yoana,Slayton,Stephen
Vanderhooven,Tristan,White,Elissa,Vanderhooven,Jordon
Lu,Howard,Williams,Cara,Lu,Dusty
Crippen,Blaze,Linnehan,Kaytlin,Crippen,Sutton
Tanner,Alonzo,Robinson,Trista,Tanner,Bruce
Givens,Ronni,Coleman,Bailey,Givens,Keanu
Brown,Devante,Buchanan,Beverly,Brown,Ashton
Woodward,Nichelle,Hart,Brianne,Woodward,Coby
Forrester,Peyton,Robinson,Joi,Forrester,Edgardo
Stewart,Corina,Griggs,Skyler,Stewart,Darnell
Tyler,Paul,Creighton,Kenna,Tyler,Luis
Akers,Shamaria,Brand,Cynthia,Akers,Gage
Veach,Cyrus,Coats,Marlene,Veach,Anthoni
Lincoln,Malinda,Grabe,Marisela,Lincoln,Conrad
Gorie,Marc,Morin,Klee,Gorie,Kameron
Still,Mariangeli,Searfoss,Aja,Still,Fernando
Tyler,Parker,Loria,Kealani,Tyler,Deon
Graveline,Briana,Greene,Jadah,Graveline,Duncan
Tyler,Samuel,Loria,Kealani,Tyler,Deon
Graveline,Deanne,Greene,Jadah,Graveline,Duncan
Tyler,Collin,Loria,Kealani,Tyler,Deon
Graveline,Keyshla,Greene,Jadah,Graveline,Duncan
Tyler,Barrett,Loria,Kealani,Tyler,Deon
Graveline,Katelyn,Greene,Jadah,Graveline,Duncan
Tyler,Josie,Loria,Kealani,Tyler,Deon
Graveline,Destini,Greene,Jadah,Graveline,Duncan
Tyler,Francis,Loria,Kealani,Tyler,Deon
Graveline,Toni,Greene,Jadah,Graveline,Duncan
Tyler,Houston,Loria,Kealani,Tyler,Deon
Graveline,Abby,Greene,Jadah,Graveline,Duncan
Graveline,Pedro,Greene,Jadah,Graveline,Duncan
Graveline,Laurel,Greene,Jadah,Graveline,Duncan
Graveline,Alec,Greene,Jadah,Graveline,Duncan
Graveline,Kaci,Greene,Jadah,Graveline,Duncan
Graveline,Jarod,Greene,Jadah,Graveline,Duncan
Graveline,Adrianna,Greene,Jadah,Graveline,Duncan
Graveline,Marcell,Greene,Jadah,Graveline,Duncan
Taylor,Emely,Truly,Ariel,Taylor,Brian
Graveline,Kellen,Greene,Jadah,Graveline,Duncan
Taylor,Genevieve,Truly,Ariel,Taylor,Brian
Graveline,Deondre,Greene,Jadah,Graveline,Duncan
Taylor,Chantelle,Truly,Ariel,Taylor,Brian
Taylor,Benito,Truly,Ariel,Taylor,Brian
Taylor,Alexus,Truly,Ariel,Taylor,Brian
Taylor,Hunter,Truly,Ariel,Taylor,Brian
Taylor,Presley,Truly,Ariel,Taylor,Brian
Taylor,Cecil,Truly,Ariel,Taylor,Brian
Taylor,Suzette,Truly,Ariel,Taylor,Brian
Taylor,Toby,Truly,Ariel,Taylor,Brian
Taylor,Barbara,Truly,Ariel,Taylor,Brian
Helms,Jawaun,Thagard,Alexia,Helms,Marcanthon
Taylor,Sonya,Truly,Ariel,Taylor,Brian
Helms,Nadav,Thagard,Alexia,Helms,Marcanthon
Taylor,Mariela,Truly,Ariel,Taylor,Brian
Helms,Alfonso,Thagard,Alexia,Helms,Marcanthon
Taylor,Chynna,Truly,Ariel,Taylor,Brian
Helms,Tanner,Thagard,Alexia,Helms,Marcanthon
Taylor,Kaleigh,Truly,Ariel,Taylor,Brian
Helms,Aidan,Thagard,Alexia,Helms,Marcanthon
Taylor,Amelia,Truly,Ariel,Taylor,Brian
Helms,Rashad,Thagard,Alexia,Helms,Marcanthon
Helms,Jordan,Thagard,Alexia,Helms,Marcanthon
Helms,Samuel,Thagard,Alexia,Helms,Marcanthon
Helms,Kyndra,Thagard,Alexia,Helms,Marcanthon
Helms,Cooper,Thagard,Alexia,Helms,Marcanthon
Aldrin,Brenda,Readdy,Nina,Aldrin,Jonathon
Aldrin,Bradlee,Readdy,Nina,Aldrin,Jonathon
Aldrin,Elizabet,Readdy,Nina,Aldrin,Jonathon
Aldrin,Claudio,Readdy,Nina,Aldrin,Jonathon
Aldrin,Karena,Readdy,Nina,Aldrin,Jonathon
Aldrin,Kenyon,Readdy,Nina,Aldrin,Jonathon
Aldrin,Irene,Readdy,Nina,Aldrin,Jonathon
Aldrin,Lukas,Readdy,Nina,Aldrin,Jonathon
Aldrin,Jade,Readdy,Nina,Aldrin,Jonathon
Aldrin,Malachi,Readdy,Nina,Aldrin,Jonathon
Aldrin,Sofia,Readdy,Nina,Aldrin,Jonathon
Aldrin,Keion,Readdy,Nina,Aldrin,Jonathon
Aldrin,Natasha,Readdy,Nina,Aldrin,Jonathon
Aldrin,Diondre,Readdy,Nina,Aldrin,Jonathon
Aldrin,Monica,Readdy,Nina,Aldrin,Jonathon
Aldrin,Marquis,Readdy,Nina,Aldrin,Jonathon
Aldrin,Micah,Readdy,Nina,Aldrin,Jonathon
McCool,Denzell,McArthur,Cody,McCool,Jovonte
McCool,Kenyatta,McArthur,Cody,McCool,Jovonte
McCool,Ron,McArthur,Cody,McCool,Jovonte
McCool,Blair,McArthur,Cody,McCool,Jovonte
Greene,Enoch,Garfield,Jeanna,Greene,Tylar
McCool,Keri,McArthur,Cody,McCool,Jovonte
Greene,Ishmael,Garfield,Jeanna,Greene,Tylar
Greene,Kenna,Garfield,Jeanna,Greene,Tylar
Slayton,Efren,Vanderhooven,Tristan,Slayton,Ervin
Greene,Rachel,Garfield,Jeanna,Greene,Tylar
Slayton,Diamond,Vanderhooven,Tristan,Slayton,Ervin
Greene,Nadine,Garfield,Jeanna,Greene,Tylar
Slayton,Jamari,Vanderhooven,Tristan,Slayton,Ervin
Greene,Haleigh,Garfield,Jeanna,Greene,Tylar
Lu,Ramon,Crippen,Blaze,Lu,Howard
Greene,Gilda,Garfield,Jeanna,Greene,Tylar
Lu,Ignacio,Crippen,Blaze,Lu,Howard
Slayton,Isabella,Vanderhooven,Tristan,Slayton,Ervin
Lu,Wilmer,Crippen,Blaze,Lu,Howard
Slayton,Siera,Vanderhooven,Tristan,Slayton,Ervin
Tanner,Lukas,Givens,Ronni,Tanner,Alonzo
Slayton,Dominique,Vanderhooven,Tristan,Slayton,Ervin
Tanner,Simon,Givens,Ronni,Tanner,Alonzo
Slayton,Yazmin,Vanderhooven,Tristan,Slayton,Ervin
Tanner,Avery,Givens,Ronni,Tanner,Alonzo
Slayton,Meghan,Vanderhooven,Tristan,Slayton,Ervin
Tanner,Brendon,Givens,Ronni,Tanner,Alonzo
Slayton,Brieanna,Vanderhooven,Tristan,Slayton,Ervin
Tanner,Esau,Givens,Ronni,Tanner,Alonzo
Lu,Michaela,Crippen,Blaze,Lu,Howard
Tanner,Jaylon,Givens,Ronni,Tanner,Alonzo
Lu,Carrie,Crippen,Blaze,Lu,Howard
Tanner,Shane,Givens,Ronni,Tanner,Alonzo
Lu,Moesha,Crippen,Blaze,Lu,Howard
Brown,Thaddeus,Woodward,Nichelle,Brown,Devante
Lu,Makala,Crippen,Blaze,Lu,Howard
Brown,Dan,Woodward,Nichelle,Brown,Devante
Tanner,Mireya,Givens,Ronni,Tanner,Alonzo
Brown,Kenyon,Woodward,Nichelle,Brown,Devante
Tanner,Katy,Givens,Ronni,Tanner,Alonzo
Forrester,Nikolas,Stewart,Corina,Forrester,Peyton
Tanner,Bethany,Givens,Ronni,Tanner,Alonzo
Forrester,Xavier,Stewart,Corina,Forrester,Peyton
Tanner,Katelyn,Givens,Ronni,Tanner,Alonzo
Forrester,Leon,Stewart,Corina,Forrester,Peyton
Tanner,Leann,Givens,Ronni,Tanner,Alonzo
Forrester,Shmuel,Stewart,Corina,Forrester,Peyton
Tanner,Miriam,Givens,Ronni,Tanner,Alonzo
Forrester,Ivan,Stewart,Corina,Forrester,Peyton
Tanner,Teagan,Givens,Ronni,Tanner,Alonzo
Forrester,Dion,Stewart,Corina,Forrester,Peyton
Tanner,Kayli,Givens,Ronni,Tanner,Alonzo
Tyler,Dan,Akers,Shamaria,Tyler,Paul
Brown,Chloie,Woodward,Nichelle,Brown,Devante
Tyler,Angelo,Akers,Shamaria,Tyler,Paul
Brown,Leandra,Woodward,Nichelle,Brown,Devante
Tyler,Julio,Akers,Shamaria,Tyler,Paul
Brown,Hunter,Woodward,Nichelle,Brown,Devante
Tyler,Jade,Akers,Shamaria,Tyler,Paul
Brown,Guadalupe,Woodward,Nichelle,Brown,Devante
Tyler,Sawyer,Akers,Shamaria,Tyler,Paul
Brown,Toni,Woodward,Nichelle,Brown,Devante
Veach,Conor,Lincoln,Malinda,Veach,Cyrus
Brown,Siobhan,Woodward,Nichelle,Brown,Devante
Veach,Zev,Lincoln,Malinda,Veach,Cyrus
Forrester,Kaila,Stewart,Corina,Forrester,Peyton
Veach,Zackery,Lincoln,Malinda,Veach,Cyrus
Forrester,Lauren,Stewart,Corina,Forrester,Peyton
Veach,Marc,Lincoln,Malinda,Veach,Cyrus
Forrester,Karlie,Stewart,Corina,Forrester,Peyton
Veach,Clarence,Lincoln,Malinda,Veach,Cyrus
Forrester,Holland,Stewart,Corina,Forrester,Peyton
Veach,Willis,Lincoln,Malinda,Veach,Cyrus
Forrester,Tasha,Stewart,Corina,Forrester,Peyton
Veach,Jesse,Lincoln,Malinda,Veach,Cyrus
Forrester,Cassie,Stewart,Corina,Forrester,Peyton
Veach,Jeremy,Lincoln,Malinda,Veach,Cyrus
Forrester,Katharine,Stewart,Corina,Forrester,Peyton
Veach,Wade,Lincoln,Malinda,Veach,Cyrus
Forrester,Alexandrea,Stewart,Corina,Forrester,Peyton
Veach,Felix,Lincoln,Malinda,Veach,Cyrus
Forrester,Jaycie,Stewart,Corina,Forrester,Peyton
Veach,Carlos,Lincoln,Malinda,Veach,Cyrus
Forrester,Shaye,Stewart,Corina,Forrester,Peyton
Gorie,Jimmy,Still,Mariangeli,Gorie,Marc
Forrester,Micah,Stewart,Corina,Forrester,Peyton
Gorie,Quinton,Still,Mariangeli,Gorie,Marc
Forrester,Charlene,Stewart,Corina,Forrester,Peyton
Gorie,Cedric,Still,Mariangeli,Gorie,Marc
Forrester,Camelia,Stewart,Corina,Forrester,Peyton
Gorie,Dan,Still,Mariangeli,Gorie,Marc
Tyler,Heather,Akers,Shamaria,Tyler,Paul
Gorie,Forest,Still,Mariangeli,Gorie,Marc
Tyler,Tasha,Akers,Shamaria,Tyler,Paul
Tyler,Ulysses,Graveline,Briana,Tyler,Parker
Tyler,Sadie,Akers,Shamaria,Tyler,Paul
Tyler,Kurt,Graveline,Briana,Tyler,Parker
Tyler,Torrie,Akers,Shamaria,Tyler,Paul
Tyler,Quinn,Graveline,Briana,Tyler,Parker
Tyler,Jadah,Akers,Shamaria,Tyler,Paul
Tyler,Terry,Graveline,Briana,Tyler,Parker
Tyler,Kyndra,Akers,Shamaria,Tyler,Paul
Tyler,Taylor,Graveline,Briana,Tyler,Parker
Tyler,Danielle,Akers,Shamaria,Tyler,Paul
Tyler,Mauro,Graveline,Deanne,Tyler,Samuel
Tyler,Devon,Akers,Shamaria,Tyler,Paul
Tyler,Rex,Graveline,Deanne,Tyler,Samuel
Tyler,Jaquana,Akers,Shamaria,Tyler,Paul
Tyler,Issac,Graveline,Keyshla,Tyler,Collin
Tyler,Caylee,Akers,Shamaria,Tyler,Paul
Tyler,Johnathen,Graveline,Keyshla,Tyler,Collin
Veach,Dianne,Lincoln,Malinda,Veach,Cyrus
Tyler,Brent,Graveline,Katelyn,Tyler,Barrett
Veach,Marian,Lincoln,Malinda,Veach,Cyrus
Tyler,Miles,Graveline,Katelyn,Tyler,Barrett
Veach,Myesha,Lincoln,Malinda,Veach,Cyrus
Tyler,Nicolas,Graveline,Katelyn,Tyler,Barrett
Veach,Bryanna,Lincoln,Malinda,Veach,Cyrus
Tyler,Guadalupe,Graveline,Katelyn,Tyler,Barrett
Veach,Claudia,Lincoln,Malinda,Veach,Cyrus
Tyler,Jared,Graveline,Katelyn,Tyler,Barrett
Veach,Baylee,Lincoln,Malinda,Veach,Cyrus
Tyler,Donte,Graveline,Katelyn,Tyler,Barrett
Veach,Emmily,Lincoln,Malinda,Veach,Cyrus
Tyler,Melvin,Graveline,Katelyn,Tyler,Barrett
Veach,Maegen,Lincoln,Malinda,Veach,Cyrus
Tyler,Diondre,Graveline,Destini,Tyler,Josie
Gorie,Mackenna,Still,Mariangeli,Gorie,Marc
Tyler,Dayton,Graveline,Destini,Tyler,Josie
Gorie,Diane,Still,Mariangeli,Gorie,Marc
Tyler,Gordon,Graveline,Toni,Tyler,Francis
Gorie,Katie,Still,Mariangeli,Gorie,Marc
Tyler,Deonta,Graveline,Toni,Tyler,Francis
Gorie,Ebone,Still,Mariangeli,Gorie,Marc
Tyler,Shaun,Graveline,Toni,Tyler,Francis
Gorie,Roxanne,Still,Mariangeli,Gorie,Marc
Tyler,Stanley,Graveline,Toni,Tyler,Francis
Gorie,Jensen,Still,Mariangeli,Gorie,Marc
Tyler,Austen,Graveline,Toni,Tyler,Francis
Tyler,Adrian,Graveline,Briana,Tyler,Parker
Tyler,Demarco,Graveline,Toni,Tyler,Francis
Tyler,Kelsee,Graveline,Briana,Tyler,Parker
Tyler,Junior,Graveline,Toni,Tyler,Francis
Tyler,Bertha,Graveline,Deanne,Tyler,Samuel
Tyler,Maurice,Graveline,Toni,Tyler,Francis
Tyler,Rosemarie,Graveline,Deanne,Tyler,Samuel
Tyler,Hayden,Graveline,Toni,Tyler,Francis
Tyler,Georgina,Graveline,Keyshla,Tyler,Collin
Tyler,Milton,Graveline,Toni,Tyler,Francis
Tyler,Anthony,Graveline,Keyshla,Tyler,Collin
Tyler,Ignacio,Graveline,Abby,Tyler,Houston
Tyler,Jordan,Graveline,Keyshla,Tyler,Collin
Tyler,Patrick,Graveline,Abby,Tyler,Houston
Tyler,Siobhan,Graveline,Katelyn,Tyler,Barrett
Graveline,Jordan,Taylor,Emely,Graveline,Pedro
Tyler,Sadia,Graveline,Katelyn,Tyler,Barrett
Graveline,Errol,Taylor,Emely,Graveline,Pedro
Tyler,Sarafina,Graveline,Katelyn,Tyler,Barrett
Graveline,Guy,Taylor,Emely,Graveline,Pedro
Tyler,Marysol,Graveline,Katelyn,Tyler,Barrett
Graveline,Shane,Taylor,Emely,Graveline,Pedro
Tyler,Lydia,Graveline,Katelyn,Tyler,Barrett
Graveline,Adam,Taylor,Emely,Graveline,Pedro
Tyler,Jenny,Graveline,Katelyn,Tyler,Barrett
Graveline,Ever,Taylor,Genevieve,Graveline,Alec
Tyler,Keanna,Graveline,Katelyn,Tyler,Barrett
Graveline,Leland,Taylor,Genevieve,Graveline,Alec
Tyler,Jaylynn,Graveline,Destini,Tyler,Josie
Graveline,Colby,Taylor,Genevieve,Graveline,Alec
Tyler,Reina,Graveline,Destini,Tyler,Josie
Graveline,Trevin,Taylor,Chantelle,Graveline,Jarod
Tyler,Krysta,Graveline,Toni,Tyler,Francis
Graveline,Davon,Taylor,Chantelle,Graveline,Jarod
Tyler,Anabel,Graveline,Toni,Tyler,Francis
Graveline,Nolan,Taylor,Chantelle,Graveline,Jarod
Tyler,Lindsay,Graveline,Toni,Tyler,Francis
Graveline,Daquan,Taylor,Chantelle,Graveline,Jarod
Tyler,Salena,Graveline,Toni,Tyler,Francis
Graveline,Dyllon,Taylor,Chantelle,Graveline,Jarod
Tyler,Eden,Graveline,Toni,Tyler,Francis
Graveline,Jordon,Taylor,Chantelle,Graveline,Jarod
Tyler,Neda,Graveline,Abby,Tyler,Houston
Graveline,Ivan,Taylor,Chantelle,Graveline,Jarod
Graveline,Francesca,Taylor,Emely,Graveline,Pedro
Graveline,Edgar,Taylor,Chantelle,Graveline,Jarod
Graveline,Passion,Taylor,Emely,Graveline,Pedro
Graveline,Dylon,Taylor,Chantelle,Graveline,Jarod
Graveline,Christie,Taylor,Emely,Graveline,Pedro
Graveline,Ramiro,Taylor,Chantelle,Graveline,Jarod
Graveline,Miranda,Taylor,Genevieve,Graveline,Alec
Graveline,Arnold,Taylor,Chantelle,Graveline,Jarod
Graveline,Xiomara,Taylor,Genevieve,Graveline,Alec
Graveline,Patric,Taylor,Alexus,Graveline,Marcell
Graveline,Monica,Taylor,Chantelle,Graveline,Jarod
Graveline,Raymond,Taylor,Alexus,Graveline,Marcell
Graveline,Tory,Taylor,Chantelle,Graveline,Jarod
Graveline,Christophe,Taylor,Alexus,Graveline,Marcell
Graveline,Karly,Taylor,Chantelle,Graveline,Jarod
Graveline,Yash,Taylor,Alexus,Graveline,Marcell
Graveline,Breanne,Taylor,Chantelle,Graveline,Jarod
Graveline,Agustin,Taylor,Alexus,Graveline,Marcell
Graveline,Carla,Taylor,Chantelle,Graveline,Jarod
Graveline,Jacky,Taylor,Presley,Graveline,Kellen
Graveline,Aaliyah,Taylor,Chantelle,Graveline,Jarod
Graveline,Abraham,Taylor,Presley,Graveline,Kellen
Graveline,Mikyla,Taylor,Chantelle,Graveline,Jarod
Graveline,Larry,Taylor,Presley,Graveline,Kellen
Graveline,Destiney,Taylor,Alexus,Graveline,Marcell
Graveline,Alfonso,Taylor,Suzette,Graveline,Deondre
Graveline,Julia,Taylor,Alexus,Graveline,Marcell
Graveline,Brayden,Taylor,Suzette,Graveline,Deondre
Graveline,Arlene,Taylor,Alexus,Graveline,Marcell
Graveline,Salvatore,Taylor,Suzette,Graveline,Deondre
Graveline,Karen,Taylor,Alexus,Graveline,Marcell
Graveline,Zaquan,Taylor,Suzette,Graveline,Deondre
Graveline,Symone,Taylor,Presley,Graveline,Kellen
Graveline,Antoine,Taylor,Suzette,Graveline,Deondre
Graveline,Asia,Taylor,Presley,Graveline,Kellen
Graveline,Terance,Taylor,Suzette,Graveline,Deondre
Graveline,Siarra,Taylor,Presley,Graveline,Kellen
Graveline,Kelvin,Taylor,Suzette,Graveline,Deondre
Graveline,Karina,Taylor,Suzette,Graveline,Deondre
Graveline,Alberto,Taylor,Suzette,Graveline,Deondre
Graveline,Kristi,Taylor,Suzette,Graveline,Deondre
Graveline,Deonta,Taylor,Suzette,Graveline,Deondre
Graveline,Chasity,Taylor,Suzette,Graveline,Deondre
Graveline,Adalberto,Taylor,Suzette,Graveline,Deondre
Graveline,Arianna,Taylor,Suzette,Graveline,Deondre
Graveline,Luis,Taylor,Suzette,Graveline,Deondre
Graveline,Irene,Taylor,Suzette,Graveline,Deondre
Taylor,Josie,Graveline,Laurel,Taylor,Benito
Graveline,Morgan,Taylor,Suzette,Graveline,Deondre
Taylor,Tyree,Graveline,Laurel,Taylor,Benito
Graveline,Lorena,Taylor,Suzette,Graveline,Deondre
Taylor,Billy,Graveline,Laurel,Taylor,Benito
Graveline,Scarlett,Taylor,Suzette,Graveline,Deondre
Taylor,Jacoby,Graveline,Laurel,Taylor,Benito
Taylor,Kristy,Graveline,Laurel,Taylor,Benito
Taylor,Barrett,Graveline,Laurel,Taylor,Benito
Taylor,Carley,Graveline,Laurel,Taylor,Benito
Taylor,Jawaun,Graveline,Laurel,Taylor,Benito
Taylor,Alissa,Graveline,Laurel,Taylor,Benito
Taylor,Avery,Graveline,Laurel,Taylor,Benito
Taylor,Kaya,Graveline,Laurel,Taylor,Benito
Taylor,Marcanthon,Graveline,Kaci,Taylor,Hunter
Taylor,Dorian,Graveline,Laurel,Taylor,Benito
Taylor,Dominick,Graveline,Kaci,Taylor,Hunter
Taylor,Isadora,Graveline,Laurel,Taylor,Benito
Taylor,Derek,Graveline,Kaci,Taylor,Hunter
Taylor,Erica,Graveline,Laurel,Taylor,Benito
Taylor,Yvan,Graveline,Kaci,Taylor,Hunter
Taylor,Dixie,Graveline,Laurel,Taylor,Benito
Taylor,Richie,Graveline,Adrianna,Taylor,Cecil
Taylor,Alex,Graveline,Laurel,Taylor,Benito
Taylor,Jacob,Graveline,Adrianna,Taylor,Cecil
Taylor,Susana,Graveline,Laurel,Taylor,Benito
Taylor,Rahim,Graveline,Adrianna,Taylor,Cecil
Taylor,Kaytlin,Graveline,Kaci,Taylor,Hunter
Taylor,Quinton,Graveline,Adrianna,Taylor,Cecil
Taylor,Janeth,Graveline,Adrianna,Taylor,Cecil
Taylor,Maxwell,Graveline,Adrianna,Taylor,Cecil
Taylor,Sadia,Graveline,Adrianna,Taylor,Cecil
Taylor,Emmanuel,Graveline,Adrianna,Taylor,Cecil
Taylor,Julissa,Graveline,Adrianna,Taylor,Cecil
Taylor,Landen,Graveline,Adrianna,Taylor,Cecil
Taylor,Moriah,Graveline,Adrianna,Taylor,Cecil
Taylor,Jamel,Graveline,Adrianna,Taylor,Cecil
Taylor,Blake,Graveline,Adrianna,Taylor,Cecil
Taylor,Tobias,Graveline,Adrianna,Taylor,Cecil
Taylor,Angle,Graveline,Adrianna,Taylor,Cecil
Taylor,Adalberto,Graveline,Adrianna,Taylor,Cecil
Taylor,Guadalupe,Helms,Jordan,Taylor,Toby
Taylor,Tyreek,Graveline,Adrianna,Taylor,Cecil
Taylor,Symone,Helms,Jordan,Taylor,Toby
Taylor,Jacky,Graveline,Adrianna,Taylor,Cecil
Taylor,Kealani,Helms,Jordan,Taylor,Toby
Taylor,Jose,Graveline,Adrianna,Taylor,Cecil
Taylor,Teresa,Helms,Jordan,Taylor,Toby
Taylor,Brooks,Helms,Jordan,Taylor,Toby
Helms,Jenae,Taylor,Barbara,Helms,Jawaun
Taylor,Bryce,Helms,Jordan,Taylor,Toby
Helms,Kimberlee,Taylor,Barbara,Helms,Jawaun
Taylor,Juancarlos,Helms,Jordan,Taylor,Toby
Helms,Alisia,Taylor,Barbara,Helms,Jawaun
Taylor,Blaine,Helms,Jordan,Taylor,Toby
Helms,Estefani,Taylor,Barbara,Helms,Jawaun
Taylor,Estevan,Helms,Jordan,Taylor,Toby
Helms,Yessenia,Taylor,Sonya,Helms,Nadav
Tyler,Alfred,Poindexter,Marycather,Loria,Kyler,Boilermaker
Helms,Jeb,Taylor,Barbara,Helms,Jawaun
Helms,Lourdes,Taylor,Sonya,Helms,Nadav
Helms,Armando,Taylor,Barbara,Helms,Jawaun
Helms,Dallas,Taylor,Sonya,Helms,Nadav
Helms,Marshall,Taylor,Barbara,Helms,Jawaun
Helms,Zulema,Taylor,Sonya,Helms,Nadav
Helms,Dakota,Taylor,Barbara,Helms,Jawaun
Helms,Sarai,Taylor,Mariela,Helms,Alfonso
Helms,Tylor,Taylor,Sonya,Helms,Nadav
Helms,Kaylie,Taylor,Mariela,Helms,Alfonso
Helms,Ibrahim,Taylor,Sonya,Helms,Nadav
Helms,Regina,Taylor,Mariela,Helms,Alfonso
Helms,Gideon,Taylor,Sonya,Helms,Nadav
Helms,Addison,Taylor,Mariela,Helms,Alfonso
Helms,Jashua,Taylor,Sonya,Helms,Nadav
Helms,Carrie,Taylor,Mariela,Helms,Alfonso
Helms,Braeden,Taylor,Sonya,Helms,Nadav
Helms,Niyah,Taylor,Mariela,Helms,Alfonso
Helms,Arturo,Taylor,Sonya,Helms,Nadav
Helms,Georgia,Taylor,Mariela,Helms,Alfonso
Helms,Jaylon,Taylor,Sonya,Helms,Nadav
Helms,Constance,Taylor,Mariela,Helms,Alfonso
Helms,Trentin,Taylor,Sonya,Helms,Nadav
Helms,Sherry,Taylor,Chynna,Helms,Tanner
Helms,Antoine,Taylor,Sonya,Helms,Nadav
Helms,Destiny,Taylor,Chynna,Helms,Tanner
Helms,Collin,Taylor,Sonya,Helms,Nadav
Helms,Chrystal,Taylor,Chynna,Helms,Tanner
Helms,Ryen,Taylor,Mariela,Helms,Alfonso
Helms,Evangelina,Taylor,Chynna,Helms,Tanner
Helms,Chaz,Taylor,Mariela,Helms,Alfonso
Helms,Harley,Taylor,Chynna,Helms,Tanner
Helms,Colt,Taylor,Mariela,Helms,Alfonso
Helms,Yolanda,Taylor,Chynna,Helms,Tanner
Helms,Martin,Taylor,Mariela,Helms,Alfonso
Helms,Sunny,Taylor,Chynna,Helms,Tanner
Helms,Donovan,Taylor,Mariela,Helms,Alfonso
Helms,Elizabeth,Taylor,Kaleigh,Helms,Aidan
Helms,Eddie,Taylor,Chynna,Helms,Tanner
Helms,London,Taylor,Kaleigh,Helms,Aidan
Helms,Gustavo,Taylor,Chynna,Helms,Tanner
Helms,Shelly,Taylor,Kaleigh,Helms,Aidan
Helms,Francis,Taylor,Chynna,Helms,Tanner
Helms,Jasmin,Taylor,Kaleigh,Helms,Aidan
Helms,Nickolas,Taylor,Kaleigh,Helms,Aidan
Helms,Xena,Taylor,Kaleigh,Helms,Aidan
Helms,Daryl,Taylor,Kaleigh,Helms,Aidan
Helms,Janie,Taylor,Kaleigh,Helms,Aidan
Helms,Ronnie,Taylor,Kaleigh,Helms,Aidan
Helms,Danae,Taylor,Kaleigh,Helms,Aidan
Helms,Jarrod,Taylor,Kaleigh,Helms,Aidan
Helms,Lizbeth,Taylor,Amelia,Helms,Rashad
Helms,Ramiro,Taylor,Kaleigh,Helms,Aidan
Helms,Roxana,Taylor,Amelia,Helms,Rashad
Helms,Slaten,Taylor,Kaleigh,Helms,Aidan
Helms,Hunter,Aldrin,Brenda,Helms,Samuel
Helms,Jalen,Taylor,Kaleigh,Helms,Aidan
Helms,Tristan,Aldrin,Brenda,Helms,Samuel
Helms,Vinh,Taylor,Kaleigh,Helms,Aidan
Helms,Kaitlin,Aldrin,Brenda,Helms,Samuel
Helms,Davin,Taylor,Kaleigh,Helms,Aidan
Helms,Gerardo,Aldrin,Elizabet,Helms,Cooper
Helms,Jaylen,Taylor,Kaleigh,Helms,Aidan
Helms,Maritza,Aldrin,Elizabet,Helms,Cooper
Helms,Efren,Taylor,Amelia,Helms,Rashad
Helms,Courtney,Aldrin,Elizabet,Helms,Cooper
Helms,Skylar,Taylor,Amelia,Helms,Rashad
Helms,Naomi,Aldrin,Elizabet,Helms,Cooper
Helms,Marquis,Taylor,Amelia,Helms,Rashad
Helms,Justice,Aldrin,Elizabet,Helms,Cooper
Helms,Issac,Aldrin,Brenda,Helms,Samuel
Helms,Marie,Aldrin,Elizabet,Helms,Cooper
Helms,Zaire,Aldrin,Brenda,Helms,Samuel
Helms,Bianca,Aldrin,Elizabet,Helms,Cooper
Helms,Shane,Aldrin,Brenda,Helms,Samuel
Helms,Maison,Aldrin,Elizabet,Helms,Cooper
Helms,Rashaun,Aldrin,Brenda,Helms,Samuel
Helms,Mara,Aldrin,Elizabet,Helms,Cooper
Helms,Dana,Aldrin,Brenda,Helms,Samuel
Helms,Kortney,Aldrin,Elizabet,Helms,Cooper
Helms,Daron,Aldrin,Brenda,Helms,Samuel
Aldrin,Samira,Helms,Kyndra,Aldrin,Bradlee
Helms,Sahil,Aldrin,Brenda,Helms,Samuel
Aldrin,Kelsy,Helms,Kyndra,Aldrin,Bradlee
Helms,Adonis,Aldrin,Elizabet,Helms,Cooper
Aldrin,Ruby,Helms,Kyndra,Aldrin,Bradlee
Helms,Darrin,Aldrin,Elizabet,Helms,Cooper
Aldrin,Lauryn,Helms,Kyndra,Aldrin,Bradlee
Helms,Nathan,Aldrin,Elizabet,Helms,Cooper
Aldrin,Kitana,Helms,Kyndra,Aldrin,Bradlee
Helms,Kurtis,Aldrin,Elizabet,Helms,Cooper
Aldrin,Gladys,Helms,Kyndra,Aldrin,Bradlee
Helms,Dusty,Aldrin,Elizabet,Helms,Cooper
Aldrin,Marie,Helms,Kyndra,Aldrin,Bradlee
Helms,Adalberto,Aldrin,Elizabet,Helms,Cooper
Aldrin,Katerina,Helms,Kyndra,Aldrin,Bradlee
Helms,Brogan,Aldrin,Elizabet,Helms,Cooper
Aldrin,Rebecca,McCool,Kenyatta,Aldrin,Claudio
Aldrin,Alec,Helms,Kyndra,Aldrin,Bradlee
Aldrin,Kacey,McCool,Blair,Aldrin,Kenyon
Aldrin,Edgardo,Helms,Kyndra,Aldrin,Bradlee
Aldrin,Macie,McCool,Blair,Aldrin,Kenyon
Aldrin,Alexandro,Helms,Kyndra,Aldrin,Bradlee
Aldrin,Kyndra,McCool,Blair,Aldrin,Kenyon
Aldrin,Maleek,Helms,Kyndra,Aldrin,Bradlee
Aldrin,Celia,McCool,Blair,Aldrin,Kenyon
Aldrin,Julius,Helms,Kyndra,Aldrin,Bradlee
Aldrin,Tiani,McCool,Blair,Aldrin,Kenyon
Aldrin,Dimitri,Helms,Kyndra,Aldrin,Bradlee
Aldrin,Louisa,McCool,Keri,Aldrin,Lukas
Aldrin,Rene,McCool,Kenyatta,Aldrin,Claudio
Aldrin,Monique,McCool,Keri,Aldrin,Lukas
Aldrin,Estevan,McCool,Kenyatta,Aldrin,Claudio
Aldrin,Chanel,McCool,Keri,Aldrin,Lukas
Aldrin,Rudy,McCool,Blair,Aldrin,Kenyon
Aldrin,Stefanie,McCool,Keri,Aldrin,Lukas
Aldrin,Freeman,McCool,Blair,Aldrin,Kenyon
Aldrin,Keanna,McCool,Keri,Aldrin,Lukas
Aldrin,Rolando,McCool,Keri,Aldrin,Lukas
Aldrin,Becca,McCool,Keri,Aldrin,Lukas
Aldrin,Ruben,McCool,Keri,Aldrin,Lukas
Aldrin,Yasmin,McCool,Keri,Aldrin,Lukas
Aldrin,Antoine,McCool,Keri,Aldrin,Lukas
Aldrin,Arlene,McCool,Keri,Aldrin,Lukas
Aldrin,Xzavier,McCool,Keri,Aldrin,Lukas
Aldrin,Marion,McCool,Keri,Aldrin,Lukas
Aldrin,Jaylan,McCool,Keri,Aldrin,Lukas
Aldrin,Christina,McCool,Keri,Aldrin,Lukas
Aldrin,Justice,McCool,Keri,Aldrin,Lukas
Aldrin,Chloie,McCool,Keri,Aldrin,Lukas
Aldrin,Dean,McCool,Keri,Aldrin,Lukas
Aldrin,Arielle,McCool,Keri,Aldrin,Lukas
Aldrin,Davis,McCool,Keri,Aldrin,Lukas
Aldrin,Linsey,Greene,Kenna,Aldrin,Malachi
Aldrin,Devante,Greene,Kenna,Aldrin,Malachi
Aldrin,Mariangeli,Greene,Kenna,Aldrin,Malachi
Aldrin,Jules,Greene,Kenna,Aldrin,Malachi
Aldrin,Anna,Greene,Kenna,Aldrin,Malachi
Aldrin,Dreshaun,Greene,Kenna,Aldrin,Malachi
Aldrin,Shelley,Greene,Kenna,Aldrin,Malachi
Aldrin,Lee,Greene,Kenna,Aldrin,Malachi
Aldrin,Melanie,Greene,Kenna,Aldrin,Malachi
Aldrin,Rhett,Greene,Kenna,Aldrin,Malachi
Aldrin,Tabitha,Greene,Kenna,Aldrin,Malachi
Aldrin,Joan,Greene,Kenna,Aldrin,Malachi
Aldrin,Hanna,Greene,Rachel,Aldrin,Keion
Aldrin,Deshaun,Greene,Rachel,Aldrin,Keion
Aldrin,Devon,Greene,Rachel,Aldrin,Keion
Aldrin,Tyran,Greene,Rachel,Aldrin,Keion
Aldrin,Jadah,Greene,Rachel,Aldrin,Keion
Aldrin,Bill,Greene,Rachel,Aldrin,Keion
Aldrin,Gwendolyn,Greene,Rachel,Aldrin,Keion
Aldrin,Chance,Greene,Rachel,Aldrin,Keion
Aldrin,Adrianne,Greene,Rachel,Aldrin,Keion
Aldrin,Kaleb,Greene,Rachel,Aldrin,Keion
Aldrin,Monet,Greene,Rachel,Aldrin,Keion
Aldrin,Pedro,Greene,Rachel,Aldrin,Keion
Aldrin,Malinda,Greene,Rachel,Aldrin,Keion
Aldrin,Tayler,Greene,Rachel,Aldrin,Keion
Aldrin,Rita,Greene,Rachel,Aldrin,Keion
Aldrin,Ameer,Greene,Rachel,Aldrin,Keion
Aldrin,Taelor,Greene,Rachel,Aldrin,Keion
Aldrin,Nathan,Greene,Nadine,Aldrin,Diondre
Aldrin,Dalila,Greene,Nadine,Aldrin,Diondre
Aldrin,Barry,Greene,Nadine,Aldrin,Diondre
Aldrin,Tiara,Greene,Nadine,Aldrin,Diondre
Aldrin,Ever,Greene,Nadine,Aldrin,Diondre
Aldrin,Alma,Greene,Nadine,Aldrin,Diondre
Aldrin,Garrett,Greene,Nadine,Aldrin,Diondre
Aldrin,Bailee,Greene,Nadine,Aldrin,Diondre
Aldrin,Erick,Greene,Nadine,Aldrin,Diondre
Aldrin,Scarlett,Greene,Haleigh,Aldrin,Marquis
Aldrin,Dandre,Greene,Nadine,Aldrin,Diondre
Aldrin,Reilly,Greene,Haleigh,Aldrin,Marquis
Aldrin,Andreas,Greene,Nadine,Aldrin,Diondre
Aldrin,Karley,Greene,Haleigh,Aldrin,Marquis
Aldrin,Tylar,Greene,Haleigh,Aldrin,Marquis
Aldrin,Emilia,Greene,Haleigh,Aldrin,Marquis
Aldrin,Deangelo,Greene,Haleigh,Aldrin,Marquis
Aldrin,Jenna,Greene,Haleigh,Aldrin,Marquis
Aldrin,Alberto,Greene,Haleigh,Aldrin,Marquis
McCool,Carson,Aldrin,Karena,McCool,Denzell
Aldrin,Alan,Greene,Haleigh,Aldrin,Marquis
McCool,Maryann,Aldrin,Karena,McCool,Denzell
McCool,Rakeem,Aldrin,Karena,McCool,Denzell
McCool,Denise,Aldrin,Karena,McCool,Denzell
McCool,Zane,Aldrin,Karena,McCool,Denzell
McCool,Nadia,Aldrin,Irene,McCool,Ron
McCool,Nathanael,Aldrin,Irene,McCool,Ron
McCool,Bailee,Aldrin,Irene,McCool,Ron
McCool,Bryce,Aldrin,Irene,McCool,Ron
McCool,Ashton,Aldrin,Irene,McCool,Ron
McCool,Mohamed,Aldrin,Irene,McCool,Ron
McCool,Asya,Aldrin,Irene,McCool,Ron
McCool,Deion,Aldrin,Irene,McCool,Ron
McCool,Kansas,Aldrin,Irene,McCool,Ron
McCool,Curtis,Aldrin,Irene,McCool,Ron
Greene,Rhiannon,Aldrin,Jade,Greene,Enoch
McCool,Logan,Aldrin,Irene,McCool,Ron
Greene,Tiani,Aldrin,Jade,Greene,Enoch
McCool,Wesley,Aldrin,Irene,McCool,Ron
Greene,Aesha,Aldrin,Jade,Greene,Enoch
McCool,Isidro,Aldrin,Irene,McCool,Ron
Greene,Kendal,Aldrin,Jade,Greene,Enoch
McCool,Wilfredo,Aldrin,Irene,McCool,Ron
Greene,Tatiana,Aldrin,Jade,Greene,Enoch
McCool,Brenton,Aldrin,Irene,McCool,Ron
Greene,Kierra,Aldrin,Jade,Greene,Enoch
McCool,Troy,Aldrin,Irene,McCool,Ron
Greene,Carli,Aldrin,Jade,Greene,Enoch
McCool,Lawrence,Aldrin,Irene,McCool,Ron
Greene,Sania,Aldrin,Sofia,Greene,Ishmael
McCool,Victor,Aldrin,Irene,McCool,Ron
Greene,Lizette,Aldrin,Sofia,Greene,Ishmael
McCool,Jerryd,Aldrin,Irene,McCool,Ron
Greene,Cori,Aldrin,Sofia,Greene,Ishmael
Greene,Jesse,Aldrin,Jade,Greene,Enoch
Greene,Harley,Aldrin,Sofia,Greene,Ishmael
Greene,Dane,Aldrin,Jade,Greene,Enoch
Greene,Jamiya,Aldrin,Sofia,Greene,Ishmael
Greene,Asa,Aldrin,Jade,Greene,Enoch
Slayton,Halee,Aldrin,Natasha,Slayton,Efren
Greene,Craig,Aldrin,Jade,Greene,Enoch
Slayton,Makenzie,Aldrin,Natasha,Slayton,Efren
Greene,Frederick,Aldrin,Jade,Greene,Enoch
Slayton,Promise,Aldrin,Natasha,Slayton,Efren
Greene,Mohamad,Aldrin,Jade,Greene,Enoch
Slayton,Janessa,Aldrin,Natasha,Slayton,Efren
Greene,Jacori,Aldrin,Jade,Greene,Enoch
Slayton,Rani,Aldrin,Natasha,Slayton,Efren
Greene,Olivier,Aldrin,Sofia,Greene,Ishmael
Slayton,Stephany,Aldrin,Natasha,Slayton,Efren
Greene,Oliver,Aldrin,Sofia,Greene,Ishmael
Slayton,Synthia,Aldrin,Natasha,Slayton,Efren
Greene,Chandler,Aldrin,Sofia,Greene,Ishmael
Slayton,Janesha,Aldrin,Natasha,Slayton,Efren
Greene,Bradlee,Aldrin,Sofia,Greene,Ishmael
Slayton,Shanyce,Aldrin,Natasha,Slayton,Efren
Greene,David,Aldrin,Sofia,Greene,Ishmael
Slayton,Maren,Aldrin,Monica,Slayton,Diamond
Slayton,Branden,Aldrin,Natasha,Slayton,Efren
Slayton,Anja,Aldrin,Monica,Slayton,Diamond
Slayton,Jalen,Aldrin,Natasha,Slayton,Efren
Slayton,Anika,Aldrin,Monica,Slayton,Diamond
Slayton,Darrion,Aldrin,Natasha,Slayton,Efren
Slayton,Zoee,Aldrin,Micah,Slayton,Jamari
Slayton,Zakery,Aldrin,Natasha,Slayton,Efren
Slayton,Madelyne,Aldrin,Micah,Slayton,Jamari
Slayton,Deon,Aldrin,Natasha,Slayton,Efren
Slayton,Cody,Aldrin,Micah,Slayton,Jamari
Slayton,Tallon,Aldrin,Natasha,Slayton,Efren
Slayton,Madalyn,Aldrin,Micah,Slayton,Jamari
Slayton,Ramon,Aldrin,Natasha,Slayton,Efren
Slayton,Natalia,Aldrin,Micah,Slayton,Jamari
Slayton,Brannon,Aldrin,Natasha,Slayton,Efren
Slayton,Lindsay,Aldrin,Micah,Slayton,Jamari
Slayton,Nickolas,Aldrin,Monica,Slayton,Diamond
Slayton,Faith,Aldrin,Micah,Slayton,Jamari
Slayton,Lance,Aldrin,Monica,Slayton,Diamond
Slayton,Minnie,Aldrin,Micah,Slayton,Jamari
Slayton,Pierce,Aldrin,Monica,Slayton,Diamond
Slayton,Kacey,Aldrin,Micah,Slayton,Jamari
Slayton,Keenan,Aldrin,Monica,Slayton,Diamond
Slayton,Lauren,Aldrin,Micah,Slayton,Jamari
Slayton,Guadalupe,Aldrin,Monica,Slayton,Diamond
Slayton,Hallie,Aldrin,Micah,Slayton,Jamari
Slayton,Lane,Aldrin,Micah,Slayton,Jamari
Slayton,Chasity,Aldrin,Micah,Slayton,Jamari
Slayton,Dalton,Aldrin,Micah,Slayton,Jamari
Slayton,Mattie,Aldrin,Micah,Slayton,Jamari
Slayton,Hayden,Aldrin,Micah,Slayton,Jamari
Lu,Kenya,Greene,Gilda,Lu,Ramon
Slayton,Isiah,Aldrin,Micah,Slayton,Jamari
Lu,Shakira,Slayton,Isabella,Lu,Ignacio
Slayton,Kolton,Aldrin,Micah,Slayton,Jamari
Lu,Rubi,Slayton,Isabella,Lu,Ignacio
Slayton,Junior,Aldrin,Micah,Slayton,Jamari
Lu,Callan,Slayton,Isabella,Lu,Ignacio
Slayton,Barrett,Aldrin,Micah,Slayton,Jamari
Lu,Tamera,Slayton,Isabella,Lu,Ignacio
Lu,Deon,Greene,Gilda,Lu,Ramon
Lu,Mikhaila,Slayton,Siera,Lu,Wilmer
Lu,Theodore,Greene,Gilda,Lu,Ramon
Lu,Skylar,Slayton,Siera,Lu,Wilmer
Lu,Jan,Greene,Gilda,Lu,Ramon
Lu,Teresa,Slayton,Siera,Lu,Wilmer
Lu,Terry,Slayton,Isabella,Lu,Ignacio
Lu,Carley,Slayton,Siera,Lu,Wilmer
Lu,Maverick,Slayton,Isabella,Lu,Ignacio
Lu,Angelina,Slayton,Siera,Lu,Wilmer
Lu,Daniel,Slayton,Isabella,Lu,Ignacio
Tanner,Kierra,Slayton,Yazmin,Tanner,Simon
Lu,Bennie,Slayton,Siera,Lu,Wilmer
Tanner,Josie,Slayton,Meghan,Tanner,Avery
Lu,Leonardo,Slayton,Siera,Lu,Wilmer
Tanner,Anaya,Slayton,Meghan,Tanner,Avery
Lu,Brent,Slayton,Siera,Lu,Wilmer
Tanner,Christa,Slayton,Meghan,Tanner,Avery
Lu,Trevin,Slayton,Siera,Lu,Wilmer
Tanner,Paxton,Slayton,Meghan,Tanner,Avery
Tanner,Roger,Slayton,Dominique,Tanner,Lukas
Tanner,Kyndra,Slayton,Meghan,Tanner,Avery
Tanner,Jasper,Slayton,Dominique,Tanner,Lukas
Tanner,Emma,Slayton,Meghan,Tanner,Avery
Tanner,Benito,Slayton,Dominique,Tanner,Lukas
Tanner,Autumn,Slayton,Brieanna,Tanner,Brendon
Tanner,Vinh,Slayton,Dominique,Tanner,Lukas
Tanner,Catalina,Lu,Michaela,Tanner,Esau
Tanner,Bailey,Slayton,Dominique,Tanner,Lukas
Tanner,Minna,Lu,Michaela,Tanner,Esau
Tanner,Hunter,Slayton,Dominique,Tanner,Lukas
Tanner,Susana,Lu,Michaela,Tanner,Esau
Tanner,Landin,Slayton,Dominique,Tanner,Lukas
Tanner,Vanessa,Lu,Michaela,Tanner,Esau
Tanner,Sean,Slayton,Dominique,Tanner,Lukas
Tanner,Shannon,Lu,Michaela,Tanner,Esau
Tanner,Marcell,Slayton,Dominique,Tanner,Lukas
Tanner,Allysa,Lu,Michaela,Tanner,Esau
Tanner,Austen,Slayton,Dominique,Tanner,Lukas
Tanner,Naomi,Lu,Michaela,Tanner,Esau
Tanner,Drew,Slayton,Yazmin,Tanner,Simon
Tanner,Savanna,Lu,Michaela,Tanner,Esau
Tanner,Reuben,Slayton,Yazmin,Tanner,Simon
Tanner,Shianne,Lu,Carrie,Tanner,Jaylon
Tanner,Perry,Slayton,Yazmin,Tanner,Simon
Tanner,Nayeli,Lu,Carrie,Tanner,Jaylon
Tanner,Rakeem,Slayton,Yazmin,Tanner,Simon
Tanner,Sophie,Lu,Moesha,Tanner,Shane
Tanner,Henry,Slayton,Yazmin,Tanner,Simon
Tanner,Claire,Lu,Moesha,Tanner,Shane
Tanner,Freddy,Slayton,Yazmin,Tanner,Simon
Tanner,Brielle,Lu,Moesha,Tanner,Shane
Tanner,Ali,Slayton,Meghan,Tanner,Avery
Tanner,Lexi,Lu,Moesha,Tanner,Shane
Tanner,Corey,Slayton,Meghan,Tanner,Avery
Tanner,Measia,Lu,Moesha,Tanner,Shane
Tanner,Delonta,Slayton,Meghan,Tanner,Avery
Tanner,Darby,Lu,Moesha,Tanner,Shane
Tanner,Khalil,Slayton,Meghan,Tanner,Avery
Brown,Katelyn,Tanner,Mireya,Brown,Dan
Tanner,Deshawn,Slayton,Meghan,Tanner,Avery
Brown,Suzanna,Tanner,Mireya,Brown,Dan
Tanner,Tyler,Slayton,Meghan,Tanner,Avery
Brown,Katherine,Tanner,Mireya,Brown,Dan
Tanner,Dane,Slayton,Brieanna,Tanner,Brendon
Brown,Marlene,Tanner,Mireya,Brown,Dan
Tanner,Triston,Slayton,Brieanna,Tanner,Brendon
Brown,Abigail,Tanner,Mireya,Brown,Dan
Tanner,Pablo,Slayton,Brieanna,Tanner,Brendon
Brown,Allana,Tanner,Mireya,Brown,Dan
Tanner,Marco,Slayton,Brieanna,Tanner,Brendon
Brown,Alexis,Tanner,Mireya,Brown,Dan
Tanner,Bill,Lu,Michaela,Tanner,Esau
Brown,Adrienne,Tanner,Mireya,Brown,Dan
Tanner,Olivier,Lu,Michaela,Tanner,Esau
Brown,Desaree,Tanner,Mireya,Brown,Dan
Tanner,Calib,Lu,Michaela,Tanner,Esau
Brown,Kierra,Tanner,Mireya,Brown,Dan
Tanner,Trae,Lu,Michaela,Tanner,Esau
Brown,Kandice,Tanner,Mireya,Brown,Dan
Tanner,David,Lu,Carrie,Tanner,Jaylon
Brown,Darian,Tanner,Mireya,Brown,Dan
Tanner,Joel,Lu,Carrie,Tanner,Jaylon
Brown,Siera,Tanner,Katy,Brown,Kenyon
Tanner,Colton,Lu,Moesha,Tanner,Shane
Brown,Dandrea,Tanner,Katy,Brown,Kenyon
Tanner,Graham,Lu,Moesha,Tanner,Shane
Brown,Kelsie,Tanner,Katy,Brown,Kenyon
Tanner,Hiram,Lu,Moesha,Tanner,Shane
Forrester,Juanita,Tanner,Bethany,Forrester,Nikolas
Tanner,Julius,Lu,Moesha,Tanner,Shane
Forrester,Alyson,Tanner,Bethany,Forrester,Nikolas
Tanner,Milton,Lu,Moesha,Tanner,Shane
Forrester,Celia,Tanner,Bethany,Forrester,Nikolas
Tanner,Raul,Lu,Moesha,Tanner,Shane
Forrester,Cayla,Tanner,Bethany,Forrester,Nikolas
Tanner,Jasen,Lu,Moesha,Tanner,Shane
Forrester,Odalys,Tanner,Katelyn,Forrester,Xavier
Brown,Reed,Lu,Makala,Brown,Thaddeus
Forrester,Kenyetta,Tanner,Katelyn,Forrester,Xavier
Brown,Santana,Lu,Makala,Brown,Thaddeus
Forrester,Keira,Tanner,Katelyn,Forrester,Xavier
Brown,Alek,Lu,Makala,Brown,Thaddeus
Forrester,Yaritza,Tanner,Katelyn,Forrester,Xavier
Brown,Cody,Lu,Makala,Brown,Thaddeus
Forrester,Shelbi,Tanner,Katelyn,Forrester,Xavier
Brown,Eduardo,Lu,Makala,Brown,Thaddeus
Forrester,Kaylea,Tanner,Katelyn,Forrester,Xavier
Brown,Daryl,Tanner,Mireya,Brown,Dan
Forrester,Lourdes,Tanner,Katelyn,Forrester,Xavier
Brown,Keon,Tanner,Mireya,Brown,Dan
Forrester,Ashtin,Tanner,Leann,Forrester,Leon
Brown,Paris,Tanner,Katy,Brown,Kenyon
Forrester,Kenyatta,Tanner,Leann,Forrester,Leon
Brown,Terrell,Tanner,Katy,Brown,Kenyon
Forrester,Sara,Tanner,Miriam,Forrester,Shmuel
Brown,Efrain,Tanner,Katy,Brown,Kenyon
Forrester,Janet,Tanner,Miriam,Forrester,Shmuel
Brown,Lloyd,Tanner,Katy,Brown,Kenyon
Forrester,Kaylin,Tanner,Miriam,Forrester,Shmuel
Brown,Aleksandr,Tanner,Katy,Brown,Kenyon
Forrester,Mileena,Tanner,Miriam,Forrester,Shmuel
Brown,Clifford,Tanner,Katy,Brown,Kenyon
Forrester,Meghan,Tanner,Miriam,Forrester,Shmuel
Brown,Branden,Tanner,Katy,Brown,Kenyon
Forrester,Kiesha,Tanner,Miriam,Forrester,Shmuel
Forrester,Cedric,Tanner,Bethany,Forrester,Nikolas
Forrester,Meagan,Tanner,Miriam,Forrester,Shmuel
Forrester,Blake,Tanner,Bethany,Forrester,Nikolas
Forrester,Makala,Tanner,Miriam,Forrester,Shmuel
Forrester,Clinton,Tanner,Bethany,Forrester,Nikolas
Forrester,Terri,Tanner,Teagan,Forrester,Ivan
Forrester,Brian,Tanner,Bethany,Forrester,Nikolas
Forrester,Emiley,Tanner,Teagan,Forrester,Ivan
Forrester,Tommy,Tanner,Bethany,Forrester,Nikolas
Forrester,Elaine,Tanner,Teagan,Forrester,Ivan
Forrester,Tayler,Tanner,Bethany,Forrester,Nikolas
Forrester,Vivian,Tanner,Teagan,Forrester,Ivan
Forrester,Kapil,Tanner,Katelyn,Forrester,Xavier
Forrester,Janie,Tanner,Teagan,Forrester,Ivan
Forrester,Eduardo,Tanner,Katelyn,Forrester,Xavier
Forrester,Candice,Tanner,Teagan,Forrester,Ivan
Forrester,Marielle,Tanner,Katelyn,Forrester,Xavier
Forrester,Paloma,Tanner,Teagan,Forrester,Ivan
Forrester,Matthew,Tanner,Katelyn,Forrester,Xavier
Forrester,Karah,Tanner,Teagan,Forrester,Ivan
Forrester,Yovani,Tanner,Katelyn,Forrester,Xavier
Forrester,Trinity,Tanner,Teagan,Forrester,Ivan
Forrester,Ishmael,Tanner,Katelyn,Forrester,Xavier
Forrester,Mykelle,Tanner,Kayli,Forrester,Dion
Forrester,Tarik,Tanner,Katelyn,Forrester,Xavier
Forrester,Annalie,Tanner,Kayli,Forrester,Dion
Forrester,Brennen,Tanner,Katelyn,Forrester,Xavier
Forrester,Breanna,Tanner,Kayli,Forrester,Dion
Forrester,Fernando,Tanner,Katelyn,Forrester,Xavier
Forrester,Naomi,Tanner,Kayli,Forrester,Dion
Forrester,Trent,Tanner,Leann,Forrester,Leon
Tyler,Isabelle,Brown,Chloie,Tyler,Dan
Forrester,Noah,Tanner,Miriam,Forrester,Shmuel
Tyler,Camila,Brown,Chloie,Tyler,Dan
Forrester,Mathieu,Tanner,Miriam,Forrester,Shmuel
Tyler,Zenia,Brown,Chloie,Tyler,Dan
Forrester,Michel,Tanner,Miriam,Forrester,Shmuel
Tyler,Carra,Brown,Chloie,Tyler,Dan
Forrester,Erik,Tanner,Miriam,Forrester,Shmuel
Tyler,Kourtney,Brown,Chloie,Tyler,Dan
Forrester,Gannon,Tanner,Miriam,Forrester,Shmuel
Tyler,Aylin,Brown,Chloie,Tyler,Dan
Forrester,Habram,Tanner,Miriam,Forrester,Shmuel
Tyler,Katharine,Brown,Chloie,Tyler,Dan
Forrester,Jarod,Tanner,Miriam,Forrester,Shmuel
Tyler,Margarita,Brown,Chloie,Tyler,Dan
Forrester,Nicholas,Tanner,Teagan,Forrester,Ivan
Tyler,Gwendolyn,Brown,Chloie,Tyler,Dan
Forrester,Randy,Tanner,Teagan,Forrester,Ivan
Tyler,Norma,Brown,Chloie,Tyler,Dan
Forrester,Hiram,Tanner,Teagan,Forrester,Ivan
Tyler,Shanna,Brown,Leandra,Tyler,Angelo
Forrester,Raphael,Tanner,Teagan,Forrester,Ivan
Tyler,Carol,Brown,Leandra,Tyler,Angelo
Forrester,Steven,Tanner,Teagan,Forrester,Ivan
Tyler,Hunter,Brown,Hunter,Tyler,Julio
Forrester,Stephan,Tanner,Teagan,Forrester,Ivan
Tyler,Synthia,Brown,Hunter,Tyler,Julio
Forrester,Brody,Tanner,Teagan,Forrester,Ivan
Tyler,Itzel,Brown,Hunter,Tyler,Julio
Forrester,Gerardo,Tanner,Kayli,Forrester,Dion
Tyler,Zaria,Brown,Hunter,Tyler,Julio
Forrester,Jairus,Tanner,Kayli,Forrester,Dion
Tyler,Patricia,Brown,Guadalupe,Tyler,Jade
Forrester,Houston,Tanner,Kayli,Forrester,Dion
Tyler,Dorothy,Brown,Guadalupe,Tyler,Jade
Forrester,Tallon,Tanner,Kayli,Forrester,Dion
Tyler,Deja,Brown,Guadalupe,Tyler,Jade
Forrester,Ward,Tanner,Kayli,Forrester,Dion
Tyler,Shawna,Brown,Guadalupe,Tyler,Jade
Forrester,Justice,Tanner,Kayli,Forrester,Dion
Tyler,Macie,Brown,Guadalupe,Tyler,Jade
Forrester,Moshe,Tanner,Kayli,Forrester,Dion
Tyler,Lisa,Brown,Guadalupe,Tyler,Jade
Forrester,Allan,Tanner,Kayli,Forrester,Dion
Tyler,Ashlie,Brown,Toni,Tyler,Sawyer
Forrester,Quentin,Tanner,Kayli,Forrester,Dion
Tyler,Brooke,Brown,Toni,Tyler,Sawyer
Tyler,Jonathon,Brown,Chloie,Tyler,Dan
Tyler,Alicia,Brown,Toni,Tyler,Sawyer
Tyler,Torey,Brown,Chloie,Tyler,Dan
Veach,Yvette,Brown,Siobhan,Veach,Conor
Tyler,Aaron,Brown,Chloie,Tyler,Dan
Veach,Deondra,Forrester,Kaila,Veach,Zev
Tyler,Britton,Brown,Chloie,Tyler,Dan
Veach,Cindy,Forrester,Kaila,Veach,Zev
Tyler,Roman,Brown,Chloie,Tyler,Dan
Veach,Darby,Forrester,Kaila,Veach,Zev
Tyler,Truman,Brown,Chloie,Tyler,Dan
Veach,Cambria,Forrester,Kaila,Veach,Zev
Tyler,Tarik,Brown,Chloie,Tyler,Dan
Veach,Kayland,Forrester,Kaila,Veach,Zev
Tyler,Marielle,Brown,Chloie,Tyler,Dan
Veach,Alma,Forrester,Kaila,Veach,Zev
Tyler,Kerry,Brown,Leandra,Tyler,Angelo
Veach,Alissa,Forrester,Kaila,Veach,Zev
Tyler,Troy,Brown,Leandra,Tyler,Angelo
Veach,Kierstin,Forrester,Kaila,Veach,Zev
Tyler,Denzel,Brown,Leandra,Tyler,Angelo
Veach,Hana,Forrester,Kaila,Veach,Zev
Tyler,Nolan,Brown,Hunter,Tyler,Julio
Veach,Faith,Forrester,Kaila,Veach,Zev
Tyler,Joe,Brown,Hunter,Tyler,Julio
Veach,Cheyann,Forrester,Kaila,Veach,Zev
Tyler,Coleman,Brown,Hunter,Tyler,Julio
Veach,Jazmin,Forrester,Kaila,Veach,Zev
Tyler,Clayton,Brown,Hunter,Tyler,Julio
Veach,Lindsay,Forrester,Kaila,Veach,Zev
Tyler,Khalil,Brown,Hunter,Tyler,Julio
Veach,Allyssa,Forrester,Kaila,Veach,Zev
Tyler,Deshaun,Brown,Guadalupe,Tyler,Jade
Veach,Louisa,Forrester,Lauren,Veach,Zackery
Tyler,Juancarlos,Brown,Guadalupe,Tyler,Jade
Veach,Heidy,Forrester,Lauren,Veach,Zackery
Tyler,Fredrick,Brown,Guadalupe,Tyler,Jade
Veach,Ruth,Forrester,Lauren,Veach,Zackery
Tyler,Seth,Brown,Guadalupe,Tyler,Jade
Veach,Elana,Forrester,Lauren,Veach,Zackery
Tyler,Andrew,Brown,Guadalupe,Tyler,Jade
Veach,Colleen,Forrester,Lauren,Veach,Zackery
Tyler,Armani,Brown,Guadalupe,Tyler,Jade
Veach,Shamaria,Forrester,Lauren,Veach,Zackery
Tyler,Dominick,Brown,Toni,Tyler,Sawyer
Veach,Ashlie,Forrester,Lauren,Veach,Zackery
Tyler,Larry,Brown,Toni,Tyler,Sawyer
Veach,Destiney,Forrester,Lauren,Veach,Zackery
Tyler,Jorge,Brown,Toni,Tyler,Sawyer
Veach,Shuntara,Forrester,Lauren,Veach,Zackery
Tyler,Yakov,Brown,Toni,Tyler,Sawyer
Veach,Joy,Forrester,Lauren,Veach,Zackery
Tyler,Alberto,Brown,Toni,Tyler,Sawyer
Veach,Rosa,Forrester,Lauren,Veach,Zackery
Tyler,Jean,Brown,Toni,Tyler,Sawyer
Veach,Britni,Forrester,Lauren,Veach,Zackery
Tyler,Cruz,Brown,Toni,Tyler,Sawyer
Veach,Lizbeth,Forrester,Lauren,Veach,Zackery
Tyler,Brendon,Brown,Toni,Tyler,Sawyer
Veach,Juanita,Forrester,Lauren,Veach,Zackery
Tyler,Wade,Brown,Toni,Tyler,Sawyer
Veach,Lyndsey,Forrester,Lauren,Veach,Zackery
Veach,Dalton,Brown,Siobhan,Veach,Conor
Veach,Caitlan,Forrester,Lauren,Veach,Zackery
Veach,Payton,Brown,Siobhan,Veach,Conor
Veach,Austin,Forrester,Lauren,Veach,Zackery
Veach,Quentin,Forrester,Kaila,Veach,Zev
Veach,Abbigail,Forrester,Lauren,Veach,Zackery
Veach,Dakota,Forrester,Kaila,Veach,Zev
Veach,Hunter,Forrester,Lauren,Veach,Zackery
