Oefelein,Logan,Eisele,Sonia,Oefelein,Aron
Olivas,Carmen,Conrad,Celia,Olivas,Maurice
Whitson,Demetrius,Bean,Riley,Whitson,Zaquan
Edwards,Ellie,Ferguson,Tasha,Edwards,Marco
Lockhart,Terance,McKinley,Donisha,Lockhart,Quayshawn
Givens,Rochelle,Stewart,Judith,Givens,Jordon
Gibson,Anthoni,Caldeiro,Dianne,Gibson,Douglas
McCulley,Joan,Sullivan,Debra,McCulley,Landin
Hammond,Devonta,Parker,Marissa,Hammond,Dorian
Runco,Laquisha,Noriega,Kylie,Runco,Cecil
Thornton,Romeo,Deckard,Elexus,Thornton,Trenton
Anders,Janeth,Apt,Erica,Anders,Gilbert
Carey,Philip,Runco,Noemi,Carey,Chaz
Reagan,Jean,Helms,Janna,Reagan,Truman
Thornton,Duncan,Bursch,Laquisha,Thornton,Freeman
Chapman,Shannon,Givens,Demi,Chapman,Sidney
Parazynski,Ezequiel,Gibson,Yolanda,Parazynski,Landin
Gordon,Estela,Carter,Tabitha,Gordon,Terron
Ross,Carlos,Camarda,Mahogany,Ross,Alberto
McMonagle,Connie,Aldrin,Shea,McMonagle,Gordon
Zophar,Lawrence,Griggs,Claire,Zophar,Tyreek
Chamitoff,Lucy,Jackson,Eden,Chamitoff,Jacori
Harbaugh,Trevor,Cameron,Shelby,Harbaugh,Johnny
Borman,Elissa,Swanson,Noelle,Borman,Sergio
McCulley,Maximillia,Parazynski,Candice,McCulley,Derek
O'Leary,Cailin,Lenoir,Adele,O'Leary,Carter
Roosa,Moses,Ford,Avery,Roosa,Dallas
Gibson,Tiana,Lopez,Madeleine,Gibson,Tristan
Oefelein,Sydney,Olivas,Carmen,Oefelein,Logan
Duffy,Jade,Currie,Kimberlee,Duffy,Jake
Oefelein,Frederick,Olivas,Carmen,Oefelein,Logan
Lu,Juanita,Greene,Tynia,Lu,Demarco
Oefelein,Kirkland,Olivas,Carmen,Oefelein,Logan
Oefelein,Ivana,Olivas,Carmen,Oefelein,Logan
Oefelein,Jade,Olivas,Carmen,Oefelein,Logan
Oefelein,Tammy,Olivas,Carmen,Oefelein,Logan
Oefelein,Ethan,Olivas,Carmen,Oefelein,Logan
Oefelein,Cheyanna,Olivas,Carmen,Oefelein,Logan
Oefelein,Sedrick,Olivas,Carmen,Oefelein,Logan
Oefelein,Stevie,Olivas,Carmen,Oefelein,Logan
Oefelein,Daylon,Olivas,Carmen,Oefelein,Logan
Oefelein,Kayland,Olivas,Carmen,Oefelein,Logan
Oefelein,Killian,Olivas,Carmen,Oefelein,Logan
Oefelein,Ansley,Olivas,Carmen,Oefelein,Logan
Oefelein,Zachariah,Olivas,Carmen,Oefelein,Logan
Oefelein,Priscilla,Olivas,Carmen,Oefelein,Logan
Oefelein,Kayvon,Olivas,Carmen,Oefelein,Logan
Whitson,Tessa,Edwards,Ellie,Whitson,Demetrius
Oefelein,Glenn,Olivas,Carmen,Oefelein,Logan
Whitson,Abbigail,Edwards,Ellie,Whitson,Demetrius
Whitson,Emiliano,Edwards,Ellie,Whitson,Demetrius
Whitson,Ceaira,Edwards,Ellie,Whitson,Demetrius
Whitson,Alfonso,Edwards,Ellie,Whitson,Demetrius
Whitson,Deja,Edwards,Ellie,Whitson,Demetrius
Whitson,Victor,Edwards,Ellie,Whitson,Demetrius
Whitson,Alissa,Edwards,Ellie,Whitson,Demetrius
Whitson,Deshaun,Edwards,Ellie,Whitson,Demetrius
Whitson,Kaylee,Edwards,Ellie,Whitson,Demetrius
Whitson,Bradly,Edwards,Ellie,Whitson,Demetrius
Whitson,Taryn,Edwards,Ellie,Whitson,Demetrius
Whitson,Keaton,Edwards,Ellie,Whitson,Demetrius
Whitson,Lilibeth,Edwards,Ellie,Whitson,Demetrius
Lockhart,Vernon,Givens,Rochelle,Lockhart,Terance
Whitson,Carmelita,Edwards,Ellie,Whitson,Demetrius
Lockhart,Milton,Givens,Rochelle,Lockhart,Terance
Whitson,Annie,Edwards,Ellie,Whitson,Demetrius
Lockhart,Darrin,Givens,Rochelle,Lockhart,Terance
Whitson,Kiesha,Edwards,Ellie,Whitson,Demetrius
Lockhart,Cesar,Givens,Rochelle,Lockhart,Terance
Whitson,Hadley,Edwards,Ellie,Whitson,Demetrius
Lockhart,Fred,Givens,Rochelle,Lockhart,Terance
Lockhart,Haley,Givens,Rochelle,Lockhart,Terance
Lockhart,Harley,Givens,Rochelle,Lockhart,Terance
Lockhart,Kelci,Givens,Rochelle,Lockhart,Terance
Gibson,Michel,McCulley,Joan,Gibson,Anthoni
Gibson,Christy,McCulley,Joan,Gibson,Anthoni
Gibson,Quintyn,McCulley,Joan,Gibson,Anthoni
Gibson,Patsy,McCulley,Joan,Gibson,Anthoni
Gibson,Jonathon,McCulley,Joan,Gibson,Anthoni
Gibson,Ida,McCulley,Joan,Gibson,Anthoni
Gibson,Jonah,McCulley,Joan,Gibson,Anthoni
Gibson,Jill,McCulley,Joan,Gibson,Anthoni
Gibson,Devon,McCulley,Joan,Gibson,Anthoni
Gibson,Karlee,McCulley,Joan,Gibson,Anthoni
Gibson,Dan,McCulley,Joan,Gibson,Anthoni
Gibson,Isabelle,McCulley,Joan,Gibson,Anthoni
Gibson,Quincy,McCulley,Joan,Gibson,Anthoni
Gibson,Amberly,McCulley,Joan,Gibson,Anthoni
Gibson,Tyran,McCulley,Joan,Gibson,Anthoni
Gibson,Bailey,McCulley,Joan,Gibson,Anthoni
Gibson,Carl,McCulley,Joan,Gibson,Anthoni
Gibson,Tamisha,McCulley,Joan,Gibson,Anthoni
Hammond,Silas,Runco,Laquisha,Hammond,Devonta
Gibson,Josephine,McCulley,Joan,Gibson,Anthoni
Hammond,Mauricio,Runco,Laquisha,Hammond,Devonta
Hammond,Jaymi,Runco,Laquisha,Hammond,Devonta
Hammond,Asa,Runco,Laquisha,Hammond,Devonta
Hammond,Gladys,Runco,Laquisha,Hammond,Devonta
Hammond,Landen,Runco,Laquisha,Hammond,Devonta
Hammond,Maia,Runco,Laquisha,Hammond,Devonta
Hammond,Sutton,Runco,Laquisha,Hammond,Devonta
Hammond,Abby,Runco,Laquisha,Hammond,Devonta
Hammond,Kegan,Runco,Laquisha,Hammond,Devonta
Hammond,Lynette,Runco,Laquisha,Hammond,Devonta
Hammond,Parker,Runco,Laquisha,Hammond,Devonta
Hammond,Evelin,Runco,Laquisha,Hammond,Devonta
Hammond,Jameson,Runco,Laquisha,Hammond,Devonta
Thornton,Suzanna,Anders,Janeth,Thornton,Romeo
Hammond,Brooks,Runco,Laquisha,Hammond,Devonta
Thornton,Chantelle,Anders,Janeth,Thornton,Romeo
Hammond,Trevon,Runco,Laquisha,Hammond,Devonta
Thornton,Kristin,Anders,Janeth,Thornton,Romeo
Hammond,Alberto,Runco,Laquisha,Hammond,Devonta
Thornton,Allana,Anders,Janeth,Thornton,Romeo
Hammond,Tom,Runco,Laquisha,Hammond,Devonta
Thornton,Celena,Anders,Janeth,Thornton,Romeo
Thornton,Denver,Anders,Janeth,Thornton,Romeo
Thornton,Tanisha,Anders,Janeth,Thornton,Romeo
Thornton,Arnold,Anders,Janeth,Thornton,Romeo
Thornton,Merissa,Anders,Janeth,Thornton,Romeo
Thornton,Yobani,Anders,Janeth,Thornton,Romeo
Thornton,Estefani,Anders,Janeth,Thornton,Romeo
Thornton,Cruz,Anders,Janeth,Thornton,Romeo
Thornton,Madilyn,Anders,Janeth,Thornton,Romeo
Thornton,Paul,Anders,Janeth,Thornton,Romeo
Carey,Suzanne,Reagan,Jean,Carey,Philip
Thornton,Dean,Anders,Janeth,Thornton,Romeo
Carey,Jordan,Reagan,Jean,Carey,Philip
Carey,Francisco,Reagan,Jean,Carey,Philip
Carey,Lucy,Reagan,Jean,Carey,Philip
Carey,Josiah,Reagan,Jean,Carey,Philip
Carey,Brook,Reagan,Jean,Carey,Philip
Carey,Adrian,Reagan,Jean,Carey,Philip
Carey,Anamaria,Reagan,Jean,Carey,Philip
Carey,Lionel,Reagan,Jean,Carey,Philip
Thornton,Tayla,Chapman,Shannon,Thornton,Duncan
Carey,Valentin,Reagan,Jean,Carey,Philip
Thornton,Lilibeth,Chapman,Shannon,Thornton,Duncan
Carey,Sean,Reagan,Jean,Carey,Philip
Thornton,Dandrea,Chapman,Shannon,Thornton,Duncan
Thornton,Howard,Chapman,Shannon,Thornton,Duncan
Thornton,Jewel,Chapman,Shannon,Thornton,Duncan
Thornton,Tanner,Chapman,Shannon,Thornton,Duncan
Parazynski,Ebone,Gordon,Estela,Parazynski,Ezequiel
Parazynski,Raheem,Gordon,Estela,Parazynski,Ezequiel
Parazynski,Angle,Gordon,Estela,Parazynski,Ezequiel
Parazynski,Jacky,Gordon,Estela,Parazynski,Ezequiel
Parazynski,Shanise,Gordon,Estela,Parazynski,Ezequiel
Parazynski,Emmitt,Gordon,Estela,Parazynski,Ezequiel
Parazynski,Maryanne,Gordon,Estela,Parazynski,Ezequiel
Parazynski,Jonathan,Gordon,Estela,Parazynski,Ezequiel
Parazynski,Jessika,Gordon,Estela,Parazynski,Ezequiel
Parazynski,Gavin,Gordon,Estela,Parazynski,Ezequiel
Parazynski,Destini,Gordon,Estela,Parazynski,Ezequiel
Ross,Freeman,McMonagle,Connie,Ross,Carlos
Parazynski,Heidy,Gordon,Estela,Parazynski,Ezequiel
Ross,Andre,McMonagle,Connie,Ross,Carlos
Parazynski,Natalia,Gordon,Estela,Parazynski,Ezequiel
Ross,Eric,McMonagle,Connie,Ross,Carlos
Ross,Tiera,McMonagle,Connie,Ross,Carlos
Ross,Irfan,McMonagle,Connie,Ross,Carlos
Ross,Alyson,McMonagle,Connie,Ross,Carlos
Ross,Leo,McMonagle,Connie,Ross,Carlos
Ross,Kady,McMonagle,Connie,Ross,Carlos
Zophar,Kegan,Chamitoff,Lucy,Zophar,Lawrence
Ross,Ryann,McMonagle,Connie,Ross,Carlos
Zophar,Kyler,Chamitoff,Lucy,Zophar,Lawrence
Ross,Jaida,McMonagle,Connie,Ross,Carlos
Zophar,Lazaro,Chamitoff,Lucy,Zophar,Lawrence
Ross,Kelcee,McMonagle,Connie,Ross,Carlos
Zophar,Chadwick,Chamitoff,Lucy,Zophar,Lawrence
Ross,Trista,McMonagle,Connie,Ross,Carlos
Zophar,Terence,Chamitoff,Lucy,Zophar,Lawrence
Zophar,Leticia,Chamitoff,Lucy,Zophar,Lawrence
Zophar,Ravon,Chamitoff,Lucy,Zophar,Lawrence
Zophar,Alexandrea,Chamitoff,Lucy,Zophar,Lawrence
Zophar,Trent,Chamitoff,Lucy,Zophar,Lawrence
Zophar,Shanna,Chamitoff,Lucy,Zophar,Lawrence
Zophar,Chaim,Chamitoff,Lucy,Zophar,Lawrence
Zophar,Claudia,Chamitoff,Lucy,Zophar,Lawrence
Zophar,Braydon,Chamitoff,Lucy,Zophar,Lawrence
Zophar,Guadalupe,Chamitoff,Lucy,Zophar,Lawrence
Zophar,Davon,Chamitoff,Lucy,Zophar,Lawrence
Harbaugh,Guadalupe,Borman,Elissa,Harbaugh,Trevor
Zophar,Emerson,Chamitoff,Lucy,Zophar,Lawrence
Harbaugh,Reyanna,Borman,Elissa,Harbaugh,Trevor
Harbaugh,Riley,Borman,Elissa,Harbaugh,Trevor
Harbaugh,Deserae,Borman,Elissa,Harbaugh,Trevor
Harbaugh,Tanner,Borman,Elissa,Harbaugh,Trevor
Harbaugh,Allana,Borman,Elissa,Harbaugh,Trevor
Harbaugh,Albert,Borman,Elissa,Harbaugh,Trevor
Harbaugh,Jacquelyn,Borman,Elissa,Harbaugh,Trevor
Harbaugh,Brennen,Borman,Elissa,Harbaugh,Trevor
McCulley,Annette,O'Leary,Cailin,McCulley,Maximillia
Harbaugh,Bradlee,Borman,Elissa,Harbaugh,Trevor
McCulley,Sade,O'Leary,Cailin,McCulley,Maximillia
Harbaugh,Theodore,Borman,Elissa,Harbaugh,Trevor
McCulley,Tawny,O'Leary,Cailin,McCulley,Maximillia
Harbaugh,Baby,Borman,Elissa,Harbaugh,Trevor
McCulley,Carmelita,O'Leary,Cailin,McCulley,Maximillia
McCulley,Riley,O'Leary,Cailin,McCulley,Maximillia
McCulley,Tatiana,O'Leary,Cailin,McCulley,Maximillia
McCulley,Raphael,O'Leary,Cailin,McCulley,Maximillia
McCulley,Nathalia,O'Leary,Cailin,McCulley,Maximillia
McCulley,Brannon,O'Leary,Cailin,McCulley,Maximillia
McCulley,Liz,O'Leary,Cailin,McCulley,Maximillia
McCulley,Mohamed,O'Leary,Cailin,McCulley,Maximillia
McCulley,Isabella,O'Leary,Cailin,McCulley,Maximillia
McCulley,Dwayne,O'Leary,Cailin,McCulley,Maximillia
Roosa,Joyce,Gibson,Tiana,Roosa,Moses
Roosa,Rayvon,Gibson,Tiana,Roosa,Moses
Roosa,Leandra,Gibson,Tiana,Roosa,Moses
Roosa,Kerrick,Gibson,Tiana,Roosa,Moses
Roosa,Kira,Gibson,Tiana,Roosa,Moses
Roosa,Tracy,Gibson,Tiana,Roosa,Moses
Roosa,Kelsy,Gibson,Tiana,Roosa,Moses
Roosa,Chase,Gibson,Tiana,Roosa,Moses
Roosa,Ivy,Gibson,Tiana,Roosa,Moses
Roosa,Roberto,Gibson,Tiana,Roosa,Moses
Roosa,Jaymi,Gibson,Tiana,Roosa,Moses
Roosa,Luke,Gibson,Tiana,Roosa,Moses
Roosa,Sadie,Gibson,Tiana,Roosa,Moses
Roosa,Erick,Gibson,Tiana,Roosa,Moses
Oefelein,Maegen,Duffy,Jade,Oefelein,Sydney
Roosa,Jawaun,Gibson,Tiana,Roosa,Moses
Oefelein,Kristie,Lu,Juanita,Oefelein,Frederick
Oefelein,Mateo,Duffy,Jade,Oefelein,Sydney
Oefelein,Carmela,Lu,Juanita,Oefelein,Frederick
Oefelein,Mauro,Duffy,Jade,Oefelein,Sydney
Oefelein,Lexus,Lu,Juanita,Oefelein,Frederick
Oefelein,Ricardo,Duffy,Jade,Oefelein,Sydney
Oefelein,Savana,Lu,Juanita,Oefelein,Frederick
Oefelein,Tre,Duffy,Jade,Oefelein,Sydney
Oefelein,Destiney,Lu,Juanita,Oefelein,Frederick
Oefelein,William,Duffy,Jade,Oefelein,Sydney
Oefelein,Georgia,Whitson,Tessa,Oefelein,Kirkland
Oefelein,Forrest,Lu,Juanita,Oefelein,Frederick
Oefelein,Paola,Whitson,Tessa,Oefelein,Kirkland
Oefelein,Kody,Lu,Juanita,Oefelein,Frederick
Oefelein,Bobbie,Whitson,Tessa,Oefelein,Kirkland
Oefelein,Bradlee,Lu,Juanita,Oefelein,Frederick
Oefelein,Gabriele,Whitson,Tessa,Oefelein,Kirkland
Oefelein,Gilbert,Lu,Juanita,Oefelein,Frederick
Oefelein,Susana,Whitson,Tessa,Oefelein,Kirkland
Oefelein,Osvaldo,Lu,Juanita,Oefelein,Frederick
Oefelein,Catalina,Whitson,Tessa,Oefelein,Kirkland
Oefelein,Kristofer,Lu,Juanita,Oefelein,Frederick
Oefelein,Maisie,Whitson,Tessa,Oefelein,Kirkland
Oefelein,Peyton,Lu,Juanita,Oefelein,Frederick
Oefelein,Brionna,Whitson,Tessa,Oefelein,Kirkland
Oefelein,Braxton,Lu,Juanita,Oefelein,Frederick
Oefelein,Irma,Whitson,Tessa,Oefelein,Kirkland
Oefelein,Jacoby,Lu,Juanita,Oefelein,Frederick
Oefelein,Lilian,Whitson,Abbigail,Oefelein,Jade
Oefelein,Alfredo,Whitson,Tessa,Oefelein,Kirkland
Oefelein,Laura,Whitson,Abbigail,Oefelein,Jade
Oefelein,Isaac,Whitson,Tessa,Oefelein,Kirkland
Oefelein,Susanna,Whitson,Abbigail,Oefelein,Jade
Oefelein,Ryland,Whitson,Tessa,Oefelein,Kirkland
Oefelein,Ebony,Whitson,Abbigail,Oefelein,Jade
Oefelein,Kasey,Whitson,Tessa,Oefelein,Kirkland
Oefelein,Viviana,Whitson,Ceaira,Oefelein,Ethan
Oefelein,Tommy,Whitson,Tessa,Oefelein,Kirkland
Oefelein,Barbara,Whitson,Ceaira,Oefelein,Ethan
Oefelein,Marielle,Whitson,Tessa,Oefelein,Kirkland
Oefelein,Keely,Whitson,Ceaira,Oefelein,Ethan
Oefelein,Landen,Whitson,Abbigail,Oefelein,Jade
Oefelein,Camila,Whitson,Ceaira,Oefelein,Ethan
Oefelein,Kolton,Whitson,Abbigail,Oefelein,Jade
Oefelein,Janna,Whitson,Ceaira,Oefelein,Ethan
Oefelein,Kendrick,Whitson,Abbigail,Oefelein,Jade
Oefelein,Chastity,Whitson,Ceaira,Oefelein,Ethan
Oefelein,Warren,Whitson,Abbigail,Oefelein,Jade
Oefelein,Margarita,Whitson,Ceaira,Oefelein,Ethan
Oefelein,Zachary,Whitson,Abbigail,Oefelein,Jade
Oefelein,Whitney,Whitson,Ceaira,Oefelein,Ethan
Oefelein,Fernando,Whitson,Abbigail,Oefelein,Jade
Oefelein,Jeffrey,Whitson,Ceaira,Oefelein,Ethan
Oefelein,Zackary,Whitson,Abbigail,Oefelein,Jade
Oefelein,Cameron,Whitson,Ceaira,Oefelein,Ethan
Oefelein,Buford,Whitson,Abbigail,Oefelein,Jade
Oefelein,Haven,Whitson,Ceaira,Oefelein,Ethan
Oefelein,Xavier,Whitson,Ceaira,Oefelein,Ethan
Oefelein,Macy,Whitson,Ceaira,Oefelein,Ethan
Oefelein,Jasen,Whitson,Ceaira,Oefelein,Ethan
Oefelein,Myranda,Whitson,Deja,Oefelein,Sedrick
Oefelein,Brennon,Whitson,Ceaira,Oefelein,Ethan
Oefelein,Becca,Whitson,Deja,Oefelein,Sedrick
Oefelein,Kevin,Whitson,Ceaira,Oefelein,Ethan
Oefelein,Tasha,Whitson,Deja,Oefelein,Sedrick
Oefelein,Hiram,Whitson,Deja,Oefelein,Sedrick
Oefelein,Kalee,Whitson,Deja,Oefelein,Sedrick
Oefelein,Dakota,Whitson,Deja,Oefelein,Sedrick
Oefelein,Tatum,Whitson,Deja,Oefelein,Sedrick
Oefelein,Derek,Whitson,Alissa,Oefelein,Daylon
Oefelein,Emilia,Whitson,Alissa,Oefelein,Daylon
Oefelein,Walter,Whitson,Alissa,Oefelein,Daylon
Oefelein,Amina,Whitson,Alissa,Oefelein,Daylon
Oefelein,Jamal,Whitson,Alissa,Oefelein,Daylon
Oefelein,Maricela,Whitson,Alissa,Oefelein,Daylon
Oefelein,Jamel,Whitson,Alissa,Oefelein,Daylon
Oefelein,Kylie,Whitson,Alissa,Oefelein,Daylon
Oefelein,Tyren,Whitson,Alissa,Oefelein,Daylon
Oefelein,Joi,Whitson,Kaylee,Oefelein,Killian
Oefelein,Aleksandr,Whitson,Alissa,Oefelein,Daylon
Oefelein,Ariana,Whitson,Kaylee,Oefelein,Killian
Oefelein,Darian,Whitson,Alissa,Oefelein,Daylon
Oefelein,Shianne,Whitson,Kaylee,Oefelein,Killian
Oefelein,Tanner,Whitson,Kaylee,Oefelein,Killian
Oefelein,Damaris,Whitson,Kaylee,Oefelein,Killian
Oefelein,Freeman,Whitson,Kaylee,Oefelein,Killian
Oefelein,Salena,Whitson,Taryn,Oefelein,Zachariah
Oefelein,Quinton,Whitson,Taryn,Oefelein,Zachariah
Oefelein,Jewel,Whitson,Taryn,Oefelein,Zachariah
Oefelein,Erich,Whitson,Taryn,Oefelein,Zachariah
Oefelein,Estefani,Whitson,Taryn,Oefelein,Zachariah
Oefelein,Ron,Whitson,Taryn,Oefelein,Zachariah
Oefelein,Monet,Whitson,Taryn,Oefelein,Zachariah
Oefelein,Charles,Whitson,Lilibeth,Oefelein,Kayvon
Oefelein,Isabel,Whitson,Taryn,Oefelein,Zachariah
Oefelein,Henry,Whitson,Lilibeth,Oefelein,Kayvon
Oefelein,Joceline,Whitson,Lilibeth,Oefelein,Kayvon
Oefelein,Kylan,Whitson,Lilibeth,Oefelein,Kayvon
Oefelein,Lillian,Whitson,Lilibeth,Oefelein,Kayvon
Oefelein,Dantae,Whitson,Lilibeth,Oefelein,Kayvon
Oefelein,Diana,Whitson,Lilibeth,Oefelein,Kayvon
Oefelein,Stephan,Whitson,Lilibeth,Oefelein,Kayvon
Oefelein,Chantel,Whitson,Lilibeth,Oefelein,Kayvon
Oefelein,Jose,Whitson,Lilibeth,Oefelein,Kayvon
Oefelein,Markia,Whitson,Lilibeth,Oefelein,Kayvon
Oefelein,Chance,Whitson,Lilibeth,Oefelein,Kayvon
Oefelein,Marycather,Whitson,Lilibeth,Oefelein,Kayvon
Oefelein,John,Whitson,Lilibeth,Oefelein,Kayvon
Oefelein,Skye,Whitson,Lilibeth,Oefelein,Kayvon
Oefelein,Frederic,Whitson,Lilibeth,Oefelein,Kayvon
Oefelein,Klarisa,Whitson,Lilibeth,Oefelein,Kayvon
Oefelein,Jay,Whitson,Carmelita,Oefelein,Glenn
Oefelein,Shane,Whitson,Carmelita,Oefelein,Glenn
Oefelein,Stephen,Whitson,Carmelita,Oefelein,Glenn
Oefelein,Makayla,Whitson,Carmelita,Oefelein,Glenn
Oefelein,Jaylin,Whitson,Carmelita,Oefelein,Glenn
Oefelein,Josephine,Whitson,Carmelita,Oefelein,Glenn
Oefelein,Bronson,Whitson,Carmelita,Oefelein,Glenn
Whitson,Brigid,Oefelein,Ivana,Whitson,Emiliano
Oefelein,Jaime,Whitson,Carmelita,Oefelein,Glenn
Whitson,Donisha,Oefelein,Ivana,Whitson,Emiliano
Oefelein,Dan,Whitson,Carmelita,Oefelein,Glenn
Whitson,Dorothy,Oefelein,Ivana,Whitson,Emiliano
Whitson,Romello,Oefelein,Ivana,Whitson,Emiliano
Whitson,Jesslyn,Oefelein,Tammy,Whitson,Alfonso
Whitson,Hugh,Oefelein,Ivana,Whitson,Emiliano
Whitson,Kristi,Oefelein,Tammy,Whitson,Alfonso
Whitson,Raul,Oefelein,Tammy,Whitson,Alfonso
Whitson,Esperanza,Oefelein,Cheyanna,Whitson,Victor
Whitson,Perry,Oefelein,Tammy,Whitson,Alfonso
Whitson,Berenice,Oefelein,Cheyanna,Whitson,Victor
Whitson,Slaten,Oefelein,Tammy,Whitson,Alfonso
Whitson,Judith,Oefelein,Cheyanna,Whitson,Victor
Whitson,Neil,Oefelein,Tammy,Whitson,Alfonso
Whitson,Desiree,Oefelein,Cheyanna,Whitson,Victor
Whitson,Todd,Oefelein,Tammy,Whitson,Alfonso
Whitson,Astrid,Oefelein,Cheyanna,Whitson,Victor
Whitson,Hassan,Oefelein,Tammy,Whitson,Alfonso
Whitson,Miranda,Oefelein,Cheyanna,Whitson,Victor
Whitson,Tyquan,Oefelein,Tammy,Whitson,Alfonso
Whitson,Tanna,Oefelein,Cheyanna,Whitson,Victor
Whitson,Charly,Oefelein,Tammy,Whitson,Alfonso
Whitson,Doris,Oefelein,Stevie,Whitson,Deshaun
Whitson,Dimitri,Oefelein,Cheyanna,Whitson,Victor
Whitson,Angel,Oefelein,Stevie,Whitson,Deshaun
Whitson,Xavier,Oefelein,Cheyanna,Whitson,Victor
Whitson,Ebony,Oefelein,Stevie,Whitson,Deshaun
Whitson,Francisco,Oefelein,Cheyanna,Whitson,Victor
Whitson,Salena,Oefelein,Stevie,Whitson,Deshaun
Whitson,Garin,Oefelein,Cheyanna,Whitson,Victor
Whitson,Dayna,Oefelein,Stevie,Whitson,Deshaun
Whitson,Wesley,Oefelein,Cheyanna,Whitson,Victor
Whitson,Josie,Oefelein,Stevie,Whitson,Deshaun
Whitson,Dennis,Oefelein,Cheyanna,Whitson,Victor
Whitson,Irene,Oefelein,Stevie,Whitson,Deshaun
Whitson,Ahmad,Oefelein,Cheyanna,Whitson,Victor
Whitson,Fiona,Oefelein,Kayland,Whitson,Bradly
Whitson,Korey,Oefelein,Stevie,Whitson,Deshaun
Whitson,Kristy,Oefelein,Kayland,Whitson,Bradly
Whitson,Mohammed,Oefelein,Stevie,Whitson,Deshaun
Whitson,Malinda,Oefelein,Kayland,Whitson,Bradly
Whitson,Terance,Oefelein,Stevie,Whitson,Deshaun
Whitson,Georgia,Oefelein,Kayland,Whitson,Bradly
Whitson,Martin,Oefelein,Stevie,Whitson,Deshaun
Whitson,Latoya,Oefelein,Kayland,Whitson,Bradly
Whitson,Taquan,Oefelein,Stevie,Whitson,Deshaun
Whitson,Devon,Oefelein,Kayland,Whitson,Bradly
Whitson,Javen,Oefelein,Kayland,Whitson,Bradly
Whitson,Asha,Oefelein,Ansley,Whitson,Keaton
Whitson,Callum,Oefelein,Kayland,Whitson,Bradly
Whitson,Heavenly,Oefelein,Ansley,Whitson,Keaton
Whitson,Roberto,Oefelein,Kayland,Whitson,Bradly
Whitson,Adriane,Oefelein,Ansley,Whitson,Keaton
Whitson,Dashane,Oefelein,Kayland,Whitson,Bradly
Whitson,Joyce,Oefelein,Ansley,Whitson,Keaton
Whitson,Nolan,Oefelein,Kayland,Whitson,Bradly
Whitson,London,Oefelein,Ansley,Whitson,Keaton
Whitson,Willie,Oefelein,Kayland,Whitson,Bradly
Whitson,Octavia,Oefelein,Ansley,Whitson,Keaton
Whitson,Cole,Oefelein,Kayland,Whitson,Bradly
Whitson,Chase,Oefelein,Ansley,Whitson,Keaton
Whitson,Rodrigo,Oefelein,Kayland,Whitson,Bradly
Whitson,Emilee,Oefelein,Ansley,Whitson,Keaton
Whitson,Kristofer,Oefelein,Kayland,Whitson,Bradly
Whitson,Joelle,Oefelein,Ansley,Whitson,Keaton
Whitson,Derrick,Oefelein,Kayland,Whitson,Bradly
Lockhart,Patsy,Oefelein,Priscilla,Lockhart,Vernon
Whitson,Marquise,Oefelein,Kayland,Whitson,Bradly
Lockhart,Promise,Oefelein,Priscilla,Lockhart,Vernon
Whitson,Miguel,Oefelein,Kayland,Whitson,Bradly
Lockhart,Joi,Oefelein,Priscilla,Lockhart,Vernon
Whitson,Cooper,Oefelein,Ansley,Whitson,Keaton
Lockhart,Marysol,Oefelein,Priscilla,Lockhart,Vernon
Whitson,Deonta,Oefelein,Ansley,Whitson,Keaton
Lockhart,Kinsey,Oefelein,Priscilla,Lockhart,Vernon
Whitson,Freddy,Oefelein,Ansley,Whitson,Keaton
Lockhart,Patrice,Oefelein,Priscilla,Lockhart,Vernon
Whitson,Rashaun,Oefelein,Ansley,Whitson,Keaton
Lockhart,Katelin,Oefelein,Priscilla,Lockhart,Vernon
Whitson,Barry,Oefelein,Ansley,Whitson,Keaton
Lockhart,Rita,Whitson,Annie,Lockhart,Milton
Whitson,Fredrick,Oefelein,Ansley,Whitson,Keaton
Lockhart,Octavia,Whitson,Annie,Lockhart,Milton
Whitson,Trevin,Oefelein,Ansley,Whitson,Keaton
Lockhart,Malia,Whitson,Annie,Lockhart,Milton
Whitson,Gideon,Oefelein,Ansley,Whitson,Keaton
Lockhart,Dalila,Whitson,Annie,Lockhart,Milton
Lockhart,Marquise,Oefelein,Priscilla,Lockhart,Vernon
Lockhart,Brooke,Whitson,Annie,Lockhart,Milton
Lockhart,Malik,Oefelein,Priscilla,Lockhart,Vernon
Lockhart,Krystal,Whitson,Annie,Lockhart,Milton
Lockhart,Gunner,Oefelein,Priscilla,Lockhart,Vernon
Lockhart,Sharae,Whitson,Annie,Lockhart,Milton
Lockhart,Troy,Oefelein,Priscilla,Lockhart,Vernon
Lockhart,Monica,Whitson,Kiesha,Lockhart,Darrin
Lockhart,Adonis,Oefelein,Priscilla,Lockhart,Vernon
Lockhart,Courtney,Whitson,Kiesha,Lockhart,Darrin
Lockhart,Tobias,Whitson,Annie,Lockhart,Milton
Lockhart,Casey,Whitson,Hadley,Lockhart,Cesar
Lockhart,Eddie,Whitson,Annie,Lockhart,Milton
Lockhart,Makena,Whitson,Hadley,Lockhart,Cesar
Lockhart,Simon,Whitson,Annie,Lockhart,Milton
Lockhart,Jessika,Whitson,Hadley,Lockhart,Cesar
Lockhart,Trae,Whitson,Annie,Lockhart,Milton
Lockhart,Heidi,Whitson,Hadley,Lockhart,Cesar
Lockhart,Francisco,Whitson,Annie,Lockhart,Milton
Lockhart,Ilana,Whitson,Hadley,Lockhart,Cesar
Lockhart,Wade,Whitson,Annie,Lockhart,Milton
Lockhart,Jana,Whitson,Hadley,Lockhart,Cesar
Lockhart,Dontae,Whitson,Annie,Lockhart,Milton
Lockhart,Tessa,Whitson,Hadley,Lockhart,Cesar
Lockhart,Saul,Whitson,Annie,Lockhart,Milton
Lockhart,Janette,Gibson,Christy,Lockhart,Fred
Lockhart,Tanner,Whitson,Annie,Lockhart,Milton
Lockhart,Isamar,Gibson,Christy,Lockhart,Fred
Lockhart,Clinton,Whitson,Annie,Lockhart,Milton
Lockhart,Dianne,Gibson,Christy,Lockhart,Fred
Lockhart,Joshua,Whitson,Annie,Lockhart,Milton
Lockhart,Desiree,Gibson,Christy,Lockhart,Fred
Lockhart,Micah,Whitson,Annie,Lockhart,Milton
Lockhart,Kaylynn,Gibson,Christy,Lockhart,Fred
Lockhart,Brendan,Whitson,Annie,Lockhart,Milton
Lockhart,Sofia,Gibson,Christy,Lockhart,Fred
Lockhart,Bernard,Whitson,Kiesha,Lockhart,Darrin
Lockhart,Krysta,Gibson,Patsy,Lockhart,Harley
Lockhart,Kurt,Whitson,Kiesha,Lockhart,Darrin
Lockhart,Analisa,Gibson,Patsy,Lockhart,Harley
Lockhart,Yair,Whitson,Kiesha,Lockhart,Darrin
Lockhart,Lilly,Gibson,Patsy,Lockhart,Harley
Lockhart,Kasey,Whitson,Kiesha,Lockhart,Darrin
Lockhart,Tammy,Gibson,Patsy,Lockhart,Harley
Lockhart,Brad,Whitson,Kiesha,Lockhart,Darrin
Lockhart,Sydney,Gibson,Patsy,Lockhart,Harley
Lockhart,Pierce,Whitson,Kiesha,Lockhart,Darrin
Lockhart,Mikala,Gibson,Patsy,Lockhart,Harley
Lockhart,Demarcus,Whitson,Kiesha,Lockhart,Darrin
Lockhart,Ramona,Gibson,Patsy,Lockhart,Harley
Lockhart,Kelvin,Whitson,Hadley,Lockhart,Cesar
Lockhart,Emmalee,Gibson,Patsy,Lockhart,Harley
Lockhart,Kamau,Whitson,Hadley,Lockhart,Cesar
Lockhart,Kenyetta,Gibson,Patsy,Lockhart,Harley
Lockhart,Langston,Whitson,Hadley,Lockhart,Cesar
Lockhart,Elisa,Gibson,Patsy,Lockhart,Harley
Lockhart,Arjun,Whitson,Hadley,Lockhart,Cesar
Gibson,Skyler,Lockhart,Haley,Gibson,Michel
Lockhart,Francis,Whitson,Hadley,Lockhart,Cesar
Gibson,Brianna,Lockhart,Haley,Gibson,Michel
Lockhart,Lionel,Whitson,Hadley,Lockhart,Cesar
Gibson,Mariana,Lockhart,Kelci,Gibson,Quintyn
Lockhart,Kayvon,Gibson,Christy,Lockhart,Fred
Gibson,Lucy,Lockhart,Kelci,Gibson,Quintyn
Lockhart,Misael,Gibson,Christy,Lockhart,Fred
Gibson,Daisy,Lockhart,Kelci,Gibson,Quintyn
Lockhart,Jeremiah,Gibson,Christy,Lockhart,Fred
Gibson,Debra,Hammond,Jaymi,Gibson,Jonathon
Lockhart,Spenser,Gibson,Christy,Lockhart,Fred
Gibson,Kirstin,Hammond,Jaymi,Gibson,Jonathon
Lockhart,Kenneth,Gibson,Christy,Lockhart,Fred
Gibson,Geraldine,Hammond,Jaymi,Gibson,Jonathon
Lockhart,Britton,Gibson,Christy,Lockhart,Fred
Gibson,Ashli,Hammond,Jaymi,Gibson,Jonathon
Lockhart,Wanya,Gibson,Christy,Lockhart,Fred
Gibson,Tasha,Hammond,Jaymi,Gibson,Jonathon
Lockhart,Cristobal,Gibson,Christy,Lockhart,Fred
Gibson,Judith,Hammond,Jaymi,Gibson,Jonathon
Lockhart,Esteban,Gibson,Christy,Lockhart,Fred
Gibson,Holli,Hammond,Jaymi,Gibson,Jonathon
Lockhart,Tre,Gibson,Christy,Lockhart,Fred
Gibson,Rani,Hammond,Gladys,Gibson,Jonah
Lockhart,Jayson,Gibson,Christy,Lockhart,Fred
Gibson,Jasmin,Hammond,Gladys,Gibson,Jonah
Lockhart,Kevon,Gibson,Christy,Lockhart,Fred
Gibson,Dixie,Hammond,Gladys,Gibson,Jonah
Lockhart,Lawrence,Gibson,Christy,Lockhart,Fred
Gibson,Myesha,Hammond,Gladys,Gibson,Jonah
Lockhart,Jayden,Gibson,Patsy,Lockhart,Harley
Gibson,Marisela,Hammond,Gladys,Gibson,Jonah
Lockhart,Allan,Gibson,Patsy,Lockhart,Harley
Gibson,Ivana,Hammond,Gladys,Gibson,Jonah
Lockhart,Elijah,Gibson,Patsy,Lockhart,Harley
Gibson,Kerry,Hammond,Maia,Gibson,Devon
Lockhart,Delonta,Gibson,Patsy,Lockhart,Harley
Gibson,Casandra,Hammond,Maia,Gibson,Devon
Lockhart,Sterling,Gibson,Patsy,Lockhart,Harley
Gibson,Terri,Hammond,Maia,Gibson,Devon
Lockhart,Marc,Gibson,Patsy,Lockhart,Harley
Gibson,Karli,Hammond,Maia,Gibson,Devon
Lockhart,Christian,Gibson,Patsy,Lockhart,Harley
Gibson,Candice,Hammond,Maia,Gibson,Devon
Lockhart,Dana,Gibson,Patsy,Lockhart,Harley
Gibson,Cheyenne,Hammond,Maia,Gibson,Devon
Gibson,Nickalus,Lockhart,Haley,Gibson,Michel
Gibson,Lyndsey,Hammond,Maia,Gibson,Devon
Gibson,Aaron,Lockhart,Kelci,Gibson,Quintyn
Gibson,Becca,Hammond,Abby,Gibson,Dan
Gibson,Nathanael,Hammond,Jaymi,Gibson,Jonathon
Gibson,Nicole,Hammond,Abby,Gibson,Dan
Gibson,Bradly,Hammond,Jaymi,Gibson,Jonathon
Gibson,Kylee,Hammond,Abby,Gibson,Dan
Gibson,Brandon,Hammond,Jaymi,Gibson,Jonathon
Gibson,Leslie,Hammond,Lynette,Gibson,Quincy
Gibson,Bradlee,Hammond,Jaymi,Gibson,Jonathon
Gibson,Yvette,Hammond,Lynette,Gibson,Quincy
Gibson,Jaron,Hammond,Jaymi,Gibson,Jonathon
Gibson,Daniella,Hammond,Evelin,Gibson,Tyran
Gibson,Quanterriu,Hammond,Jaymi,Gibson,Jonathon
Gibson,Daniela,Thornton,Suzanna,Gibson,Carl
Gibson,Bretton,Hammond,Jaymi,Gibson,Jonathon
Gibson,Kyle,Thornton,Suzanna,Gibson,Carl
Gibson,Cristobal,Hammond,Jaymi,Gibson,Jonathon
Gibson,Promise,Thornton,Suzanna,Gibson,Carl
Gibson,Darian,Hammond,Jaymi,Gibson,Jonathon
Gibson,Cecilia,Thornton,Suzanna,Gibson,Carl
Gibson,Nicholas,Hammond,Gladys,Gibson,Jonah
Hammond,Kaela,Gibson,Ida,Hammond,Silas
Gibson,Josie,Hammond,Gladys,Gibson,Jonah
Hammond,Katy,Gibson,Ida,Hammond,Silas
Gibson,Angelo,Hammond,Gladys,Gibson,Jonah
Hammond,Tiara,Gibson,Ida,Hammond,Silas
Gibson,Denzell,Hammond,Gladys,Gibson,Jonah
Hammond,Kaycee,Gibson,Ida,Hammond,Silas
Gibson,Asher,Hammond,Maia,Gibson,Devon
Hammond,Kayla,Gibson,Jill,Hammond,Mauricio
Gibson,Dusty,Hammond,Maia,Gibson,Devon
Hammond,Shannon,Gibson,Karlee,Hammond,Asa
Gibson,Adan,Hammond,Maia,Gibson,Devon
Hammond,Bailey,Gibson,Karlee,Hammond,Asa
Gibson,Dantae,Hammond,Maia,Gibson,Devon
Hammond,Devin,Gibson,Karlee,Hammond,Asa
Gibson,Roy,Hammond,Maia,Gibson,Devon
Hammond,Elaine,Gibson,Karlee,Hammond,Asa
Gibson,Collin,Hammond,Abby,Gibson,Dan
Hammond,Jasmin,Gibson,Karlee,Hammond,Asa
Gibson,Gannon,Hammond,Lynette,Gibson,Quincy
Hammond,Charlotte,Gibson,Karlee,Hammond,Asa
Gibson,Tavon,Hammond,Lynette,Gibson,Quincy
Hammond,Ebone,Gibson,Isabelle,Hammond,Landen
Gibson,Calvin,Hammond,Evelin,Gibson,Tyran
Hammond,Karli,Gibson,Isabelle,Hammond,Landen
Gibson,Donald,Hammond,Evelin,Gibson,Tyran
Hammond,Georgina,Gibson,Isabelle,Hammond,Landen
Gibson,Steven,Hammond,Evelin,Gibson,Tyran
Hammond,Noel,Gibson,Isabelle,Hammond,Landen
Gibson,Lane,Hammond,Evelin,Gibson,Tyran
Hammond,Rayna,Gibson,Isabelle,Hammond,Landen
Gibson,Luciano,Thornton,Suzanna,Gibson,Carl
Hammond,Sheniqua,Gibson,Amberly,Hammond,Sutton
Gibson,Clinton,Thornton,Suzanna,Gibson,Carl
Hammond,Lesly,Gibson,Amberly,Hammond,Sutton
Gibson,Griffin,Thornton,Suzanna,Gibson,Carl
Hammond,Keosha,Gibson,Amberly,Hammond,Sutton
Gibson,Nolan,Thornton,Suzanna,Gibson,Carl
Hammond,Caitlyn,Gibson,Amberly,Hammond,Sutton
Gibson,Ervin,Thornton,Suzanna,Gibson,Carl
Hammond,Darrian,Gibson,Bailey,Hammond,Kegan
Gibson,Jevin,Thornton,Suzanna,Gibson,Carl
Hammond,Hadley,Gibson,Bailey,Hammond,Kegan
Gibson,Fredrick,Thornton,Suzanna,Gibson,Carl
Hammond,Aylssa,Gibson,Tamisha,Hammond,Parker
Hammond,Terrell,Gibson,Ida,Hammond,Silas
Hammond,Selina,Gibson,Tamisha,Hammond,Parker
Hammond,Noe,Gibson,Ida,Hammond,Silas
Hammond,Marlen,Gibson,Tamisha,Hammond,Parker
Hammond,Christophe,Gibson,Jill,Hammond,Mauricio
Hammond,Dianne,Gibson,Tamisha,Hammond,Parker
Hammond,Jordin,Gibson,Jill,Hammond,Mauricio
Hammond,Jazmyn,Gibson,Tamisha,Hammond,Parker
Hammond,Gerardo,Gibson,Jill,Hammond,Mauricio
Hammond,Anne,Gibson,Josephine,Hammond,Jameson
Hammond,Yvan,Gibson,Jill,Hammond,Mauricio
Hammond,Julia,Gibson,Josephine,Hammond,Jameson
Hammond,Tyquan,Gibson,Jill,Hammond,Mauricio
Hammond,Xandria,Gibson,Josephine,Hammond,Jameson
Hammond,Jamal,Gibson,Jill,Hammond,Mauricio
Hammond,Nayeli,Gibson,Josephine,Hammond,Jameson
Hammond,Christian,Gibson,Karlee,Hammond,Asa
Hammond,Micaela,Gibson,Josephine,Hammond,Jameson
Hammond,Joel,Gibson,Karlee,Hammond,Asa
Hammond,Harlie,Gibson,Josephine,Hammond,Jameson
Hammond,Jackson,Gibson,Karlee,Hammond,Asa
Hammond,Camisha,Gibson,Josephine,Hammond,Jameson
Hammond,Draven,Gibson,Karlee,Hammond,Asa
Hammond,Torrie,Gibson,Josephine,Hammond,Jameson
Hammond,Yovani,Gibson,Karlee,Hammond,Asa
Hammond,Regan,Gibson,Josephine,Hammond,Jameson
Hammond,Agustin,Gibson,Karlee,Hammond,Asa
Hammond,Keishla,Thornton,Chantelle,Hammond,Brooks
Hammond,Trentin,Gibson,Karlee,Hammond,Asa
Hammond,Mikaela,Thornton,Chantelle,Hammond,Brooks
Hammond,Kerrick,Gibson,Karlee,Hammond,Asa
Hammond,Neda,Thornton,Chantelle,Hammond,Brooks
Hammond,Dale,Gibson,Karlee,Hammond,Asa
Hammond,Logan,Thornton,Chantelle,Hammond,Brooks
Hammond,Donte,Gibson,Karlee,Hammond,Asa
Hammond,Tiffani,Thornton,Chantelle,Hammond,Brooks
Hammond,Marquis,Gibson,Karlee,Hammond,Asa
Hammond,Kelli,Thornton,Kristin,Hammond,Trevon
Hammond,Jaylin,Gibson,Karlee,Hammond,Asa
Hammond,Angelika,Thornton,Kristin,Hammond,Trevon
Hammond,Zackery,Gibson,Isabelle,Hammond,Landen
Hammond,Tayler,Thornton,Kristin,Hammond,Trevon
Hammond,Carlos,Gibson,Isabelle,Hammond,Landen
Hammond,Cassie,Thornton,Kristin,Hammond,Trevon
Hammond,Tomas,Gibson,Isabelle,Hammond,Landen
Hammond,Kaylah,Thornton,Kristin,Hammond,Trevon
Hammond,Salvatore,Gibson,Isabelle,Hammond,Landen
Hammond,Sherridan,Thornton,Kristin,Hammond,Trevon
Hammond,Brayden,Gibson,Isabelle,Hammond,Landen
Hammond,Jaime,Thornton,Kristin,Hammond,Trevon
Hammond,Jabari,Gibson,Amberly,Hammond,Sutton
Hammond,Jessie,Thornton,Kristin,Hammond,Trevon
Hammond,Patric,Gibson,Amberly,Hammond,Sutton
Hammond,Micayla,Thornton,Allana,Hammond,Alberto
Hammond,Javion,Gibson,Amberly,Hammond,Sutton
Hammond,Jaylynn,Thornton,Allana,Hammond,Alberto
Hammond,Sean,Gibson,Amberly,Hammond,Sutton
Hammond,Nathalia,Thornton,Allana,Hammond,Alberto
Hammond,Mariano,Gibson,Amberly,Hammond,Sutton
Hammond,Klarisa,Thornton,Allana,Hammond,Alberto
Hammond,Barrett,Gibson,Bailey,Hammond,Kegan
Hammond,Gabrielle,Thornton,Allana,Hammond,Alberto
Hammond,Jay,Gibson,Bailey,Hammond,Kegan
Hammond,Melisa,Thornton,Celena,Hammond,Tom
Hammond,Andreas,Gibson,Bailey,Hammond,Kegan
Hammond,Julissa,Thornton,Celena,Hammond,Tom
Hammond,Quanterriu,Gibson,Bailey,Hammond,Kegan
Hammond,Sapphire,Thornton,Celena,Hammond,Tom
Hammond,Michel,Gibson,Tamisha,Hammond,Parker
Hammond,Dominique,Thornton,Celena,Hammond,Tom
Hammond,Gordon,Gibson,Tamisha,Hammond,Parker
Hammond,Giovanna,Thornton,Celena,Hammond,Tom
Hammond,Deangelo,Gibson,Tamisha,Hammond,Parker
Thornton,Shana,Carey,Suzanne,Thornton,Denver
Hammond,Ibrahim,Gibson,Tamisha,Hammond,Parker
Thornton,Christina,Carey,Suzanne,Thornton,Denver
Hammond,Estevan,Gibson,Tamisha,Hammond,Parker
Thornton,Latasha,Carey,Suzanne,Thornton,Denver
Hammond,Dakotah,Gibson,Tamisha,Hammond,Parker
Thornton,Karley,Carey,Jordan,Thornton,Arnold
Hammond,Keenan,Gibson,Josephine,Hammond,Jameson
Thornton,Adriane,Carey,Jordan,Thornton,Arnold
Hammond,Tracy,Gibson,Josephine,Hammond,Jameson
Thornton,Holland,Carey,Jordan,Thornton,Arnold
Hammond,Patrick,Gibson,Josephine,Hammond,Jameson
Thornton,Myesha,Carey,Lucy,Thornton,Yobani
Hammond,Tysen,Gibson,Josephine,Hammond,Jameson
Thornton,Fabiola,Carey,Lucy,Thornton,Yobani
Hammond,Tavon,Gibson,Josephine,Hammond,Jameson
Thornton,Tamara,Carey,Lucy,Thornton,Yobani
Hammond,Jaylon,Gibson,Josephine,Hammond,Jameson
Thornton,Onesha,Carey,Lucy,Thornton,Yobani
Hammond,Deontae,Gibson,Josephine,Hammond,Jameson
Thornton,Stefanie,Carey,Brook,Thornton,Cruz
Hammond,Ricky,Gibson,Josephine,Hammond,Jameson
Thornton,Chandler,Carey,Brook,Thornton,Cruz
Hammond,Braeden,Gibson,Josephine,Hammond,Jameson
Thornton,Jennifer,Carey,Anamaria,Thornton,Paul
Hammond,Trenton,Gibson,Josephine,Hammond,Jameson
Thornton,Raegan,Carey,Anamaria,Thornton,Paul
Hammond,Brenton,Thornton,Chantelle,Hammond,Brooks
Thornton,Judith,Carey,Anamaria,Thornton,Paul
Hammond,Steve,Thornton,Chantelle,Hammond,Brooks
Thornton,Mariela,Carey,Anamaria,Thornton,Paul
Aron,Eisele,Sonia,Olivas,Maurice
Hammond,Preston,Thornton,Chantelle,Hammond,Brooks
Thornton,Jackie,Carey,Anamaria,Thornton,Paul
Hammond,Orion,Thornton,Chantelle,Hammond,Brooks
Thornton,Kansas,Carey,Anamaria,Thornton,Paul
Hammond,Josie,Thornton,Chantelle,Hammond,Brooks
Thornton,Milena,Carey,Anamaria,Thornton,Paul
Hammond,Gregory,Thornton,Chantelle,Hammond,Brooks
Thornton,Micayla,Carey,Anamaria,Thornton,Paul
Hammond,Joan,Thornton,Chantelle,Hammond,Brooks
Thornton,Kaylynn,Carey,Anamaria,Thornton,Paul
Hammond,Benny,Thornton,Chantelle,Hammond,Brooks
Thornton,Kallee,Carey,Anamaria,Thornton,Paul
Hammond,Denzell,Thornton,Chantelle,Hammond,Brooks
Thornton,Elisa,Carey,Anamaria,Thornton,Paul
Hammond,Raequan,Thornton,Kristin,Hammond,Trevon
Thornton,Samantha,Carey,Anamaria,Thornton,Paul
Hammond,Ty,Thornton,Kristin,Hammond,Trevon
Thornton,Maryanna,Thornton,Tayla,Thornton,Dean
Hammond,Hunter,Thornton,Kristin,Hammond,Trevon
Thornton,Danica,Thornton,Tayla,Thornton,Dean
Hammond,Israel,Thornton,Kristin,Hammond,Trevon
Thornton,Kate,Thornton,Tayla,Thornton,Dean
Hammond,Aleksandr,Thornton,Kristin,Hammond,Trevon
Thornton,Lena,Thornton,Tayla,Thornton,Dean
Hammond,Derick,Thornton,Kristin,Hammond,Trevon
Thornton,Coral,Thornton,Tayla,Thornton,Dean
Hammond,Dante,Thornton,Allana,Hammond,Alberto
Thornton,Juliet,Thornton,Tayla,Thornton,Dean
Hammond,Tobias,Thornton,Allana,Hammond,Alberto
Thornton,Lourdes,Thornton,Tayla,Thornton,Dean
Hammond,Jamel,Thornton,Allana,Hammond,Alberto
Thornton,Rocio,Thornton,Tayla,Thornton,Dean
Hammond,Shamar,Thornton,Allana,Hammond,Alberto
Carey,Sabreen,Thornton,Tanisha,Carey,Francisco
Hammond,Kenneth,Thornton,Allana,Hammond,Alberto
Carey,Abbie,Thornton,Tanisha,Carey,Francisco
Hammond,Kasey,Thornton,Celena,Hammond,Tom
Carey,Joi,Thornton,Tanisha,Carey,Francisco
Hammond,Freeman,Thornton,Celena,Hammond,Tom
Carey,Destiny,Thornton,Merissa,Carey,Josiah
Hammond,Gavin,Thornton,Celena,Hammond,Tom
Carey,Elisa,Thornton,Estefani,Carey,Adrian
Hammond,Slaten,Thornton,Celena,Hammond,Tom
Carey,Haven,Thornton,Estefani,Carey,Adrian
Hammond,Enrique,Thornton,Celena,Hammond,Tom
Carey,Sania,Thornton,Madilyn,Carey,Lionel
Hammond,Nikolas,Thornton,Celena,Hammond,Tom
Carey,Judy,Thornton,Madilyn,Carey,Lionel
Hammond,Jeremy,Thornton,Celena,Hammond,Tom
Carey,Gabriela,Thornton,Madilyn,Carey,Lionel
Thornton,Alejandro,Carey,Suzanne,Thornton,Denver
Carey,Cecilia,Thornton,Madilyn,Carey,Lionel
Thornton,Jawaun,Carey,Suzanne,Thornton,Denver
Carey,Gilda,Thornton,Lilibeth,Carey,Valentin
Thornton,Walter,Carey,Suzanne,Thornton,Denver
Carey,Randi,Thornton,Lilibeth,Carey,Valentin
Thornton,Grant,Carey,Suzanne,Thornton,Denver
Carey,Hannah,Thornton,Lilibeth,Carey,Valentin
Thornton,Calvin,Carey,Suzanne,Thornton,Denver
Carey,Shae,Thornton,Lilibeth,Carey,Valentin
Thornton,Kelvin,Carey,Suzanne,Thornton,Denver
Carey,Gabriella,Thornton,Lilibeth,Carey,Valentin
Thornton,Kolton,Carey,Jordan,Thornton,Arnold
Carey,Yolanda,Thornton,Lilibeth,Carey,Valentin
Thornton,Davis,Carey,Jordan,Thornton,Arnold
Carey,Katherine,Thornton,Dandrea,Carey,Sean
Thornton,Peyton,Carey,Jordan,Thornton,Arnold
Carey,Elizabet,Thornton,Dandrea,Carey,Sean
Thornton,Reynaldo,Carey,Jordan,Thornton,Arnold
Carey,Shenelly,Thornton,Dandrea,Carey,Sean
Thornton,Dylan,Carey,Jordan,Thornton,Arnold
Carey,Miah,Thornton,Dandrea,Carey,Sean
Thornton,Jovonte,Carey,Jordan,Thornton,Arnold
Thornton,Aaliyah,Parazynski,Ebone,Thornton,Howard
Thornton,Tony,Carey,Jordan,Thornton,Arnold
Thornton,Meagan,Parazynski,Ebone,Thornton,Howard
Thornton,Tristin,Carey,Lucy,Thornton,Yobani
Thornton,Keishla,Parazynski,Ebone,Thornton,Howard
Thornton,Javion,Carey,Lucy,Thornton,Yobani
Thornton,Sofia,Parazynski,Ebone,Thornton,Howard
Thornton,Truman,Carey,Lucy,Thornton,Yobani
Thornton,Nia,Parazynski,Angle,Thornton,Tanner
Thornton,Terron,Carey,Lucy,Thornton,Yobani
Thornton,Maryann,Parazynski,Angle,Thornton,Tanner
Thornton,Yuri,Carey,Lucy,Thornton,Yobani
Thornton,Anitra,Parazynski,Angle,Thornton,Tanner
Thornton,Irvin,Carey,Lucy,Thornton,Yobani
Thornton,Stacie,Parazynski,Angle,Thornton,Tanner
Thornton,Terence,Carey,Brook,Thornton,Cruz
Thornton,Cayla,Parazynski,Angle,Thornton,Tanner
Thornton,Neal,Carey,Brook,Thornton,Cruz
Thornton,Stormy,Parazynski,Angle,Thornton,Tanner
Thornton,Malik,Carey,Brook,Thornton,Cruz
Thornton,Constance,Parazynski,Angle,Thornton,Tanner
Thornton,Marcello,Carey,Brook,Thornton,Cruz
Thornton,Abbigail,Parazynski,Angle,Thornton,Tanner
Thornton,Mitchel,Carey,Brook,Thornton,Cruz
Thornton,Rebeca,Parazynski,Angle,Thornton,Tanner
Thornton,Dallas,Carey,Anamaria,Thornton,Paul
Thornton,Alessandra,Parazynski,Angle,Thornton,Tanner
Thornton,Nick,Carey,Anamaria,Thornton,Paul
Parazynski,Yvette,Thornton,Jewel,Parazynski,Raheem
Thornton,Jaron,Carey,Anamaria,Thornton,Paul
Parazynski,Leigh,Thornton,Jewel,Parazynski,Raheem
Thornton,Dominick,Carey,Anamaria,Thornton,Paul
Parazynski,Jhane,Thornton,Jewel,Parazynski,Raheem
Thornton,Brent,Thornton,Tayla,Thornton,Dean
Parazynski,Jacquelin,Thornton,Jewel,Parazynski,Raheem
Thornton,Kaden,Thornton,Tayla,Thornton,Dean
Parazynski,Elissa,Ross,Tiera,Parazynski,Jacky
Thornton,Mohamed,Thornton,Tayla,Thornton,Dean
Parazynski,Bryanna,Ross,Tiera,Parazynski,Jacky
Thornton,Jules,Thornton,Tayla,Thornton,Dean
Parazynski,Monique,Ross,Tiera,Parazynski,Jacky
Thornton,Bailey,Thornton,Tayla,Thornton,Dean
Parazynski,Michel,Ross,Tiera,Parazynski,Jacky
Thornton,Harold,Thornton,Tayla,Thornton,Dean
Parazynski,Sidney,Ross,Tiera,Parazynski,Jacky
Thornton,Cedric,Thornton,Tayla,Thornton,Dean
Parazynski,Sierra,Ross,Tiera,Parazynski,Jacky
Thornton,Alec,Thornton,Tayla,Thornton,Dean
Parazynski,Chrystal,Ross,Tiera,Parazynski,Jacky
Carey,Callahan,Thornton,Tanisha,Carey,Francisco
Parazynski,Abigayle,Ross,Tiera,Parazynski,Jacky
Carey,Jamari,Thornton,Merissa,Carey,Josiah
Parazynski,Shawn,Ross,Tiera,Parazynski,Jacky
Carey,Baby,Thornton,Merissa,Carey,Josiah
Parazynski,Jill,Ross,Alyson,Parazynski,Emmitt
Carey,Tyson,Thornton,Estefani,Carey,Adrian
Parazynski,Sylvia,Ross,Alyson,Parazynski,Emmitt
Carey,Travis,Thornton,Estefani,Carey,Adrian
Parazynski,Josephine,Ross,Alyson,Parazynski,Emmitt
Carey,Lloyd,Thornton,Madilyn,Carey,Lionel
Parazynski,Emmily,Ross,Alyson,Parazynski,Emmitt
Carey,Ruben,Thornton,Madilyn,Carey,Lionel
Parazynski,Kyra,Ross,Alyson,Parazynski,Emmitt
Carey,Jevon,Thornton,Madilyn,Carey,Lionel
Parazynski,Katharine,Ross,Kady,Parazynski,Jonathan
Carey,Walker,Thornton,Lilibeth,Carey,Valentin
Parazynski,Phoebe,Ross,Kady,Parazynski,Jonathan
Carey,Tanner,Thornton,Lilibeth,Carey,Valentin
Parazynski,Taylorann,Ross,Kady,Parazynski,Jonathan
Carey,Brenton,Thornton,Lilibeth,Carey,Valentin
Parazynski,Amanda,Ross,Kady,Parazynski,Jonathan
Carey,Wayne,Thornton,Dandrea,Carey,Sean
Parazynski,Darrian,Ross,Kady,Parazynski,Jonathan
Carey,Deante,Thornton,Dandrea,Carey,Sean
Parazynski,Cayla,Ross,Kady,Parazynski,Jonathan
Carey,Draven,Thornton,Dandrea,Carey,Sean
Parazynski,Callie,Ross,Kady,Parazynski,Jonathan
Carey,Ismael,Thornton,Dandrea,Carey,Sean
Parazynski,Camille,Ross,Kady,Parazynski,Jonathan
Carey,Jeffrey,Thornton,Dandrea,Carey,Sean
Parazynski,Valencia,Ross,Kady,Parazynski,Jonathan
Carey,Mark,Thornton,Dandrea,Carey,Sean
Parazynski,Natalya,Ross,Kady,Parazynski,Jonathan
Thornton,Darius,Parazynski,Ebone,Thornton,Howard
Parazynski,Tierra,Ross,Kady,Parazynski,Jonathan
Thornton,Bennie,Parazynski,Ebone,Thornton,Howard
Parazynski,Kayli,Ross,Kady,Parazynski,Jonathan
Thornton,Mateo,Parazynski,Ebone,Thornton,Howard
Parazynski,Ilana,Ross,Ryann,Parazynski,Gavin
Thornton,Jaleel,Parazynski,Ebone,Thornton,Howard
Parazynski,Heidi,Ross,Ryann,Parazynski,Gavin
Thornton,Mckay,Parazynski,Ebone,Thornton,Howard
Parazynski,Stacie,Ross,Ryann,Parazynski,Gavin
Thornton,Abdul,Parazynski,Ebone,Thornton,Howard
Parazynski,Mikhaila,Ross,Ryann,Parazynski,Gavin
Thornton,Quincy,Parazynski,Ebone,Thornton,Howard
Parazynski,Elida,Ross,Ryann,Parazynski,Gavin
Thornton,Javen,Parazynski,Ebone,Thornton,Howard
Parazynski,Jamie,Ross,Ryann,Parazynski,Gavin
Thornton,Raphael,Parazynski,Ebone,Thornton,Howard
Parazynski,Maranda,Ross,Ryann,Parazynski,Gavin
Thornton,Louis,Parazynski,Ebone,Thornton,Howard
Ross,Alondra,Parazynski,Shanise,Ross,Freeman
Thornton,Noel,Parazynski,Angle,Thornton,Tanner
Ross,Keishla,Parazynski,Shanise,Ross,Freeman
Thornton,Cody,Parazynski,Angle,Thornton,Tanner
Ross,Emmily,Parazynski,Shanise,Ross,Freeman
Thornton,Clint,Parazynski,Angle,Thornton,Tanner
Ross,Tiani,Parazynski,Shanise,Ross,Freeman
Thornton,Keenan,Parazynski,Angle,Thornton,Tanner
Ross,Trevor,Parazynski,Shanise,Ross,Freeman
Thornton,Van,Parazynski,Angle,Thornton,Tanner
Ross,Megan,Parazynski,Shanise,Ross,Freeman
Thornton,Dominique,Parazynski,Angle,Thornton,Tanner
Ross,Josey,Parazynski,Maryanne,Ross,Andre
Parazynski,Clarence,Thornton,Jewel,Parazynski,Raheem
Ross,Unique,Parazynski,Maryanne,Ross,Andre
Parazynski,Jordon,Thornton,Jewel,Parazynski,Raheem
Ross,Mckayla,Parazynski,Maryanne,Ross,Andre
Parazynski,Kenneth,Thornton,Jewel,Parazynski,Raheem
Ross,Jabria,Parazynski,Maryanne,Ross,Andre
Parazynski,Erick,Thornton,Jewel,Parazynski,Raheem
Ross,Maxine,Parazynski,Maryanne,Ross,Andre
Parazynski,Tyran,Thornton,Jewel,Parazynski,Raheem
Ross,Kathleen,Parazynski,Maryanne,Ross,Andre
Parazynski,Trevon,Thornton,Jewel,Parazynski,Raheem
Ross,Simone,Parazynski,Maryanne,Ross,Andre
Parazynski,Tad,Ross,Tiera,Parazynski,Jacky
Ross,Tamia,Parazynski,Maryanne,Ross,Andre
Parazynski,Draven,Ross,Tiera,Parazynski,Jacky
Ross,Jami,Parazynski,Maryanne,Ross,Andre
Parazynski,Moshe,Ross,Tiera,Parazynski,Jacky
Ross,Bryana,Parazynski,Jessika,Ross,Eric
Parazynski,Keagan,Ross,Tiera,Parazynski,Jacky
Ross,Carli,Parazynski,Jessika,Ross,Eric
Parazynski,Kyle,Ross,Tiera,Parazynski,Jacky
Ross,Rebeca,Parazynski,Jessika,Ross,Eric
Parazynski,Ryen,Ross,Alyson,Parazynski,Emmitt
Ross,Jena,Parazynski,Jessika,Ross,Eric
Parazynski,Ron,Ross,Alyson,Parazynski,Emmitt
Ross,Milena,Parazynski,Jessika,Ross,Eric
Parazynski,Shaun,Ross,Alyson,Parazynski,Emmitt
Ross,Laurel,Parazynski,Jessika,Ross,Eric
Parazynski,Kaden,Ross,Alyson,Parazynski,Emmitt
Ross,Jayda,Parazynski,Jessika,Ross,Eric
Parazynski,Ronald,Ross,Kady,Parazynski,Jonathan
Ross,Maria,Parazynski,Jessika,Ross,Eric
Parazynski,Bailey,Ross,Kady,Parazynski,Jonathan
Ross,Klarisa,Parazynski,Jessika,Ross,Eric
Parazynski,Marques,Ross,Kady,Parazynski,Jonathan
Ross,Aisha,Parazynski,Jessika,Ross,Eric
Parazynski,Daryl,Ross,Kady,Parazynski,Jonathan
Ross,Destiana,Parazynski,Jessika,Ross,Eric
Parazynski,Jace,Ross,Kady,Parazynski,Jonathan
Ross,Lillie,Parazynski,Jessika,Ross,Eric
Parazynski,Orion,Ross,Kady,Parazynski,Jonathan
Ross,Devon,Parazynski,Jessika,Ross,Eric
