Still,Jacoby,Still,Janae,Still,Rasheed
Ochoa,Addison,Chawla,Frida,Ochoa,Colbey
Bolden,Daylon,Linenger,Jocelyn,Bolden,James
Shaw,Makala,Woodward,Deborah,Shaw,Enrique
Thornton,Trevon,Rominger,Shannon,Thornton,Taylor
Valheim,Cali,Ivins,Kayley,Valheim,Deric
White,Micah,Wilson,Christa,White,Maverick
Oswald,Dallas,Allen,Mireya,Oswald,Quintin
Harris,Joe,Tyler,Maricela,Harris,Myron
Deckard,Sky,Creighton,Diane,Deckard,Lamonte
Mitchell,Amari,Slayton,Marissa,Mitchell,Sawyer
Hart,Anamarie,Ashby,Flor,Hart,Orlando
Pierce,Rand,Covey,Sheri,Pierce,Todd
Engle,Aubrie,O'Connor,Kansas,Engle,Randy
Lindsey,Clifford,Hudson,Mary,Lindsey,Hayden
Carey,Emilee,Buchanan,Deisy,Carey,Zaquan
Magnus,Tony,Bowersox,Connie,Magnus,Graham
Ewing,Marissa,Loria,Liana,Ewing,Tysheem
Buchanan,Earl,Smith,Shanice,Buchanan,Markus
Harbaugh,Camilla,Sullivan,Lauryn,Harbaugh,Mckay
England,Idris,Greene,Karishma,England,Darrius
Brady,Nyasia,Duke,Yaritza,Brady,San
Still,Allan,Ochoa,Addison,Still,Jacoby
Grout,Jayla,Carr,Wendy,Grout,Kaleb
Still,Samual,Ochoa,Addison,Still,Jacoby
See,Gabriella,Chaffee,Camille,See,Ravon
Still,Wilson,Ochoa,Addison,Still,Jacoby
Carr,Reyna,Herrington,Ashtin,Carr,Zaire
Still,Callahan,Ochoa,Addison,Still,Jacoby
Ross,Cassidy,Stefanyshyn,Maryann,Ross,Darius
Still,Bryce,Ochoa,Addison,Still,Jacoby
Worden,Rani,Bean,Demi,Worden,Amir
Still,Isiah,Ochoa,Addison,Still,Jacoby
Weber,Shiloh,Altman,Nina,Weber,Misael
Still,Gerald,Ochoa,Addison,Still,Jacoby
Camarda,Ashtin,Kelly,Nyla,Camarda,Jajuan
Still,Alec,Ochoa,Addison,Still,Jacoby
Cooper,Jacklyn,Blaha,Annemarie,Cooper,Samual
Bolden,Bill,Shaw,Makala,Bolden,Daylon
Still,Jacquelin,Ochoa,Addison,Still,Jacoby
Thornton,Peter,Valheim,Cali,Thornton,Trevon
Still,Elijah,Ochoa,Addison,Still,Jacoby
Thornton,Noel,Valheim,Cali,Thornton,Trevon
Still,Mikyla,Ochoa,Addison,Still,Jacoby
Thornton,Ernesto,Valheim,Cali,Thornton,Trevon
Still,Maribel,Ochoa,Addison,Still,Jacoby
Thornton,Kristofer,Valheim,Cali,Thornton,Trevon
Still,Kayleigh,Ochoa,Addison,Still,Jacoby
Thornton,Mason,Valheim,Cali,Thornton,Trevon
Bolden,Mariela,Shaw,Makala,Bolden,Daylon
Thornton,Esteban,Valheim,Cali,Thornton,Trevon
Bolden,Melisa,Shaw,Makala,Bolden,Daylon
Thornton,Johnny,Valheim,Cali,Thornton,Trevon
Bolden,Gerardo,Shaw,Makala,Bolden,Daylon
Thornton,Glenn,Valheim,Cali,Thornton,Trevon
Thornton,Monique,Valheim,Cali,Thornton,Trevon
Thornton,Claudio,Valheim,Cali,Thornton,Trevon
Thornton,Chelsey,Valheim,Cali,Thornton,Trevon
Thornton,Deon,Valheim,Cali,Thornton,Trevon
Thornton,Brook,Valheim,Cali,Thornton,Trevon
Thornton,Jamel,Valheim,Cali,Thornton,Trevon
Thornton,Tyra,Valheim,Cali,Thornton,Trevon
White,Milton,Oswald,Dallas,White,Micah
Thornton,Mattie,Valheim,Cali,Thornton,Trevon
White,Rayvon,Oswald,Dallas,White,Micah
White,Morgen,Oswald,Dallas,White,Micah
White,Javon,Oswald,Dallas,White,Micah
White,Cristina,Oswald,Dallas,White,Micah
White,Benny,Oswald,Dallas,White,Micah
White,Tabatha,Oswald,Dallas,White,Micah
White,Nathaniel,Oswald,Dallas,White,Micah
White,Maisie,Oswald,Dallas,White,Micah
White,Ross,Oswald,Dallas,White,Micah
White,Taylor,Oswald,Dallas,White,Micah
White,Kayle,Oswald,Dallas,White,Micah
Harris,Kristy,Deckard,Sky,Harris,Joe
White,Benjamin,Oswald,Dallas,White,Micah
Harris,Jeanette,Deckard,Sky,Harris,Joe
White,Wesley,Oswald,Dallas,White,Micah
Harris,Shaye,Deckard,Sky,Harris,Joe
White,Trent,Oswald,Dallas,White,Micah
Harris,Charity,Deckard,Sky,Harris,Joe
White,Saul,Oswald,Dallas,White,Micah
Harris,Colleen,Deckard,Sky,Harris,Joe
Harris,Graham,Deckard,Sky,Harris,Joe
Harris,Paloma,Deckard,Sky,Harris,Joe
Harris,Jaleel,Deckard,Sky,Harris,Joe
Harris,Maia,Deckard,Sky,Harris,Joe
Harris,Esau,Deckard,Sky,Harris,Joe
Mitchell,Claudia,Hart,Anamarie,Mitchell,Amari
Harris,Jesus,Deckard,Sky,Harris,Joe
Mitchell,Justice,Hart,Anamarie,Mitchell,Amari
Mitchell,Braydon,Hart,Anamarie,Mitchell,Amari
Mitchell,Alexis,Hart,Anamarie,Mitchell,Amari
Mitchell,Joey,Hart,Anamarie,Mitchell,Amari
Pierce,Maryssa,Engle,Aubrie,Pierce,Rand
Mitchell,Tylar,Hart,Anamarie,Mitchell,Amari
Pierce,Bryn,Engle,Aubrie,Pierce,Rand
Mitchell,Sutton,Hart,Anamarie,Mitchell,Amari
Pierce,Leticia,Engle,Aubrie,Pierce,Rand
Mitchell,Coleman,Hart,Anamarie,Mitchell,Amari
Pierce,Tiana,Engle,Aubrie,Pierce,Rand
Mitchell,Deric,Hart,Anamarie,Mitchell,Amari
Pierce,Mattie,Engle,Aubrie,Pierce,Rand
Mitchell,Camron,Hart,Anamarie,Mitchell,Amari
Pierce,Shelby,Engle,Aubrie,Pierce,Rand
Pierce,Josiah,Engle,Aubrie,Pierce,Rand
Lindsey,Ariana,Carey,Emilee,Lindsey,Clifford
Pierce,Kristofer,Engle,Aubrie,Pierce,Rand
Lindsey,Carly,Carey,Emilee,Lindsey,Clifford
Lindsey,Austin,Carey,Emilee,Lindsey,Clifford
Lindsey,Sophia,Carey,Emilee,Lindsey,Clifford
Lindsey,Jacob,Carey,Emilee,Lindsey,Clifford
Lindsey,Cindy,Carey,Emilee,Lindsey,Clifford
Lindsey,Cecil,Carey,Emilee,Lindsey,Clifford
Lindsey,Skylar,Carey,Emilee,Lindsey,Clifford
Lindsey,Brannon,Carey,Emilee,Lindsey,Clifford
Lindsey,Joyce,Carey,Emilee,Lindsey,Clifford
Lindsey,Francis,Carey,Emilee,Lindsey,Clifford
Magnus,Gerardo,Ewing,Marissa,Magnus,Tony
Magnus,Micheal,Ewing,Marissa,Magnus,Tony
Magnus,Dana,Ewing,Marissa,Magnus,Tony
Magnus,Misael,Ewing,Marissa,Magnus,Tony
Magnus,Joyce,Ewing,Marissa,Magnus,Tony
Magnus,Desmond,Ewing,Marissa,Magnus,Tony
Buchanan,Reagan,Harbaugh,Camilla,Buchanan,Earl
Magnus,Leonardo,Ewing,Marissa,Magnus,Tony
Buchanan,Jamie,Harbaugh,Camilla,Buchanan,Earl
Magnus,Chase,Ewing,Marissa,Magnus,Tony
England,Kenzie,Brady,Nyasia,England,Idris
Magnus,Bradlee,Ewing,Marissa,Magnus,Tony
England,Courteney,Brady,Nyasia,England,Idris
Buchanan,Issac,Harbaugh,Camilla,Buchanan,Earl
Still,Jenna,Grout,Jayla,Still,Allan
England,Julius,Brady,Nyasia,England,Idris
Still,Aaliyah,Grout,Jayla,Still,Allan
England,Habram,Brady,Nyasia,England,Idris
Still,Breanna,Grout,Jayla,Still,Allan
England,Seth,Brady,Nyasia,England,Idris
Still,Marycather,Grout,Jayla,Still,Allan
England,Marvin,Brady,Nyasia,England,Idris
Still,Haley,Grout,Jayla,Still,Allan
England,Callum,Brady,Nyasia,England,Idris
Still,Hannah,Grout,Jayla,Still,Allan
Still,Elias,Grout,Jayla,Still,Allan
Still,Hallie,Grout,Jayla,Still,Allan
Still,Keeton,Grout,Jayla,Still,Allan
Still,Natalya,Grout,Jayla,Still,Allan
Still,Andreas,Grout,Jayla,Still,Allan
Still,Crystal,Grout,Jayla,Still,Allan
Still,Max,Grout,Jayla,Still,Allan
Still,Gina,See,Gabriella,Still,Samual
Still,Alexandro,Grout,Jayla,Still,Allan
Still,Genevieve,See,Gabriella,Still,Samual
Still,Darrin,Grout,Jayla,Still,Allan
Still,Mallory,See,Gabriella,Still,Samual
Still,Aron,Grout,Jayla,Still,Allan
Still,Brigitte,Carr,Reyna,Still,Wilson
Still,Tristen,Grout,Jayla,Still,Allan
Still,Roslyn,Carr,Reyna,Still,Wilson
Still,Phillip,Grout,Jayla,Still,Allan
Still,Dakota,Carr,Reyna,Still,Wilson
Still,Marielle,Grout,Jayla,Still,Allan
Still,Maryanna,Ross,Cassidy,Still,Callahan
Still,Demarcus,See,Gabriella,Still,Samual
Still,Tracy,Ross,Cassidy,Still,Callahan
Still,Quinn,See,Gabriella,Still,Samual
Still,Eleni,Worden,Rani,Still,Bryce
Still,Tylor,Carr,Reyna,Still,Wilson
Still,Marilyn,Weber,Shiloh,Still,Isiah
Still,Mohammad,Carr,Reyna,Still,Wilson
Still,Alicia,Weber,Shiloh,Still,Isiah
Still,Deleon,Carr,Reyna,Still,Wilson
Still,Bayleigh,Weber,Shiloh,Still,Isiah
Still,Nickalus,Carr,Reyna,Still,Wilson
Still,Keirra,Camarda,Ashtin,Still,Gerald
Still,Darrion,Carr,Reyna,Still,Wilson
Still,Violet,Camarda,Ashtin,Still,Gerald
Still,Deante,Carr,Reyna,Still,Wilson
Still,Mandi,Camarda,Ashtin,Still,Gerald
Still,Kenyon,Carr,Reyna,Still,Wilson
Still,Cheyann,Camarda,Ashtin,Still,Gerald
Still,Elliot,Carr,Reyna,Still,Wilson
Still,Cheyanna,Camarda,Ashtin,Still,Gerald
Still,Brett,Carr,Reyna,Still,Wilson
Still,Camila,Camarda,Ashtin,Still,Gerald
Still,Devin,Ross,Cassidy,Still,Callahan
Still,Carmela,Camarda,Ashtin,Still,Gerald
Still,Keaton,Ross,Cassidy,Still,Callahan
Still,Danae,Camarda,Ashtin,Still,Gerald
Still,Cesar,Ross,Cassidy,Still,Callahan
Still,Maryssa,Cooper,Jacklyn,Still,Alec
Still,Damian,Worden,Rani,Still,Bryce
Still,Maeghan,Cooper,Jacklyn,Still,Alec
Still,Marcus,Worden,Rani,Still,Bryce
Still,Colby,Cooper,Jacklyn,Still,Alec
Still,Jeffrey,Weber,Shiloh,Still,Isiah
Bolden,Marie,Still,Jacquelin,Bolden,Bill
Still,Rowan,Weber,Shiloh,Still,Isiah
Bolden,Cailin,Still,Jacquelin,Bolden,Bill
Still,Arjun,Weber,Shiloh,Still,Isiah
Bolden,Shuntara,Still,Jacquelin,Bolden,Bill
Still,Diondre,Weber,Shiloh,Still,Isiah
Bolden,Liza,Still,Jacquelin,Bolden,Bill
Still,Bobby,Camarda,Ashtin,Still,Gerald
Bolden,Analisa,Still,Jacquelin,Bolden,Bill
Still,Easton,Camarda,Ashtin,Still,Gerald
Bolden,Corinne,Still,Jacquelin,Bolden,Bill
Still,Bryan,Camarda,Ashtin,Still,Gerald
Bolden,Jaden,Still,Jacquelin,Bolden,Bill
Still,Colton,Camarda,Ashtin,Still,Gerald
Bolden,Sky,Still,Jacquelin,Bolden,Bill
Still,Frank,Camarda,Ashtin,Still,Gerald
Bolden,Stacey,Still,Jacquelin,Bolden,Bill
Still,Mitchel,Camarda,Ashtin,Still,Gerald
Bolden,Georgia,Still,Jacquelin,Bolden,Bill
Still,Devyn,Camarda,Ashtin,Still,Gerald
Thornton,Ida,Still,Elijah,Thornton,Peter
Still,Shaquille,Camarda,Ashtin,Still,Gerald
Thornton,Karlee,Still,Elijah,Thornton,Peter
Still,Orlando,Camarda,Ashtin,Still,Gerald
Thornton,Laura,Still,Mikyla,Thornton,Noel
Still,Baby,Camarda,Ashtin,Still,Gerald
Thornton,Alexus,Still,Mikyla,Thornton,Noel
Still,Esau,Camarda,Ashtin,Still,Gerald
Thornton,Yamilex,Still,Mikyla,Thornton,Noel
Still,Niko,Camarda,Ashtin,Still,Gerald
Thornton,Emilia,Still,Mikyla,Thornton,Noel
Still,Edward,Cooper,Jacklyn,Still,Alec
Thornton,Estrella,Still,Mikyla,Thornton,Noel
Still,Leonel,Cooper,Jacklyn,Still,Alec
Thornton,Leslie,Still,Mikyla,Thornton,Noel
Still,Liam,Cooper,Jacklyn,Still,Alec
Thornton,Sade,Still,Mikyla,Thornton,Noel
Still,Markus,Cooper,Jacklyn,Still,Alec
Thornton,Alesha,Still,Maribel,Thornton,Ernesto
Still,Barry,Cooper,Jacklyn,Still,Alec
Thornton,Allison,Still,Maribel,Thornton,Ernesto
Still,Jamar,Cooper,Jacklyn,Still,Alec
Thornton,Keyshla,Still,Maribel,Thornton,Ernesto
Bolden,Nathaniel,Still,Jacquelin,Bolden,Bill
Thornton,Nell,Still,Maribel,Thornton,Ernesto
Bolden,Logan,Still,Jacquelin,Bolden,Bill
Thornton,Ciera,Still,Maribel,Thornton,Ernesto
Bolden,Caleb,Still,Jacquelin,Bolden,Bill
Thornton,Tynia,Still,Maribel,Thornton,Ernesto
Bolden,Camden,Still,Jacquelin,Bolden,Bill
Thornton,Ebone,Still,Kayleigh,Thornton,Kristofer
Bolden,Jarrett,Still,Jacquelin,Bolden,Bill
Thornton,Alyson,Bolden,Mariela,Thornton,Mason
Bolden,Quincy,Still,Jacquelin,Bolden,Bill
Thornton,Jailene,Bolden,Mariela,Thornton,Mason
Bolden,Ashton,Still,Jacquelin,Bolden,Bill
Thornton,Ariel,Bolden,Mariela,Thornton,Mason
Bolden,Tracy,Still,Jacquelin,Bolden,Bill
Thornton,Miriam,Bolden,Mariela,Thornton,Mason
Bolden,Mohammad,Still,Jacquelin,Bolden,Bill
Thornton,Jeanette,Bolden,Mariela,Thornton,Mason
Thornton,Dan,Still,Elijah,Thornton,Peter
Thornton,Taelor,Bolden,Mariela,Thornton,Mason
Ochoa,Colbey,Chawla,Frida,Shaw,Enrique,Boilermaker
Thornton,Juan,Still,Elijah,Thornton,Peter
Thornton,Cherie,Bolden,Mariela,Thornton,Mason
Thornton,Preston,Still,Elijah,Thornton,Peter
Thornton,Melanie,Bolden,Mariela,Thornton,Mason
Thornton,Rigoberto,Still,Elijah,Thornton,Peter
Thornton,Angle,Bolden,Melisa,Thornton,Esteban
Thornton,Joel,Still,Elijah,Thornton,Peter
Thornton,Asha,Bolden,Melisa,Thornton,Esteban
Thornton,Steve,Still,Elijah,Thornton,Peter
Thornton,Tasia,Bolden,Melisa,Thornton,Esteban
Thornton,Travis,Still,Elijah,Thornton,Peter
Thornton,Chase,Bolden,Melisa,Thornton,Esteban
Thornton,Cade,Still,Mikyla,Thornton,Noel
Thornton,Kiara,Bolden,Melisa,Thornton,Esteban
Thornton,Jaron,Still,Mikyla,Thornton,Noel
Thornton,Essence,Bolden,Melisa,Thornton,Esteban
Thornton,Landin,Still,Mikyla,Thornton,Noel
Thornton,Annalisa,Bolden,Melisa,Thornton,Esteban
Thornton,Richard,Still,Mikyla,Thornton,Noel
Thornton,Anitra,Bolden,Melisa,Thornton,Esteban
Thornton,Byron,Still,Mikyla,Thornton,Noel
Thornton,Susana,Bolden,Melisa,Thornton,Esteban
Thornton,Corbin,Still,Mikyla,Thornton,Noel
Thornton,Onesha,Bolden,Gerardo,Thornton,Johnny
Thornton,Marvin,Still,Mikyla,Thornton,Noel
Thornton,Ivory,White,Morgen,Thornton,Glenn
Thornton,Brett,Still,Mikyla,Thornton,Noel
Thornton,Tia,White,Morgen,Thornton,Glenn
Thornton,Ezequiel,Still,Mikyla,Thornton,Noel
Thornton,Darby,White,Morgen,Thornton,Glenn
Thornton,Easton,Still,Mikyla,Thornton,Noel
Thornton,Theresa,White,Morgen,Thornton,Glenn
Thornton,Angelo,Still,Maribel,Thornton,Ernesto
Thornton,Olivia,White,Morgen,Thornton,Glenn
Thornton,Garrison,Still,Maribel,Thornton,Ernesto
Thornton,Mollie,White,Morgen,Thornton,Glenn
Thornton,Dwayne,Still,Maribel,Thornton,Ernesto
Thornton,Elana,White,Morgen,Thornton,Glenn
Thornton,Logan,Still,Maribel,Thornton,Ernesto
Thornton,Glenda,White,Cristina,Thornton,Claudio
Thornton,Ryan,Still,Maribel,Thornton,Ernesto
Thornton,Sidney,White,Cristina,Thornton,Claudio
Thornton,Gannon,Still,Kayleigh,Thornton,Kristofer
Thornton,Chanel,White,Cristina,Thornton,Claudio
Thornton,Leonardo,Still,Kayleigh,Thornton,Kristofer
Thornton,India,White,Cristina,Thornton,Claudio
Thornton,Reynaldo,Still,Kayleigh,Thornton,Kristofer
Thornton,Gabriella,White,Tabatha,Thornton,Deon
Thornton,Kurt,Still,Kayleigh,Thornton,Kristofer
Thornton,Rocio,White,Tabatha,Thornton,Deon
Thornton,Jeramie,Still,Kayleigh,Thornton,Kristofer
Thornton,Evangelina,White,Tabatha,Thornton,Deon
Thornton,Ezekiel,Still,Kayleigh,Thornton,Kristofer
Thornton,Irma,White,Tabatha,Thornton,Deon
Thornton,Branden,Still,Kayleigh,Thornton,Kristofer
Thornton,Shyla,White,Tabatha,Thornton,Deon
Thornton,Salvatore,Bolden,Mariela,Thornton,Mason
Thornton,Heidi,White,Tabatha,Thornton,Deon
Thornton,Marcello,Bolden,Mariela,Thornton,Mason
Thornton,Alexa,White,Tabatha,Thornton,Deon
Thornton,Jajuan,Bolden,Mariela,Thornton,Mason
Thornton,Abby,White,Tabatha,Thornton,Deon
Thornton,Theodore,Bolden,Mariela,Thornton,Mason
Thornton,Celeste,White,Tabatha,Thornton,Deon
Thornton,Javon,Bolden,Mariela,Thornton,Mason
Thornton,Carly,White,Maisie,Thornton,Jamel
Thornton,Kalon,Bolden,Mariela,Thornton,Mason
Thornton,Ellen,White,Maisie,Thornton,Jamel
Thornton,Tayler,Bolden,Mariela,Thornton,Mason
Thornton,Shanna,White,Maisie,Thornton,Jamel
Thornton,Daron,Bolden,Melisa,Thornton,Esteban
Thornton,Shaye,White,Maisie,Thornton,Jamel
Thornton,Keon,Bolden,Melisa,Thornton,Esteban
Thornton,Darcie,White,Maisie,Thornton,Jamel
Thornton,San,Bolden,Melisa,Thornton,Esteban
Thornton,Stacie,White,Maisie,Thornton,Jamel
Thornton,Zaire,Bolden,Melisa,Thornton,Esteban
Thornton,Cecilia,White,Maisie,Thornton,Jamel
Thornton,Myron,Bolden,Melisa,Thornton,Esteban
Thornton,Delanie,White,Maisie,Thornton,Jamel
Thornton,Robert,Bolden,Melisa,Thornton,Esteban
Thornton,Raquel,White,Maisie,Thornton,Jamel
Thornton,Tony,Bolden,Melisa,Thornton,Esteban
Thornton,Zoi,White,Maisie,Thornton,Jamel
Thornton,Henry,Bolden,Melisa,Thornton,Esteban
Thornton,Leeann,White,Maisie,Thornton,Jamel
Thornton,Maverick,Bolden,Melisa,Thornton,Esteban
Thornton,Hana,White,Maisie,Thornton,Jamel
Thornton,Fabian,Bolden,Gerardo,Thornton,Johnny
White,Allegra,Thornton,Monique,White,Milton
Thornton,Harry,Bolden,Gerardo,Thornton,Johnny
White,Angelina,Thornton,Monique,White,Milton
Thornton,Tracy,White,Morgen,Thornton,Glenn
White,Audrey,Thornton,Chelsey,White,Rayvon
Thornton,Tre,White,Morgen,Thornton,Glenn
White,Cassandra,Thornton,Chelsey,White,Rayvon
Thornton,Zachary,White,Morgen,Thornton,Glenn
White,Jackie,Thornton,Chelsey,White,Rayvon
Thornton,Max,White,Morgen,Thornton,Glenn
White,Neda,Thornton,Chelsey,White,Rayvon
Thornton,Leonel,White,Morgen,Thornton,Glenn
White,Latasha,Thornton,Chelsey,White,Rayvon
Thornton,Gary,White,Cristina,Thornton,Claudio
White,Kelci,Thornton,Chelsey,White,Rayvon
Thornton,Andrew,White,Cristina,Thornton,Claudio
White,Felisha,Thornton,Chelsey,White,Rayvon
Thornton,Harrison,White,Cristina,Thornton,Claudio
White,Kayland,Thornton,Chelsey,White,Rayvon
Thornton,Darryl,White,Cristina,Thornton,Claudio
White,Jesslyn,Thornton,Chelsey,White,Rayvon
Thornton,Dandre,White,Tabatha,Thornton,Deon
White,Madilyn,Thornton,Brook,White,Javon
Thornton,Lukas,White,Tabatha,Thornton,Deon
White,Courteney,Thornton,Brook,White,Javon
Thornton,Geordan,White,Tabatha,Thornton,Deon
White,Chasity,Thornton,Brook,White,Javon
Thornton,Sedrick,White,Tabatha,Thornton,Deon
White,Constance,Thornton,Brook,White,Javon
Thornton,Arian,White,Tabatha,Thornton,Deon
White,Spencer,Thornton,Tyra,White,Benny
Thornton,Humberto,White,Tabatha,Thornton,Deon
White,Tess,Thornton,Tyra,White,Benny
Thornton,Treshaun,White,Maisie,Thornton,Jamel
White,Clair,Thornton,Tyra,White,Benny
Thornton,Kameron,White,Maisie,Thornton,Jamel
White,Lilibeth,Thornton,Tyra,White,Benny
Thornton,Conor,White,Maisie,Thornton,Jamel
White,Aaliyah,Thornton,Tyra,White,Benny
Thornton,Donovan,White,Maisie,Thornton,Jamel
White,Dixie,Thornton,Tyra,White,Benny
Thornton,Chris,White,Maisie,Thornton,Jamel
White,Luz,Thornton,Tyra,White,Benny
Thornton,Joey,White,Maisie,Thornton,Jamel
White,Kaylah,Thornton,Mattie,White,Nathaniel
Thornton,Wilfredo,White,Maisie,Thornton,Jamel
White,Aileen,Thornton,Mattie,White,Nathaniel
Thornton,August,White,Maisie,Thornton,Jamel
White,Shyann,Thornton,Mattie,White,Nathaniel
White,Jaylon,Thornton,Monique,White,Milton
White,Paris,Thornton,Mattie,White,Nathaniel
White,Marvin,Thornton,Monique,White,Milton
White,Siarra,Thornton,Mattie,White,Nathaniel
White,Alonzo,Thornton,Chelsey,White,Rayvon
White,Rachelle,Thornton,Mattie,White,Nathaniel
White,Damon,Thornton,Chelsey,White,Rayvon
White,Hannah,Harris,Kristy,White,Ross
White,Arian,Thornton,Chelsey,White,Rayvon
White,Willow,Harris,Kristy,White,Ross
White,Gavin,Thornton,Chelsey,White,Rayvon
White,Yadira,Harris,Kristy,White,Ross
White,Ismael,Thornton,Chelsey,White,Rayvon
White,Grecia,Harris,Kristy,White,Ross
White,Daylon,Thornton,Chelsey,White,Rayvon
White,Aimee,Harris,Kristy,White,Ross
White,Nathan,Thornton,Chelsey,White,Rayvon
White,Synthia,Harris,Kristy,White,Ross
White,Jaylin,Thornton,Chelsey,White,Rayvon
White,Colby,Harris,Jeanette,White,Kayle
White,Rene,Thornton,Brook,White,Javon
White,Caylee,Harris,Jeanette,White,Kayle
White,Jaleel,Thornton,Brook,White,Javon
White,Carla,Harris,Jeanette,White,Kayle
White,Valentine,Thornton,Brook,White,Javon
White,Tianna,Harris,Jeanette,White,Kayle
White,Daron,Thornton,Tyra,White,Benny
White,Jessa,Harris,Jeanette,White,Kayle
White,Dantae,Thornton,Tyra,White,Benny
White,Kara,Harris,Jeanette,White,Kayle
White,Jay,Thornton,Tyra,White,Benny
White,Meagan,Harris,Jeanette,White,Kayle
White,Cooper,Thornton,Tyra,White,Benny
White,Casey,Harris,Shaye,White,Benjamin
White,Alfred,Thornton,Tyra,White,Benny
White,Maricarmen,Harris,Shaye,White,Benjamin
White,Alek,Thornton,Tyra,White,Benny
White,Kenzie,Harris,Shaye,White,Benjamin
White,Noel,Thornton,Tyra,White,Benny
White,Nyla,Harris,Shaye,White,Benjamin
White,Noe,Thornton,Tyra,White,Benny
White,Marisol,Harris,Charity,White,Wesley
White,Ron,Thornton,Tyra,White,Benny
White,Elena,Harris,Charity,White,Wesley
White,Antonio,Thornton,Tyra,White,Benny
White,Madison,Harris,Charity,White,Wesley
White,Everett,Thornton,Tyra,White,Benny
White,Brynn,Harris,Charity,White,Wesley
White,Lashawn,Thornton,Tyra,White,Benny
White,Nathaly,Harris,Charity,White,Wesley
White,Forrest,Thornton,Mattie,White,Nathaniel
White,Sarai,Harris,Charity,White,Wesley
White,Harry,Thornton,Mattie,White,Nathaniel
White,Katherine,Harris,Charity,White,Wesley
White,Marcanthon,Thornton,Mattie,White,Nathaniel
White,Yamilex,Harris,Colleen,White,Trent
White,Hiram,Thornton,Mattie,White,Nathaniel
White,Haylee,Harris,Colleen,White,Trent
White,Talon,Thornton,Mattie,White,Nathaniel
White,Haleigh,Harris,Colleen,White,Trent
White,Javion,Thornton,Mattie,White,Nathaniel
White,Giselle,Harris,Paloma,White,Saul
White,Kenny,Thornton,Mattie,White,Nathaniel
White,Berenice,Harris,Paloma,White,Saul
White,Abdul,Thornton,Mattie,White,Nathaniel
White,Yajayra,Harris,Paloma,White,Saul
White,Angelo,Thornton,Mattie,White,Nathaniel
White,Erika,Harris,Paloma,White,Saul
White,Jeb,Harris,Kristy,White,Ross
White,Krystal,Harris,Paloma,White,Saul
White,Sunny,Harris,Kristy,White,Ross
White,Alisha,Harris,Paloma,White,Saul
White,Misael,Harris,Jeanette,White,Kayle
White,Ana,Harris,Paloma,White,Saul
White,Tristin,Harris,Jeanette,White,Kayle
White,Alina,Harris,Paloma,White,Saul
White,Eric,Harris,Jeanette,White,Kayle
White,Cristal,Harris,Paloma,White,Saul
White,Carlos,Harris,Jeanette,White,Kayle
Harris,Vivian,White,Taylor,Harris,Graham
White,Andres,Harris,Jeanette,White,Kayle
Harris,Katharine,White,Taylor,Harris,Graham
White,Ernest,Harris,Jeanette,White,Kayle
Harris,Lourdes,Mitchell,Claudia,Harris,Jaleel
White,Nelson,Harris,Jeanette,White,Kayle
Harris,Kelsey,Mitchell,Claudia,Harris,Jaleel
White,Stewart,Harris,Jeanette,White,Kayle
Harris,Patsy,Mitchell,Claudia,Harris,Jaleel
White,Tysheem,Harris,Jeanette,White,Kayle
Harris,Mari,Mitchell,Claudia,Harris,Jaleel
White,Gunnar,Harris,Jeanette,White,Kayle
Harris,Rebecca,Mitchell,Claudia,Harris,Jaleel
White,Derick,Harris,Shaye,White,Benjamin
Harris,Emiley,Mitchell,Claudia,Harris,Jaleel
White,Alonso,Harris,Shaye,White,Benjamin
Harris,Sheri,Mitchell,Claudia,Harris,Jaleel
White,Johnny,Harris,Shaye,White,Benjamin
Harris,Aylssa,Mitchell,Claudia,Harris,Jaleel
White,Colt,Harris,Shaye,White,Benjamin
Harris,Mindi,Mitchell,Justice,Harris,Esau
White,Damion,Harris,Charity,White,Wesley
Harris,Roxanne,Mitchell,Justice,Harris,Esau
White,Alec,Harris,Charity,White,Wesley
Harris,Lea,Mitchell,Alexis,Harris,Jesus
White,Ever,Harris,Charity,White,Wesley
Harris,Valencia,Mitchell,Alexis,Harris,Jesus
White,Zaquan,Harris,Charity,White,Wesley
Harris,Malina,Mitchell,Alexis,Harris,Jesus
White,Kyler,Harris,Charity,White,Wesley
Harris,Celina,Mitchell,Alexis,Harris,Jesus
White,Gerard,Harris,Charity,White,Wesley
Harris,Serenity,Mitchell,Alexis,Harris,Jesus
White,Dedrick,Harris,Charity,White,Wesley
Harris,Janet,Mitchell,Alexis,Harris,Jesus
White,Carter,Harris,Charity,White,Wesley
Mitchell,Maryann,Harris,Maia,Mitchell,Braydon
White,Rowan,Harris,Charity,White,Wesley
Mitchell,Stella,Harris,Maia,Mitchell,Braydon
White,Maliki,Harris,Colleen,White,Trent
Mitchell,Chaya,Harris,Maia,Mitchell,Braydon
White,Brendon,Harris,Colleen,White,Trent
Mitchell,Donisha,Pierce,Maryssa,Mitchell,Joey
White,Clifford,Harris,Colleen,White,Trent
Mitchell,Idaly,Pierce,Maryssa,Mitchell,Joey
White,Jacoby,Harris,Colleen,White,Trent
Mitchell,Zoee,Pierce,Maryssa,Mitchell,Joey
White,Steve,Harris,Colleen,White,Trent
Mitchell,Shayna,Pierce,Maryssa,Mitchell,Joey
White,Callum,Harris,Colleen,White,Trent
Mitchell,Shanise,Pierce,Maryssa,Mitchell,Joey
White,Geordan,Harris,Colleen,White,Trent
Mitchell,Klarisa,Pierce,Bryn,Mitchell,Tylar
White,Anthoni,Harris,Colleen,White,Trent
Mitchell,Alina,Pierce,Bryn,Mitchell,Tylar
White,Justice,Harris,Colleen,White,Trent
Mitchell,Macy,Pierce,Leticia,Mitchell,Sutton
White,Gerardo,Harris,Colleen,White,Trent
Mitchell,Kaylin,Pierce,Leticia,Mitchell,Sutton
White,Travis,Harris,Colleen,White,Trent
Mitchell,Jensen,Pierce,Leticia,Mitchell,Sutton
White,Raul,Harris,Colleen,White,Trent
Mitchell,Brooklyn,Pierce,Leticia,Mitchell,Sutton
White,Chaz,Harris,Colleen,White,Trent
Mitchell,Kellie,Pierce,Tiana,Mitchell,Coleman
White,Jonathan,Harris,Colleen,White,Trent
Mitchell,Isabel,Pierce,Tiana,Mitchell,Coleman
White,Osvaldo,Harris,Colleen,White,Trent
Mitchell,Lilly,Pierce,Tiana,Mitchell,Coleman
White,Jarod,Harris,Paloma,White,Saul
Mitchell,Thalia,Pierce,Tiana,Mitchell,Coleman
White,Miles,Harris,Paloma,White,Saul
Mitchell,Kyndra,Pierce,Tiana,Mitchell,Coleman
White,Adonis,Harris,Paloma,White,Saul
Mitchell,Carlie,Pierce,Mattie,Mitchell,Deric
White,Gabriel,Harris,Paloma,White,Saul
Mitchell,Natalia,Pierce,Mattie,Mitchell,Deric
White,Deonta,Harris,Paloma,White,Saul
Mitchell,Kaina,Pierce,Mattie,Mitchell,Deric
White,Jeremey,Harris,Paloma,White,Saul
Mitchell,Mattea,Pierce,Mattie,Mitchell,Deric
White,Spenser,Harris,Paloma,White,Saul
Mitchell,Shae,Pierce,Mattie,Mitchell,Deric
White,Garrett,Harris,Paloma,White,Saul
Mitchell,Marissa,Pierce,Mattie,Mitchell,Deric
White,Zev,Harris,Paloma,White,Saul
Mitchell,Morgen,Pierce,Mattie,Mitchell,Deric
White,Brenden,Harris,Paloma,White,Saul
Mitchell,Ashlee,Pierce,Shelby,Mitchell,Camron
White,Jordan,Harris,Paloma,White,Saul
Mitchell,Essence,Pierce,Shelby,Mitchell,Camron
Harris,Bretton,White,Taylor,Harris,Graham
Mitchell,Karina,Pierce,Shelby,Mitchell,Camron
Harris,Callum,White,Taylor,Harris,Graham
Mitchell,Felicia,Pierce,Shelby,Mitchell,Camron
Harris,Brendan,White,Taylor,Harris,Graham
Mitchell,Norma,Pierce,Shelby,Mitchell,Camron
Harris,Brennan,White,Taylor,Harris,Graham
Mitchell,Keiarra,Pierce,Shelby,Mitchell,Camron
Harris,Sawyer,White,Taylor,Harris,Graham
Mitchell,Kristen,Pierce,Shelby,Mitchell,Camron
Harris,Ralph,Mitchell,Claudia,Harris,Jaleel
Mitchell,Kristi,Pierce,Shelby,Mitchell,Camron
Harris,Peyton,Mitchell,Claudia,Harris,Jaleel
Pierce,Chanelle,Lindsey,Ariana,Pierce,Josiah
Harris,Keagan,Mitchell,Claudia,Harris,Jaleel
Pierce,Aria,Lindsey,Ariana,Pierce,Josiah
Harris,Randy,Mitchell,Claudia,Harris,Jaleel
Pierce,Mariana,Lindsey,Ariana,Pierce,Josiah
Harris,Jarvis,Mitchell,Claudia,Harris,Jaleel
Pierce,Darby,Lindsey,Ariana,Pierce,Josiah
Harris,Anthony,Mitchell,Claudia,Harris,Jaleel
Pierce,Cheyanne,Lindsey,Ariana,Pierce,Josiah
Harris,Deondre,Mitchell,Claudia,Harris,Jaleel
Pierce,Paula,Lindsey,Ariana,Pierce,Josiah
Harris,Xavier,Mitchell,Justice,Harris,Esau
Pierce,Kayleen,Lindsey,Ariana,Pierce,Josiah
Harris,Antoine,Mitchell,Alexis,Harris,Jesus
Pierce,Marysol,Lindsey,Ariana,Pierce,Josiah
Harris,Reece,Mitchell,Alexis,Harris,Jesus
Pierce,Lexus,Lindsey,Ariana,Pierce,Josiah
Mitchell,Bryan,Harris,Maia,Mitchell,Braydon
Pierce,Marycather,Lindsey,Carly,Pierce,Kristofer
Mitchell,Reese,Harris,Maia,Mitchell,Braydon
Pierce,Corina,Lindsey,Carly,Pierce,Kristofer
Mitchell,Adam,Harris,Maia,Mitchell,Braydon
Pierce,Breanne,Lindsey,Carly,Pierce,Kristofer
Mitchell,Kayle,Harris,Maia,Mitchell,Braydon
Pierce,Raegan,Lindsey,Carly,Pierce,Kristofer
Mitchell,Esteban,Harris,Maia,Mitchell,Braydon
Pierce,Tasha,Lindsey,Carly,Pierce,Kristofer
Mitchell,Dedrick,Harris,Maia,Mitchell,Braydon
Pierce,Kristine,Lindsey,Carly,Pierce,Kristofer
Mitchell,Arturo,Harris,Maia,Mitchell,Braydon
Pierce,Sylvia,Lindsey,Carly,Pierce,Kristofer
Mitchell,Cesar,Harris,Maia,Mitchell,Braydon
Pierce,Halie,Lindsey,Carly,Pierce,Kristofer
Mitchell,Adalberto,Pierce,Maryssa,Mitchell,Joey
Pierce,Deserae,Lindsey,Carly,Pierce,Kristofer
Mitchell,Michel,Pierce,Maryssa,Mitchell,Joey
Pierce,Amna,Lindsey,Carly,Pierce,Kristofer
Mitchell,Ty,Pierce,Maryssa,Mitchell,Joey
Pierce,Felisha,Lindsey,Carly,Pierce,Kristofer
Mitchell,Jeffery,Pierce,Maryssa,Mitchell,Joey
Pierce,Christie,Lindsey,Carly,Pierce,Kristofer
Mitchell,Garett,Pierce,Bryn,Mitchell,Tylar
Pierce,Shamaria,Lindsey,Carly,Pierce,Kristofer
Mitchell,Mariano,Pierce,Leticia,Mitchell,Sutton
Lindsey,Terri,Magnus,Gerardo,Lindsey,Austin
Mitchell,Jalen,Pierce,Leticia,Mitchell,Sutton
Lindsey,Lorena,Magnus,Gerardo,Lindsey,Austin
Mitchell,Abdiel,Pierce,Leticia,Mitchell,Sutton
Lindsey,Serena,Magnus,Gerardo,Lindsey,Austin
Mitchell,Taylor,Pierce,Leticia,Mitchell,Sutton
Lindsey,Kellie,Magnus,Gerardo,Lindsey,Austin
Mitchell,Raphael,Pierce,Leticia,Mitchell,Sutton
Lindsey,Shamaria,Magnus,Gerardo,Lindsey,Austin
Mitchell,Milton,Pierce,Tiana,Mitchell,Coleman
Lindsey,Abbigail,Magnus,Gerardo,Lindsey,Austin
Mitchell,Devante,Pierce,Tiana,Mitchell,Coleman
Lindsey,Celia,Magnus,Dana,Lindsey,Jacob
Mitchell,Dan,Pierce,Mattie,Mitchell,Deric
Lindsey,Meagan,Magnus,Dana,Lindsey,Jacob
Mitchell,Mohammed,Pierce,Mattie,Mitchell,Deric
Lindsey,Noah,Magnus,Dana,Lindsey,Jacob
Mitchell,Marquise,Pierce,Mattie,Mitchell,Deric
Lindsey,Yamilex,Magnus,Dana,Lindsey,Jacob
Mitchell,Brody,Pierce,Mattie,Mitchell,Deric
Lindsey,Mikaela,Magnus,Dana,Lindsey,Jacob
Mitchell,Felix,Pierce,Mattie,Mitchell,Deric
Lindsey,Joy,Magnus,Dana,Lindsey,Jacob
Mitchell,Arnold,Pierce,Mattie,Mitchell,Deric
Lindsey,Khaliah,Magnus,Joyce,Lindsey,Cecil
Mitchell,Edwin,Pierce,Mattie,Mitchell,Deric
Lindsey,Samantha,Magnus,Joyce,Lindsey,Cecil
Mitchell,Daxton,Pierce,Mattie,Mitchell,Deric
Lindsey,Wendy,Magnus,Joyce,Lindsey,Cecil
Mitchell,Jeremey,Pierce,Mattie,Mitchell,Deric
Lindsey,Kristi,Magnus,Joyce,Lindsey,Cecil
Mitchell,Jarred,Pierce,Mattie,Mitchell,Deric
Lindsey,Drew,Magnus,Joyce,Lindsey,Cecil
Mitchell,Cory,Pierce,Mattie,Mitchell,Deric
Lindsey,Latasha,Magnus,Joyce,Lindsey,Cecil
Mitchell,Todd,Pierce,Shelby,Mitchell,Camron
Lindsey,Jenae,Buchanan,Reagan,Lindsey,Brannon
Mitchell,Ryan,Pierce,Shelby,Mitchell,Camron
Lindsey,Silvia,Buchanan,Reagan,Lindsey,Brannon
Mitchell,Coy,Pierce,Shelby,Mitchell,Camron
Lindsey,Gilda,Buchanan,Reagan,Lindsey,Brannon
Mitchell,Deshaun,Pierce,Shelby,Mitchell,Camron
Lindsey,Amber,Buchanan,Reagan,Lindsey,Brannon
Mitchell,David,Pierce,Shelby,Mitchell,Camron
Lindsey,Salina,Buchanan,Reagan,Lindsey,Brannon
Pierce,Billy,Lindsey,Ariana,Pierce,Josiah
Lindsey,Lyndsey,Buchanan,Reagan,Lindsey,Brannon
Pierce,Karl,Lindsey,Ariana,Pierce,Josiah
Lindsey,Lenora,Buchanan,Reagan,Lindsey,Brannon
Pierce,Louis,Lindsey,Ariana,Pierce,Josiah
Lindsey,Jayla,Buchanan,Jamie,Lindsey,Francis
Pierce,Jorge,Lindsey,Ariana,Pierce,Josiah
Lindsey,Ellen,Buchanan,Jamie,Lindsey,Francis
Pierce,Adalberto,Lindsey,Ariana,Pierce,Josiah
Lindsey,Iesha,Buchanan,Jamie,Lindsey,Francis
Pierce,Dalton,Lindsey,Ariana,Pierce,Josiah
Lindsey,Saige,Buchanan,Jamie,Lindsey,Francis
Pierce,Ben,Lindsey,Ariana,Pierce,Josiah
Lindsey,Blake,Buchanan,Jamie,Lindsey,Francis
Pierce,Tom,Lindsey,Carly,Pierce,Kristofer
Lindsey,Shuntara,Buchanan,Jamie,Lindsey,Francis
Pierce,John,Lindsey,Carly,Pierce,Kristofer
Lindsey,Janell,Buchanan,Jamie,Lindsey,Francis
Pierce,Brock,Lindsey,Carly,Pierce,Kristofer
Magnus,Anthony,Lindsey,Sophia,Magnus,Micheal
Pierce,Devonta,Lindsey,Carly,Pierce,Kristofer
Magnus,Aaliyah,Lindsey,Sophia,Magnus,Micheal
Pierce,Diamond,Lindsey,Carly,Pierce,Kristofer
Magnus,Alexandrea,Lindsey,Sophia,Magnus,Micheal
Lindsey,Myles,Magnus,Gerardo,Lindsey,Austin
Magnus,Aubrie,Lindsey,Sophia,Magnus,Micheal
Lindsey,Zev,Magnus,Gerardo,Lindsey,Austin
Magnus,Camisha,Lindsey,Sophia,Magnus,Micheal
Lindsey,Leonard,Magnus,Gerardo,Lindsey,Austin
Magnus,Liliana,Lindsey,Sophia,Magnus,Micheal
Lindsey,Joey,Magnus,Gerardo,Lindsey,Austin
Magnus,Sophia,Lindsey,Sophia,Magnus,Micheal
Lindsey,Eddie,Magnus,Gerardo,Lindsey,Austin
Magnus,Kaylie,Lindsey,Sophia,Magnus,Micheal
Lindsey,Jaylon,Magnus,Gerardo,Lindsey,Austin
Magnus,Becca,Lindsey,Sophia,Magnus,Micheal
Lindsey,Clinton,Magnus,Dana,Lindsey,Jacob
Magnus,Zoee,Lindsey,Sophia,Magnus,Micheal
Lindsey,Demonte,Magnus,Dana,Lindsey,Jacob
Magnus,Brooklyn,Lindsey,Sophia,Magnus,Micheal
Lindsey,Darrin,Magnus,Dana,Lindsey,Jacob
Magnus,Josie,Lindsey,Cindy,Magnus,Misael
Lindsey,Gerardo,Magnus,Dana,Lindsey,Jacob
Magnus,Jabria,Lindsey,Cindy,Magnus,Misael
Lindsey,Dane,Magnus,Dana,Lindsey,Jacob
Magnus,Lilibeth,Lindsey,Cindy,Magnus,Misael
Lindsey,Miles,Magnus,Dana,Lindsey,Jacob
Magnus,Shakia,Lindsey,Cindy,Magnus,Misael
Lindsey,Nelson,Magnus,Dana,Lindsey,Jacob
Magnus,Pamela,Lindsey,Skylar,Magnus,Desmond
Lindsey,Garrison,Magnus,Dana,Lindsey,Jacob
Magnus,Geraldine,Lindsey,Skylar,Magnus,Desmond
Lindsey,Deonte,Magnus,Dana,Lindsey,Jacob
Magnus,Paola,Lindsey,Skylar,Magnus,Desmond
Lindsey,Lars,Magnus,Joyce,Lindsey,Cecil
Magnus,Bobbie,Lindsey,Skylar,Magnus,Desmond
Lindsey,Derek,Magnus,Joyce,Lindsey,Cecil
Magnus,Jessenia,Lindsey,Skylar,Magnus,Desmond
Lindsey,Jeremy,Magnus,Joyce,Lindsey,Cecil
Magnus,Adriana,Lindsey,Skylar,Magnus,Desmond
Lindsey,Bret,Magnus,Joyce,Lindsey,Cecil
Magnus,Lexi,Lindsey,Skylar,Magnus,Desmond
Lindsey,Joan,Magnus,Joyce,Lindsey,Cecil
Magnus,Maribel,Lindsey,Joyce,Magnus,Leonardo
Lindsey,Alvin,Buchanan,Reagan,Lindsey,Brannon
Magnus,Carli,Lindsey,Joyce,Magnus,Leonardo
Lindsey,Miguel,Buchanan,Reagan,Lindsey,Brannon
Magnus,Makenna,Lindsey,Joyce,Magnus,Leonardo
Lindsey,Dallin,Buchanan,Reagan,Lindsey,Brannon
Magnus,Bianca,Lindsey,Joyce,Magnus,Leonardo
Lindsey,Dwayne,Buchanan,Reagan,Lindsey,Brannon
Magnus,Ashtin,Lindsey,Joyce,Magnus,Leonardo
Lindsey,Garin,Buchanan,Jamie,Lindsey,Francis
Magnus,Patience,Lindsey,Joyce,Magnus,Leonardo
Lindsey,Roberto,Buchanan,Jamie,Lindsey,Francis
Magnus,Miriam,Lindsey,Joyce,Magnus,Leonardo
Lindsey,Craig,Buchanan,Jamie,Lindsey,Francis
Magnus,Monet,Lindsey,Joyce,Magnus,Leonardo
Lindsey,Devaughn,Buchanan,Jamie,Lindsey,Francis
Magnus,Perla,England,Kenzie,Magnus,Chase
Lindsey,Ameer,Buchanan,Jamie,Lindsey,Francis
Magnus,Kiara,England,Kenzie,Magnus,Chase
Lindsey,Quincy,Buchanan,Jamie,Lindsey,Francis
Magnus,Liana,England,Kenzie,Magnus,Chase
Lindsey,Aspen,Buchanan,Jamie,Lindsey,Francis
Magnus,Kira,England,Kenzie,Magnus,Chase
Magnus,Jajuan,Lindsey,Sophia,Magnus,Micheal
Magnus,Mariangeli,England,Kenzie,Magnus,Chase
Magnus,Rogelio,Lindsey,Sophia,Magnus,Micheal
Magnus,Marie,England,Kenzie,Magnus,Chase
Magnus,Hugo,Lindsey,Sophia,Magnus,Micheal
Magnus,Debora,England,Kenzie,Magnus,Chase
Magnus,Baby,Lindsey,Sophia,Magnus,Micheal
Magnus,Berenice,England,Courteney,Magnus,Bradlee
Magnus,Romello,Lindsey,Sophia,Magnus,Micheal
Magnus,Harley,England,Courteney,Magnus,Bradlee
Magnus,Travon,Lindsey,Sophia,Magnus,Micheal
Magnus,Stephany,England,Courteney,Magnus,Bradlee
Magnus,Darryl,Lindsey,Sophia,Magnus,Micheal
Magnus,Daphne,England,Courteney,Magnus,Bradlee
Magnus,Noah,Lindsey,Sophia,Magnus,Micheal
Magnus,Julissa,England,Courteney,Magnus,Bradlee
Magnus,Wanya,Lindsey,Cindy,Magnus,Misael
Magnus,Savana,England,Courteney,Magnus,Bradlee
Magnus,Neftaly,Lindsey,Cindy,Magnus,Misael
Magnus,Edith,England,Courteney,Magnus,Bradlee
Magnus,Earl,Lindsey,Cindy,Magnus,Misael
Buchanan,Kristie,Still,Jenna,Buchanan,Issac
Magnus,Ross,Lindsey,Skylar,Magnus,Desmond
Buchanan,Johanna,Still,Jenna,Buchanan,Issac
Magnus,Harrison,Lindsey,Skylar,Magnus,Desmond
Buchanan,Tammy,Still,Jenna,Buchanan,Issac
Magnus,Terrell,Lindsey,Skylar,Magnus,Desmond
Buchanan,Willow,Still,Jenna,Buchanan,Issac
Magnus,Oscar,Lindsey,Skylar,Magnus,Desmond
Buchanan,Tarah,Still,Jenna,Buchanan,Issac
Magnus,Abdul,Lindsey,Skylar,Magnus,Desmond
Buchanan,Dayna,Still,Jenna,Buchanan,Issac
Magnus,Tristian,Lindsey,Skylar,Magnus,Desmond
Buchanan,Patrice,Still,Jenna,Buchanan,Issac
Magnus,Quanterriu,Lindsey,Skylar,Magnus,Desmond
England,Kaylea,Still,Aaliyah,England,Julius
Magnus,Ryland,Lindsey,Skylar,Magnus,Desmond
England,Annette,Still,Aaliyah,England,Julius
Magnus,Ali,Lindsey,Skylar,Magnus,Desmond
England,Yasmine,Still,Breanna,England,Habram
Magnus,Jamison,Lindsey,Skylar,Magnus,Desmond
England,Essence,Still,Breanna,England,Habram
Magnus,Roland,Lindsey,Joyce,Magnus,Leonardo
England,Ariana,Still,Breanna,England,Habram
Magnus,Curtis,Lindsey,Joyce,Magnus,Leonardo
England,Reilly,Still,Breanna,England,Habram
Magnus,Santos,Lindsey,Joyce,Magnus,Leonardo
England,Tamara,Still,Breanna,England,Habram
Magnus,Jaime,Lindsey,Joyce,Magnus,Leonardo
England,Kierra,Still,Breanna,England,Habram
Magnus,Warren,Lindsey,Joyce,Magnus,Leonardo
England,Presley,Still,Breanna,England,Habram
Magnus,Cooper,England,Kenzie,Magnus,Chase
England,Daija,Still,Breanna,England,Habram
Magnus,Ruben,England,Kenzie,Magnus,Chase
England,Madelyn,Still,Breanna,England,Habram
Magnus,Travis,England,Kenzie,Magnus,Chase
England,Shannon,Still,Marycather,England,Seth
Magnus,Jameson,England,Kenzie,Magnus,Chase
England,Kelsie,Still,Marycather,England,Seth
Magnus,Simeon,England,Kenzie,Magnus,Chase
England,Ivelisse,Still,Marycather,England,Seth
Magnus,Kolton,England,Courteney,Magnus,Bradlee
England,Joceline,Still,Marycather,England,Seth
Magnus,Jason,England,Courteney,Magnus,Bradlee
England,Jaycie,Still,Marycather,England,Seth
Magnus,Thomas,England,Courteney,Magnus,Bradlee
England,Karlee,Still,Marycather,England,Seth
Magnus,Tyrone,England,Courteney,Magnus,Bradlee
England,Heavenly,Still,Marycather,England,Seth
Magnus,Kelton,England,Courteney,Magnus,Bradlee
England,Patsy,Still,Marycather,England,Seth
Magnus,Griffin,England,Courteney,Magnus,Bradlee
England,Drew,Still,Haley,England,Marvin
Buchanan,Daylon,Still,Jenna,Buchanan,Issac
England,Adriane,Still,Hannah,England,Callum
Buchanan,Austyn,Still,Jenna,Buchanan,Issac
England,Ali,Still,Hannah,England,Callum
Buchanan,Clinton,Still,Jenna,Buchanan,Issac
England,Sonya,Still,Hannah,England,Callum
Buchanan,Kurt,Still,Jenna,Buchanan,Issac
Still,Ellie,Thornton,Alyson,Still,Elias
Buchanan,Daxton,Still,Jenna,Buchanan,Issac
Still,Neda,Thornton,Alyson,Still,Elias
Buchanan,Terrance,Still,Jenna,Buchanan,Issac
Still,Jenny,Thornton,Alyson,Still,Elias
England,Nico,Still,Aaliyah,England,Julius
Still,Monica,Thornton,Alyson,Still,Elias
England,Damon,Still,Aaliyah,England,Julius
Still,Maddison,Thornton,Jailene,Still,Keeton
England,David,Still,Aaliyah,England,Julius
Still,Joyce,Thornton,Jailene,Still,Keeton
England,Tarik,Still,Aaliyah,England,Julius
Still,Cori,Thornton,Ariel,Still,Andreas
England,Steve,Still,Breanna,England,Habram
Still,Allysa,Thornton,Ariel,Still,Andreas
England,Jairus,Still,Breanna,England,Habram
Still,Haylie,Thornton,Ariel,Still,Andreas
England,Anthoni,Still,Breanna,England,Habram
Still,Daniella,Thornton,Ariel,Still,Andreas
England,Weston,Still,Breanna,England,Habram
Still,Karena,Thornton,Ariel,Still,Andreas
England,Jon,Still,Breanna,England,Habram
Still,Isabella,Thornton,Ariel,Still,Andreas
England,Kelvin,Still,Breanna,England,Habram
Still,Micah,Thornton,Ariel,Still,Andreas
England,Orlando,Still,Breanna,England,Habram
Still,Sarina,Thornton,Miriam,Still,Max
England,Nathaniel,Still,Marycather,England,Seth
Still,Myranda,Thornton,Miriam,Still,Max
England,Kieran,Still,Marycather,England,Seth
Still,Valerie,Thornton,Miriam,Still,Max
England,Augustus,Still,Marycather,England,Seth
Still,Luisa,Thornton,Miriam,Still,Max
England,Stephen,Still,Marycather,England,Seth
Still,Kali,Thornton,Miriam,Still,Max
England,Trevon,Still,Marycather,England,Seth
Still,Athena,Thornton,Miriam,Still,Max
England,Arthur,Still,Marycather,England,Seth
Still,Sarai,Thornton,Miriam,Still,Max
England,Dyllon,Still,Marycather,England,Seth
Still,Jocelyne,Thornton,Miriam,Still,Max
England,Quanterriu,Still,Marycather,England,Seth
Still,Mariam,Thornton,Jeanette,Still,Alexandro
England,Chadwick,Still,Marycather,England,Seth
Still,Chantal,Thornton,Jeanette,Still,Alexandro
England,Alexander,Still,Marycather,England,Seth
Still,Shaylee,Thornton,Jeanette,Still,Alexandro
England,Marielle,Still,Marycather,England,Seth
Still,Ilana,Thornton,Jeanette,Still,Alexandro
England,Thaddeus,Still,Marycather,England,Seth
Still,Lindsey,Thornton,Jeanette,Still,Alexandro
England,Braeden,Still,Haley,England,Marvin
Still,Darby,Thornton,Jeanette,Still,Alexandro
England,Ernest,Still,Haley,England,Marvin
Still,Darrian,Thornton,Taelor,Still,Darrin
England,Donovan,Still,Hannah,England,Callum
Still,Jabria,Thornton,Taelor,Still,Darrin
Still,Britton,Thornton,Alyson,Still,Elias
Still,Macey,Thornton,Taelor,Still,Darrin
Still,Peyton,Thornton,Alyson,Still,Elias
Still,Julissa,Thornton,Taelor,Still,Darrin
Still,Alonzo,Thornton,Alyson,Still,Elias
Still,Krupa,Thornton,Taelor,Still,Darrin
Still,Benny,Thornton,Alyson,Still,Elias
Still,Shekinah,Thornton,Taelor,Still,Darrin
Still,Errol,Thornton,Alyson,Still,Elias
Still,Paxton,Thornton,Taelor,Still,Darrin
Still,Walker,Thornton,Alyson,Still,Elias
Still,Sneha,Thornton,Taelor,Still,Darrin
Still,Lashawn,Thornton,Jailene,Still,Keeton
Still,Arlene,Thornton,Taelor,Still,Darrin
Still,Ramon,Thornton,Ariel,Still,Andreas
Still,Charlene,Thornton,Taelor,Still,Darrin
Still,Dreshaun,Thornton,Ariel,Still,Andreas
Still,Karly,Thornton,Taelor,Still,Darrin
Still,Seth,Thornton,Ariel,Still,Andreas
Still,Jillian,Thornton,Taelor,Still,Darrin
Still,Luke,Thornton,Ariel,Still,Andreas
Still,Brittany,Thornton,Taelor,Still,Darrin
Still,Jairus,Thornton,Ariel,Still,Andreas
Still,Leandra,Thornton,Taelor,Still,Darrin
Still,Albert,Thornton,Ariel,Still,Andreas
Still,Shakira,Thornton,Taelor,Still,Darrin
Still,Branden,Thornton,Ariel,Still,Andreas
Still,Synthia,Thornton,Taelor,Still,Darrin
Still,Tyquan,Thornton,Ariel,Still,Andreas
Still,Tiana,Thornton,Taelor,Still,Darrin
Still,Aidan,Thornton,Miriam,Still,Max
Still,Aireona,Thornton,Taelor,Still,Darrin
Still,Christophe,Thornton,Miriam,Still,Max
Still,Loren,Thornton,Taelor,Still,Darrin
Still,Chance,Thornton,Miriam,Still,Max
Still,Tamia,Thornton,Drew,Still,Aron
Still,Cristobal,Thornton,Miriam,Still,Max
Still,Madeline,Thornton,Drew,Still,Aron
Still,Cecil,Thornton,Miriam,Still,Max
Still,Nadine,Thornton,Drew,Still,Aron
Still,Nikolas,Thornton,Miriam,Still,Max
Still,Bailee,Thornton,Drew,Still,Aron
Still,Forrest,Thornton,Miriam,Still,Max
Still,Mariela,Thornton,Drew,Still,Aron
