White,Nestor,Stefanyshyn,Krystan,White,Alexander
Cameron,Heavenly,Gibson,Imani,Cameron,Johnathan
Carter,Leroy,Glenn,Brionna,Carter,Yovani
Zamka,Noelle,Franklin,Yolanda,Zamka,Aspen
Gibson,Jade,Bloomfield,Madalyn,Gibson,Charles
Gibson,Miah,Wolf,Sage,Gibson,Gage
Oswald,Keagan,Jefferson,Joanna,Oswald,Julius
McArthur,Yasmine,Hilliard,Aylssa,McArthur,Javon
Melvin,Bennett,Lounge,Cecelia,Melvin,Dakota
Gruber,Karly,O'Leary,Thalia,Gruber,Dean
Clifford,Xavier,Morin,Anna,Clifford,Jaime
Reilly,Shawn,Still,Mykelle,Reilly,Enrique
Whitson,Jeremey,Wisoff,Destinee,Whitson,Wyatt
Lovell,Merissa,Ford,Josie,Lovell,Willis
Magnus,Jack,McKinley,Sheyla,Magnus,Roland
Onizuka,Christina,Chamitoff,Janie,Onizuka,Chase
Thomas,Tristian,Linnehan,Marianne,Thomas,Jonah
Truly,Karina,Brown,Iridiana,Truly,Rakeem
Massimino,Anthoni,Grunsfeld,Linsey,Massimino,Damion
Creamer,Abbigail,Gordon,Makayla,Creamer,Daylon
Mullane,Nathan,Jefferson,Jaymi,Mullane,Campbell
Onizuka,Sasha,Deardorff,Jesica,Onizuka,Jovan
Nixon,Anders,Fillmore,Miranda,Nixon,Cecil
Jernigan,Jessika,Grant,Valeria,Jernigan,Ethan
Fullerton,Jeb,Apt,Juliette,Fullerton,Nadav
Fabian,Maia,Resnik,Vivien,Fabian,Jonah
Garriott,Terrell,Baker,Mariah,Garriott,August
Thornton,Elise,Cleveland,Hattie,Thornton,Tylor
Kregel,Kerry,Currie,Rebecca,Kregel,Lane
Chamitoff,Nicole,Anders,Joan,Chamitoff,Shayne
White,Matthew,Cameron,Heavenly,White,Nestor
White,Annika,Cameron,Heavenly,White,Nestor
White,Mitchell,Cameron,Heavenly,White,Nestor
White,Rebekkah,Cameron,Heavenly,White,Nestor
White,Ishmael,Cameron,Heavenly,White,Nestor
White,Alysia,Cameron,Heavenly,White,Nestor
White,Malachi,Cameron,Heavenly,White,Nestor
White,Nadia,Cameron,Heavenly,White,Nestor
White,Tysen,Cameron,Heavenly,White,Nestor
Carter,Suzette,Zamka,Noelle,Carter,Leroy
White,Tarik,Cameron,Heavenly,White,Nestor
Carter,Stevie,Zamka,Noelle,Carter,Leroy
White,Travis,Cameron,Heavenly,White,Nestor
Carter,Veronica,Zamka,Noelle,Carter,Leroy
Carter,Deangelo,Zamka,Noelle,Carter,Leroy
Carter,Skylar,Zamka,Noelle,Carter,Leroy
Carter,Noel,Zamka,Noelle,Carter,Leroy
Carter,Genna,Zamka,Noelle,Carter,Leroy
Carter,Sean,Zamka,Noelle,Carter,Leroy
Carter,Cristina,Zamka,Noelle,Carter,Leroy
Carter,Tylor,Zamka,Noelle,Carter,Leroy
Carter,Daisy,Zamka,Noelle,Carter,Leroy
Carter,Leonard,Zamka,Noelle,Carter,Leroy
Carter,Tiffany,Zamka,Noelle,Carter,Leroy
Carter,Brennen,Zamka,Noelle,Carter,Leroy
Carter,Eryn,Zamka,Noelle,Carter,Leroy
Carter,Hassan,Zamka,Noelle,Carter,Leroy
Carter,Evangelina,Zamka,Noelle,Carter,Leroy
Carter,Saul,Zamka,Noelle,Carter,Leroy
Gibson,Ivana,Gibson,Miah,Gibson,Jade
Gibson,Jamison,Gibson,Miah,Gibson,Jade
Gibson,Noemi,Gibson,Miah,Gibson,Jade
Gibson,Austin,Gibson,Miah,Gibson,Jade
Gibson,Allana,Gibson,Miah,Gibson,Jade
Gibson,Jasen,Gibson,Miah,Gibson,Jade
Gibson,Ida,Gibson,Miah,Gibson,Jade
Gibson,Desmond,Gibson,Miah,Gibson,Jade
Gibson,Calandra,Gibson,Miah,Gibson,Jade
Gibson,Destin,Gibson,Miah,Gibson,Jade
Gibson,Brandy,Gibson,Miah,Gibson,Jade
Gibson,Ahmad,Gibson,Miah,Gibson,Jade
Gibson,Mariela,Gibson,Miah,Gibson,Jade
Gibson,Koby,Gibson,Miah,Gibson,Jade
Gibson,Helen,Gibson,Miah,Gibson,Jade
Gibson,Tracy,Gibson,Miah,Gibson,Jade
Oswald,Viridiana,McArthur,Yasmine,Oswald,Keagan
Oswald,Sidney,McArthur,Yasmine,Oswald,Keagan
Oswald,Joy,McArthur,Yasmine,Oswald,Keagan
Oswald,Jacori,McArthur,Yasmine,Oswald,Keagan
Oswald,Helen,McArthur,Yasmine,Oswald,Keagan
Oswald,Jacoby,McArthur,Yasmine,Oswald,Keagan
Melvin,Ivory,Gruber,Karly,Melvin,Bennett
Oswald,Alfred,McArthur,Yasmine,Oswald,Keagan
Melvin,Tory,Gruber,Karly,Melvin,Bennett
Oswald,Sahil,McArthur,Yasmine,Oswald,Keagan
Melvin,Caylee,Gruber,Karly,Melvin,Bennett
Melvin,Lance,Gruber,Karly,Melvin,Bennett
Clifford,Jasmin,Reilly,Shawn,Clifford,Xavier
Melvin,Demonte,Gruber,Karly,Melvin,Bennett
Clifford,Raquel,Reilly,Shawn,Clifford,Xavier
Clifford,Errol,Reilly,Shawn,Clifford,Xavier
Whitson,Precious,Lovell,Merissa,Whitson,Jeremey
Clifford,Deshaun,Reilly,Shawn,Clifford,Xavier
Whitson,Lilibeth,Lovell,Merissa,Whitson,Jeremey
Clifford,Bailey,Reilly,Shawn,Clifford,Xavier
Whitson,Ashlee,Lovell,Merissa,Whitson,Jeremey
Clifford,Yash,Reilly,Shawn,Clifford,Xavier
Whitson,Francisca,Lovell,Merissa,Whitson,Jeremey
Clifford,Juancarlos,Reilly,Shawn,Clifford,Xavier
Whitson,Maisie,Lovell,Merissa,Whitson,Jeremey
Whitson,Kade,Lovell,Merissa,Whitson,Jeremey
Whitson,Sariah,Lovell,Merissa,Whitson,Jeremey
Whitson,Jovonte,Lovell,Merissa,Whitson,Jeremey
Whitson,Caylee,Lovell,Merissa,Whitson,Jeremey
Whitson,Ryland,Lovell,Merissa,Whitson,Jeremey
Whitson,Emmily,Lovell,Merissa,Whitson,Jeremey
Whitson,Harrison,Lovell,Merissa,Whitson,Jeremey
Whitson,Tia,Lovell,Merissa,Whitson,Jeremey
Whitson,Billy,Lovell,Merissa,Whitson,Jeremey
Whitson,Karlee,Lovell,Merissa,Whitson,Jeremey
Whitson,Deonte,Lovell,Merissa,Whitson,Jeremey
Whitson,Montana,Lovell,Merissa,Whitson,Jeremey
Whitson,Ashton,Lovell,Merissa,Whitson,Jeremey
Magnus,Ashly,Onizuka,Christina,Magnus,Jack
Magnus,Wayne,Onizuka,Christina,Magnus,Jack
Magnus,Benita,Onizuka,Christina,Magnus,Jack
Thomas,Khalid,Truly,Karina,Thomas,Tristian
Magnus,Sherry,Onizuka,Christina,Magnus,Jack
Thomas,Omar,Truly,Karina,Thomas,Tristian
Magnus,Ayanna,Onizuka,Christina,Magnus,Jack
Thomas,Jaylin,Truly,Karina,Thomas,Tristian
Thomas,Allyson,Truly,Karina,Thomas,Tristian
Thomas,Darnell,Truly,Karina,Thomas,Tristian
Thomas,Kaytlin,Truly,Karina,Thomas,Tristian
Thomas,Robert,Truly,Karina,Thomas,Tristian
Thomas,Elena,Truly,Karina,Thomas,Tristian
Thomas,Abel,Truly,Karina,Thomas,Tristian
Thomas,Erica,Truly,Karina,Thomas,Tristian
Thomas,Jevin,Truly,Karina,Thomas,Tristian
Thomas,Jaida,Truly,Karina,Thomas,Tristian
Thomas,Maurice,Truly,Karina,Thomas,Tristian
Massimino,Karley,Creamer,Abbigail,Massimino,Anthoni
Thomas,Sutton,Truly,Karina,Thomas,Tristian
Massimino,Shelby,Creamer,Abbigail,Massimino,Anthoni
Massimino,Kirkland,Creamer,Abbigail,Massimino,Anthoni
Massimino,Clarissa,Creamer,Abbigail,Massimino,Anthoni
Massimino,Bretton,Creamer,Abbigail,Massimino,Anthoni
Massimino,Lizette,Creamer,Abbigail,Massimino,Anthoni
Massimino,Daequan,Creamer,Abbigail,Massimino,Anthoni
Massimino,Camilla,Creamer,Abbigail,Massimino,Anthoni
Massimino,Dane,Creamer,Abbigail,Massimino,Anthoni
Massimino,Chantal,Creamer,Abbigail,Massimino,Anthoni
Massimino,Trentin,Creamer,Abbigail,Massimino,Anthoni
Massimino,Leann,Creamer,Abbigail,Massimino,Anthoni
Massimino,Jamar,Creamer,Abbigail,Massimino,Anthoni
Massimino,Angelina,Creamer,Abbigail,Massimino,Anthoni
Massimino,Dalton,Creamer,Abbigail,Massimino,Anthoni
Massimino,Chana,Creamer,Abbigail,Massimino,Anthoni
Mullane,Jawaun,Onizuka,Sasha,Mullane,Nathan
Massimino,Emily,Creamer,Abbigail,Massimino,Anthoni
Mullane,Joseph,Onizuka,Sasha,Mullane,Nathan
Massimino,Xian,Creamer,Abbigail,Massimino,Anthoni
Mullane,Cade,Onizuka,Sasha,Mullane,Nathan
Massimino,Myesha,Creamer,Abbigail,Massimino,Anthoni
Nixon,Isaias,Jernigan,Jessika,Nixon,Anders
Massimino,Tarah,Creamer,Abbigail,Massimino,Anthoni
Nixon,Wade,Jernigan,Jessika,Nixon,Anders
Mullane,Nicolle,Onizuka,Sasha,Mullane,Nathan
Nixon,Ariel,Jernigan,Jessika,Nixon,Anders
Mullane,Beverly,Onizuka,Sasha,Mullane,Nathan
Nixon,Emiliano,Jernigan,Jessika,Nixon,Anders
Mullane,Tianna,Onizuka,Sasha,Mullane,Nathan
Nixon,Rogelio,Jernigan,Jessika,Nixon,Anders
Mullane,Keosha,Onizuka,Sasha,Mullane,Nathan
Nixon,Kristian,Jernigan,Jessika,Nixon,Anders
Nixon,Madilyn,Jernigan,Jessika,Nixon,Anders
Nixon,Chris,Jernigan,Jessika,Nixon,Anders
Nixon,Sidney,Jernigan,Jessika,Nixon,Anders
Nixon,Derek,Jernigan,Jessika,Nixon,Anders
Nixon,Jade,Jernigan,Jessika,Nixon,Anders
Nixon,Maximilian,Jernigan,Jessika,Nixon,Anders
Nixon,Annabel,Jernigan,Jessika,Nixon,Anders
Fullerton,Phillip,Fabian,Maia,Fullerton,Jeb
Nixon,Lorena,Jernigan,Jessika,Nixon,Anders
Fullerton,Hunter,Fabian,Maia,Fullerton,Jeb
Nixon,Moriah,Jernigan,Jessika,Nixon,Anders
Fullerton,Dwayne,Fabian,Maia,Fullerton,Jeb
Nixon,Kaytlyn,Jernigan,Jessika,Nixon,Anders
Fullerton,Jordon,Fabian,Maia,Fullerton,Jeb
Nixon,Antoinette,Jernigan,Jessika,Nixon,Anders
Garriott,Willie,Thornton,Elise,Garriott,Terrell
Fullerton,Yajaira,Fabian,Maia,Fullerton,Jeb
Garriott,Rodolfo,Thornton,Elise,Garriott,Terrell
Fullerton,Sinai,Fabian,Maia,Fullerton,Jeb
Garriott,Scott,Thornton,Elise,Garriott,Terrell
Fullerton,Noemi,Fabian,Maia,Fullerton,Jeb
Garriott,Jarod,Thornton,Elise,Garriott,Terrell
Fullerton,Tonya,Fabian,Maia,Fullerton,Jeb
White,Salvador,Carter,Suzette,White,Matthew
Fullerton,Katrina,Fabian,Maia,Fullerton,Jeb
White,Jevin,Carter,Suzette,White,Matthew
Fullerton,Kaylyn,Fabian,Maia,Fullerton,Jeb
White,Enoch,Carter,Suzette,White,Matthew
Garriott,Iridiana,Thornton,Elise,Garriott,Terrell
White,Ruben,Carter,Suzette,White,Matthew
Garriott,Alicia,Thornton,Elise,Garriott,Terrell
White,Tobias,Carter,Suzette,White,Matthew
Garriott,Mattea,Thornton,Elise,Garriott,Terrell
White,Eddie,Carter,Suzette,White,Matthew
Garriott,Chana,Thornton,Elise,Garriott,Terrell
White,Efren,Carter,Stevie,White,Mitchell
Kregel,Brandi,Chamitoff,Nicole,Kregel,Kerry
White,Samual,Carter,Stevie,White,Mitchell
Kregel,Cambria,Chamitoff,Nicole,Kregel,Kerry
White,Kai,Carter,Stevie,White,Mitchell
Kregel,Jordyn,Chamitoff,Nicole,Kregel,Kerry
White,Esau,Carter,Veronica,White,Ishmael
White,Farrah,Carter,Suzette,White,Matthew
White,Ron,Carter,Veronica,White,Ishmael
White,Jocelyne,Carter,Suzette,White,Matthew
White,Frederick,Carter,Veronica,White,Ishmael
White,Trista,Carter,Stevie,White,Mitchell
White,Alden,Carter,Veronica,White,Ishmael
White,Isabel,Carter,Stevie,White,Mitchell
White,Tom,Carter,Veronica,White,Ishmael
White,Sade,Carter,Stevie,White,Mitchell
White,Steve,Carter,Veronica,White,Ishmael
White,Karina,Carter,Stevie,White,Mitchell
White,Keon,Carter,Veronica,White,Ishmael
White,Kira,Carter,Veronica,White,Ishmael
White,Christian,Carter,Skylar,White,Malachi
White,Luz,Carter,Veronica,White,Ishmael
White,Dakota,Carter,Skylar,White,Malachi
White,Susanna,Carter,Veronica,White,Ishmael
White,Kerry,Carter,Skylar,White,Malachi
White,Stefanie,Carter,Veronica,White,Ishmael
White,German,Carter,Skylar,White,Malachi
White,Christa,Carter,Veronica,White,Ishmael
White,Gavin,Carter,Skylar,White,Malachi
White,Nancy,Carter,Veronica,White,Ishmael
White,Mauricio,Carter,Skylar,White,Malachi
White,Rowan,Carter,Veronica,White,Ishmael
White,Moshe,Carter,Skylar,White,Malachi
White,Lakendra,Carter,Veronica,White,Ishmael
White,Romello,Carter,Skylar,White,Malachi
White,Marilyn,Carter,Skylar,White,Malachi
White,Dana,Carter,Genna,White,Tysen
White,Lora,Carter,Skylar,White,Malachi
White,Colbey,Carter,Genna,White,Tysen
White,Isamar,Carter,Skylar,White,Malachi
White,Brice,Carter,Genna,White,Tysen
White,Brittney,Carter,Skylar,White,Malachi
White,Kaden,Carter,Genna,White,Tysen
White,Lynda,Carter,Skylar,White,Malachi
White,Quintyn,Carter,Genna,White,Tysen
White,Bailee,Carter,Skylar,White,Malachi
White,Israel,Carter,Genna,White,Tysen
White,Breanne,Carter,Skylar,White,Malachi
White,Tre,Carter,Genna,White,Tysen
White,Cassidy,Carter,Skylar,White,Malachi
White,Tayler,Carter,Genna,White,Tysen
White,Shanise,Carter,Skylar,White,Malachi
White,Jacob,Carter,Genna,White,Tysen
White,Jana,Carter,Genna,White,Tysen
White,Van,Carter,Cristina,White,Tarik
White,Alannah,Carter,Genna,White,Tysen
White,Ravon,Carter,Cristina,White,Tarik
White,Alesha,Carter,Genna,White,Tysen
White,Asa,Carter,Cristina,White,Tarik
White,Ravin,Carter,Genna,White,Tysen
White,Caden,Carter,Cristina,White,Tarik
White,Maria,Carter,Genna,White,Tysen
White,Jarvis,Carter,Cristina,White,Tarik
White,Ashtin,Carter,Genna,White,Tysen
White,Vinh,Carter,Cristina,White,Tarik
White,Tammy,Carter,Genna,White,Tysen
White,Torey,Carter,Cristina,White,Tarik
White,Bridgett,Carter,Genna,White,Tysen
White,Conrad,Carter,Daisy,White,Travis
White,Kendall,Carter,Genna,White,Tysen
White,Bradly,Carter,Daisy,White,Travis
White,Katelynn,Carter,Cristina,White,Tarik
White,Sunny,Carter,Daisy,White,Travis
White,Martha,Carter,Cristina,White,Tarik
White,Derrick,Carter,Daisy,White,Travis
White,Kayli,Carter,Cristina,White,Tarik
White,Gannon,Carter,Daisy,White,Travis
White,Stephanie,Carter,Cristina,White,Tarik
Carter,Nico,White,Annika,Carter,Deangelo
White,Megan,Carter,Cristina,White,Tarik
Carter,Matthew,White,Annika,Carter,Deangelo
White,Brooklyn,Carter,Daisy,White,Travis
Carter,Emilio,White,Annika,Carter,Deangelo
White,Kirsten,Carter,Daisy,White,Travis
Carter,Shareef,White,Annika,Carter,Deangelo
Carter,Crystal,White,Annika,Carter,Deangelo
Carter,Brandon,White,Annika,Carter,Deangelo
Carter,Macey,White,Annika,Carter,Deangelo
Carter,Sidney,White,Annika,Carter,Deangelo
Carter,Janesha,White,Annika,Carter,Deangelo
Carter,Jackson,White,Annika,Carter,Deangelo
Carter,Marie,White,Annika,Carter,Deangelo
Carter,Vinh,White,Annika,Carter,Deangelo
Carter,Alysa,White,Annika,Carter,Deangelo
Carter,Douglas,White,Rebekkah,Carter,Noel
Carter,Meghan,White,Annika,Carter,Deangelo
Carter,Geoffrey,White,Alysia,Carter,Sean
Carter,Alayna,White,Rebekkah,Carter,Noel
Carter,Leonardo,White,Alysia,Carter,Sean
Carter,Ann,White,Rebekkah,Carter,Noel
Carter,Guillermo,White,Alysia,Carter,Sean
Carter,Passion,White,Alysia,Carter,Sean
Carter,Kaleb,White,Alysia,Carter,Sean
Carter,Leah,White,Alysia,Carter,Sean
Carter,Branden,White,Alysia,Carter,Sean
Carter,Aleah,White,Alysia,Carter,Sean
Carter,Kelson,White,Alysia,Carter,Sean
Carter,Maison,White,Alysia,Carter,Sean
Carter,Korey,White,Alysia,Carter,Sean
Carter,Maegen,White,Alysia,Carter,Sean
Carter,Collin,White,Nadia,Carter,Tylor
Carter,Sylvia,White,Alysia,Carter,Sean
Carter,Sedrick,White,Nadia,Carter,Tylor
Carter,Ciera,White,Alysia,Carter,Sean
Carter,Marc,White,Nadia,Carter,Tylor
Carter,Sarai,White,Alysia,Carter,Sean
Carter,Quintin,White,Nadia,Carter,Tylor
Carter,Marysol,White,Alysia,Carter,Sean
Carter,Moises,White,Nadia,Carter,Tylor
Carter,Rebekkah,White,Alysia,Carter,Sean
Carter,Israel,Gibson,Ivana,Carter,Leonard
Carter,Holly,White,Nadia,Carter,Tylor
Carter,Lamont,Gibson,Ivana,Carter,Leonard
Carter,Bree,White,Nadia,Carter,Tylor
Carter,Willis,Gibson,Ivana,Carter,Leonard
Carter,Emely,White,Nadia,Carter,Tylor
Carter,Tony,Gibson,Ivana,Carter,Leonard
Carter,Shaina,White,Nadia,Carter,Tylor
Carter,Alvin,Gibson,Ivana,Carter,Leonard
Carter,Chelsie,White,Nadia,Carter,Tylor
Carter,Jai,Gibson,Noemi,Carter,Brennen
Carter,Jaimie,White,Nadia,Carter,Tylor
Carter,Abraham,Gibson,Noemi,Carter,Brennen
Carter,Chana,White,Nadia,Carter,Tylor
Carter,Zakery,Gibson,Noemi,Carter,Brennen
Carter,Emma,White,Nadia,Carter,Tylor
Carter,Anthoni,Gibson,Noemi,Carter,Brennen
Carter,Mindi,Gibson,Ivana,Carter,Leonard
Carter,Kamau,Gibson,Noemi,Carter,Brennen
Carter,Aubree,Gibson,Ivana,Carter,Leonard
Carter,Calib,Gibson,Noemi,Carter,Brennen
Carter,Kelsi,Gibson,Noemi,Carter,Brennen
Carter,Tyson,Gibson,Noemi,Carter,Brennen
Carter,Marli,Gibson,Noemi,Carter,Brennen
Carter,Kirk,Gibson,Noemi,Carter,Brennen
Carter,Ebony,Gibson,Noemi,Carter,Brennen
Carter,Dion,Gibson,Allana,Carter,Hassan
Carter,Keirra,Gibson,Noemi,Carter,Brennen
Carter,Javen,Gibson,Allana,Carter,Hassan
Carter,Katerina,Gibson,Noemi,Carter,Brennen
Carter,Clint,Gibson,Allana,Carter,Hassan
Carter,Coral,Gibson,Noemi,Carter,Brennen
Carter,Moshe,Gibson,Allana,Carter,Hassan
Carter,Tamisha,Gibson,Noemi,Carter,Brennen
Carter,Bradly,Gibson,Allana,Carter,Hassan
Carter,Destiney,Gibson,Noemi,Carter,Brennen
Carter,Terrence,Gibson,Allana,Carter,Hassan
Carter,Kirstin,Gibson,Noemi,Carter,Brennen
Carter,Shamar,Gibson,Ida,Carter,Saul
Carter,Emerald,Gibson,Noemi,Carter,Brennen
Carter,Samson,Gibson,Ida,Carter,Saul
Carter,Kelsy,Gibson,Noemi,Carter,Brennen
Carter,Chaim,Gibson,Ida,Carter,Saul
Carter,Ashtyn,Gibson,Allana,Carter,Hassan
Carter,Lance,Gibson,Ida,Carter,Saul
Carter,Laquisha,Gibson,Allana,Carter,Hassan
Carter,Vicente,Gibson,Ida,Carter,Saul
Carter,Emilie,Gibson,Allana,Carter,Hassan
Gibson,Nathaniel,Carter,Tiffany,Gibson,Jamison
Carter,Daniella,Gibson,Allana,Carter,Hassan
Gibson,Jerry,Carter,Tiffany,Gibson,Jamison
Carter,Charlotte,Gibson,Allana,Carter,Hassan
Gibson,Alex,Carter,Tiffany,Gibson,Jamison
Gibson,Serena,Carter,Tiffany,Gibson,Jamison
Gibson,Yvan,Carter,Tiffany,Gibson,Jamison
Gibson,Jazmin,Carter,Tiffany,Gibson,Jamison
Gibson,Jesse,Carter,Tiffany,Gibson,Jamison
Gibson,Brynn,Carter,Evangelina,Gibson,Jasen
Gibson,Hiram,Carter,Tiffany,Gibson,Jamison
Gibson,Shianne,Carter,Evangelina,Gibson,Jasen
Gibson,Gunner,Carter,Tiffany,Gibson,Jamison
Gibson,Peyton,Carter,Evangelina,Gibson,Jasen
Gibson,Brogan,Carter,Tiffany,Gibson,Jamison
Gibson,Avery,Carter,Evangelina,Gibson,Jasen
Gibson,Truman,Carter,Tiffany,Gibson,Jamison
Gibson,Halie,Carter,Evangelina,Gibson,Jasen
Gibson,Cole,Carter,Eryn,Gibson,Austin
Gibson,Kyndra,Carter,Evangelina,Gibson,Jasen
Gibson,Jeff,Carter,Eryn,Gibson,Austin
Gibson,Maryanna,Oswald,Viridiana,Gibson,Desmond
Gibson,Rashaun,Carter,Eryn,Gibson,Austin
Gibson,Courteney,Oswald,Viridiana,Gibson,Desmond
Gibson,Richard,Carter,Evangelina,Gibson,Jasen
Gibson,Jada,Oswald,Viridiana,Gibson,Desmond
Gibson,Benny,Carter,Evangelina,Gibson,Jasen
Gibson,Bernadette,Oswald,Viridiana,Gibson,Desmond
Gibson,Romeo,Carter,Evangelina,Gibson,Jasen
Gibson,Michelle,Oswald,Joy,Gibson,Destin
Gibson,Jean,Carter,Evangelina,Gibson,Jasen
Gibson,Eden,Oswald,Joy,Gibson,Destin
Gibson,Cedric,Carter,Evangelina,Gibson,Jasen
Gibson,Laurel,Oswald,Joy,Gibson,Destin
Gibson,Clifford,Carter,Evangelina,Gibson,Jasen
Gibson,Cecilia,Oswald,Joy,Gibson,Destin
Gibson,Brody,Carter,Evangelina,Gibson,Jasen
Gibson,Bayleigh,Oswald,Joy,Gibson,Destin
Gibson,Blake,Carter,Evangelina,Gibson,Jasen
Gibson,Karlee,Oswald,Joy,Gibson,Destin
Gibson,Hector,Carter,Evangelina,Gibson,Jasen
Gibson,Evelin,Oswald,Joy,Gibson,Destin
Gibson,Micah,Carter,Evangelina,Gibson,Jasen
Gibson,Cierra,Oswald,Joy,Gibson,Destin
Gibson,Talon,Oswald,Viridiana,Gibson,Desmond
Gibson,Payton,Oswald,Helen,Gibson,Ahmad
Gibson,Sunny,Oswald,Viridiana,Gibson,Desmond
Gibson,Dorothy,Oswald,Helen,Gibson,Ahmad
Gibson,Chadwick,Oswald,Joy,Gibson,Destin
Gibson,Jazmon,Oswald,Helen,Gibson,Ahmad
Gibson,Lazaro,Oswald,Joy,Gibson,Destin
Gibson,Claire,Oswald,Helen,Gibson,Ahmad
Gibson,Bryson,Oswald,Joy,Gibson,Destin
Gibson,Minna,Oswald,Helen,Gibson,Ahmad
Gibson,Melvin,Oswald,Joy,Gibson,Destin
Gibson,Gerardo,Melvin,Ivory,Gibson,Koby
Johnathan,Gibson,Imani,Zamka,Aspen
Gibson,Toby,Oswald,Joy,Gibson,Destin
Gibson,Maire,Melvin,Ivory,Gibson,Koby
Gibson,Brendon,Oswald,Joy,Gibson,Destin
Gibson,Shakia,Melvin,Ivory,Gibson,Koby
Gibson,Nathanael,Oswald,Joy,Gibson,Destin
Gibson,Jocelyn,Melvin,Ivory,Gibson,Koby
Gibson,Marcell,Oswald,Joy,Gibson,Destin
Gibson,Kierstin,Melvin,Ivory,Gibson,Koby
Gibson,Stanley,Oswald,Joy,Gibson,Destin
Gibson,Tehya,Melvin,Ivory,Gibson,Koby
Gibson,Jacques,Oswald,Helen,Gibson,Ahmad
Gibson,Annalie,Melvin,Ivory,Gibson,Koby
Gibson,Donald,Oswald,Helen,Gibson,Ahmad
Gibson,Alma,Melvin,Tory,Gibson,Tracy
Gibson,Killian,Oswald,Helen,Gibson,Ahmad
Gibson,Alaina,Melvin,Tory,Gibson,Tracy
Gibson,Joey,Oswald,Helen,Gibson,Ahmad
Gibson,Elissa,Melvin,Tory,Gibson,Tracy
Gibson,Johnathan,Oswald,Helen,Gibson,Ahmad
Gibson,Maddison,Melvin,Tory,Gibson,Tracy
Gibson,Alden,Melvin,Ivory,Gibson,Koby
Gibson,Sydney,Melvin,Tory,Gibson,Tracy
Gibson,Bretton,Melvin,Ivory,Gibson,Koby
Gibson,Kali,Melvin,Tory,Gibson,Tracy
Gibson,Denzel,Melvin,Ivory,Gibson,Koby
Gibson,Imelda,Melvin,Tory,Gibson,Tracy
Gibson,Devante,Melvin,Ivory,Gibson,Koby
Gibson,Alysha,Melvin,Tory,Gibson,Tracy
Gibson,Charly,Melvin,Ivory,Gibson,Koby
Gibson,Kenna,Melvin,Tory,Gibson,Tracy
Gibson,Gabriel,Melvin,Ivory,Gibson,Koby
Gibson,Janice,Melvin,Tory,Gibson,Tracy
Gibson,Izaiah,Melvin,Ivory,Gibson,Koby
Gibson,Christine,Melvin,Tory,Gibson,Tracy
Gibson,Howard,Melvin,Ivory,Gibson,Koby
Gibson,Macy,Melvin,Tory,Gibson,Tracy
Gibson,Gilberto,Melvin,Ivory,Gibson,Koby
Gibson,Torrie,Melvin,Tory,Gibson,Tracy
Gibson,Albert,Melvin,Ivory,Gibson,Koby
Oswald,Cayla,Gibson,Calandra,Oswald,Sidney
Gibson,Stefan,Melvin,Ivory,Gibson,Koby
Oswald,Raquel,Gibson,Calandra,Oswald,Sidney
Gibson,Jed,Melvin,Ivory,Gibson,Koby
Oswald,Keishla,Gibson,Calandra,Oswald,Sidney
Gibson,Tyren,Melvin,Tory,Gibson,Tracy
Oswald,Ana,Gibson,Calandra,Oswald,Sidney
Gibson,Zachary,Melvin,Tory,Gibson,Tracy
Oswald,Maryann,Gibson,Calandra,Oswald,Sidney
Gibson,Spencer,Melvin,Tory,Gibson,Tracy
Oswald,Shamaria,Gibson,Calandra,Oswald,Sidney
Oswald,Adrian,Gibson,Calandra,Oswald,Sidney
Oswald,Shyla,Gibson,Calandra,Oswald,Sidney
Oswald,Kirkland,Gibson,Calandra,Oswald,Sidney
Oswald,Haiden,Gibson,Calandra,Oswald,Sidney
Oswald,Oneil,Gibson,Calandra,Oswald,Sidney
Oswald,Elisabeth,Gibson,Calandra,Oswald,Sidney
Oswald,Taquan,Gibson,Calandra,Oswald,Sidney
Oswald,Annabel,Gibson,Calandra,Oswald,Sidney
Oswald,Landin,Gibson,Calandra,Oswald,Sidney
Oswald,Karlie,Gibson,Calandra,Oswald,Sidney
Oswald,Gideon,Gibson,Calandra,Oswald,Sidney
Oswald,Melody,Gibson,Brandy,Oswald,Jacori
Oswald,Peyton,Gibson,Calandra,Oswald,Sidney
Oswald,Lilibeth,Gibson,Brandy,Oswald,Jacori
Oswald,Oliver,Gibson,Calandra,Oswald,Sidney
Oswald,Maura,Gibson,Brandy,Oswald,Jacori
Oswald,Bennie,Gibson,Brandy,Oswald,Jacori
Oswald,Allegra,Gibson,Brandy,Oswald,Jacori
Oswald,Nick,Gibson,Brandy,Oswald,Jacori
Oswald,Olga,Gibson,Brandy,Oswald,Jacori
Oswald,Marielle,Gibson,Brandy,Oswald,Jacori
Oswald,Noah,Gibson,Brandy,Oswald,Jacori
Oswald,Ashton,Gibson,Brandy,Oswald,Jacori
Oswald,Hayley,Gibson,Brandy,Oswald,Jacori
Oswald,Hayden,Gibson,Brandy,Oswald,Jacori
Oswald,Sabreen,Gibson,Brandy,Oswald,Jacori
Oswald,Ryen,Gibson,Brandy,Oswald,Jacori
Oswald,Perla,Gibson,Brandy,Oswald,Jacori
Oswald,Danny,Gibson,Brandy,Oswald,Jacori
Oswald,Tiyanna,Gibson,Brandy,Oswald,Jacori
Oswald,Dustin,Gibson,Brandy,Oswald,Jacori
Oswald,Maia,Gibson,Brandy,Oswald,Jacori
Oswald,Erick,Gibson,Brandy,Oswald,Jacori
Oswald,Selena,Gibson,Mariela,Oswald,Jacoby
Oswald,Ward,Gibson,Mariela,Oswald,Jacoby
Oswald,Tayla,Gibson,Mariela,Oswald,Jacoby
Oswald,Brennan,Gibson,Mariela,Oswald,Jacoby
Oswald,Spencer,Gibson,Helen,Oswald,Alfred
Oswald,Jake,Gibson,Mariela,Oswald,Jacoby
Oswald,Shanice,Gibson,Helen,Oswald,Alfred
Oswald,Patric,Gibson,Helen,Oswald,Alfred
Oswald,April,Gibson,Helen,Oswald,Alfred
Oswald,Terrence,Gibson,Helen,Oswald,Alfred
Oswald,Taylor,Melvin,Caylee,Oswald,Sahil
Oswald,Triston,Gibson,Helen,Oswald,Alfred
Melvin,Judith,Clifford,Jasmin,Melvin,Lance
Oswald,Julio,Gibson,Helen,Oswald,Alfred
Melvin,Sarafina,Clifford,Jasmin,Melvin,Lance
Oswald,Bill,Gibson,Helen,Oswald,Alfred
Melvin,Vivien,Clifford,Jasmin,Melvin,Lance
Oswald,Augustus,Gibson,Helen,Oswald,Alfred
Melvin,Xochitl,Clifford,Jasmin,Melvin,Lance
Oswald,Devontae,Melvin,Caylee,Oswald,Sahil
Melvin,Fatima,Clifford,Jasmin,Melvin,Lance
Oswald,Gerardo,Melvin,Caylee,Oswald,Sahil
Melvin,Kinsey,Clifford,Jasmin,Melvin,Lance
Oswald,Menachem,Melvin,Caylee,Oswald,Sahil
Melvin,Trisha,Clifford,Raquel,Melvin,Demonte
Oswald,Parker,Melvin,Caylee,Oswald,Sahil
Melvin,Asya,Clifford,Raquel,Melvin,Demonte
Melvin,Dequan,Clifford,Jasmin,Melvin,Lance
Melvin,Carson,Clifford,Raquel,Melvin,Demonte
Melvin,Deandre,Clifford,Jasmin,Melvin,Lance
Clifford,Kallee,Whitson,Precious,Clifford,Errol
Melvin,Ismael,Clifford,Jasmin,Melvin,Lance
Clifford,Johanna,Whitson,Precious,Clifford,Errol
Melvin,Cristobal,Clifford,Jasmin,Melvin,Lance
Clifford,Mindi,Whitson,Precious,Clifford,Errol
Melvin,Enoch,Clifford,Jasmin,Melvin,Lance
Clifford,Camille,Whitson,Precious,Clifford,Errol
Melvin,Valentin,Clifford,Raquel,Melvin,Demonte
Clifford,Cristal,Whitson,Precious,Clifford,Errol
Melvin,Destin,Clifford,Raquel,Melvin,Demonte
Clifford,Nathalia,Whitson,Lilibeth,Clifford,Deshaun
Melvin,Jamel,Clifford,Raquel,Melvin,Demonte
Clifford,Miranda,Whitson,Lilibeth,Clifford,Deshaun
Melvin,Stanley,Clifford,Raquel,Melvin,Demonte
Clifford,Dajanae,Whitson,Lilibeth,Clifford,Deshaun
Melvin,Donte,Clifford,Raquel,Melvin,Demonte
Clifford,Aylin,Whitson,Lilibeth,Clifford,Deshaun
Clifford,Brent,Whitson,Precious,Clifford,Errol
Clifford,Angelica,Whitson,Lilibeth,Clifford,Deshaun
Clifford,Philip,Whitson,Precious,Clifford,Errol
Clifford,Aerial,Whitson,Lilibeth,Clifford,Deshaun
Clifford,Dayton,Whitson,Precious,Clifford,Errol
Clifford,Itzel,Whitson,Lilibeth,Clifford,Deshaun
Clifford,Curtis,Whitson,Precious,Clifford,Errol
Clifford,Melissa,Whitson,Lilibeth,Clifford,Deshaun
Clifford,Camron,Whitson,Precious,Clifford,Errol
Clifford,Zandria,Whitson,Ashlee,Clifford,Bailey
Clifford,Ezequiel,Whitson,Precious,Clifford,Errol
Clifford,Frances,Whitson,Ashlee,Clifford,Bailey
Clifford,Spenser,Whitson,Precious,Clifford,Errol
Clifford,Cara,Whitson,Ashlee,Clifford,Bailey
Clifford,Freddy,Whitson,Precious,Clifford,Errol
Clifford,Darian,Whitson,Ashlee,Clifford,Bailey
Clifford,Vincent,Whitson,Precious,Clifford,Errol
Clifford,Savanna,Whitson,Ashlee,Clifford,Bailey
Clifford,Sammie,Whitson,Precious,Clifford,Errol
Clifford,Krystan,Whitson,Ashlee,Clifford,Bailey
Clifford,Jeramie,Whitson,Precious,Clifford,Errol
Clifford,Aishah,Whitson,Ashlee,Clifford,Bailey
Clifford,Jabari,Whitson,Precious,Clifford,Errol
Clifford,Suzette,Whitson,Francisca,Clifford,Yash
Clifford,Truman,Whitson,Precious,Clifford,Errol
Clifford,Shanyce,Whitson,Francisca,Clifford,Yash
Clifford,Ezekiel,Whitson,Precious,Clifford,Errol
Clifford,Allyssa,Whitson,Francisca,Clifford,Yash
Clifford,Skyler,Whitson,Lilibeth,Clifford,Deshaun
Clifford,Kayleigh,Whitson,Francisca,Clifford,Yash
Clifford,Elliot,Whitson,Lilibeth,Clifford,Deshaun
Clifford,Charity,Whitson,Francisca,Clifford,Yash
Clifford,Sebastien,Whitson,Lilibeth,Clifford,Deshaun
Clifford,Riley,Whitson,Francisca,Clifford,Yash
Clifford,Raheem,Whitson,Lilibeth,Clifford,Deshaun
Clifford,Sophia,Whitson,Francisca,Clifford,Yash
Clifford,Keifer,Whitson,Lilibeth,Clifford,Deshaun
Clifford,Nereida,Whitson,Maisie,Clifford,Juancarlos
Clifford,Houston,Whitson,Lilibeth,Clifford,Deshaun
Clifford,Ixchel,Whitson,Maisie,Clifford,Juancarlos
Clifford,Yovani,Whitson,Lilibeth,Clifford,Deshaun
Clifford,Marycather,Whitson,Maisie,Clifford,Juancarlos
Clifford,Tyler,Whitson,Lilibeth,Clifford,Deshaun
Whitson,Ixchel,Magnus,Ashly,Whitson,Kade
Clifford,Tommy,Whitson,Ashlee,Clifford,Bailey
Whitson,Daisy,Magnus,Ashly,Whitson,Kade
Clifford,Dreshaun,Whitson,Ashlee,Clifford,Bailey
Whitson,Kimberlee,Magnus,Ashly,Whitson,Kade
Clifford,Clayton,Whitson,Ashlee,Clifford,Bailey
Whitson,Justina,Magnus,Ashly,Whitson,Kade
Clifford,Angel,Whitson,Ashlee,Clifford,Bailey
Whitson,Lauryn,Magnus,Ashly,Whitson,Kade
Clifford,Seamus,Whitson,Ashlee,Clifford,Bailey
Whitson,Janelle,Magnus,Ashly,Whitson,Kade
Clifford,Royce,Whitson,Ashlee,Clifford,Bailey
Whitson,Emiley,Magnus,Ashly,Whitson,Kade
Clifford,Roger,Whitson,Francisca,Clifford,Yash
Whitson,Khaila,Magnus,Ashly,Whitson,Kade
Clifford,Oneil,Whitson,Francisca,Clifford,Yash
Whitson,Jessenia,Magnus,Ashly,Whitson,Kade
Clifford,Marc,Whitson,Francisca,Clifford,Yash
Whitson,Diana,Magnus,Benita,Whitson,Jovonte
Clifford,Jacob,Whitson,Francisca,Clifford,Yash
Whitson,Lesli,Magnus,Benita,Whitson,Jovonte
Clifford,Torey,Whitson,Francisca,Clifford,Yash
Whitson,Torrie,Magnus,Benita,Whitson,Jovonte
Clifford,Kahlil,Whitson,Maisie,Clifford,Juancarlos
Whitson,Maryann,Magnus,Benita,Whitson,Jovonte
Whitson,Brad,Magnus,Ashly,Whitson,Kade
Whitson,Farrah,Magnus,Benita,Whitson,Jovonte
Whitson,Brodie,Magnus,Ashly,Whitson,Kade
Whitson,Nina,Magnus,Benita,Whitson,Jovonte
Whitson,Dayton,Magnus,Ashly,Whitson,Kade
Whitson,Jayda,Magnus,Benita,Whitson,Jovonte
Whitson,Dylan,Magnus,Ashly,Whitson,Kade
Whitson,Veronica,Magnus,Benita,Whitson,Jovonte
Whitson,Jorge,Magnus,Ashly,Whitson,Kade
Whitson,Yadira,Magnus,Sherry,Whitson,Ryland
Whitson,Javonte,Magnus,Ashly,Whitson,Kade
Whitson,Sheyla,Magnus,Sherry,Whitson,Ryland
Whitson,Pedro,Magnus,Ashly,Whitson,Kade
Whitson,Clare,Magnus,Sherry,Whitson,Ryland
Whitson,Jarod,Magnus,Ashly,Whitson,Kade
Whitson,Abagail,Magnus,Sherry,Whitson,Ryland
Whitson,Alfred,Magnus,Benita,Whitson,Jovonte
Whitson,Odalys,Magnus,Sherry,Whitson,Ryland
Whitson,Melvin,Magnus,Benita,Whitson,Jovonte
Whitson,Mykelle,Magnus,Ayanna,Whitson,Harrison
Whitson,Justin,Magnus,Benita,Whitson,Jovonte
Whitson,Kimberly,Magnus,Ayanna,Whitson,Harrison
Whitson,Dallas,Magnus,Sherry,Whitson,Ryland
Whitson,Donisha,Thomas,Allyson,Whitson,Billy
Whitson,Darian,Magnus,Sherry,Whitson,Ryland
Whitson,Alina,Thomas,Allyson,Whitson,Billy
Whitson,Braydon,Magnus,Ayanna,Whitson,Harrison
Whitson,Karena,Thomas,Kaytlin,Whitson,Deonte
Whitson,Destin,Magnus,Ayanna,Whitson,Harrison
Whitson,Rosemarie,Thomas,Kaytlin,Whitson,Deonte
Whitson,Winston,Magnus,Ayanna,Whitson,Harrison
Whitson,Katharine,Thomas,Kaytlin,Whitson,Deonte
Whitson,Amir,Magnus,Ayanna,Whitson,Harrison
Whitson,Rianna,Thomas,Kaytlin,Whitson,Deonte
Whitson,Tayler,Magnus,Ayanna,Whitson,Harrison
Whitson,Alexa,Thomas,Elena,Whitson,Ashton
Whitson,Rand,Magnus,Ayanna,Whitson,Harrison
Whitson,Lexi,Thomas,Elena,Whitson,Ashton
Whitson,Ricky,Magnus,Ayanna,Whitson,Harrison
Whitson,Elena,Thomas,Elena,Whitson,Ashton
Whitson,Rigoberto,Magnus,Ayanna,Whitson,Harrison
Whitson,Candice,Thomas,Elena,Whitson,Ashton
Whitson,Andre,Magnus,Ayanna,Whitson,Harrison
Whitson,Destiney,Thomas,Elena,Whitson,Ashton
Whitson,Allen,Thomas,Allyson,Whitson,Billy
Whitson,Stevie,Thomas,Elena,Whitson,Ashton
Whitson,Rashaun,Thomas,Kaytlin,Whitson,Deonte
Whitson,Kellie,Thomas,Elena,Whitson,Ashton
Whitson,Cooper,Thomas,Kaytlin,Whitson,Deonte
Whitson,Xian,Thomas,Elena,Whitson,Ashton
Whitson,Alexis,Thomas,Kaytlin,Whitson,Deonte
Magnus,Abigail,Whitson,Sariah,Magnus,Wayne
Whitson,Jackson,Thomas,Kaytlin,Whitson,Deonte
Magnus,Clair,Whitson,Sariah,Magnus,Wayne
Whitson,Jarrett,Thomas,Kaytlin,Whitson,Deonte
Magnus,Valerie,Whitson,Sariah,Magnus,Wayne
Whitson,Callum,Thomas,Elena,Whitson,Ashton
Magnus,Georgia,Whitson,Sariah,Magnus,Wayne
Whitson,Titus,Thomas,Elena,Whitson,Ashton
Magnus,Yajayra,Whitson,Sariah,Magnus,Wayne
Whitson,Jeremy,Thomas,Elena,Whitson,Ashton
Magnus,Tory,Whitson,Sariah,Magnus,Wayne
Whitson,Connor,Thomas,Elena,Whitson,Ashton
Magnus,Heaven,Whitson,Sariah,Magnus,Wayne
Whitson,Bennett,Thomas,Elena,Whitson,Ashton
Thomas,Tia,Whitson,Caylee,Thomas,Khalid
Whitson,Terrance,Thomas,Elena,Whitson,Ashton
Thomas,Kirstin,Whitson,Caylee,Thomas,Khalid
Whitson,Ron,Thomas,Elena,Whitson,Ashton
Thomas,Samira,Whitson,Caylee,Thomas,Khalid
Whitson,Devan,Thomas,Elena,Whitson,Ashton
Thomas,Halee,Whitson,Caylee,Thomas,Khalid
Magnus,Tayler,Whitson,Sariah,Magnus,Wayne
Thomas,Cherokee,Whitson,Caylee,Thomas,Khalid
Magnus,Isaiah,Whitson,Sariah,Magnus,Wayne
Thomas,Delaney,Whitson,Caylee,Thomas,Khalid
Magnus,Deonta,Whitson,Sariah,Magnus,Wayne
Thomas,Kayland,Whitson,Caylee,Thomas,Khalid
Magnus,Stephon,Whitson,Sariah,Magnus,Wayne
Thomas,Rianna,Whitson,Caylee,Thomas,Khalid
Magnus,Michal,Whitson,Sariah,Magnus,Wayne
Thomas,Krysta,Whitson,Emmily,Thomas,Omar
Magnus,Elias,Whitson,Sariah,Magnus,Wayne
Thomas,Daniela,Whitson,Tia,Thomas,Jaylin
Magnus,Talon,Whitson,Sariah,Magnus,Wayne
Thomas,Camelia,Whitson,Tia,Thomas,Jaylin
Thomas,Mitchel,Whitson,Caylee,Thomas,Khalid
Thomas,Cody,Whitson,Tia,Thomas,Jaylin
Thomas,Raphael,Whitson,Caylee,Thomas,Khalid
Thomas,Gladys,Whitson,Tia,Thomas,Jaylin
Thomas,Damion,Whitson,Caylee,Thomas,Khalid
Thomas,Kailey,Whitson,Karlee,Thomas,Darnell
Thomas,Malachi,Whitson,Caylee,Thomas,Khalid
Thomas,Sarah,Whitson,Karlee,Thomas,Darnell
Thomas,Jordan,Whitson,Emmily,Thomas,Omar
Thomas,Lila,Whitson,Karlee,Thomas,Darnell
Thomas,Daron,Whitson,Emmily,Thomas,Omar
Thomas,Xiomara,Whitson,Karlee,Thomas,Darnell
Thomas,Alexandro,Whitson,Emmily,Thomas,Omar
Thomas,Michele,Whitson,Karlee,Thomas,Darnell
Thomas,Issac,Whitson,Emmily,Thomas,Omar
Thomas,Jane,Whitson,Karlee,Thomas,Darnell
Thomas,Larry,Whitson,Emmily,Thomas,Omar
Thomas,Bryana,Whitson,Karlee,Thomas,Darnell
Thomas,Jaylan,Whitson,Tia,Thomas,Jaylin
Thomas,Meagan,Whitson,Karlee,Thomas,Darnell
Thomas,Alvin,Whitson,Tia,Thomas,Jaylin
Thomas,Ciarra,Whitson,Karlee,Thomas,Darnell
Thomas,Antonio,Whitson,Karlee,Thomas,Darnell
Thomas,Ayanna,Whitson,Karlee,Thomas,Darnell
Thomas,Forest,Whitson,Karlee,Thomas,Darnell
Thomas,Larissa,Whitson,Montana,Thomas,Robert
Thomas,Kelsey,Whitson,Karlee,Thomas,Darnell
Thomas,Megan,Whitson,Montana,Thomas,Robert
Thomas,Trenton,Whitson,Karlee,Thomas,Darnell
Thomas,Macy,Massimino,Karley,Thomas,Abel
Thomas,Frankie,Whitson,Karlee,Thomas,Darnell
Thomas,Katie,Massimino,Karley,Thomas,Abel
Thomas,Rogelio,Whitson,Karlee,Thomas,Darnell
Thomas,Alisa,Massimino,Karley,Thomas,Abel
Thomas,Tyquan,Whitson,Karlee,Thomas,Darnell
Thomas,Karyna,Massimino,Karley,Thomas,Abel
Thomas,Denzel,Whitson,Karlee,Thomas,Darnell
Thomas,Dandrea,Massimino,Karley,Thomas,Abel
Thomas,Ahmad,Whitson,Montana,Thomas,Robert
Thomas,Breanna,Massimino,Karley,Thomas,Abel
Thomas,Nico,Whitson,Montana,Thomas,Robert
Thomas,Joy,Massimino,Karley,Thomas,Abel
Thomas,Braeden,Massimino,Karley,Thomas,Abel
Thomas,Keosha,Massimino,Karley,Thomas,Abel
Thomas,Gilbert,Massimino,Karley,Thomas,Abel
Thomas,Kirstie,Massimino,Karley,Thomas,Abel
Thomas,Deion,Massimino,Karley,Thomas,Abel
Thomas,Kinsey,Massimino,Shelby,Thomas,Jevin
Thomas,Frederick,Massimino,Karley,Thomas,Abel
Thomas,Isabelle,Massimino,Shelby,Thomas,Jevin
Thomas,Coleman,Massimino,Karley,Thomas,Abel
Thomas,Kristian,Massimino,Shelby,Thomas,Jevin
Thomas,Landen,Massimino,Karley,Thomas,Abel
Thomas,Marilyn,Massimino,Shelby,Thomas,Jevin
Thomas,Conor,Massimino,Shelby,Thomas,Jevin
Thomas,Nell,Massimino,Clarissa,Thomas,Maurice
Thomas,Alden,Massimino,Shelby,Thomas,Jevin
Thomas,Elana,Massimino,Clarissa,Thomas,Maurice
Thomas,Yobani,Massimino,Shelby,Thomas,Jevin
Thomas,Symone,Massimino,Clarissa,Thomas,Maurice
Thomas,Marielle,Massimino,Shelby,Thomas,Jevin
Thomas,Rebecca,Massimino,Clarissa,Thomas,Maurice
Thomas,Delonta,Massimino,Shelby,Thomas,Jevin
Thomas,Kelci,Massimino,Clarissa,Thomas,Maurice
Thomas,Emiliano,Massimino,Shelby,Thomas,Jevin
Thomas,Vianey,Massimino,Clarissa,Thomas,Maurice
Thomas,Dontae,Massimino,Shelby,Thomas,Jevin
Thomas,Imelda,Massimino,Clarissa,Thomas,Maurice
Thomas,Quinton,Massimino,Clarissa,Thomas,Maurice
Thomas,Maryssa,Massimino,Clarissa,Thomas,Maurice
Thomas,Jameson,Massimino,Clarissa,Thomas,Maurice
Thomas,Helena,Massimino,Lizette,Thomas,Sutton
Thomas,Justus,Massimino,Clarissa,Thomas,Maurice
Thomas,Melanie,Massimino,Lizette,Thomas,Sutton
Thomas,Lamont,Massimino,Clarissa,Thomas,Maurice
Thomas,Katerina,Massimino,Lizette,Thomas,Sutton
Thomas,Jarrod,Massimino,Clarissa,Thomas,Maurice
Thomas,Bryanna,Massimino,Lizette,Thomas,Sutton
Thomas,Bradley,Massimino,Clarissa,Thomas,Maurice
Thomas,Marisa,Massimino,Lizette,Thomas,Sutton
Thomas,Bernard,Massimino,Clarissa,Thomas,Maurice
Thomas,Marcia,Massimino,Lizette,Thomas,Sutton
Thomas,Neftaly,Massimino,Clarissa,Thomas,Maurice
Thomas,Julianne,Massimino,Lizette,Thomas,Sutton
Thomas,Bryant,Massimino,Clarissa,Thomas,Maurice
Thomas,Carla,Massimino,Lizette,Thomas,Sutton
Thomas,Devin,Massimino,Lizette,Thomas,Sutton
Thomas,Allison,Massimino,Lizette,Thomas,Sutton
Thomas,Ronald,Massimino,Lizette,Thomas,Sutton
Thomas,Jena,Massimino,Lizette,Thomas,Sutton
Thomas,Gavin,Massimino,Lizette,Thomas,Sutton
Massimino,Maegan,Thomas,Erica,Massimino,Kirkland
Thomas,Ricky,Massimino,Lizette,Thomas,Sutton
Massimino,Sharon,Thomas,Erica,Massimino,Kirkland
Thomas,Adan,Massimino,Lizette,Thomas,Sutton
Massimino,Jocelyne,Thomas,Erica,Massimino,Kirkland
Thomas,Conrad,Massimino,Lizette,Thomas,Sutton
Massimino,Melissa,Thomas,Erica,Massimino,Kirkland
Thomas,Zaire,Massimino,Lizette,Thomas,Sutton
Massimino,Promise,Thomas,Erica,Massimino,Kirkland
Thomas,Quincy,Massimino,Lizette,Thomas,Sutton
Massimino,Anamaria,Thomas,Erica,Massimino,Kirkland
Thomas,Jovonte,Massimino,Lizette,Thomas,Sutton
Massimino,Zoi,Thomas,Erica,Massimino,Kirkland
Thomas,Trevon,Massimino,Lizette,Thomas,Sutton
Massimino,Liza,Thomas,Erica,Massimino,Kirkland
Massimino,Dayton,Thomas,Erica,Massimino,Kirkland
Massimino,Hannah,Thomas,Erica,Massimino,Kirkland
Massimino,Ramon,Thomas,Erica,Massimino,Kirkland
Massimino,Kenzie,Thomas,Jaida,Massimino,Bretton
Massimino,Leland,Thomas,Erica,Massimino,Kirkland
Massimino,Anabel,Thomas,Jaida,Massimino,Bretton
Massimino,Christen,Thomas,Erica,Massimino,Kirkland
Massimino,Meagan,Thomas,Jaida,Massimino,Bretton
Massimino,Anfernee,Thomas,Erica,Massimino,Kirkland
Massimino,Allie,Thomas,Jaida,Massimino,Bretton
Massimino,Travon,Thomas,Erica,Massimino,Kirkland
Massimino,Mikayla,Thomas,Jaida,Massimino,Bretton
Massimino,Kalon,Thomas,Erica,Massimino,Kirkland
Massimino,Kaylyn,Thomas,Jaida,Massimino,Bretton
Massimino,Dakotah,Thomas,Erica,Massimino,Kirkland
Massimino,Jenniffer,Thomas,Jaida,Massimino,Bretton
Massimino,Sutton,Thomas,Jaida,Massimino,Bretton
Massimino,Aleasha,Mullane,Nicolle,Massimino,Daequan
Massimino,Jake,Thomas,Jaida,Massimino,Bretton
Massimino,Carol,Mullane,Nicolle,Massimino,Daequan
Massimino,Jorge,Thomas,Jaida,Massimino,Bretton
Massimino,Kaydee,Mullane,Nicolle,Massimino,Daequan
Massimino,Braxton,Thomas,Jaida,Massimino,Bretton
Massimino,Maryanne,Mullane,Nicolle,Massimino,Daequan
Massimino,Conner,Mullane,Nicolle,Massimino,Daequan
Massimino,Alice,Mullane,Nicolle,Massimino,Daequan
Massimino,Quayshawn,Mullane,Nicolle,Massimino,Daequan
Massimino,Kelli,Mullane,Beverly,Massimino,Dane
Massimino,Spenser,Mullane,Nicolle,Massimino,Daequan
Massimino,Debora,Mullane,Beverly,Massimino,Dane
Massimino,Jean,Mullane,Nicolle,Massimino,Daequan
Massimino,Kelsey,Mullane,Beverly,Massimino,Dane
Massimino,Kerry,Mullane,Nicolle,Massimino,Daequan
Massimino,Tiani,Mullane,Beverly,Massimino,Dane
Massimino,Payton,Mullane,Beverly,Massimino,Dane
Massimino,Chanel,Mullane,Tianna,Massimino,Trentin
Massimino,Cody,Mullane,Beverly,Massimino,Dane
Massimino,Dana,Mullane,Tianna,Massimino,Trentin
Massimino,Jamel,Mullane,Tianna,Massimino,Trentin
Massimino,Dajah,Mullane,Tianna,Massimino,Trentin
Massimino,Dallin,Mullane,Tianna,Massimino,Trentin
Massimino,Sadie,Mullane,Tianna,Massimino,Trentin
Massimino,Devin,Mullane,Keosha,Massimino,Jamar
Massimino,Gerardo,Mullane,Keosha,Massimino,Jamar
Massimino,Greyson,Mullane,Keosha,Massimino,Jamar
Massimino,Harmony,Mullane,Keosha,Massimino,Jamar
Massimino,Jeremy,Mullane,Keosha,Massimino,Jamar
Massimino,Joy,Mullane,Keosha,Massimino,Jamar
Massimino,Shmuel,Mullane,Keosha,Massimino,Jamar
Massimino,Giselle,Mullane,Keosha,Massimino,Jamar
Massimino,Deonte,Mullane,Keosha,Massimino,Jamar
Massimino,Saige,Mullane,Keosha,Massimino,Jamar
Massimino,Kayvon,Mullane,Keosha,Massimino,Jamar
Massimino,Adrian,Mullane,Keosha,Massimino,Jamar
Massimino,Jalen,Mullane,Keosha,Massimino,Jamar
Massimino,Mari,Mullane,Keosha,Massimino,Jamar
Massimino,Vincent,Nixon,Madilyn,Massimino,Dalton
Massimino,Cassandra,Mullane,Keosha,Massimino,Jamar
Massimino,Tommy,Nixon,Madilyn,Massimino,Dalton
Massimino,Calandra,Mullane,Keosha,Massimino,Jamar
Massimino,Avery,Nixon,Madilyn,Massimino,Dalton
Massimino,Adrienne,Nixon,Madilyn,Massimino,Dalton
Massimino,Oscar,Nixon,Madilyn,Massimino,Dalton
Massimino,Shelley,Nixon,Madilyn,Massimino,Dalton
Massimino,Lazaro,Nixon,Madilyn,Massimino,Dalton
Massimino,Linsey,Nixon,Madilyn,Massimino,Dalton
Mullane,Devonte,Massimino,Camilla,Mullane,Jawaun
Massimino,Ashleigh,Nixon,Madilyn,Massimino,Dalton
Mullane,Rudy,Massimino,Camilla,Mullane,Jawaun
Massimino,Lila,Nixon,Madilyn,Massimino,Dalton
Mullane,Alan,Massimino,Camilla,Mullane,Jawaun
Massimino,Alesia,Nixon,Madilyn,Massimino,Dalton
Mullane,Carter,Massimino,Chantal,Mullane,Joseph
Massimino,Mattie,Nixon,Madilyn,Massimino,Dalton
Mullane,Roy,Massimino,Leann,Mullane,Cade
Mullane,Bridgett,Massimino,Camilla,Mullane,Jawaun
Mullane,Demarco,Massimino,Leann,Mullane,Cade
Mullane,Brandi,Massimino,Camilla,Mullane,Jawaun
Mullane,Shayne,Massimino,Leann,Mullane,Cade
Mullane,Nichelle,Massimino,Camilla,Mullane,Jawaun
Mullane,Ezra,Massimino,Leann,Mullane,Cade
Mullane,Bobbie,Massimino,Camilla,Mullane,Jawaun
Nixon,Fredrick,Massimino,Angelina,Nixon,Isaias
Mullane,Jessenia,Massimino,Camilla,Mullane,Jawaun
Nixon,Austen,Massimino,Angelina,Nixon,Isaias
Mullane,Elena,Massimino,Camilla,Mullane,Jawaun
Nixon,Raequan,Massimino,Chana,Nixon,Wade
Mullane,Lindsay,Massimino,Camilla,Mullane,Jawaun
Nixon,Diego,Massimino,Chana,Nixon,Wade
Mullane,Darby,Massimino,Camilla,Mullane,Jawaun
Nixon,Ezra,Massimino,Chana,Nixon,Wade
Mullane,Nancy,Massimino,Chantal,Mullane,Joseph
Nixon,Alfonso,Massimino,Chana,Nixon,Wade
Mullane,Roxana,Massimino,Chantal,Mullane,Joseph
Nixon,Damion,Massimino,Chana,Nixon,Wade
Mullane,Angelika,Massimino,Chantal,Mullane,Joseph
Nixon,Kyle,Massimino,Chana,Nixon,Wade
Mullane,Irene,Massimino,Leann,Mullane,Cade
Nixon,Trent,Massimino,Chana,Nixon,Wade
Mullane,Alessandra,Massimino,Leann,Mullane,Cade
Nixon,Mitchel,Massimino,Chana,Nixon,Wade
Mullane,Johanna,Massimino,Leann,Mullane,Cade
Nixon,Paul,Massimino,Emily,Nixon,Ariel
Mullane,Anneliese,Massimino,Leann,Mullane,Cade
Nixon,Victor,Massimino,Emily,Nixon,Ariel
Mullane,Anamarie,Massimino,Leann,Mullane,Cade
Nixon,Donte,Massimino,Emily,Nixon,Ariel
Mullane,Carmelita,Massimino,Leann,Mullane,Cade
Nixon,Coleman,Massimino,Emily,Nixon,Ariel
Mullane,Katheryn,Massimino,Leann,Mullane,Cade
Nixon,Gregory,Massimino,Xian,Nixon,Emiliano
Mullane,Bailey,Massimino,Leann,Mullane,Cade
Nixon,Avery,Massimino,Xian,Nixon,Emiliano
Nixon,Alejandra,Massimino,Angelina,Nixon,Isaias
Nixon,Vernon,Massimino,Xian,Nixon,Emiliano
Nixon,Tamera,Massimino,Angelina,Nixon,Isaias
Nixon,Shmuel,Massimino,Myesha,Nixon,Rogelio
Nixon,Anja,Massimino,Angelina,Nixon,Isaias
Nixon,Slaten,Massimino,Myesha,Nixon,Rogelio
Nixon,Tabatha,Massimino,Chana,Nixon,Wade
Nixon,Jawaun,Massimino,Myesha,Nixon,Rogelio
Nixon,Madelyn,Massimino,Chana,Nixon,Wade
Nixon,Franklin,Massimino,Myesha,Nixon,Rogelio
Nixon,Payton,Massimino,Chana,Nixon,Wade
