Slayton,Benjamin,Bobko,Symphony,Kerwin,Reginald,Boilermaker
Slayton,Zachary,Bobko,Symphony,Slayton,Benjamin
Kerwin,Laquisha,McNair,Neda,Kerwin,Reginald
Mastracchio,Reed,Schirra,Damaris,Mastracchio,Dane
McMonagle,Jeffrey,Stafford,Erica,McMonagle,Dustin
Chawla,Davin,Taft,Malina,Chawla,Frederick
Veach,Kyla,Shepherd,Sheniqua,Veach,Augustus
Taft,Dwayne,Chaffee,Gabriele,Taft,Duncan
Coats,Ramona,Cockrell,Terra,Coats,Adonis
Cabana,Darian,Sellers,Emiley,Cabana,Thomas
Springer,Shayla,Lawrence,Maranda,Springer,Jasen
Jackson,Graham,Leestma,Devyn,Jackson,Tarik
Grant,Haley,Hayes,Daniella,Grant,Richard
Borman,Hiram,Seddon,Josephine,Borman,Kalon
Melvin,Lexus,Holmquest,Bailee,Melvin,Diondre
Grabe,Kenneth,Barry,Luisa,Grabe,Johan
Clifford,Leana,Bursch,Celina,Clifford,Jose
Morin,Tony,Polk,Maria,Morin,Tristian
Horowitz,Tawny,Jackson,Ciarra,Horowitz,Coy
Brady,Kegan,Zophar,Erica,Brady,Jairo
Nixon,Sarafina,Patrick,Maricela,Nixon,Kody
Engle,Yuri,Gregory,Ilana,Engle,Craig
Harris,Kathryn,Chiao,Daphne,Harris,Mckay
Tani,Adan,Buchli,Cassidy,Tani,Maximillia
Tanner,Marli,Fullerton,Trinity,Tanner,Dequan
Rominger,Griffin,Wheelock,Ivy,Rominger,Zackery
Polansky,Joi,Hayes,Anaya,Polansky,Ali
Chaffee,Chad,Jackson,Xochitl,Chaffee,Edgar
Wilcutt,Liza,Hoover,Maura,Wilcutt,Dontae
Slayton,Anthoni,Kerwin,Laquisha,Slayton,Zachary
Carr,Ciara,Richards,Makaila,Carr,Kasey
Slayton,Thaddeus,Kerwin,Laquisha,Slayton,Zachary
Freeman,Odalys,Brand,Julianne,Freeman,Romeo
Slayton,Deon,Kerwin,Laquisha,Slayton,Zachary
Slayton,Daphne,Kerwin,Laquisha,Slayton,Zachary
Slayton,Brodie,Kerwin,Laquisha,Slayton,Zachary
Slayton,Jena,Kerwin,Laquisha,Slayton,Zachary
Slayton,Hunter,Kerwin,Laquisha,Slayton,Zachary
Slayton,Carol,Kerwin,Laquisha,Slayton,Zachary
Slayton,Brock,Kerwin,Laquisha,Slayton,Zachary
Slayton,Catherine,Kerwin,Laquisha,Slayton,Zachary
Mastracchio,Craig,McMonagle,Jeffrey,Mastracchio,Reed
Slayton,Joleen,Kerwin,Laquisha,Slayton,Zachary
Mastracchio,Estevan,McMonagle,Jeffrey,Mastracchio,Reed
Slayton,Noel,Kerwin,Laquisha,Slayton,Zachary
Mastracchio,Tracy,McMonagle,Jeffrey,Mastracchio,Reed
Slayton,Kaytlin,Kerwin,Laquisha,Slayton,Zachary
Mastracchio,Adalberto,McMonagle,Jeffrey,Mastracchio,Reed
Slayton,Kendal,Kerwin,Laquisha,Slayton,Zachary
Mastracchio,Terrell,McMonagle,Jeffrey,Mastracchio,Reed
Mastracchio,Yolanda,McMonagle,Jeffrey,Mastracchio,Reed
Mastracchio,Edgar,McMonagle,Jeffrey,Mastracchio,Reed
Mastracchio,Halie,McMonagle,Jeffrey,Mastracchio,Reed
Mastracchio,Reuben,McMonagle,Jeffrey,Mastracchio,Reed
Mastracchio,Karly,McMonagle,Jeffrey,Mastracchio,Reed
Chawla,Al,Veach,Kyla,Chawla,Davin
Mastracchio,Khaliah,McMonagle,Jeffrey,Mastracchio,Reed
Taft,Antavius,Coats,Ramona,Taft,Dwayne
Mastracchio,Mileena,McMonagle,Jeffrey,Mastracchio,Reed
Taft,Ty,Coats,Ramona,Taft,Dwayne
Mastracchio,Abbigail,McMonagle,Jeffrey,Mastracchio,Reed
Taft,Marcello,Coats,Ramona,Taft,Dwayne
Mastracchio,Kirstin,McMonagle,Jeffrey,Mastracchio,Reed
Taft,Coby,Coats,Ramona,Taft,Dwayne
Mastracchio,Kelly,McMonagle,Jeffrey,Mastracchio,Reed
Taft,Armando,Coats,Ramona,Taft,Dwayne
Mastracchio,Aimee,McMonagle,Jeffrey,Mastracchio,Reed
Taft,Brendon,Coats,Ramona,Taft,Dwayne
Mastracchio,Tory,McMonagle,Jeffrey,Mastracchio,Reed
Taft,Louis,Coats,Ramona,Taft,Dwayne
Chawla,Zulema,Veach,Kyla,Chawla,Davin
Taft,Sheldon,Coats,Ramona,Taft,Dwayne
Chawla,Shenelly,Veach,Kyla,Chawla,Davin
Taft,Saxon,Coats,Ramona,Taft,Dwayne
Taft,Odalys,Coats,Ramona,Taft,Dwayne
Taft,Carl,Coats,Ramona,Taft,Dwayne
Taft,Tamara,Coats,Ramona,Taft,Dwayne
Taft,Lukas,Coats,Ramona,Taft,Dwayne
Taft,Iman,Coats,Ramona,Taft,Dwayne
Taft,Gunnar,Coats,Ramona,Taft,Dwayne
Taft,Elexus,Coats,Ramona,Taft,Dwayne
Taft,Barrett,Coats,Ramona,Taft,Dwayne
Cabana,Stella,Springer,Shayla,Cabana,Darian
Taft,Luciano,Coats,Ramona,Taft,Dwayne
Cabana,Rebekah,Springer,Shayla,Cabana,Darian
Cabana,Keeton,Springer,Shayla,Cabana,Darian
Jackson,Candace,Grant,Haley,Jackson,Graham
Cabana,John,Springer,Shayla,Cabana,Darian
Jackson,Reina,Grant,Haley,Jackson,Graham
Cabana,Sean,Springer,Shayla,Cabana,Darian
Jackson,Anaya,Grant,Haley,Jackson,Graham
Cabana,Travon,Springer,Shayla,Cabana,Darian
Jackson,Cindy,Grant,Haley,Jackson,Graham
Cabana,Ayub,Springer,Shayla,Cabana,Darian
Jackson,Eden,Grant,Haley,Jackson,Graham
Jackson,Damon,Grant,Haley,Jackson,Graham
Jackson,Lillian,Grant,Haley,Jackson,Graham
Jackson,Neal,Grant,Haley,Jackson,Graham
Jackson,Erika,Grant,Haley,Jackson,Graham
Jackson,Felix,Grant,Haley,Jackson,Graham
Jackson,Diane,Grant,Haley,Jackson,Graham
Jackson,Raphael,Grant,Haley,Jackson,Graham
Jackson,Khaila,Grant,Haley,Jackson,Graham
Jackson,Alonso,Grant,Haley,Jackson,Graham
Jackson,Alice,Grant,Haley,Jackson,Graham
Jackson,Devyn,Grant,Haley,Jackson,Graham
Jackson,Hailey,Grant,Haley,Jackson,Graham
Borman,Austen,Melvin,Lexus,Borman,Hiram
Jackson,Bernadette,Grant,Haley,Jackson,Graham
Borman,Devin,Melvin,Lexus,Borman,Hiram
Borman,Shane,Melvin,Lexus,Borman,Hiram
Borman,Tristian,Melvin,Lexus,Borman,Hiram
Grabe,Giuliana,Clifford,Leana,Grabe,Kenneth
Borman,Kelvin,Melvin,Lexus,Borman,Hiram
Grabe,Jeffrey,Clifford,Leana,Grabe,Kenneth
Grabe,Gavin,Clifford,Leana,Grabe,Kenneth
Grabe,Janell,Clifford,Leana,Grabe,Kenneth
Grabe,Jeb,Clifford,Leana,Grabe,Kenneth
Grabe,Abbigail,Clifford,Leana,Grabe,Kenneth
Grabe,Elvin,Clifford,Leana,Grabe,Kenneth
Morin,Breanna,Horowitz,Tawny,Morin,Tony
Grabe,Dallin,Clifford,Leana,Grabe,Kenneth
Morin,Cara,Horowitz,Tawny,Morin,Tony
Grabe,Gabriel,Clifford,Leana,Grabe,Kenneth
Morin,Celia,Horowitz,Tawny,Morin,Tony
Morin,Derek,Horowitz,Tawny,Morin,Tony
Morin,Tia,Horowitz,Tawny,Morin,Tony
Morin,Lukas,Horowitz,Tawny,Morin,Tony
Morin,Tasia,Horowitz,Tawny,Morin,Tony
Morin,Morgan,Horowitz,Tawny,Morin,Tony
Morin,Ramona,Horowitz,Tawny,Morin,Tony
Morin,Romello,Horowitz,Tawny,Morin,Tony
Morin,Shane,Horowitz,Tawny,Morin,Tony
Morin,Hugh,Horowitz,Tawny,Morin,Tony
Brady,Antoinette,Nixon,Sarafina,Brady,Kegan
Brady,Lucas,Nixon,Sarafina,Brady,Kegan
Brady,Juanita,Nixon,Sarafina,Brady,Kegan
Brady,Terance,Nixon,Sarafina,Brady,Kegan
Brady,Monika,Nixon,Sarafina,Brady,Kegan
Brady,Emanuel,Nixon,Sarafina,Brady,Kegan
Brady,Carlie,Nixon,Sarafina,Brady,Kegan
Brady,Kaden,Nixon,Sarafina,Brady,Kegan
Brady,Allana,Nixon,Sarafina,Brady,Kegan
Brady,Reed,Nixon,Sarafina,Brady,Kegan
Brady,Makenzie,Nixon,Sarafina,Brady,Kegan
Brady,Abel,Nixon,Sarafina,Brady,Kegan
Brady,Caylin,Nixon,Sarafina,Brady,Kegan
Brady,Johan,Nixon,Sarafina,Brady,Kegan
Brady,Taylor,Nixon,Sarafina,Brady,Kegan
Brady,Branden,Nixon,Sarafina,Brady,Kegan
Brady,Maura,Nixon,Sarafina,Brady,Kegan
Brady,Deonta,Nixon,Sarafina,Brady,Kegan
Brady,Courteney,Nixon,Sarafina,Brady,Kegan
Engle,Fabian,Harris,Kathryn,Engle,Yuri
Engle,Amanda,Harris,Kathryn,Engle,Yuri
Engle,Buford,Harris,Kathryn,Engle,Yuri
Engle,Xandria,Harris,Kathryn,Engle,Yuri
Engle,Salvador,Harris,Kathryn,Engle,Yuri
Engle,Aliyah,Harris,Kathryn,Engle,Yuri
Engle,Ishmael,Harris,Kathryn,Engle,Yuri
Tani,Monet,Tanner,Marli,Tani,Adan
Engle,Randy,Harris,Kathryn,Engle,Yuri
Tani,Shania,Tanner,Marli,Tani,Adan
Engle,Graham,Harris,Kathryn,Engle,Yuri
Rominger,Darcie,Polansky,Joi,Rominger,Griffin
Tani,Adalberto,Tanner,Marli,Tani,Adan
Rominger,Avery,Polansky,Joi,Rominger,Griffin
Tani,Dallas,Tanner,Marli,Tani,Adan
Rominger,Adriana,Polansky,Joi,Rominger,Griffin
Tani,Derrick,Tanner,Marli,Tani,Adan
Rominger,Janie,Polansky,Joi,Rominger,Griffin
Tani,Tyreek,Tanner,Marli,Tani,Adan
Rominger,Paloma,Polansky,Joi,Rominger,Griffin
Rominger,Nicolas,Polansky,Joi,Rominger,Griffin
Rominger,Esmeralda,Polansky,Joi,Rominger,Griffin
Rominger,Marcus,Polansky,Joi,Rominger,Griffin
Rominger,Jacklyn,Polansky,Joi,Rominger,Griffin
Rominger,Tysheem,Polansky,Joi,Rominger,Griffin
Rominger,Sylvia,Polansky,Joi,Rominger,Griffin
Rominger,Keegan,Polansky,Joi,Rominger,Griffin
Chaffee,Victoria,Wilcutt,Liza,Chaffee,Chad
Rominger,Felix,Polansky,Joi,Rominger,Griffin
Chaffee,Adriana,Wilcutt,Liza,Chaffee,Chad
Rominger,Lars,Polansky,Joi,Rominger,Griffin
Chaffee,Camilla,Wilcutt,Liza,Chaffee,Chad
Chaffee,Heriberto,Wilcutt,Liza,Chaffee,Chad
Chaffee,Brianna,Wilcutt,Liza,Chaffee,Chad
Chaffee,Andres,Wilcutt,Liza,Chaffee,Chad
Chaffee,Nadia,Wilcutt,Liza,Chaffee,Chad
Chaffee,Trey,Wilcutt,Liza,Chaffee,Chad
Slayton,Shakia,Carr,Ciara,Slayton,Anthoni
Chaffee,Oscar,Wilcutt,Liza,Chaffee,Chad
Slayton,Blair,Carr,Ciara,Slayton,Anthoni
Chaffee,Xzavier,Wilcutt,Liza,Chaffee,Chad
Slayton,Nyasia,Carr,Ciara,Slayton,Anthoni
Chaffee,Arnold,Wilcutt,Liza,Chaffee,Chad
Slayton,Kiana,Freeman,Odalys,Slayton,Thaddeus
Chaffee,Sean,Wilcutt,Liza,Chaffee,Chad
Slayton,Karly,Freeman,Odalys,Slayton,Thaddeus
Slayton,Tysen,Carr,Ciara,Slayton,Anthoni
Slayton,Deondra,Freeman,Odalys,Slayton,Thaddeus
Slayton,Tucker,Carr,Ciara,Slayton,Anthoni
Slayton,Kimberlee,Freeman,Odalys,Slayton,Thaddeus
Slayton,Brennan,Carr,Ciara,Slayton,Anthoni
Slayton,April,Freeman,Odalys,Slayton,Thaddeus
Slayton,Earl,Carr,Ciara,Slayton,Anthoni
Slayton,Malinda,Freeman,Odalys,Slayton,Thaddeus
Slayton,Titus,Carr,Ciara,Slayton,Anthoni
Slayton,Emerald,Freeman,Odalys,Slayton,Thaddeus
Slayton,Dominick,Freeman,Odalys,Slayton,Thaddeus
Slayton,Brooke,Freeman,Odalys,Slayton,Thaddeus
Slayton,Eric,Freeman,Odalys,Slayton,Thaddeus
Slayton,Melisa,Freeman,Odalys,Slayton,Thaddeus
Slayton,Rashaun,Freeman,Odalys,Slayton,Thaddeus
Slayton,Keila,Mastracchio,Yolanda,Slayton,Deon
Slayton,Layne,Freeman,Odalys,Slayton,Thaddeus
Slayton,Jazmin,Mastracchio,Yolanda,Slayton,Deon
Slayton,Winston,Mastracchio,Yolanda,Slayton,Deon
Slayton,Anaya,Mastracchio,Yolanda,Slayton,Deon
Slayton,Ian,Mastracchio,Yolanda,Slayton,Deon
Slayton,Amy,Mastracchio,Halie,Slayton,Brodie
Slayton,Jeffery,Mastracchio,Yolanda,Slayton,Deon
Slayton,Jenny,Mastracchio,Halie,Slayton,Brodie
Slayton,Demetrius,Mastracchio,Yolanda,Slayton,Deon
Slayton,Nikki,Mastracchio,Halie,Slayton,Brodie
Slayton,Christophe,Mastracchio,Yolanda,Slayton,Deon
Slayton,Abigayle,Mastracchio,Halie,Slayton,Brodie
Slayton,Dandre,Mastracchio,Halie,Slayton,Brodie
Slayton,Courteney,Mastracchio,Karly,Slayton,Hunter
Slayton,Jayson,Mastracchio,Halie,Slayton,Brodie
Slayton,Ciera,Mastracchio,Karly,Slayton,Hunter
Slayton,Darius,Mastracchio,Halie,Slayton,Brodie
Slayton,Kiesha,Mastracchio,Karly,Slayton,Hunter
Slayton,Mckay,Mastracchio,Halie,Slayton,Brodie
Slayton,Larissa,Mastracchio,Karly,Slayton,Hunter
Slayton,Mitchel,Mastracchio,Halie,Slayton,Brodie
Slayton,Marlee,Mastracchio,Khaliah,Slayton,Brock
Slayton,Ishmael,Mastracchio,Halie,Slayton,Brodie
Slayton,Olga,Mastracchio,Khaliah,Slayton,Brock
Slayton,Jayden,Mastracchio,Karly,Slayton,Hunter
Slayton,Dasia,Mastracchio,Khaliah,Slayton,Brock
Slayton,Nick,Mastracchio,Karly,Slayton,Hunter
Slayton,Debbie,Mastracchio,Khaliah,Slayton,Brock
Slayton,Al,Mastracchio,Karly,Slayton,Hunter
Slayton,Yajayra,Mastracchio,Khaliah,Slayton,Brock
Slayton,Grayson,Mastracchio,Karly,Slayton,Hunter
Slayton,Adrienne,Mastracchio,Khaliah,Slayton,Brock
Slayton,Adam,Mastracchio,Khaliah,Slayton,Brock
Slayton,Cambria,Mastracchio,Khaliah,Slayton,Brock
Slayton,Ibrahim,Mastracchio,Khaliah,Slayton,Brock
Mastracchio,Alysia,Slayton,Daphne,Mastracchio,Craig
Slayton,Emerson,Mastracchio,Khaliah,Slayton,Brock
Mastracchio,Janette,Slayton,Daphne,Mastracchio,Craig
Slayton,Clarence,Mastracchio,Khaliah,Slayton,Brock
Mastracchio,Kerri,Slayton,Daphne,Mastracchio,Craig
Mastracchio,Emmanuel,Slayton,Daphne,Mastracchio,Craig
Mastracchio,Katheryn,Slayton,Daphne,Mastracchio,Craig
Mastracchio,Zev,Slayton,Daphne,Mastracchio,Craig
Mastracchio,Alexia,Slayton,Jena,Mastracchio,Estevan
Mastracchio,Langston,Slayton,Daphne,Mastracchio,Craig
Mastracchio,Lizette,Slayton,Jena,Mastracchio,Estevan
Mastracchio,Jerome,Slayton,Daphne,Mastracchio,Craig
Mastracchio,Tessa,Slayton,Jena,Mastracchio,Estevan
Mastracchio,Jason,Slayton,Daphne,Mastracchio,Craig
Mastracchio,Alex,Slayton,Carol,Mastracchio,Tracy
Mastracchio,Lionel,Slayton,Daphne,Mastracchio,Craig
Mastracchio,Kaila,Slayton,Carol,Mastracchio,Tracy
Mastracchio,Xzavier,Slayton,Daphne,Mastracchio,Craig
Mastracchio,Sheila,Slayton,Carol,Mastracchio,Tracy
Mastracchio,Keith,Slayton,Daphne,Mastracchio,Craig
Mastracchio,Kayley,Slayton,Carol,Mastracchio,Tracy
Mastracchio,Easton,Slayton,Daphne,Mastracchio,Craig
Mastracchio,Baily,Slayton,Carol,Mastracchio,Tracy
Mastracchio,Bennett,Slayton,Daphne,Mastracchio,Craig
Mastracchio,Shanyce,Slayton,Carol,Mastracchio,Tracy
Mastracchio,Ramiro,Slayton,Jena,Mastracchio,Estevan
Mastracchio,Kaylah,Slayton,Catherine,Mastracchio,Adalberto
Mastracchio,Devante,Slayton,Jena,Mastracchio,Estevan
Mastracchio,Halee,Slayton,Catherine,Mastracchio,Adalberto
Mastracchio,Lorenzo,Slayton,Jena,Mastracchio,Estevan
Mastracchio,Chantelle,Slayton,Catherine,Mastracchio,Adalberto
Mastracchio,Markell,Slayton,Jena,Mastracchio,Estevan
Mastracchio,Lianna,Slayton,Catherine,Mastracchio,Adalberto
Mastracchio,Andre,Slayton,Carol,Mastracchio,Tracy
Mastracchio,Alexandra,Slayton,Catherine,Mastracchio,Adalberto
Mastracchio,Justice,Slayton,Carol,Mastracchio,Tracy
Mastracchio,Rylee,Slayton,Catherine,Mastracchio,Adalberto
Mastracchio,Frederick,Slayton,Catherine,Mastracchio,Adalberto
Mastracchio,Marlee,Slayton,Catherine,Mastracchio,Adalberto
Mastracchio,Zachary,Slayton,Catherine,Mastracchio,Adalberto
Mastracchio,Adrianne,Slayton,Joleen,Mastracchio,Terrell
Mastracchio,Jacoby,Slayton,Catherine,Mastracchio,Adalberto
Mastracchio,Aishah,Slayton,Joleen,Mastracchio,Terrell
Mastracchio,Rashad,Slayton,Catherine,Mastracchio,Adalberto
Mastracchio,Chloe,Slayton,Joleen,Mastracchio,Terrell
Mastracchio,Devon,Slayton,Catherine,Mastracchio,Adalberto
Mastracchio,Mikhaila,Slayton,Joleen,Mastracchio,Terrell
Mastracchio,Hugo,Slayton,Catherine,Mastracchio,Adalberto
Mastracchio,Angle,Slayton,Joleen,Mastracchio,Terrell
Mastracchio,Forest,Slayton,Catherine,Mastracchio,Adalberto
Mastracchio,Faith,Slayton,Noel,Mastracchio,Edgar
Mastracchio,Roland,Slayton,Catherine,Mastracchio,Adalberto
Mastracchio,Lakendra,Slayton,Noel,Mastracchio,Edgar
Mastracchio,Kurt,Slayton,Catherine,Mastracchio,Adalberto
Mastracchio,Lydia,Slayton,Noel,Mastracchio,Edgar
Mastracchio,Kenny,Slayton,Catherine,Mastracchio,Adalberto
Mastracchio,Caitriona,Slayton,Noel,Mastracchio,Edgar
Mastracchio,Nickolas,Slayton,Joleen,Mastracchio,Terrell
Mastracchio,Ashley,Slayton,Noel,Mastracchio,Edgar
Mastracchio,Ian,Slayton,Joleen,Mastracchio,Terrell
Mastracchio,Teresa,Slayton,Noel,Mastracchio,Edgar
Mastracchio,Campbell,Slayton,Joleen,Mastracchio,Terrell
Mastracchio,Jaimie,Slayton,Noel,Mastracchio,Edgar
Mastracchio,Don,Slayton,Joleen,Mastracchio,Terrell
Mastracchio,Nichole,Slayton,Noel,Mastracchio,Edgar
Mastracchio,Alexandro,Slayton,Noel,Mastracchio,Edgar
Mastracchio,Jean,Slayton,Kaytlin,Mastracchio,Reuben
Mastracchio,Jon,Slayton,Noel,Mastracchio,Edgar
Mastracchio,Deanna,Slayton,Kaytlin,Mastracchio,Reuben
Mastracchio,Roy,Slayton,Noel,Mastracchio,Edgar
Mastracchio,Amber,Slayton,Kaytlin,Mastracchio,Reuben
Mastracchio,Thomas,Slayton,Noel,Mastracchio,Edgar
Mastracchio,Chelsie,Slayton,Kaytlin,Mastracchio,Reuben
Mastracchio,Brady,Slayton,Noel,Mastracchio,Edgar
Mastracchio,Tiona,Slayton,Kaytlin,Mastracchio,Reuben
Mastracchio,Gerald,Slayton,Noel,Mastracchio,Edgar
Mastracchio,Jazmon,Slayton,Kaytlin,Mastracchio,Reuben
Mastracchio,Andy,Slayton,Noel,Mastracchio,Edgar
Chawla,Karlee,Slayton,Kendal,Chawla,Al
Mastracchio,Jamir,Slayton,Noel,Mastracchio,Edgar
Chawla,Asya,Slayton,Kendal,Chawla,Al
Mastracchio,Joey,Slayton,Noel,Mastracchio,Edgar
Chawla,Cheyenne,Slayton,Kendal,Chawla,Al
Mastracchio,Carlos,Slayton,Noel,Mastracchio,Edgar
Chawla,Caroline,Slayton,Kendal,Chawla,Al
Mastracchio,German,Slayton,Noel,Mastracchio,Edgar
Chawla,Elyse,Slayton,Kendal,Chawla,Al
Mastracchio,Jeb,Slayton,Kaytlin,Mastracchio,Reuben
Chawla,Kenyetta,Slayton,Kendal,Chawla,Al
Mastracchio,Westley,Slayton,Kaytlin,Mastracchio,Reuben
Chawla,Khyla,Slayton,Kendal,Chawla,Al
Mastracchio,Sebastien,Slayton,Kaytlin,Mastracchio,Reuben
Chawla,Tayla,Slayton,Kendal,Chawla,Al
Mastracchio,Neftaly,Slayton,Kaytlin,Mastracchio,Reuben
Chawla,Sky,Slayton,Kendal,Chawla,Al
Mastracchio,Brannon,Slayton,Kaytlin,Mastracchio,Reuben
Taft,Clare,Mastracchio,Mileena,Taft,Antavius
Chawla,Diego,Slayton,Kendal,Chawla,Al
Taft,Kelsey,Mastracchio,Mileena,Taft,Antavius
Chawla,Misael,Slayton,Kendal,Chawla,Al
Taft,Tyra,Mastracchio,Mileena,Taft,Antavius
Chawla,Samson,Slayton,Kendal,Chawla,Al
Taft,Tess,Mastracchio,Mileena,Taft,Antavius
Chawla,Carlos,Slayton,Kendal,Chawla,Al
Taft,Gina,Mastracchio,Mileena,Taft,Antavius
Chawla,Asa,Slayton,Kendal,Chawla,Al
Taft,Lizette,Mastracchio,Mileena,Taft,Antavius
Chawla,Edgar,Slayton,Kendal,Chawla,Al
Taft,Mollie,Mastracchio,Mileena,Taft,Antavius
Chawla,Idris,Slayton,Kendal,Chawla,Al
Taft,Alicia,Mastracchio,Mileena,Taft,Antavius
Chawla,Damien,Slayton,Kendal,Chawla,Al
Taft,Rayna,Mastracchio,Mileena,Taft,Antavius
Chawla,Tanner,Slayton,Kendal,Chawla,Al
Taft,Karyna,Mastracchio,Mileena,Taft,Antavius
Chawla,Bronson,Slayton,Kendal,Chawla,Al
Taft,Rachelle,Mastracchio,Mileena,Taft,Antavius
Taft,Denzell,Mastracchio,Mileena,Taft,Antavius
Taft,Anjelica,Mastracchio,Abbigail,Taft,Ty
Taft,Rigoberto,Mastracchio,Mileena,Taft,Antavius
Taft,Jamee,Mastracchio,Abbigail,Taft,Ty
Taft,Curtis,Mastracchio,Mileena,Taft,Antavius
Taft,Dana,Mastracchio,Abbigail,Taft,Ty
Taft,Ramon,Mastracchio,Mileena,Taft,Antavius
Taft,Ali,Mastracchio,Abbigail,Taft,Ty
Taft,Kayvon,Mastracchio,Mileena,Taft,Antavius
Taft,Banesa,Mastracchio,Abbigail,Taft,Ty
Taft,Tavon,Mastracchio,Mileena,Taft,Antavius
Taft,Estefania,Mastracchio,Abbigail,Taft,Ty
Taft,Jasen,Mastracchio,Mileena,Taft,Antavius
Taft,Christy,Mastracchio,Abbigail,Taft,Ty
Taft,Wade,Mastracchio,Mileena,Taft,Antavius
Taft,Dixie,Mastracchio,Abbigail,Taft,Ty
Taft,Salvador,Mastracchio,Abbigail,Taft,Ty
Taft,Deanne,Mastracchio,Kirstin,Taft,Marcello
Taft,Gilbert,Mastracchio,Abbigail,Taft,Ty
Taft,Yajaira,Mastracchio,Kirstin,Taft,Marcello
Taft,Johnathan,Mastracchio,Abbigail,Taft,Ty
Taft,Susanna,Mastracchio,Kirstin,Taft,Marcello
Taft,Delonta,Mastracchio,Abbigail,Taft,Ty
Taft,Samira,Mastracchio,Kirstin,Taft,Marcello
Taft,Abdiel,Mastracchio,Abbigail,Taft,Ty
Taft,Mikyla,Mastracchio,Kelly,Taft,Coby
Taft,Brady,Mastracchio,Abbigail,Taft,Ty
Taft,Khyla,Mastracchio,Kelly,Taft,Coby
Taft,Amari,Mastracchio,Kirstin,Taft,Marcello
Taft,Helen,Mastracchio,Aimee,Taft,Armando
Taft,Latrell,Mastracchio,Kirstin,Taft,Marcello
Taft,Jaida,Mastracchio,Aimee,Taft,Armando
Taft,Jeff,Mastracchio,Kirstin,Taft,Marcello
Taft,Melody,Mastracchio,Aimee,Taft,Armando
Taft,Cyrus,Mastracchio,Kelly,Taft,Coby
Taft,Halie,Mastracchio,Aimee,Taft,Armando
Taft,Javier,Mastracchio,Kelly,Taft,Coby
Taft,Haven,Mastracchio,Tory,Taft,Brendon
Taft,Sahil,Mastracchio,Kelly,Taft,Coby
Taft,Shayna,Mastracchio,Tory,Taft,Brendon
Taft,Geoffrey,Mastracchio,Kelly,Taft,Coby
Taft,Aliyah,Mastracchio,Tory,Taft,Brendon
Taft,Brenden,Mastracchio,Aimee,Taft,Armando
Taft,Haleigh,Mastracchio,Tory,Taft,Brendon
Taft,Isiah,Mastracchio,Aimee,Taft,Armando
Taft,Luna,Mastracchio,Tory,Taft,Brendon
Taft,Gannon,Mastracchio,Aimee,Taft,Armando
Taft,Alexus,Chawla,Zulema,Taft,Louis
Taft,Gilberto,Mastracchio,Aimee,Taft,Armando
Taft,Kenzie,Chawla,Zulema,Taft,Louis
Taft,Van,Mastracchio,Aimee,Taft,Armando
Taft,Holli,Chawla,Zulema,Taft,Louis
Taft,Kayle,Mastracchio,Tory,Taft,Brendon
Taft,Ivelisse,Chawla,Zulema,Taft,Louis
Taft,Addison,Mastracchio,Tory,Taft,Brendon
Taft,Nyla,Chawla,Zulema,Taft,Louis
Taft,Efren,Mastracchio,Tory,Taft,Brendon
Taft,Shenelly,Chawla,Zulema,Taft,Louis
Taft,Mohamed,Mastracchio,Tory,Taft,Brendon
Taft,Kaylah,Chawla,Zulema,Taft,Louis
Taft,Frankie,Mastracchio,Tory,Taft,Brendon
Taft,Aaliyah,Chawla,Zulema,Taft,Louis
Taft,Edgardo,Mastracchio,Tory,Taft,Brendon
Taft,Alaina,Chawla,Zulema,Taft,Louis
Taft,Braydon,Mastracchio,Tory,Taft,Brendon
Taft,Jori,Chawla,Zulema,Taft,Louis
Taft,Leon,Mastracchio,Tory,Taft,Brendon
Taft,Clarissa,Chawla,Shenelly,Taft,Sheldon
Taft,Kapil,Mastracchio,Tory,Taft,Brendon
Taft,Jabria,Cabana,Stella,Taft,Saxon
Taft,Jairus,Mastracchio,Tory,Taft,Brendon
Taft,Caitlynn,Cabana,Rebekah,Taft,Carl
Taft,Ward,Chawla,Zulema,Taft,Louis
Taft,Kelcee,Cabana,Rebekah,Taft,Carl
Taft,Ron,Chawla,Zulema,Taft,Louis
Taft,Devyn,Cabana,Rebekah,Taft,Carl
Taft,Triston,Chawla,Zulema,Taft,Louis
Taft,Lea,Cabana,Rebekah,Taft,Carl
Taft,Devante,Chawla,Zulema,Taft,Louis
Taft,Gabrielle,Cabana,Rebekah,Taft,Carl
Taft,Lars,Chawla,Zulema,Taft,Louis
Taft,Kenya,Cabana,Rebekah,Taft,Carl
Taft,Rolando,Chawla,Zulema,Taft,Louis
Taft,Carson,Jackson,Candace,Taft,Lukas
Taft,Kendrick,Chawla,Zulema,Taft,Louis
Taft,Tatiana,Jackson,Candace,Taft,Lukas
Taft,Alberto,Chawla,Zulema,Taft,Louis
Taft,Cherie,Jackson,Candace,Taft,Lukas
Taft,Raheem,Chawla,Shenelly,Taft,Sheldon
Taft,Estefany,Jackson,Candace,Taft,Lukas
Taft,Norman,Chawla,Shenelly,Taft,Sheldon
Taft,Keiarra,Jackson,Candace,Taft,Lukas
Taft,Blaine,Cabana,Stella,Taft,Saxon
Taft,Makenna,Jackson,Candace,Taft,Lukas
Taft,Taylor,Cabana,Stella,Taft,Saxon
Taft,Hattie,Jackson,Candace,Taft,Lukas
Taft,Mateo,Cabana,Stella,Taft,Saxon
Taft,Anne,Jackson,Reina,Taft,Gunnar
Taft,Dustin,Cabana,Rebekah,Taft,Carl
Taft,Jaymee,Jackson,Reina,Taft,Gunnar
Taft,Terron,Cabana,Rebekah,Taft,Carl
Taft,Stephanie,Jackson,Reina,Taft,Gunnar
Taft,Patrick,Cabana,Rebekah,Taft,Carl
Taft,Kacie,Jackson,Reina,Taft,Gunnar
Taft,Bret,Cabana,Rebekah,Taft,Carl
Taft,Trista,Jackson,Anaya,Taft,Barrett
Taft,Nicholas,Cabana,Rebekah,Taft,Carl
Taft,Ravin,Jackson,Anaya,Taft,Barrett
Taft,Trevin,Cabana,Rebekah,Taft,Carl
Taft,Gwendolyn,Jackson,Anaya,Taft,Barrett
Taft,Kasey,Cabana,Rebekah,Taft,Carl
Taft,Chantal,Jackson,Cindy,Taft,Luciano
Taft,Langston,Cabana,Rebekah,Taft,Carl
Taft,Georgia,Jackson,Cindy,Taft,Luciano
Taft,Dontae,Jackson,Candace,Taft,Lukas
Taft,Paxton,Jackson,Cindy,Taft,Luciano
Taft,Bo,Jackson,Candace,Taft,Lukas
Taft,Ebone,Jackson,Cindy,Taft,Luciano
Taft,Mauro,Jackson,Candace,Taft,Lukas
Taft,Merissa,Jackson,Cindy,Taft,Luciano
Taft,Mason,Jackson,Candace,Taft,Lukas
Taft,Armani,Jackson,Cindy,Taft,Luciano
Taft,Carlos,Jackson,Candace,Taft,Lukas
Taft,Graciela,Jackson,Cindy,Taft,Luciano
Taft,Easton,Jackson,Candace,Taft,Lukas
Taft,Zahra,Jackson,Cindy,Taft,Luciano
Taft,Jair,Jackson,Candace,Taft,Lukas
Cabana,Jenna,Taft,Odalys,Cabana,Keeton
Taft,Nico,Jackson,Candace,Taft,Lukas
Cabana,Cortney,Taft,Odalys,Cabana,Keeton
Taft,Brogan,Jackson,Reina,Taft,Gunnar
Cabana,Gerardo,Taft,Odalys,Cabana,Keeton
Taft,Jules,Jackson,Reina,Taft,Gunnar
Cabana,Gabriella,Taft,Odalys,Cabana,Keeton
Taft,Romello,Jackson,Reina,Taft,Gunnar
Cabana,Shenelly,Taft,Tamara,Cabana,John
Taft,Kevon,Jackson,Reina,Taft,Gunnar
Cabana,Promise,Taft,Tamara,Cabana,John
Taft,Reuben,Jackson,Anaya,Taft,Barrett
Cabana,Heavenly,Taft,Tamara,Cabana,John
Taft,Edward,Jackson,Anaya,Taft,Barrett
Cabana,Natalya,Taft,Tamara,Cabana,John
Taft,Danny,Jackson,Anaya,Taft,Barrett
Cabana,Lianna,Taft,Tamara,Cabana,John
Taft,Paris,Jackson,Anaya,Taft,Barrett
Cabana,Jennie,Taft,Tamara,Cabana,John
Taft,Heriberto,Jackson,Cindy,Taft,Luciano
Cabana,Lilibeth,Taft,Tamara,Cabana,John
Taft,Marcell,Jackson,Cindy,Taft,Luciano
Cabana,Trisha,Taft,Tamara,Cabana,John
Taft,Tyran,Jackson,Cindy,Taft,Luciano
Cabana,Evangelina,Taft,Tamara,Cabana,John
Taft,Frank,Jackson,Cindy,Taft,Luciano
Cabana,Leah,Taft,Iman,Cabana,Sean
Taft,Corey,Jackson,Cindy,Taft,Luciano
Cabana,Kelsie,Taft,Iman,Cabana,Sean
Taft,Braden,Jackson,Cindy,Taft,Luciano
Cabana,Krista,Taft,Elexus,Cabana,Travon
Taft,Habram,Jackson,Cindy,Taft,Luciano
Cabana,Destinee,Taft,Elexus,Cabana,Travon
Cabana,Arjun,Taft,Odalys,Cabana,Keeton
Cabana,Tamia,Taft,Elexus,Cabana,Travon
Cabana,Garrett,Taft,Odalys,Cabana,Keeton
Cabana,Jamiya,Jackson,Eden,Cabana,Ayub
Cabana,Luciano,Taft,Odalys,Cabana,Keeton
Cabana,Kendall,Jackson,Eden,Cabana,Ayub
Cabana,Rahim,Taft,Odalys,Cabana,Keeton
Cabana,Blake,Jackson,Eden,Cabana,Ayub
Cabana,Giovanni,Taft,Odalys,Cabana,Keeton
Cabana,Kiana,Jackson,Eden,Cabana,Ayub
Cabana,Lamont,Taft,Tamara,Cabana,John
Cabana,Kristin,Jackson,Eden,Cabana,Ayub
Cabana,Jesus,Taft,Tamara,Cabana,John
Cabana,Miracle,Jackson,Eden,Cabana,Ayub
Cabana,Russell,Taft,Tamara,Cabana,John
Jackson,Abby,Borman,Shane,Jackson,Damon
Cabana,Zaire,Taft,Iman,Cabana,Sean
Jackson,Kayleigh,Borman,Shane,Jackson,Damon
Cabana,Parker,Taft,Iman,Cabana,Sean
Jackson,Baby,Grabe,Giuliana,Jackson,Neal
Cabana,Jesse,Taft,Iman,Cabana,Sean
Jackson,Lori,Grabe,Giuliana,Jackson,Neal
Cabana,Maleek,Taft,Iman,Cabana,Sean
Jackson,Alison,Grabe,Giuliana,Jackson,Neal
Cabana,Christen,Taft,Iman,Cabana,Sean
Jackson,Jacklyn,Grabe,Giuliana,Jackson,Neal
Cabana,Ibrahim,Taft,Elexus,Cabana,Travon
Jackson,Brigid,Grabe,Giuliana,Jackson,Neal
Cabana,Mohamed,Taft,Elexus,Cabana,Travon
Jackson,Peyton,Grabe,Giuliana,Jackson,Neal
Cabana,Terrance,Taft,Elexus,Cabana,Travon
Jackson,Rita,Grabe,Giuliana,Jackson,Neal
Cabana,Byron,Taft,Elexus,Cabana,Travon
Jackson,Giselle,Grabe,Giuliana,Jackson,Neal
Cabana,Micah,Taft,Elexus,Cabana,Travon
Jackson,Melisa,Grabe,Jeffrey,Jackson,Felix
Cabana,Marquis,Taft,Elexus,Cabana,Travon
Jackson,Kayle,Grabe,Jeffrey,Jackson,Felix
Cabana,Hiram,Taft,Elexus,Cabana,Travon
Jackson,Janelle,Grabe,Jeffrey,Jackson,Felix
Cabana,Jevon,Taft,Elexus,Cabana,Travon
Jackson,Alayna,Grabe,Jeffrey,Jackson,Felix
Cabana,Jaron,Taft,Elexus,Cabana,Travon
Jackson,Kianna,Grabe,Jeffrey,Jackson,Felix
Cabana,Rudy,Taft,Elexus,Cabana,Travon
Jackson,Kylee,Grabe,Jeffrey,Jackson,Felix
Cabana,Denzel,Taft,Elexus,Cabana,Travon
Jackson,Yahaira,Grabe,Jeffrey,Jackson,Felix
Cabana,Wilson,Jackson,Eden,Cabana,Ayub
Jackson,Francis,Grabe,Jeffrey,Jackson,Felix
Cabana,Trey,Jackson,Eden,Cabana,Ayub
Jackson,Zandria,Grabe,Janell,Jackson,Raphael
Cabana,Lorenzo,Jackson,Eden,Cabana,Ayub
Jackson,Maryssa,Grabe,Janell,Jackson,Raphael
Cabana,Sedrick,Jackson,Eden,Cabana,Ayub
Jackson,Maureen,Grabe,Janell,Jackson,Raphael
Jackson,Deangelo,Borman,Shane,Jackson,Damon
Jackson,Brigitte,Grabe,Janell,Jackson,Raphael
Jackson,Ronny,Borman,Shane,Jackson,Damon
Jackson,Nina,Grabe,Janell,Jackson,Raphael
Jackson,Allan,Grabe,Giuliana,Jackson,Neal
Jackson,Laura,Grabe,Janell,Jackson,Raphael
Jackson,Daxton,Grabe,Giuliana,Jackson,Neal
Jackson,Meaghan,Grabe,Abbigail,Jackson,Alonso
Jackson,Jaleel,Grabe,Giuliana,Jackson,Neal
Jackson,Amelia,Grabe,Abbigail,Jackson,Alonso
Jackson,Saxon,Grabe,Giuliana,Jackson,Neal
Jackson,Kaleigh,Grabe,Abbigail,Jackson,Alonso
Jackson,Guy,Grabe,Giuliana,Jackson,Neal
Jackson,Dominique,Morin,Breanna,Jackson,Devyn
Jackson,Noah,Grabe,Giuliana,Jackson,Neal
Jackson,Jocelyn,Morin,Breanna,Jackson,Devyn
Jackson,Taquan,Grabe,Giuliana,Jackson,Neal
Jackson,Lauren,Morin,Breanna,Jackson,Devyn
Jackson,Shamar,Grabe,Jeffrey,Jackson,Felix
Jackson,Joselin,Morin,Breanna,Jackson,Devyn
Jackson,Arjun,Grabe,Jeffrey,Jackson,Felix
Borman,Tessa,Jackson,Lillian,Borman,Austen
Jackson,Terance,Grabe,Jeffrey,Jackson,Felix
Borman,Angelika,Jackson,Lillian,Borman,Austen
Jackson,Marcell,Grabe,Jeffrey,Jackson,Felix
Borman,Itzel,Jackson,Lillian,Borman,Austen
Jackson,Micheal,Grabe,Jeffrey,Jackson,Felix
Borman,Serenity,Jackson,Lillian,Borman,Austen
Jackson,Jeff,Grabe,Jeffrey,Jackson,Felix
Borman,Andrea,Jackson,Lillian,Borman,Austen
Jackson,Jessee,Grabe,Jeffrey,Jackson,Felix
Borman,Kristine,Jackson,Lillian,Borman,Austen
Jackson,Leonel,Grabe,Jeffrey,Jackson,Felix
Borman,Carlye,Jackson,Lillian,Borman,Austen
Jackson,Maxwell,Grabe,Janell,Jackson,Raphael
Borman,Hope,Jackson,Erika,Borman,Devin
Jackson,Dandre,Grabe,Janell,Jackson,Raphael
Borman,Kierra,Jackson,Erika,Borman,Devin
Jackson,Dantae,Grabe,Janell,Jackson,Raphael
Borman,Merideth,Jackson,Erika,Borman,Devin
Jackson,Kameron,Grabe,Janell,Jackson,Raphael
Borman,Irene,Jackson,Erika,Borman,Devin
Jackson,Peter,Grabe,Janell,Jackson,Raphael
Borman,Flor,Jackson,Erika,Borman,Devin
Jackson,Eberardo,Grabe,Janell,Jackson,Raphael
Borman,Christina,Jackson,Erika,Borman,Devin
Jackson,Kade,Grabe,Janell,Jackson,Raphael
Borman,Leeann,Jackson,Erika,Borman,Devin
Jackson,Kegan,Grabe,Janell,Jackson,Raphael
Borman,Kaleigh,Jackson,Erika,Borman,Devin
Jackson,Deante,Grabe,Janell,Jackson,Raphael
Borman,Jillian,Jackson,Erika,Borman,Devin
Jackson,Mario,Grabe,Abbigail,Jackson,Alonso
Borman,Makena,Jackson,Erika,Borman,Devin
Jackson,Jameson,Grabe,Abbigail,Jackson,Alonso
Borman,Maryann,Jackson,Erika,Borman,Devin
Jackson,Edward,Grabe,Abbigail,Jackson,Alonso
Borman,Emely,Jackson,Diane,Borman,Tristian
Jackson,Claudio,Morin,Breanna,Jackson,Devyn
Borman,Terri,Jackson,Diane,Borman,Tristian
Jackson,Camron,Morin,Breanna,Jackson,Devyn
Borman,Tatum,Jackson,Diane,Borman,Tristian
Jackson,Yakov,Morin,Breanna,Jackson,Devyn
Borman,Blanca,Jackson,Diane,Borman,Tristian
Jackson,Dakota,Morin,Breanna,Jackson,Devyn
Borman,Samantha,Jackson,Khaila,Borman,Kelvin
Jackson,Jordon,Morin,Breanna,Jackson,Devyn
Borman,Brenda,Jackson,Khaila,Borman,Kelvin
Jackson,Darien,Morin,Breanna,Jackson,Devyn
Borman,Kassandra,Jackson,Khaila,Borman,Kelvin
Borman,Douglas,Jackson,Lillian,Borman,Austen
Borman,Lynda,Jackson,Khaila,Borman,Kelvin
Borman,Reuben,Jackson,Lillian,Borman,Austen
Grabe,Carina,Jackson,Alice,Grabe,Gavin
Borman,Zackary,Jackson,Lillian,Borman,Austen
Grabe,Sabreen,Jackson,Alice,Grabe,Gavin
Borman,Robert,Jackson,Lillian,Borman,Austen
Grabe,Kaylea,Jackson,Alice,Grabe,Gavin
Borman,Neil,Jackson,Lillian,Borman,Austen
Grabe,Felisha,Jackson,Hailey,Grabe,Jeb
Borman,Richie,Jackson,Lillian,Borman,Austen
Grabe,Hannah,Jackson,Hailey,Grabe,Jeb
Borman,Logan,Jackson,Lillian,Borman,Austen
Grabe,Ebony,Jackson,Hailey,Grabe,Jeb
Borman,Terron,Jackson,Lillian,Borman,Austen
Grabe,Erica,Jackson,Hailey,Grabe,Jeb
Borman,Justus,Jackson,Lillian,Borman,Austen
Grabe,Taylor,Jackson,Hailey,Grabe,Jeb
Borman,Peyton,Jackson,Erika,Borman,Devin
Grabe,Deborah,Jackson,Hailey,Grabe,Jeb
Borman,Marques,Jackson,Erika,Borman,Devin
Grabe,Moriah,Jackson,Hailey,Grabe,Jeb
Borman,Sheldon,Jackson,Erika,Borman,Devin
Grabe,Yvonne,Jackson,Hailey,Grabe,Jeb
Borman,Rory,Jackson,Erika,Borman,Devin
Grabe,Monika,Jackson,Hailey,Grabe,Jeb
Borman,Parker,Jackson,Erika,Borman,Devin
Grabe,Juliette,Jackson,Bernadette,Grabe,Elvin
Borman,Dylan,Jackson,Erika,Borman,Devin
Grabe,Caitlan,Jackson,Bernadette,Grabe,Elvin
Borman,Easton,Jackson,Erika,Borman,Devin
Grabe,Diane,Jackson,Bernadette,Grabe,Elvin
Borman,Kelson,Jackson,Erika,Borman,Devin
Grabe,Moesha,Jackson,Bernadette,Grabe,Elvin
Borman,Randall,Jackson,Erika,Borman,Devin
Grabe,Mikyla,Jackson,Bernadette,Grabe,Elvin
Borman,Salvador,Jackson,Diane,Borman,Tristian
Grabe,Wendy,Jackson,Bernadette,Grabe,Elvin
Borman,Bret,Jackson,Diane,Borman,Tristian
Grabe,Noelle,Morin,Cara,Grabe,Dallin
Borman,Killian,Jackson,Diane,Borman,Tristian
Grabe,Jenny,Morin,Cara,Grabe,Dallin
Borman,Angelo,Jackson,Diane,Borman,Tristian
Grabe,Nia,Morin,Cara,Grabe,Dallin
Borman,Zane,Jackson,Diane,Borman,Tristian
Grabe,Catherine,Morin,Cara,Grabe,Dallin
Borman,Keifer,Jackson,Diane,Borman,Tristian
Grabe,Devonna,Morin,Cara,Grabe,Dallin
Borman,Kayle,Jackson,Khaila,Borman,Kelvin
Grabe,Barbara,Morin,Cara,Grabe,Dallin
Borman,Lamonte,Jackson,Khaila,Borman,Kelvin
Grabe,Payton,Morin,Celia,Grabe,Gabriel
Borman,Errol,Jackson,Khaila,Borman,Kelvin
Grabe,Krista,Morin,Celia,Grabe,Gabriel
Grabe,Royce,Jackson,Alice,Grabe,Gavin
Grabe,Josephine,Morin,Celia,Grabe,Gabriel
Grabe,Brian,Jackson,Alice,Grabe,Gavin
Grabe,Marelyn,Morin,Celia,Grabe,Gabriel
Grabe,Mario,Jackson,Alice,Grabe,Gavin
Grabe,Tatiana,Morin,Celia,Grabe,Gabriel
Grabe,Deshawn,Jackson,Alice,Grabe,Gavin
Morin,Isamar,Brady,Antoinette,Morin,Derek
Grabe,Nolan,Jackson,Alice,Grabe,Gavin
Morin,Elijah,Brady,Antoinette,Morin,Derek
Grabe,Tarik,Jackson,Hailey,Grabe,Jeb
Morin,Keara,Brady,Antoinette,Morin,Derek
Grabe,Kamau,Jackson,Hailey,Grabe,Jeb
Morin,Phoebe,Brady,Antoinette,Morin,Derek
Grabe,Markus,Jackson,Hailey,Grabe,Jeb
Morin,Frida,Brady,Antoinette,Morin,Derek
Grabe,Kelton,Jackson,Hailey,Grabe,Jeb
Morin,Lizette,Brady,Antoinette,Morin,Derek
Grabe,Elmer,Jackson,Hailey,Grabe,Jeb
Morin,Annika,Brady,Antoinette,Morin,Derek
Grabe,Albert,Jackson,Hailey,Grabe,Jeb
Morin,Arianna,Brady,Antoinette,Morin,Derek
Grabe,Connor,Jackson,Hailey,Grabe,Jeb
Morin,Amanda,Brady,Juanita,Morin,Lukas
Grabe,Mickey,Jackson,Hailey,Grabe,Jeb
Morin,Kaitlyn,Brady,Juanita,Morin,Lukas
Grabe,Shayne,Jackson,Hailey,Grabe,Jeb
Morin,Hanna,Brady,Juanita,Morin,Lukas
Grabe,Lazaro,Jackson,Hailey,Grabe,Jeb
Morin,Christie,Brady,Monika,Morin,Morgan
Grabe,Malachi,Jackson,Hailey,Grabe,Jeb
Morin,Ana,Brady,Monika,Morin,Morgan
Grabe,Maverick,Jackson,Bernadette,Grabe,Elvin
Morin,Chanelle,Brady,Monika,Morin,Morgan
Grabe,Gunnar,Jackson,Bernadette,Grabe,Elvin
Morin,Diane,Brady,Monika,Morin,Morgan
Grabe,Enrique,Jackson,Bernadette,Grabe,Elvin
Morin,Blaine,Brady,Monika,Morin,Morgan
Grabe,Lashawn,Jackson,Bernadette,Grabe,Elvin
Morin,Annalie,Brady,Monika,Morin,Morgan
Grabe,Rolando,Jackson,Bernadette,Grabe,Elvin
Morin,Sadie,Brady,Monika,Morin,Morgan
Grabe,Davin,Jackson,Bernadette,Grabe,Elvin
Morin,Daphne,Brady,Monika,Morin,Morgan
Grabe,Baby,Jackson,Bernadette,Grabe,Elvin
Morin,Deanna,Brady,Monika,Morin,Morgan
Grabe,Jaylin,Jackson,Bernadette,Grabe,Elvin
Morin,Angelina,Brady,Monika,Morin,Morgan
Grabe,Jon,Jackson,Bernadette,Grabe,Elvin
Morin,Carmelita,Brady,Monika,Morin,Morgan
Grabe,Irfan,Jackson,Bernadette,Grabe,Elvin
Morin,Roslyn,Brady,Carlie,Morin,Romello
Grabe,Micah,Jackson,Bernadette,Grabe,Elvin
Morin,Janessa,Brady,Carlie,Morin,Romello
Grabe,Van,Morin,Cara,Grabe,Dallin
Morin,Bianca,Brady,Carlie,Morin,Romello
Grabe,Daniel,Morin,Cara,Grabe,Dallin
Morin,Sadia,Brady,Allana,Morin,Hugh
Grabe,Lauren,Morin,Cara,Grabe,Dallin
Morin,Shakira,Brady,Allana,Morin,Hugh
Grabe,Andre,Morin,Cara,Grabe,Dallin
Morin,Eryn,Brady,Allana,Morin,Hugh
Grabe,Shamar,Morin,Celia,Grabe,Gabriel
Morin,Kayleigh,Brady,Allana,Morin,Hugh
Grabe,Bretton,Morin,Celia,Grabe,Gabriel
Morin,Cameron,Brady,Allana,Morin,Hugh
Grabe,Deondre,Morin,Celia,Grabe,Gabriel
Brady,Carrie,Morin,Tia,Brady,Lucas
Grabe,Rasheed,Morin,Celia,Grabe,Gabriel
Brady,Keirra,Morin,Tia,Brady,Lucas
Grabe,Nicholaus,Morin,Celia,Grabe,Gabriel
Brady,Sherridan,Morin,Tia,Brady,Lucas
Grabe,Korey,Morin,Celia,Grabe,Gabriel
Brady,Chelsie,Morin,Tia,Brady,Lucas
Grabe,Thaddeus,Morin,Celia,Grabe,Gabriel
Brady,Rayven,Morin,Tia,Brady,Lucas
Grabe,Rodolfo,Morin,Celia,Grabe,Gabriel
Brady,Erica,Morin,Tia,Brady,Lucas
Grabe,Lorenzo,Morin,Celia,Grabe,Gabriel
Brady,Aja,Morin,Tia,Brady,Lucas
Morin,Marques,Brady,Antoinette,Morin,Derek
Brady,Geraldine,Morin,Tasia,Brady,Terance
Morin,Cecil,Brady,Antoinette,Morin,Derek
Brady,Maeghan,Morin,Tasia,Brady,Terance
Morin,Jacob,Brady,Antoinette,Morin,Derek
Brady,Jhane,Morin,Tasia,Brady,Terance
Morin,Albert,Brady,Antoinette,Morin,Derek
Brady,Destini,Morin,Tasia,Brady,Terance
Morin,Salvador,Brady,Antoinette,Morin,Derek
Brady,Sheila,Morin,Tasia,Brady,Terance
Morin,Kareem,Brady,Antoinette,Morin,Derek
Brady,Asia,Morin,Tasia,Brady,Terance
Morin,Lionel,Brady,Antoinette,Morin,Derek
Brady,Audra,Morin,Tasia,Brady,Terance
Morin,Benjamen,Brady,Antoinette,Morin,Derek
Brady,Sophia,Morin,Tasia,Brady,Terance
Morin,Guadalupe,Brady,Antoinette,Morin,Derek
Brady,Ashton,Morin,Ramona,Brady,Emanuel
Morin,Ismael,Brady,Antoinette,Morin,Derek
Brady,Grace,Morin,Ramona,Brady,Emanuel
Morin,Billy,Brady,Antoinette,Morin,Derek
Brady,Stella,Morin,Ramona,Brady,Emanuel
Morin,Adan,Brady,Juanita,Morin,Lukas
Brady,Karla,Morin,Ramona,Brady,Emanuel
Morin,Maleek,Brady,Juanita,Morin,Lukas
Brady,Kaytlyn,Morin,Ramona,Brady,Emanuel
Morin,Reynaldo,Brady,Monika,Morin,Morgan
Brady,Alisha,Morin,Ramona,Brady,Emanuel
Morin,Francisco,Brady,Monika,Morin,Morgan
Brady,Sasha,Morin,Shane,Brady,Kaden
Morin,Jeremy,Brady,Monika,Morin,Morgan
Brady,Imani,Morin,Shane,Brady,Kaden
Morin,Colt,Brady,Monika,Morin,Morgan
Brady,Lilly,Morin,Shane,Brady,Kaden
Morin,Lashawn,Brady,Monika,Morin,Morgan
Brady,Tabitha,Morin,Shane,Brady,Kaden
Morin,Matthew,Brady,Monika,Morin,Morgan
Brady,Sylvia,Morin,Shane,Brady,Kaden
Morin,Roy,Brady,Carlie,Morin,Romello
Brady,Aubrey,Morin,Shane,Brady,Kaden
Morin,Rashad,Brady,Carlie,Morin,Romello
Brady,Debra,Morin,Shane,Brady,Kaden
Morin,Larry,Brady,Carlie,Morin,Romello
Brady,Heidy,Morin,Shane,Brady,Kaden
Morin,Abraham,Brady,Carlie,Morin,Romello
Brady,Katie,Morin,Shane,Brady,Kaden
Morin,Lamar,Brady,Carlie,Morin,Romello
Brady,Graciela,Engle,Amanda,Brady,Reed
Morin,Edward,Brady,Carlie,Morin,Romello
Brady,Cheyenne,Engle,Amanda,Brady,Reed
Morin,Manuel,Brady,Carlie,Morin,Romello
Brady,Norma,Engle,Amanda,Brady,Reed
Morin,Koby,Brady,Allana,Morin,Hugh
Brady,Kayla,Engle,Amanda,Brady,Reed
Morin,Devin,Brady,Allana,Morin,Hugh
Brady,Marlen,Engle,Amanda,Brady,Reed
Morin,Samson,Brady,Allana,Morin,Hugh
Brady,Mandy,Engle,Amanda,Brady,Reed
Morin,Willie,Brady,Allana,Morin,Hugh
Brady,Elizabeth,Engle,Amanda,Brady,Reed
Morin,Garret,Brady,Allana,Morin,Hugh
Brady,Sandra,Engle,Amanda,Brady,Reed
Morin,Nicolas,Brady,Allana,Morin,Hugh
Brady,Tristan,Engle,Amanda,Brady,Reed
Morin,Montel,Brady,Allana,Morin,Hugh
Brady,Zoi,Engle,Xandria,Brady,Abel
Morin,Brice,Brady,Allana,Morin,Hugh
Brady,Chasity,Engle,Xandria,Brady,Abel
Morin,Bradley,Brady,Allana,Morin,Hugh
Brady,Lexy,Engle,Xandria,Brady,Abel
Morin,Carson,Brady,Allana,Morin,Hugh
Brady,Elissa,Engle,Xandria,Brady,Abel
Morin,Kevin,Brady,Allana,Morin,Hugh
Brady,Yvette,Engle,Xandria,Brady,Abel
Morin,Geordan,Brady,Allana,Morin,Hugh
Brady,Monet,Engle,Xandria,Brady,Abel
Brady,Jordin,Morin,Tia,Brady,Lucas
Brady,Chantel,Engle,Xandria,Brady,Abel
Brady,Dan,Morin,Tia,Brady,Lucas
Brady,Valentina,Engle,Xandria,Brady,Abel
Brady,Peyton,Morin,Tia,Brady,Lucas
Brady,Magdalena,Engle,Xandria,Brady,Abel
Brady,David,Morin,Tia,Brady,Lucas
Brady,Deanna,Engle,Xandria,Brady,Abel
Brady,Gilberto,Morin,Tia,Brady,Lucas
Brady,Summer,Engle,Xandria,Brady,Abel
Brady,Rhett,Morin,Tia,Brady,Lucas
Brady,Kristen,Engle,Aliyah,Brady,Johan
Brady,German,Morin,Tia,Brady,Lucas
Brady,Zandria,Engle,Aliyah,Brady,Johan
Brady,Jajuan,Morin,Tia,Brady,Lucas
Brady,Sally,Engle,Aliyah,Brady,Johan
Brady,Lazaro,Morin,Tia,Brady,Lucas
Brady,Camila,Engle,Aliyah,Brady,Johan
Brady,Raul,Morin,Tasia,Brady,Terance
Brady,Lorena,Engle,Aliyah,Brady,Johan
Brady,Denzel,Morin,Tasia,Brady,Terance
Brady,Julia,Engle,Aliyah,Brady,Johan
Brady,Jayson,Morin,Tasia,Brady,Terance
Brady,Renee,Tani,Monet,Brady,Branden
Brady,Kelton,Morin,Tasia,Brady,Terance
Brady,Lyndsey,Tani,Monet,Brady,Branden
Brady,Scott,Morin,Tasia,Brady,Terance
Brady,Brook,Tani,Monet,Brady,Branden
Brady,Lawrence,Morin,Ramona,Brady,Emanuel
Brady,Rocio,Tani,Monet,Brady,Branden
Brady,Jamar,Morin,Ramona,Brady,Emanuel
Brady,Kelli,Tani,Monet,Brady,Branden
Brady,Desmond,Morin,Ramona,Brady,Emanuel
Brady,Irma,Tani,Monet,Brady,Branden
Brady,Kristopher,Morin,Ramona,Brady,Emanuel
Brady,Jaime,Tani,Shania,Brady,Deonta
Brady,Clinton,Morin,Ramona,Brady,Emanuel
Brady,Hilda,Tani,Shania,Brady,Deonta
Brady,Gannon,Morin,Ramona,Brady,Emanuel
Brady,Linsey,Tani,Shania,Brady,Deonta
Brady,Hakeem,Morin,Ramona,Brady,Emanuel
Brady,Darcie,Tani,Shania,Brady,Deonta
Brady,Tucker,Morin,Ramona,Brady,Emanuel
Brady,Jennah,Tani,Shania,Brady,Deonta
Brady,Garrett,Morin,Ramona,Brady,Emanuel
Brady,Katheryn,Tani,Shania,Brady,Deonta
Brady,Anthony,Morin,Ramona,Brady,Emanuel
Engle,Nicolle,Brady,Makenzie,Engle,Fabian
Brady,Edgardo,Morin,Ramona,Brady,Emanuel
Engle,Brenna,Brady,Makenzie,Engle,Fabian
Brady,Hashim,Morin,Ramona,Brady,Emanuel
Engle,Alisha,Brady,Makenzie,Engle,Fabian
Brady,Duncan,Morin,Ramona,Brady,Emanuel
Engle,Blair,Brady,Makenzie,Engle,Fabian
Brady,Mason,Morin,Shane,Brady,Kaden
Engle,Maureen,Brady,Makenzie,Engle,Fabian
Brady,Raequan,Morin,Shane,Brady,Kaden
Engle,Leeann,Brady,Makenzie,Engle,Fabian
Brady,Jamel,Morin,Shane,Brady,Kaden
Engle,Kaela,Brady,Makenzie,Engle,Fabian
Brady,Edwin,Morin,Shane,Brady,Kaden
Engle,Erica,Brady,Makenzie,Engle,Fabian
Brady,Marcus,Morin,Shane,Brady,Kaden
Engle,Sienna,Brady,Makenzie,Engle,Fabian
Brady,Stevan,Morin,Shane,Brady,Kaden
Engle,Essence,Brady,Makenzie,Engle,Fabian
Brady,Elliot,Morin,Shane,Brady,Kaden
Engle,Hailey,Brady,Makenzie,Engle,Fabian
Brady,Leroy,Engle,Amanda,Brady,Reed
Engle,Onesha,Brady,Makenzie,Engle,Fabian
Brady,Al,Engle,Amanda,Brady,Reed
Engle,Emiley,Brady,Makenzie,Engle,Fabian
Brady,Kasey,Engle,Amanda,Brady,Reed
Engle,Idaly,Brady,Makenzie,Engle,Fabian
Brady,Jaleel,Engle,Xandria,Brady,Abel
Engle,Isabel,Brady,Makenzie,Engle,Fabian
Brady,Kalon,Engle,Xandria,Brady,Abel
Engle,Elizabet,Brady,Makenzie,Engle,Fabian
