Moore,Douglas,Pierce,Bridget,Moore,Myles
Cooper,Kendall,Lounge,Jennah,Cooper,Kurtis
McDivitt,Austin,Polk,Juanita,McDivitt,Angelo
Lu,Audrey,McBride,Willow,Lu,Landin
Freeman,Benito,Chaffee,Odalys,Freeman,Dantae
Casper,Dallas,Adams,Presley,Casper,Rayquan
Cox,Spenser,Foreman,Donisha,Cox,Ignacio
Aldrin,Tonya,Ochoa,Marlee,Aldrin,Johnathon
Culbertson,Lloyd,Engle,Maria,Culbertson,Andrew
Low,Allyson,Voss,Kierra,Low,Jacoby
Ashby,Simon,Gemar,Janette,Ashby,Cade
Harbaugh,Jania,Gemar,Celina,Harbaugh,Yair
Linenger,Garrison,Bursch,Jewel,Linenger,Anthony
Wilson,Tabitha,Coolidge,Shaniah,Wilson,Brennan
Henize,Liam,Gorie,Viridiana,Henize,Andy
Kavandi,Tarah,Sega,Makenzie,Kavandi,Michal
Curbeam,Lashawn,Franklin,Ayanna,Curbeam,Austen
Weitz,Desiree,Jefferson,Halee,Weitz,Jessee
Fossum,Davis,Olivas,Johnna,Fossum,Montel
Hawley,Iesha,Grant,Megan,Hawley,Abdiel
Parazynski,Brett,Vanderhooven,Jaime,Parazynski,Ivan
Sega,Katelin,Fisher,Demi,Sega,Bradlee
O'Connor,Dylon,Collins,Keyshla,O'Connor,Jessee
Clifford,Michel,Coleman,Selina,Clifford,Chad
Bloomfield,Denzel,Clifford,Allyson,Bloomfield,Elliot
White,Mariangeli,Brady,Alexa,White,Anton
Bull,Keaton,Linenger,Sinai,Bull,Damian
Hoffman,Aireona,Baker,Marianna,Hoffman,Keon
Moore,Sutton,Cooper,Kendall,Moore,Douglas
Apt,Kaylee,Garfield,Domonique,Apt,Walter
Moore,Ross,Cooper,Kendall,Moore,Douglas
Hoover,Kiarra,Griggs,Joy,Hoover,Bret
Moore,Ever,Cooper,Kendall,Moore,Douglas
Moore,Jaymie,Cooper,Kendall,Moore,Douglas
Moore,Avery,Cooper,Kendall,Moore,Douglas
Moore,Reyna,Cooper,Kendall,Moore,Douglas
McDivitt,Braeden,Lu,Audrey,McDivitt,Austin
Moore,Chaya,Cooper,Kendall,Moore,Douglas
McDivitt,Clifford,Lu,Audrey,McDivitt,Austin
Moore,Kelcee,Cooper,Kendall,Moore,Douglas
McDivitt,Jarvis,Lu,Audrey,McDivitt,Austin
Moore,Janay,Cooper,Kendall,Moore,Douglas
McDivitt,Gonzalo,Lu,Audrey,McDivitt,Austin
Moore,Stormy,Cooper,Kendall,Moore,Douglas
McDivitt,Johnathen,Lu,Audrey,McDivitt,Austin
Moore,Hallie,Cooper,Kendall,Moore,Douglas
McDivitt,Abel,Lu,Audrey,McDivitt,Austin
Moore,Aishah,Cooper,Kendall,Moore,Douglas
McDivitt,Bo,Lu,Audrey,McDivitt,Austin
Moore,Kiersten,Cooper,Kendall,Moore,Douglas
McDivitt,Mike,Lu,Audrey,McDivitt,Austin
McDivitt,Lucia,Lu,Audrey,McDivitt,Austin
McDivitt,Augustus,Lu,Audrey,McDivitt,Austin
McDivitt,Karissa,Lu,Audrey,McDivitt,Austin
McDivitt,Shamar,Lu,Audrey,McDivitt,Austin
McDivitt,Courteney,Lu,Audrey,McDivitt,Austin
Freeman,Erik,Casper,Dallas,Freeman,Benito
McDivitt,Jaymee,Lu,Audrey,McDivitt,Austin
Freeman,Tracy,Casper,Dallas,Freeman,Benito
McDivitt,Kirsten,Lu,Audrey,McDivitt,Austin
Freeman,Jonathon,Casper,Dallas,Freeman,Benito
McDivitt,Shaina,Lu,Audrey,McDivitt,Austin
Freeman,Callum,Casper,Dallas,Freeman,Benito
McDivitt,Janie,Lu,Audrey,McDivitt,Austin
Freeman,Efrain,Casper,Dallas,Freeman,Benito
McDivitt,Rita,Lu,Audrey,McDivitt,Austin
Freeman,Vicente,Casper,Dallas,Freeman,Benito
McDivitt,Elisa,Lu,Audrey,McDivitt,Austin
Freeman,Skyler,Casper,Dallas,Freeman,Benito
Freeman,Nathaly,Casper,Dallas,Freeman,Benito
Cox,Gage,Aldrin,Tonya,Cox,Spenser
Freeman,Emily,Casper,Dallas,Freeman,Benito
Cox,Garett,Aldrin,Tonya,Cox,Spenser
Freeman,Sarahi,Casper,Dallas,Freeman,Benito
Cox,Lionel,Aldrin,Tonya,Cox,Spenser
Freeman,Jasmine,Casper,Dallas,Freeman,Benito
Culbertson,Al,Low,Allyson,Culbertson,Lloyd
Freeman,Shakia,Casper,Dallas,Freeman,Benito
Culbertson,Ali,Low,Allyson,Culbertson,Lloyd
Freeman,Kierstin,Casper,Dallas,Freeman,Benito
Ashby,Kylan,Harbaugh,Jania,Ashby,Simon
Freeman,Baylee,Casper,Dallas,Freeman,Benito
Ashby,Keith,Harbaugh,Jania,Ashby,Simon
Freeman,Brooke,Casper,Dallas,Freeman,Benito
Ashby,Barrett,Harbaugh,Jania,Ashby,Simon
Freeman,Jaymie,Casper,Dallas,Freeman,Benito
Ashby,Mohammad,Harbaugh,Jania,Ashby,Simon
Freeman,Macey,Casper,Dallas,Freeman,Benito
Ashby,Brayden,Harbaugh,Jania,Ashby,Simon
Freeman,Aja,Casper,Dallas,Freeman,Benito
Ashby,Victor,Harbaugh,Jania,Ashby,Simon
Cox,Bryana,Aldrin,Tonya,Cox,Spenser
Ashby,Kaleb,Harbaugh,Jania,Ashby,Simon
Cox,Ravin,Aldrin,Tonya,Cox,Spenser
Linenger,Aidan,Wilson,Tabitha,Linenger,Garrison
Cox,Zahra,Aldrin,Tonya,Cox,Spenser
Linenger,Victor,Wilson,Tabitha,Linenger,Garrison
Cox,Merideth,Aldrin,Tonya,Cox,Spenser
Linenger,Dean,Wilson,Tabitha,Linenger,Garrison
Cox,Kayle,Aldrin,Tonya,Cox,Spenser
Linenger,Maxwell,Wilson,Tabitha,Linenger,Garrison
Cox,Kaydee,Aldrin,Tonya,Cox,Spenser
Linenger,Kylan,Wilson,Tabitha,Linenger,Garrison
Culbertson,Celena,Low,Allyson,Culbertson,Lloyd
Linenger,Brett,Wilson,Tabitha,Linenger,Garrison
Ashby,Kristi,Harbaugh,Jania,Ashby,Simon
Linenger,Kelson,Wilson,Tabitha,Linenger,Garrison
Ashby,Miracle,Harbaugh,Jania,Ashby,Simon
Linenger,Xavier,Wilson,Tabitha,Linenger,Garrison
Ashby,Serenity,Harbaugh,Jania,Ashby,Simon
Linenger,Raheem,Wilson,Tabitha,Linenger,Garrison
Ashby,Molly,Harbaugh,Jania,Ashby,Simon
Linenger,Langston,Wilson,Tabitha,Linenger,Garrison
Ashby,Autumn,Harbaugh,Jania,Ashby,Simon
Linenger,Quanterriu,Wilson,Tabitha,Linenger,Garrison
Ashby,Elsa,Harbaugh,Jania,Ashby,Simon
Henize,Earl,Kavandi,Tarah,Henize,Liam
Ashby,Elaine,Harbaugh,Jania,Ashby,Simon
Henize,Javen,Kavandi,Tarah,Henize,Liam
Ashby,Savanah,Harbaugh,Jania,Ashby,Simon
Henize,Mario,Kavandi,Tarah,Henize,Liam
Ashby,Violet,Harbaugh,Jania,Ashby,Simon
Henize,Emmanuel,Kavandi,Tarah,Henize,Liam
Ashby,Kenyetta,Harbaugh,Jania,Ashby,Simon
Curbeam,Phillip,Weitz,Desiree,Curbeam,Lashawn
Linenger,Alani,Wilson,Tabitha,Linenger,Garrison
Curbeam,Steven,Weitz,Desiree,Curbeam,Lashawn
Linenger,Leann,Wilson,Tabitha,Linenger,Garrison
Curbeam,Steve,Weitz,Desiree,Curbeam,Lashawn
Linenger,Jocelyne,Wilson,Tabitha,Linenger,Garrison
Fossum,Terron,Hawley,Iesha,Fossum,Davis
Linenger,Kamri,Wilson,Tabitha,Linenger,Garrison
Fossum,Kerry,Hawley,Iesha,Fossum,Davis
Linenger,Chasity,Wilson,Tabitha,Linenger,Garrison
Fossum,Griffin,Hawley,Iesha,Fossum,Davis
Henize,Tiona,Kavandi,Tarah,Henize,Liam
Fossum,Braxton,Hawley,Iesha,Fossum,Davis
Henize,Deborah,Kavandi,Tarah,Henize,Liam
Fossum,Davin,Hawley,Iesha,Fossum,Davis
Curbeam,Breana,Weitz,Desiree,Curbeam,Lashawn
Fossum,Chance,Hawley,Iesha,Fossum,Davis
Curbeam,Nia,Weitz,Desiree,Curbeam,Lashawn
Parazynski,Domonic,Sega,Katelin,Parazynski,Brett
Curbeam,Mackenzie,Weitz,Desiree,Curbeam,Lashawn
Parazynski,Nelson,Sega,Katelin,Parazynski,Brett
Curbeam,Yasmeen,Weitz,Desiree,Curbeam,Lashawn
Parazynski,Dion,Sega,Katelin,Parazynski,Brett
Curbeam,Bridget,Weitz,Desiree,Curbeam,Lashawn
Parazynski,Mckay,Sega,Katelin,Parazynski,Brett
Curbeam,Sofia,Weitz,Desiree,Curbeam,Lashawn
O'Connor,Eddie,Clifford,Michel,O'Connor,Dylon
Curbeam,Stacy,Weitz,Desiree,Curbeam,Lashawn
O'Connor,Dana,Clifford,Michel,O'Connor,Dylon
Curbeam,Sheila,Weitz,Desiree,Curbeam,Lashawn
O'Connor,Zachariah,Clifford,Michel,O'Connor,Dylon
Curbeam,Jaymie,Weitz,Desiree,Curbeam,Lashawn
O'Connor,Drew,Clifford,Michel,O'Connor,Dylon
Curbeam,Xian,Weitz,Desiree,Curbeam,Lashawn
O'Connor,Eberardo,Clifford,Michel,O'Connor,Dylon
Curbeam,Bree,Weitz,Desiree,Curbeam,Lashawn
O'Connor,Cameron,Clifford,Michel,O'Connor,Dylon
Fossum,Johanna,Hawley,Iesha,Fossum,Davis
Bloomfield,Harold,White,Mariangeli,Bloomfield,Denzel
Fossum,Abby,Hawley,Iesha,Fossum,Davis
Bloomfield,Randall,White,Mariangeli,Bloomfield,Denzel
Fossum,Jenniffer,Hawley,Iesha,Fossum,Davis
Bloomfield,Jair,White,Mariangeli,Bloomfield,Denzel
Fossum,Paxton,Hawley,Iesha,Fossum,Davis
Bloomfield,Greyson,White,Mariangeli,Bloomfield,Denzel
Parazynski,Alexus,Sega,Katelin,Parazynski,Brett
Bloomfield,Amir,White,Mariangeli,Bloomfield,Denzel
Parazynski,Brianne,Sega,Katelin,Parazynski,Brett
Bloomfield,Ben,White,Mariangeli,Bloomfield,Denzel
Parazynski,Frida,Sega,Katelin,Parazynski,Brett
Bull,Emmett,Hoffman,Aireona,Bull,Keaton
Parazynski,Roslyn,Sega,Katelin,Parazynski,Brett
Bull,Leland,Hoffman,Aireona,Bull,Keaton
Parazynski,Tawny,Sega,Katelin,Parazynski,Brett
Bull,Noe,Hoffman,Aireona,Bull,Keaton
Parazynski,Karlie,Sega,Katelin,Parazynski,Brett
Bull,Patrick,Hoffman,Aireona,Bull,Keaton
Parazynski,Francisca,Sega,Katelin,Parazynski,Brett
Bull,Liam,Hoffman,Aireona,Bull,Keaton
Parazynski,Ashton,Sega,Katelin,Parazynski,Brett
Bull,Irfan,Hoffman,Aireona,Bull,Keaton
Parazynski,Destiana,Sega,Katelin,Parazynski,Brett
Moore,Anthoni,Apt,Kaylee,Moore,Sutton
Parazynski,Aesha,Sega,Katelin,Parazynski,Brett
Moore,Joel,Apt,Kaylee,Moore,Sutton
Parazynski,Sandra,Sega,Katelin,Parazynski,Brett
Moore,Shaquille,Apt,Kaylee,Moore,Sutton
O'Connor,Micaela,Clifford,Michel,O'Connor,Dylon
Moore,Roger,Apt,Kaylee,Moore,Sutton
O'Connor,Candace,Clifford,Michel,O'Connor,Dylon
Moore,Yobani,Apt,Kaylee,Moore,Sutton
Bloomfield,Karley,White,Mariangeli,Bloomfield,Denzel
Moore,Moses,Apt,Kaylee,Moore,Sutton
Bloomfield,Marlena,White,Mariangeli,Bloomfield,Denzel
Moore,Guillermo,Apt,Kaylee,Moore,Sutton
Bloomfield,Meghan,White,Mariangeli,Bloomfield,Denzel
Moore,Rodrigo,Hoover,Kiarra,Moore,Ross
Bloomfield,Abby,White,Mariangeli,Bloomfield,Denzel
Moore,Joseph,Hoover,Kiarra,Moore,Ross
Bloomfield,Jenna,White,Mariangeli,Bloomfield,Denzel
Moore,Junior,Hoover,Kiarra,Moore,Ross
Bull,Kaylyn,Hoffman,Aireona,Bull,Keaton
Moore,Sergio,Hoover,Kiarra,Moore,Ross
Bull,Megan,Hoffman,Aireona,Bull,Keaton
Moore,Raphael,Hoover,Kiarra,Moore,Ross
Bull,Vivien,Hoffman,Aireona,Bull,Keaton
Moore,Amir,Hoover,Kiarra,Moore,Ross
Bull,Makenzi,Hoffman,Aireona,Bull,Keaton
Moore,Frederick,Hoover,Kiarra,Moore,Ross
Bull,Ashlee,Hoffman,Aireona,Bull,Keaton
Moore,Emilio,McDivitt,Lucia,Moore,Ever
Bull,Yvette,Hoffman,Aireona,Bull,Keaton
Moore,Demetrius,McDivitt,Lucia,Moore,Ever
Bull,Barbara,Hoffman,Aireona,Bull,Keaton
Moore,Terance,McDivitt,Lucia,Moore,Ever
Bull,Jill,Hoffman,Aireona,Bull,Keaton
Moore,Dyllon,McDivitt,Lucia,Moore,Ever
Moore,Carina,Apt,Kaylee,Moore,Sutton
Moore,Draven,McDivitt,Lucia,Moore,Ever
Moore,Mindi,Apt,Kaylee,Moore,Sutton
Moore,Talon,McDivitt,Lucia,Moore,Ever
Moore,Xian,Apt,Kaylee,Moore,Sutton
Moore,Brice,McDivitt,Lucia,Moore,Ever
Moore,Teagan,Apt,Kaylee,Moore,Sutton
Moore,Josie,McDivitt,Lucia,Moore,Ever
Moore,Heather,Hoover,Kiarra,Moore,Ross
Moore,Johnathen,McDivitt,Lucia,Moore,Ever
Moore,Christine,Hoover,Kiarra,Moore,Ross
Moore,Bruce,McDivitt,Karissa,Moore,Avery
Moore,Fiona,Hoover,Kiarra,Moore,Ross
Moore,August,McDivitt,Karissa,Moore,Avery
Moore,Bailee,Hoover,Kiarra,Moore,Ross
Moore,Anfernee,McDivitt,Karissa,Moore,Avery
Moore,Jabria,Hoover,Kiarra,Moore,Ross
McDivitt,Javion,Moore,Jaymie,McDivitt,Braeden
Moore,Marisela,Hoover,Kiarra,Moore,Ross
McDivitt,Javon,Moore,Jaymie,McDivitt,Braeden
Moore,Blanca,Hoover,Kiarra,Moore,Ross
McDivitt,Arjun,Moore,Jaymie,McDivitt,Braeden
Moore,Vanessa,Hoover,Kiarra,Moore,Ross
McDivitt,Rashaun,Moore,Jaymie,McDivitt,Braeden
Moore,Cambria,McDivitt,Lucia,Moore,Ever
McDivitt,Brock,Moore,Jaymie,McDivitt,Braeden
Moore,Chase,McDivitt,Lucia,Moore,Ever
McDivitt,Slaten,Moore,Reyna,McDivitt,Clifford
Moore,Molli,McDivitt,Lucia,Moore,Ever
McDivitt,Omar,Moore,Reyna,McDivitt,Clifford
Moore,Lianna,McDivitt,Lucia,Moore,Ever
McDivitt,Cody,Moore,Reyna,McDivitt,Clifford
Moore,Tori,McDivitt,Lucia,Moore,Ever
McDivitt,Graham,Moore,Reyna,McDivitt,Clifford
Moore,Kayleigh,McDivitt,Lucia,Moore,Ever
McDivitt,Tyrell,Moore,Reyna,McDivitt,Clifford
Moore,Amna,McDivitt,Lucia,Moore,Ever
McDivitt,Sidney,Moore,Reyna,McDivitt,Clifford
Moore,Eva,McDivitt,Lucia,Moore,Ever
McDivitt,Jeramie,Moore,Reyna,McDivitt,Clifford
Moore,Maeghan,McDivitt,Lucia,Moore,Ever
McDivitt,Edwin,Moore,Reyna,McDivitt,Clifford
Moore,Caitlan,McDivitt,Karissa,Moore,Avery
McDivitt,Lars,Moore,Chaya,McDivitt,Jarvis
Moore,Alysa,McDivitt,Karissa,Moore,Avery
McDivitt,Xavier,Moore,Chaya,McDivitt,Jarvis
McDivitt,Gabriella,Moore,Jaymie,McDivitt,Braeden
McDivitt,Shane,Moore,Chaya,McDivitt,Jarvis
McDivitt,Monet,Moore,Jaymie,McDivitt,Braeden
McDivitt,Adonis,Moore,Kelcee,McDivitt,Gonzalo
McDivitt,Beatriz,Moore,Jaymie,McDivitt,Braeden
McDivitt,Kylan,Moore,Kelcee,McDivitt,Gonzalo
McDivitt,Felicia,Moore,Jaymie,McDivitt,Braeden
McDivitt,Jayden,Moore,Kelcee,McDivitt,Gonzalo
McDivitt,Yajayra,Moore,Jaymie,McDivitt,Braeden
McDivitt,Jason,Moore,Kelcee,McDivitt,Gonzalo
McDivitt,Savannah,Moore,Jaymie,McDivitt,Braeden
McDivitt,Micheal,Moore,Kelcee,McDivitt,Gonzalo
McDivitt,Jailene,Moore,Reyna,McDivitt,Clifford
McDivitt,Cory,Moore,Kelcee,McDivitt,Gonzalo
McDivitt,Reyanna,Moore,Reyna,McDivitt,Clifford
McDivitt,Collin,Moore,Kelcee,McDivitt,Gonzalo
McDivitt,Loren,Moore,Reyna,McDivitt,Clifford
McDivitt,Chandler,Moore,Kelcee,McDivitt,Gonzalo
McDivitt,Breeanna,Moore,Reyna,McDivitt,Clifford
McDivitt,Warren,Moore,Kelcee,McDivitt,Gonzalo
McDivitt,Taryn,Moore,Reyna,McDivitt,Clifford
McDivitt,Pablo,Moore,Kelcee,McDivitt,Gonzalo
McDivitt,Essence,Moore,Reyna,McDivitt,Clifford
McDivitt,Gerald,Moore,Kelcee,McDivitt,Gonzalo
McDivitt,Aria,Moore,Chaya,McDivitt,Jarvis
McDivitt,Elliott,Moore,Kelcee,McDivitt,Gonzalo
McDivitt,Ayanna,Moore,Chaya,McDivitt,Jarvis
McDivitt,Deshawn,Moore,Janay,McDivitt,Johnathen
McDivitt,Rayna,Moore,Kelcee,McDivitt,Gonzalo
McDivitt,Kelvin,Moore,Janay,McDivitt,Johnathen
McDivitt,Brionna,Moore,Kelcee,McDivitt,Gonzalo
McDivitt,Calib,Moore,Stormy,McDivitt,Abel
McDivitt,Luna,Moore,Kelcee,McDivitt,Gonzalo
McDivitt,Damien,Moore,Stormy,McDivitt,Abel
McDivitt,Madison,Moore,Kelcee,McDivitt,Gonzalo
McDivitt,Claudio,Moore,Stormy,McDivitt,Abel
McDivitt,Constance,Moore,Kelcee,McDivitt,Gonzalo
McDivitt,Jalen,Moore,Stormy,McDivitt,Abel
McDivitt,Kaitlynn,Moore,Kelcee,McDivitt,Gonzalo
McDivitt,Casey,Moore,Stormy,McDivitt,Abel
McDivitt,Annabel,Moore,Kelcee,McDivitt,Gonzalo
McDivitt,Quintin,Moore,Stormy,McDivitt,Abel
McDivitt,Tiyanna,Moore,Janay,McDivitt,Johnathen
McDivitt,Brennan,Moore,Hallie,McDivitt,Bo
McDivitt,Eden,Moore,Janay,McDivitt,Johnathen
McDivitt,Courtney,Moore,Hallie,McDivitt,Bo
McDivitt,Alexis,Moore,Stormy,McDivitt,Abel
McDivitt,Don,Moore,Hallie,McDivitt,Bo
McDivitt,Ivelisse,Moore,Stormy,McDivitt,Abel
McDivitt,Gannon,Moore,Hallie,McDivitt,Bo
McDivitt,Miracle,Moore,Stormy,McDivitt,Abel
McDivitt,Andres,Moore,Hallie,McDivitt,Bo
McDivitt,Anitra,Moore,Stormy,McDivitt,Abel
McDivitt,Ben,Moore,Hallie,McDivitt,Bo
McDivitt,Yajaira,Moore,Stormy,McDivitt,Abel
McDivitt,Willie,Moore,Hallie,McDivitt,Bo
McDivitt,Lilly,Moore,Hallie,McDivitt,Bo
McDivitt,Alejandro,Moore,Hallie,McDivitt,Bo
McDivitt,Jesica,Moore,Hallie,McDivitt,Bo
McDivitt,Myron,Moore,Aishah,McDivitt,Mike
McDivitt,Avery,Moore,Hallie,McDivitt,Bo
McDivitt,Jared,Moore,Aishah,McDivitt,Mike
McDivitt,Stephanie,Moore,Hallie,McDivitt,Bo
McDivitt,Stewart,Moore,Aishah,McDivitt,Mike
McDivitt,Chase,Moore,Hallie,McDivitt,Bo
McDivitt,Coby,Moore,Aishah,McDivitt,Mike
McDivitt,Kenna,Moore,Hallie,McDivitt,Bo
McDivitt,Tristen,Moore,Kiersten,McDivitt,Augustus
McDivitt,Mayra,Moore,Hallie,McDivitt,Bo
McDivitt,Dantae,Moore,Kiersten,McDivitt,Augustus
McDivitt,Raegan,Moore,Hallie,McDivitt,Bo
McDivitt,Ernest,Freeman,Nathaly,McDivitt,Shamar
McDivitt,Tiffanie,Moore,Hallie,McDivitt,Bo
McDivitt,Simon,Freeman,Nathaly,McDivitt,Shamar
McDivitt,Zoee,Moore,Hallie,McDivitt,Bo
McDivitt,Addison,Freeman,Nathaly,McDivitt,Shamar
McDivitt,Rosa,Moore,Hallie,McDivitt,Bo
McDivitt,Moises,Freeman,Nathaly,McDivitt,Shamar
McDivitt,Cecelia,Moore,Hallie,McDivitt,Bo
McDivitt,Jackson,Freeman,Nathaly,McDivitt,Shamar
McDivitt,Luz,Moore,Aishah,McDivitt,Mike
McDivitt,Kirk,Freeman,Nathaly,McDivitt,Shamar
McDivitt,Teagan,Moore,Kiersten,McDivitt,Augustus
McDivitt,Wade,Freeman,Nathaly,McDivitt,Shamar
McDivitt,Celina,Moore,Kiersten,McDivitt,Augustus
McDivitt,Paris,Freeman,Nathaly,McDivitt,Shamar
McDivitt,Eileen,Moore,Kiersten,McDivitt,Augustus
Freeman,Elvin,McDivitt,Courteney,Freeman,Erik
McDivitt,Gabriela,Moore,Kiersten,McDivitt,Augustus
Freeman,Frederick,McDivitt,Courteney,Freeman,Erik
McDivitt,Madeline,Freeman,Nathaly,McDivitt,Shamar
Freeman,Amari,McDivitt,Courteney,Freeman,Erik
McDivitt,Lourdes,Freeman,Nathaly,McDivitt,Shamar
Freeman,Dontae,McDivitt,Courteney,Freeman,Erik
McDivitt,Ryann,Freeman,Nathaly,McDivitt,Shamar
Freeman,Conor,McDivitt,Jaymee,Freeman,Tracy
McDivitt,Sabrina,Freeman,Nathaly,McDivitt,Shamar
Freeman,Gilbert,McDivitt,Jaymee,Freeman,Tracy
McDivitt,Latosha,Freeman,Nathaly,McDivitt,Shamar
Freeman,Juancarlos,McDivitt,Jaymee,Freeman,Tracy
McDivitt,Aubree,Freeman,Nathaly,McDivitt,Shamar
Freeman,Nicholas,McDivitt,Jaymee,Freeman,Tracy
McDivitt,Daja,Freeman,Nathaly,McDivitt,Shamar
Freeman,Houston,McDivitt,Jaymee,Freeman,Tracy
McDivitt,Maryanna,Freeman,Nathaly,McDivitt,Shamar
Freeman,Bryce,McDivitt,Jaymee,Freeman,Tracy
McDivitt,Lilian,Freeman,Nathaly,McDivitt,Shamar
Freeman,Angel,McDivitt,Jaymee,Freeman,Tracy
Freeman,Ronni,McDivitt,Courteney,Freeman,Erik
Freeman,Larry,McDivitt,Kirsten,Freeman,Jonathon
Freeman,Jaida,McDivitt,Courteney,Freeman,Erik
Freeman,Camron,McDivitt,Kirsten,Freeman,Jonathon
Freeman,Sienna,McDivitt,Courteney,Freeman,Erik
Freeman,Tanner,McDivitt,Kirsten,Freeman,Jonathon
Freeman,Stella,McDivitt,Courteney,Freeman,Erik
Freeman,Brennon,McDivitt,Kirsten,Freeman,Jonathon
Freeman,Kendyl,McDivitt,Courteney,Freeman,Erik
Freeman,Noe,McDivitt,Kirsten,Freeman,Jonathon
Freeman,Nora,McDivitt,Courteney,Freeman,Erik
Freeman,Shelby,McDivitt,Kirsten,Freeman,Jonathon
Freeman,Nereida,McDivitt,Courteney,Freeman,Erik
Freeman,Roy,McDivitt,Shaina,Freeman,Callum
Freeman,Kathleen,McDivitt,Courteney,Freeman,Erik
Freeman,Dean,McDivitt,Shaina,Freeman,Callum
Freeman,Irma,McDivitt,Courteney,Freeman,Erik
Freeman,Jimmy,McDivitt,Shaina,Freeman,Callum
Freeman,Lynn,McDivitt,Jaymee,Freeman,Tracy
Freeman,Justyn,McDivitt,Shaina,Freeman,Callum
Freeman,Kasandra,McDivitt,Jaymee,Freeman,Tracy
Freeman,Dane,McDivitt,Shaina,Freeman,Callum
Freeman,Lilian,McDivitt,Jaymee,Freeman,Tracy
Freeman,Damian,McDivitt,Shaina,Freeman,Callum
Freeman,Mandi,McDivitt,Jaymee,Freeman,Tracy
Freeman,Alexandro,McDivitt,Shaina,Freeman,Callum
Freeman,Leeann,McDivitt,Jaymee,Freeman,Tracy
Freeman,Misael,McDivitt,Shaina,Freeman,Callum
Freeman,Jaimie,McDivitt,Jaymee,Freeman,Tracy
Freeman,Darrin,McDivitt,Shaina,Freeman,Callum
Freeman,Judy,McDivitt,Jaymee,Freeman,Tracy
Freeman,Terrell,McDivitt,Janie,Freeman,Efrain
Freeman,Karly,McDivitt,Jaymee,Freeman,Tracy
Freeman,Joshua,McDivitt,Janie,Freeman,Efrain
Freeman,Abbigail,McDivitt,Jaymee,Freeman,Tracy
Freeman,Mario,McDivitt,Rita,Freeman,Vicente
Freeman,Stephania,McDivitt,Jaymee,Freeman,Tracy
Freeman,Curtis,McDivitt,Rita,Freeman,Vicente
Freeman,Keanna,McDivitt,Jaymee,Freeman,Tracy
Freeman,Shemar,McDivitt,Rita,Freeman,Vicente
Freeman,Christian,McDivitt,Kirsten,Freeman,Jonathon
Freeman,Alberto,McDivitt,Rita,Freeman,Vicente
Freeman,Briana,McDivitt,Kirsten,Freeman,Jonathon
Freeman,Carter,McDivitt,Rita,Freeman,Vicente
Freeman,Moesha,McDivitt,Kirsten,Freeman,Jonathon
Freeman,Joseph,McDivitt,Elisa,Freeman,Skyler
Freeman,Stevie,McDivitt,Kirsten,Freeman,Jonathon
Freeman,Ryan,McDivitt,Elisa,Freeman,Skyler
Freeman,Ixchel,McDivitt,Kirsten,Freeman,Jonathon
Freeman,Tomas,McDivitt,Elisa,Freeman,Skyler
Freeman,Paloma,McDivitt,Kirsten,Freeman,Jonathon
Freeman,Omar,McDivitt,Elisa,Freeman,Skyler
Freeman,Shania,McDivitt,Kirsten,Freeman,Jonathon
Freeman,Demarco,McDivitt,Elisa,Freeman,Skyler
Freeman,Yajaira,McDivitt,Kirsten,Freeman,Jonathon
Freeman,Sutton,McDivitt,Elisa,Freeman,Skyler
Freeman,Shea,McDivitt,Shaina,Freeman,Callum
Cox,Kieran,Freeman,Emily,Cox,Gage
Freeman,Daniella,McDivitt,Shaina,Freeman,Callum
Cox,Tevin,Freeman,Emily,Cox,Gage
Freeman,Kristine,McDivitt,Shaina,Freeman,Callum
Cox,Pedro,Freeman,Emily,Cox,Gage
Freeman,Deja,McDivitt,Shaina,Freeman,Callum
Cox,Jacob,Freeman,Emily,Cox,Gage
Freeman,Toni,McDivitt,Shaina,Freeman,Callum
Cox,Dexter,Freeman,Sarahi,Cox,Garett
Freeman,Kimberlee,McDivitt,Shaina,Freeman,Callum
Cox,Dedrick,Freeman,Sarahi,Cox,Garett
Freeman,Xochitl,McDivitt,Shaina,Freeman,Callum
Cox,Chance,Freeman,Sarahi,Cox,Garett
Freeman,Isabelle,McDivitt,Shaina,Freeman,Callum
Cox,Arjun,Freeman,Sarahi,Cox,Garett
Freeman,Harlie,McDivitt,Janie,Freeman,Efrain
Cox,Jan,Freeman,Sarahi,Cox,Garett
Freeman,Casie,McDivitt,Janie,Freeman,Efrain
Cox,Garret,Freeman,Sarahi,Cox,Garett
Freeman,Carley,McDivitt,Janie,Freeman,Efrain
Cox,Freddy,Freeman,Sarahi,Cox,Garett
Freeman,Gabriella,McDivitt,Janie,Freeman,Efrain
Cox,Devontae,Freeman,Jasmine,Cox,Lionel
Freeman,Elaine,McDivitt,Janie,Freeman,Efrain
Cox,Payton,Freeman,Jasmine,Cox,Lionel
Freeman,Kayland,McDivitt,Rita,Freeman,Vicente
Cox,Harley,Freeman,Jasmine,Cox,Lionel
Freeman,Jaclyn,McDivitt,Rita,Freeman,Vicente
Culbertson,Mohammad,Freeman,Shakia,Culbertson,Al
Freeman,Nadine,McDivitt,Rita,Freeman,Vicente
Culbertson,Asher,Freeman,Shakia,Culbertson,Al
Freeman,Morgen,McDivitt,Rita,Freeman,Vicente
Culbertson,Tysheem,Freeman,Shakia,Culbertson,Al
Freeman,Kayle,McDivitt,Rita,Freeman,Vicente
Culbertson,Nestor,Freeman,Shakia,Culbertson,Al
Freeman,Kaela,McDivitt,Rita,Freeman,Vicente
Culbertson,Micheal,Freeman,Shakia,Culbertson,Al
Freeman,Glenda,McDivitt,Rita,Freeman,Vicente
Culbertson,Emiliano,Freeman,Shakia,Culbertson,Al
Freeman,Aaliyah,McDivitt,Rita,Freeman,Vicente
Culbertson,Eberardo,Freeman,Shakia,Culbertson,Al
Freeman,Marion,McDivitt,Elisa,Freeman,Skyler
Culbertson,Alfredo,Freeman,Shakia,Culbertson,Al
Freeman,Drew,McDivitt,Elisa,Freeman,Skyler
Culbertson,Daquan,Freeman,Shakia,Culbertson,Al
Freeman,Sania,McDivitt,Elisa,Freeman,Skyler
Culbertson,Stanley,Freeman,Kierstin,Culbertson,Ali
Freeman,Darrian,McDivitt,Elisa,Freeman,Skyler
Culbertson,Derrick,Freeman,Kierstin,Culbertson,Ali
Freeman,Kirstie,McDivitt,Elisa,Freeman,Skyler
Culbertson,Griffin,Freeman,Kierstin,Culbertson,Ali
Freeman,Lilly,McDivitt,Elisa,Freeman,Skyler
Culbertson,Edgar,Freeman,Kierstin,Culbertson,Ali
Freeman,Ashton,McDivitt,Elisa,Freeman,Skyler
Culbertson,Korey,Freeman,Kierstin,Culbertson,Ali
Cox,Noah,Freeman,Emily,Cox,Gage
Culbertson,Bjorn,Freeman,Kierstin,Culbertson,Ali
Cox,Marianne,Freeman,Emily,Cox,Gage
Ashby,Dallas,Freeman,Baylee,Ashby,Kylan
Cox,Shamaria,Freeman,Emily,Cox,Gage
Ashby,Isaiah,Freeman,Baylee,Ashby,Kylan
Cox,Evelyn,Freeman,Emily,Cox,Gage
Ashby,Domonic,Freeman,Baylee,Ashby,Kylan
Cox,Emilee,Freeman,Emily,Cox,Gage
Ashby,Cecil,Freeman,Baylee,Ashby,Kylan
Cox,Salina,Freeman,Emily,Cox,Gage
Ashby,David,Freeman,Baylee,Ashby,Kylan
Cox,Kenzie,Freeman,Emily,Cox,Gage
Ashby,Clifford,Freeman,Brooke,Ashby,Keith
Cox,Lyric,Freeman,Sarahi,Cox,Garett
Ashby,Austyn,Freeman,Brooke,Ashby,Keith
Cox,Amanda,Freeman,Sarahi,Cox,Garett
Ashby,Moses,Freeman,Brooke,Ashby,Keith
Cox,Jaime,Freeman,Sarahi,Cox,Garett
Ashby,Alejandro,Freeman,Brooke,Ashby,Keith
Cox,Avery,Freeman,Sarahi,Cox,Garett
Ashby,August,Freeman,Brooke,Ashby,Keith
Cox,Catherine,Freeman,Sarahi,Cox,Garett
Ashby,William,Freeman,Brooke,Ashby,Keith
Cox,Kristine,Freeman,Sarahi,Cox,Garett
Ashby,Kody,Freeman,Brooke,Ashby,Keith
Cox,Mariela,Freeman,Jasmine,Cox,Lionel
Ashby,Sawyer,Freeman,Brooke,Ashby,Keith
Cox,Carmela,Freeman,Jasmine,Cox,Lionel
Ashby,Gunnar,Freeman,Brooke,Ashby,Keith
Culbertson,Shelly,Freeman,Shakia,Culbertson,Al
Ashby,Nathanael,Freeman,Jaymie,Ashby,Barrett
Culbertson,Kayleen,Freeman,Shakia,Culbertson,Al
Ashby,Harley,Freeman,Jaymie,Ashby,Barrett
Culbertson,Rikki,Freeman,Shakia,Culbertson,Al
Ashby,Denzel,Freeman,Jaymie,Ashby,Barrett
Culbertson,Isamar,Freeman,Shakia,Culbertson,Al
Ashby,Glenn,Freeman,Jaymie,Ashby,Barrett
Culbertson,Tanna,Freeman,Shakia,Culbertson,Al
Ashby,Julius,Freeman,Jaymie,Ashby,Barrett
Culbertson,Caitriona,Freeman,Shakia,Culbertson,Al
Ashby,Cullen,Freeman,Jaymie,Ashby,Barrett
Culbertson,Darcie,Freeman,Shakia,Culbertson,Al
Ashby,Brady,Freeman,Jaymie,Ashby,Barrett
Culbertson,Taylor,Freeman,Shakia,Culbertson,Al
Ashby,Wilmer,Freeman,Macey,Ashby,Mohammad
Culbertson,Rebeca,Freeman,Shakia,Culbertson,Al
Ashby,Derek,Freeman,Macey,Ashby,Mohammad
Culbertson,Breanna,Freeman,Shakia,Culbertson,Al
Ashby,Jarrod,Freeman,Macey,Ashby,Mohammad
Culbertson,Annmarie,Freeman,Shakia,Culbertson,Al
Ashby,Keifer,Freeman,Aja,Ashby,Brayden
Culbertson,Rubi,Freeman,Kierstin,Culbertson,Ali
Ashby,Darnell,Freeman,Aja,Ashby,Brayden
Culbertson,Hattie,Freeman,Kierstin,Culbertson,Ali
Ashby,Chaim,Freeman,Aja,Ashby,Brayden
Culbertson,Dyamond,Freeman,Kierstin,Culbertson,Ali
Ashby,Greyson,Freeman,Aja,Ashby,Brayden
Culbertson,Claire,Freeman,Kierstin,Culbertson,Ali
Ashby,Nicolas,Freeman,Aja,Ashby,Brayden
Culbertson,Madeleine,Freeman,Kierstin,Culbertson,Ali
Ashby,Gordon,Freeman,Aja,Ashby,Brayden
Culbertson,Stefanie,Freeman,Kierstin,Culbertson,Ali
Ashby,Armando,Freeman,Aja,Ashby,Brayden
Culbertson,Aubree,Freeman,Kierstin,Culbertson,Ali
Ashby,Bennett,Cox,Bryana,Ashby,Victor
Ashby,Hattie,Freeman,Baylee,Ashby,Kylan
Ashby,George,Cox,Bryana,Ashby,Victor
Ashby,Chelsea,Freeman,Baylee,Ashby,Kylan
Ashby,Anthony,Cox,Bryana,Ashby,Victor
Ashby,Gloria,Freeman,Brooke,Ashby,Keith
Ashby,Emerson,Cox,Bryana,Ashby,Victor
Ashby,Athena,Freeman,Brooke,Ashby,Keith
Ashby,Jamison,Cox,Bryana,Ashby,Victor
Ashby,Adrienne,Freeman,Brooke,Ashby,Keith
Ashby,Tristan,Cox,Bryana,Ashby,Victor
Ashby,Kansas,Freeman,Brooke,Ashby,Keith
Ashby,Mauricio,Cox,Ravin,Ashby,Kaleb
Ashby,Maeghan,Freeman,Brooke,Ashby,Keith
Ashby,Deontae,Cox,Ravin,Ashby,Kaleb
Ashby,Logan,Freeman,Brooke,Ashby,Keith
Ashby,Kayvon,Cox,Ravin,Ashby,Kaleb
Ashby,Tara,Freeman,Jaymie,Ashby,Barrett
Ashby,Vinh,Cox,Ravin,Ashby,Kaleb
Ashby,Tamia,Freeman,Jaymie,Ashby,Barrett
Linenger,Dantae,Cox,Zahra,Linenger,Aidan
Ashby,Cecilia,Freeman,Jaymie,Ashby,Barrett
Linenger,Stanley,Cox,Zahra,Linenger,Aidan
Ashby,Sophie,Freeman,Jaymie,Ashby,Barrett
Linenger,Lukas,Cox,Zahra,Linenger,Aidan
Ashby,Chelsy,Freeman,Jaymie,Ashby,Barrett
Linenger,Nelson,Cox,Zahra,Linenger,Aidan
Ashby,Rebeca,Freeman,Jaymie,Ashby,Barrett
Linenger,Justice,Cox,Merideth,Linenger,Victor
Ashby,Talia,Freeman,Jaymie,Ashby,Barrett
Linenger,Tomas,Cox,Merideth,Linenger,Victor
Ashby,Randi,Freeman,Jaymie,Ashby,Barrett
Linenger,Keshaun,Cox,Merideth,Linenger,Victor
Ashby,Tiera,Freeman,Jaymie,Ashby,Barrett
Linenger,Julio,Cox,Merideth,Linenger,Victor
Ashby,Macie,Freeman,Jaymie,Ashby,Barrett
Linenger,Ivan,Cox,Merideth,Linenger,Victor
Ashby,Alison,Freeman,Jaymie,Ashby,Barrett
Linenger,Alejandro,Cox,Merideth,Linenger,Victor
Ashby,Passion,Freeman,Jaymie,Ashby,Barrett
Linenger,Alvaro,Cox,Merideth,Linenger,Victor
Ashby,Cara,Freeman,Jaymie,Ashby,Barrett
Linenger,Garret,Cox,Kayle,Linenger,Dean
Ashby,Kaylynn,Freeman,Macey,Ashby,Mohammad
Linenger,Collin,Cox,Kayle,Linenger,Dean
Ashby,Jensen,Freeman,Macey,Ashby,Mohammad
Linenger,Ross,Cox,Kayle,Linenger,Dean
Ashby,Lexi,Freeman,Macey,Ashby,Mohammad
Linenger,Payton,Cox,Kayle,Linenger,Dean
Ashby,Marcela,Freeman,Macey,Ashby,Mohammad
Linenger,Trae,Cox,Kayle,Linenger,Dean
Ashby,Vivian,Freeman,Macey,Ashby,Mohammad
Linenger,Salvador,Cox,Kayle,Linenger,Dean
Ashby,Jazmine,Freeman,Macey,Ashby,Mohammad
Linenger,Rigoberto,Cox,Kayle,Linenger,Dean
Ashby,Kali,Freeman,Macey,Ashby,Mohammad
Linenger,Noel,Cox,Kaydee,Linenger,Maxwell
Ashby,Jillian,Freeman,Macey,Ashby,Mohammad
Linenger,Jessie,Cox,Kaydee,Linenger,Maxwell
Ashby,Kayleigh,Freeman,Macey,Ashby,Mohammad
Linenger,Conner,Cox,Kaydee,Linenger,Maxwell
Ashby,Danielle,Freeman,Aja,Ashby,Brayden
Linenger,Jack,Culbertson,Celena,Linenger,Kylan
Ashby,Lourdes,Freeman,Aja,Ashby,Brayden
Linenger,Reuben,Ashby,Kristi,Linenger,Brett
Ashby,Nyla,Freeman,Aja,Ashby,Brayden
Linenger,Brodie,Ashby,Kristi,Linenger,Brett
Ashby,Moesha,Freeman,Aja,Ashby,Brayden
Linenger,Nolan,Ashby,Kristi,Linenger,Brett
Ashby,Jori,Freeman,Aja,Ashby,Brayden
Linenger,Keion,Ashby,Kristi,Linenger,Brett
Ashby,Shaylee,Freeman,Aja,Ashby,Brayden
Linenger,Emmett,Ashby,Kristi,Linenger,Brett
Ashby,Perla,Freeman,Aja,Ashby,Brayden
Linenger,Shemar,Ashby,Miracle,Linenger,Kelson
Ashby,Kaitlin,Freeman,Aja,Ashby,Brayden
Linenger,Joe,Ashby,Miracle,Linenger,Kelson
Ashby,Tiana,Freeman,Aja,Ashby,Brayden
Linenger,Gannon,Ashby,Miracle,Linenger,Kelson
Ashby,Mikaela,Freeman,Aja,Ashby,Brayden
Linenger,Austen,Ashby,Miracle,Linenger,Kelson
Ashby,Samira,Freeman,Aja,Ashby,Brayden
Linenger,Yakov,Ashby,Miracle,Linenger,Kelson
Ashby,Kori,Freeman,Aja,Ashby,Brayden
Linenger,Armani,Ashby,Miracle,Linenger,Kelson
Ashby,Aylin,Cox,Bryana,Ashby,Victor
Linenger,Cade,Ashby,Miracle,Linenger,Kelson
Ashby,Haiden,Cox,Bryana,Ashby,Victor
Linenger,Aspen,Ashby,Miracle,Linenger,Kelson
Ashby,Lilly,Cox,Bryana,Ashby,Victor
Linenger,Winston,Ashby,Miracle,Linenger,Kelson
Ashby,Barbara,Cox,Bryana,Ashby,Victor
Linenger,Antavius,Ashby,Miracle,Linenger,Kelson
Ashby,Jaime,Cox,Bryana,Ashby,Victor
Linenger,Clayton,Ashby,Miracle,Linenger,Kelson
Ashby,Moriah,Cox,Bryana,Ashby,Victor
Linenger,Bennie,Ashby,Serenity,Linenger,Xavier
Ashby,Nancy,Cox,Bryana,Ashby,Victor
Linenger,Efrain,Ashby,Serenity,Linenger,Xavier
Ashby,Tiffanie,Cox,Ravin,Ashby,Kaleb
Linenger,Stefan,Ashby,Serenity,Linenger,Xavier
Ashby,Berenice,Cox,Ravin,Ashby,Kaleb
Linenger,Oneil,Ashby,Serenity,Linenger,Xavier
Ashby,Chrystal,Cox,Ravin,Ashby,Kaleb
Linenger,Tyreek,Ashby,Serenity,Linenger,Xavier
Ashby,Hailey,Cox,Ravin,Ashby,Kaleb
Linenger,Lance,Ashby,Serenity,Linenger,Xavier
Linenger,Marysol,Cox,Zahra,Linenger,Aidan
Linenger,Michel,Ashby,Serenity,Linenger,Xavier
Linenger,Ciera,Cox,Zahra,Linenger,Aidan
Linenger,Quintyn,Ashby,Molly,Linenger,Raheem
Linenger,Kyndra,Cox,Zahra,Linenger,Aidan
Linenger,Zane,Ashby,Molly,Linenger,Raheem
Linenger,Chanelle,Cox,Zahra,Linenger,Aidan
Linenger,Ty,Ashby,Molly,Linenger,Raheem
Linenger,Kirsten,Cox,Zahra,Linenger,Aidan
Linenger,Reese,Ashby,Molly,Linenger,Raheem
Linenger,Katharine,Cox,Zahra,Linenger,Aidan
Linenger,Kody,Ashby,Molly,Linenger,Raheem
Linenger,Cecilia,Cox,Merideth,Linenger,Victor
Linenger,Jamari,Ashby,Molly,Linenger,Raheem
Linenger,Stormy,Cox,Merideth,Linenger,Victor
Linenger,Jace,Ashby,Molly,Linenger,Raheem
Linenger,Shiloh,Cox,Merideth,Linenger,Victor
Linenger,Enoch,Ashby,Autumn,Linenger,Langston
Linenger,Nia,Cox,Merideth,Linenger,Victor
Linenger,Drew,Ashby,Autumn,Linenger,Langston
Linenger,Ravin,Cox,Merideth,Linenger,Victor
Linenger,Javion,Ashby,Autumn,Linenger,Langston
Linenger,Chandler,Cox,Merideth,Linenger,Victor
Linenger,Nikolas,Ashby,Autumn,Linenger,Langston
Linenger,Antonia,Cox,Merideth,Linenger,Victor
Linenger,Agustin,Ashby,Autumn,Linenger,Langston
Linenger,Mckayla,Cox,Kayle,Linenger,Dean
Linenger,Caleb,Ashby,Autumn,Linenger,Langston
Linenger,Ruby,Cox,Kayle,Linenger,Dean
Linenger,Baby,Ashby,Autumn,Linenger,Langston
Linenger,Vivien,Cox,Kayle,Linenger,Dean
Linenger,Malcolm,Ashby,Autumn,Linenger,Langston
Linenger,Diana,Cox,Kayle,Linenger,Dean
Linenger,Stephon,Ashby,Autumn,Linenger,Langston
Linenger,Tynia,Cox,Kayle,Linenger,Dean
Linenger,Glenn,Ashby,Elsa,Linenger,Quanterriu
Linenger,Johnna,Cox,Kayle,Linenger,Dean
Linenger,Benjamin,Ashby,Elsa,Linenger,Quanterriu
Linenger,Reagan,Cox,Kayle,Linenger,Dean
Linenger,Tyrell,Ashby,Elsa,Linenger,Quanterriu
Linenger,Robin,Cox,Kayle,Linenger,Dean
Linenger,Joey,Ashby,Elsa,Linenger,Quanterriu
Linenger,Tabitha,Cox,Kayle,Linenger,Dean
Linenger,Zakery,Ashby,Elsa,Linenger,Quanterriu
Linenger,Dominique,Cox,Kayle,Linenger,Dean
Linenger,Peter,Ashby,Elsa,Linenger,Quanterriu
Linenger,Lily,Cox,Kayle,Linenger,Dean
Henize,Darian,Ashby,Elaine,Henize,Earl
Linenger,Georgia,Cox,Kayle,Linenger,Dean
Henize,Ramon,Ashby,Savanah,Henize,Javen
Linenger,Brieanna,Cox,Kayle,Linenger,Dean
Henize,Lamonte,Ashby,Savanah,Henize,Javen
Linenger,Sarafina,Cox,Kaydee,Linenger,Maxwell
Henize,Andre,Ashby,Violet,Henize,Mario
Linenger,Faith,Culbertson,Celena,Linenger,Kylan
Henize,Fredy,Ashby,Violet,Henize,Mario
Linenger,Kallee,Culbertson,Celena,Linenger,Kylan
Henize,Brenden,Ashby,Violet,Henize,Mario
Linenger,Sommer,Ashby,Kristi,Linenger,Brett
Henize,Dantae,Ashby,Violet,Henize,Mario
Linenger,Erin,Ashby,Kristi,Linenger,Brett
Henize,Rayvon,Ashby,Violet,Henize,Mario
Linenger,Krista,Ashby,Kristi,Linenger,Brett
Henize,Skylar,Ashby,Violet,Henize,Mario
Linenger,Fabiola,Ashby,Kristi,Linenger,Brett
Henize,Corbin,Ashby,Violet,Henize,Mario
Linenger,Sharon,Ashby,Kristi,Linenger,Brett
Henize,Alden,Ashby,Violet,Henize,Mario
Linenger,Karli,Ashby,Miracle,Linenger,Kelson
Henize,Keon,Ashby,Violet,Henize,Mario
Linenger,Mireya,Ashby,Miracle,Linenger,Kelson
Henize,Javion,Ashby,Violet,Henize,Mario
Linenger,Rosalinda,Ashby,Miracle,Linenger,Kelson
Henize,Moses,Ashby,Violet,Henize,Mario
Linenger,Kerry,Ashby,Miracle,Linenger,Kelson
Henize,Joey,Ashby,Kenyetta,Henize,Emmanuel
Linenger,Angle,Ashby,Miracle,Linenger,Kelson
Henize,Darrin,Ashby,Kenyetta,Henize,Emmanuel
Linenger,Alice,Ashby,Miracle,Linenger,Kelson
Curbeam,Tyree,Linenger,Alani,Curbeam,Phillip
Linenger,Vivian,Ashby,Miracle,Linenger,Kelson
Curbeam,Jared,Linenger,Alani,Curbeam,Phillip
Linenger,Amna,Ashby,Miracle,Linenger,Kelson
Curbeam,Brandon,Linenger,Alani,Curbeam,Phillip
Linenger,Elsa,Ashby,Miracle,Linenger,Kelson
Curbeam,Edward,Linenger,Alani,Curbeam,Phillip
Linenger,Shekinah,Ashby,Serenity,Linenger,Xavier
Curbeam,Shan,Linenger,Alani,Curbeam,Phillip
Linenger,Monet,Ashby,Molly,Linenger,Raheem
Curbeam,Demetrius,Linenger,Leann,Curbeam,Steven
Linenger,Jaquana,Ashby,Molly,Linenger,Raheem
Curbeam,Kenneth,Linenger,Leann,Curbeam,Steven
Linenger,Mckinzie,Ashby,Molly,Linenger,Raheem
Curbeam,Kai,Linenger,Leann,Curbeam,Steven
Linenger,Laquisha,Ashby,Molly,Linenger,Raheem
Curbeam,Travis,Linenger,Leann,Curbeam,Steven
Linenger,Laken,Ashby,Molly,Linenger,Raheem
Curbeam,Gunnar,Linenger,Leann,Curbeam,Steven
Linenger,Kiarra,Ashby,Autumn,Linenger,Langston
Curbeam,Nestor,Linenger,Leann,Curbeam,Steven
Linenger,Nikki,Ashby,Autumn,Linenger,Langston
Curbeam,Antoine,Linenger,Leann,Curbeam,Steven
Linenger,Shiane,Ashby,Autumn,Linenger,Langston
Curbeam,Patric,Linenger,Leann,Curbeam,Steven
Linenger,Tamara,Ashby,Autumn,Linenger,Langston
Curbeam,Trent,Linenger,Jocelyne,Curbeam,Steve
Linenger,Tanya,Ashby,Autumn,Linenger,Langston
Curbeam,Freddy,Linenger,Jocelyne,Curbeam,Steve
Linenger,Cierra,Ashby,Autumn,Linenger,Langston
Curbeam,Remington,Linenger,Jocelyne,Curbeam,Steve
Linenger,Symone,Ashby,Autumn,Linenger,Langston
Curbeam,Jarrett,Linenger,Jocelyne,Curbeam,Steve
Linenger,Aesha,Ashby,Autumn,Linenger,Langston
Curbeam,Landon,Linenger,Jocelyne,Curbeam,Steve
Linenger,Tristin,Ashby,Autumn,Linenger,Langston
Curbeam,Shea,Linenger,Jocelyne,Curbeam,Steve
Linenger,Angelina,Ashby,Autumn,Linenger,Langston
Curbeam,Alonzo,Linenger,Jocelyne,Curbeam,Steve
Linenger,Kaitlynn,Ashby,Autumn,Linenger,Langston
Fossum,Shamar,Linenger,Kamri,Fossum,Terron
Linenger,Harmony,Ashby,Elsa,Linenger,Quanterriu
Fossum,Thomas,Linenger,Kamri,Fossum,Terron
Linenger,Tori,Ashby,Elsa,Linenger,Quanterriu
Fossum,Dominique,Linenger,Kamri,Fossum,Terron
Linenger,Courtney,Ashby,Elsa,Linenger,Quanterriu
Fossum,Duncan,Linenger,Kamri,Fossum,Terron
Linenger,Zaria,Ashby,Elsa,Linenger,Quanterriu
Fossum,Kolton,Linenger,Kamri,Fossum,Terron
Linenger,Michelle,Ashby,Elsa,Linenger,Quanterriu
Fossum,Justin,Linenger,Kamri,Fossum,Terron
Linenger,Ceaira,Ashby,Elsa,Linenger,Quanterriu
Fossum,Jamie,Linenger,Chasity,Fossum,Kerry
Henize,Siera,Ashby,Elaine,Henize,Earl
Fossum,Tristin,Linenger,Chasity,Fossum,Kerry
Henize,Devonna,Ashby,Elaine,Henize,Earl
Fossum,Justyn,Linenger,Chasity,Fossum,Kerry
Henize,Hailey,Ashby,Elaine,Henize,Earl
Fossum,Demetrius,Linenger,Chasity,Fossum,Kerry
Henize,Rubi,Ashby,Savanah,Henize,Javen
Fossum,Forest,Linenger,Chasity,Fossum,Kerry
Henize,Ciarra,Ashby,Violet,Henize,Mario
Fossum,Johnathan,Linenger,Chasity,Fossum,Kerry
Henize,Shanise,Ashby,Violet,Henize,Mario
Fossum,Tanner,Linenger,Chasity,Fossum,Kerry
Henize,Misty,Ashby,Violet,Henize,Mario
Fossum,Hudson,Henize,Tiona,Fossum,Griffin
Henize,Carrie,Ashby,Violet,Henize,Mario
Fossum,Jesse,Henize,Tiona,Fossum,Griffin
Henize,Leticia,Ashby,Violet,Henize,Mario
Fossum,Travon,Henize,Tiona,Fossum,Griffin
Henize,Tamra,Ashby,Violet,Henize,Mario
Fossum,Bretton,Henize,Tiona,Fossum,Griffin
Henize,Tyler,Ashby,Violet,Henize,Mario
Fossum,Leonardo,Henize,Tiona,Fossum,Griffin
Henize,Talia,Ashby,Violet,Henize,Mario
Fossum,Talon,Henize,Tiona,Fossum,Griffin
Henize,Allie,Ashby,Violet,Henize,Mario
Fossum,Aaron,Henize,Tiona,Fossum,Griffin
Henize,Leann,Ashby,Kenyetta,Henize,Emmanuel
Fossum,Alden,Henize,Deborah,Fossum,Braxton
Curbeam,Stephanie,Linenger,Alani,Curbeam,Phillip
Fossum,Nickolas,Henize,Deborah,Fossum,Braxton
Curbeam,Chantal,Linenger,Alani,Curbeam,Phillip
Fossum,Anfernee,Henize,Deborah,Fossum,Braxton
Curbeam,Kelci,Linenger,Alani,Curbeam,Phillip
Fossum,Elijah,Henize,Deborah,Fossum,Braxton
Curbeam,Chelsie,Linenger,Alani,Curbeam,Phillip
Fossum,Leonard,Henize,Deborah,Fossum,Braxton
Curbeam,Noel,Linenger,Alani,Curbeam,Phillip
Fossum,Beau,Henize,Deborah,Fossum,Braxton
Curbeam,Ashley,Linenger,Alani,Curbeam,Phillip
Fossum,Gene,Curbeam,Breana,Fossum,Davin
Curbeam,Makayla,Linenger,Leann,Curbeam,Steven
Fossum,Callahan,Curbeam,Breana,Fossum,Davin
Curbeam,Tatyana,Linenger,Leann,Curbeam,Steven
Fossum,Sidney,Curbeam,Breana,Fossum,Davin
Curbeam,Amy,Linenger,Leann,Curbeam,Steven
Fossum,Alexander,Curbeam,Nia,Fossum,Chance
Curbeam,Taylorann,Linenger,Leann,Curbeam,Steven
Fossum,Simon,Curbeam,Nia,Fossum,Chance
Curbeam,Eryn,Linenger,Leann,Curbeam,Steven
Fossum,Tony,Curbeam,Nia,Fossum,Chance
Curbeam,Delanie,Linenger,Leann,Curbeam,Steven
Fossum,Cole,Curbeam,Nia,Fossum,Chance
Curbeam,Ayanna,Linenger,Leann,Curbeam,Steven
Fossum,Cullen,Curbeam,Nia,Fossum,Chance
Curbeam,Charity,Linenger,Leann,Curbeam,Steven
Parazynski,Edwin,Curbeam,Mackenzie,Parazynski,Domonic
Curbeam,Aleah,Linenger,Leann,Curbeam,Steven
Parazynski,Austin,Curbeam,Mackenzie,Parazynski,Domonic
Curbeam,Cierra,Linenger,Leann,Curbeam,Steven
Parazynski,Donald,Curbeam,Mackenzie,Parazynski,Domonic
Curbeam,Anastasia,Linenger,Leann,Curbeam,Steven
Parazynski,Jeremiah,Curbeam,Mackenzie,Parazynski,Domonic
Curbeam,Zoee,Linenger,Jocelyne,Curbeam,Steve
Parazynski,Markell,Curbeam,Mackenzie,Parazynski,Domonic
Curbeam,Zoey,Linenger,Jocelyne,Curbeam,Steve
Parazynski,Jessee,Curbeam,Mackenzie,Parazynski,Domonic
Curbeam,Christa,Linenger,Jocelyne,Curbeam,Steve
Parazynski,Tobias,Curbeam,Mackenzie,Parazynski,Domonic
Curbeam,Carla,Linenger,Jocelyne,Curbeam,Steve
Parazynski,Joan,Curbeam,Mackenzie,Parazynski,Domonic
Fossum,Lilly,Linenger,Kamri,Fossum,Terron
Parazynski,John,Curbeam,Mackenzie,Parazynski,Domonic
Fossum,Angelina,Linenger,Kamri,Fossum,Terron
Parazynski,Vincent,Curbeam,Mackenzie,Parazynski,Domonic
Fossum,Kayla,Linenger,Kamri,Fossum,Terron
Parazynski,Zackery,Curbeam,Yasmeen,Parazynski,Nelson
Fossum,Danika,Linenger,Kamri,Fossum,Terron
Parazynski,Agustin,Curbeam,Yasmeen,Parazynski,Nelson
Fossum,Christy,Linenger,Kamri,Fossum,Terron
Parazynski,Anthony,Curbeam,Yasmeen,Parazynski,Nelson
Fossum,Madison,Linenger,Kamri,Fossum,Terron
Cooper,Kurtis,Lounge,Jennah,Moore,Myles,Boilermaker
Parazynski,Ron,Curbeam,Yasmeen,Parazynski,Nelson
Fossum,Rochelle,Linenger,Chasity,Fossum,Kerry
Parazynski,Cameron,Curbeam,Yasmeen,Parazynski,Nelson
Fossum,Ashlie,Linenger,Chasity,Fossum,Kerry
Parazynski,Lane,Curbeam,Yasmeen,Parazynski,Nelson
Fossum,Aimee,Linenger,Chasity,Fossum,Kerry
Parazynski,Britt,Curbeam,Yasmeen,Parazynski,Nelson
Fossum,Kortney,Linenger,Chasity,Fossum,Kerry
Parazynski,Kahlil,Curbeam,Yasmeen,Parazynski,Nelson
Fossum,Nyla,Linenger,Chasity,Fossum,Kerry
Parazynski,Vinh,Curbeam,Yasmeen,Parazynski,Nelson
Fossum,Devany,Linenger,Chasity,Fossum,Kerry
Parazynski,Harry,Curbeam,Yasmeen,Parazynski,Nelson
Fossum,Joceline,Linenger,Chasity,Fossum,Kerry
Parazynski,Everett,Curbeam,Yasmeen,Parazynski,Nelson
Fossum,Shakia,Linenger,Chasity,Fossum,Kerry
Parazynski,Ravon,Curbeam,Yasmeen,Parazynski,Nelson
Fossum,Kyana,Linenger,Chasity,Fossum,Kerry
Parazynski,Habram,Curbeam,Yasmeen,Parazynski,Nelson
Fossum,Sarahmarie,Linenger,Chasity,Fossum,Kerry
Parazynski,Andreas,Curbeam,Yasmeen,Parazynski,Nelson
Fossum,Destiney,Linenger,Chasity,Fossum,Kerry
Parazynski,Allan,Curbeam,Yasmeen,Parazynski,Nelson
Fossum,Elaine,Henize,Tiona,Fossum,Griffin
Parazynski,Jeramie,Curbeam,Bridget,Parazynski,Dion
Fossum,Luisa,Henize,Tiona,Fossum,Griffin
Parazynski,Freddy,Curbeam,Bridget,Parazynski,Dion
Fossum,Clare,Henize,Tiona,Fossum,Griffin
Parazynski,Oliver,Curbeam,Bridget,Parazynski,Dion
Fossum,Lilibeth,Henize,Tiona,Fossum,Griffin
Parazynski,Fabian,Curbeam,Bridget,Parazynski,Dion
Fossum,Regina,Henize,Tiona,Fossum,Griffin
Parazynski,Sebastian,Curbeam,Sofia,Parazynski,Mckay
Fossum,Sonya,Henize,Deborah,Fossum,Braxton
Parazynski,Menachem,Curbeam,Sofia,Parazynski,Mckay
Fossum,Margaret,Henize,Deborah,Fossum,Braxton
Parazynski,Devante,Curbeam,Sofia,Parazynski,Mckay
Fossum,Samara,Henize,Deborah,Fossum,Braxton
Parazynski,Micheal,Curbeam,Sofia,Parazynski,Mckay
Fossum,Tanya,Henize,Deborah,Fossum,Braxton
Parazynski,Tylor,Curbeam,Sofia,Parazynski,Mckay
Fossum,Greer,Henize,Deborah,Fossum,Braxton
Parazynski,Warren,Curbeam,Sofia,Parazynski,Mckay
Fossum,Jaden,Henize,Deborah,Fossum,Braxton
Parazynski,Yobani,Curbeam,Sofia,Parazynski,Mckay
Fossum,Autumn,Curbeam,Breana,Fossum,Davin
Parazynski,Jalil,Curbeam,Sofia,Parazynski,Mckay
Fossum,Tess,Curbeam,Breana,Fossum,Davin
Parazynski,Elliot,Curbeam,Sofia,Parazynski,Mckay
Fossum,Leslie,Curbeam,Nia,Fossum,Chance
Parazynski,Spencer,Curbeam,Sofia,Parazynski,Mckay
Fossum,Dylan,Curbeam,Nia,Fossum,Chance
Parazynski,Estevan,Curbeam,Sofia,Parazynski,Mckay
Fossum,Promise,Curbeam,Nia,Fossum,Chance
Parazynski,Maurice,Curbeam,Sofia,Parazynski,Mckay
Parazynski,Lila,Curbeam,Mackenzie,Parazynski,Domonic
Parazynski,Spenser,Curbeam,Sofia,Parazynski,Mckay
Parazynski,Domonique,Curbeam,Mackenzie,Parazynski,Domonic
Parazynski,Terrance,Curbeam,Sofia,Parazynski,Mckay
Parazynski,Alexandra,Curbeam,Mackenzie,Parazynski,Domonic
Parazynski,Kolton,Curbeam,Sofia,Parazynski,Mckay
Parazynski,Madeline,Curbeam,Mackenzie,Parazynski,Domonic
Parazynski,Colin,Curbeam,Sofia,Parazynski,Mckay
Parazynski,Constance,Curbeam,Mackenzie,Parazynski,Domonic
Parazynski,Jamison,Curbeam,Sofia,Parazynski,Mckay
Parazynski,Lizette,Curbeam,Yasmeen,Parazynski,Nelson
