Reilly,Gage,Bolden,Johnna,Akers,Rayquan,Boilermaker
Reilly,Timothy,Bolden,Johnna,Reilly,Gage
Olivas,Jaimie,Springer,Janessa,Olivas,Ramiro
Akers,Gunnar,Moore,Allison,Akers,Rayquan
McMonagle,Reagan,Creamer,Margarita,McMonagle,Ismael
Fullerton,Jamie,Adams,Isamar,Fullerton,Terron
Gruber,Brenda,Cagle,Macie,Gruber,Timothy
Swanson,Ryland,Deardorff,Fiona,Swanson,Caleb
Schmitt,Tanya,Dunbar,Evelin,Schmitt,Brandon
Givens,Rhett,Duffy,Dylan,Givens,Ward
Smith,Ashlee,Williams,Adriane,Smith,Brooks
Nowak,Amari,Lovell,Reagan,Nowak,Nico
Brady,Khaila,Cooper,Bryanna,Brady,Amari
Thagard,Gordon,Pffaff,Alisia,Thagard,Spencer
Hauck,Jean,Fillmore,Janette,Hauck,Garrick
Sullivan,Wayne,McCandless,Clara,Sullivan,Allen
Aldrin,Melissa,Ashby,Brionna,Aldrin,Luciano
Conrad,Dashane,Carter,Chelsy,Conrad,Korey
Lu,Maritza,Young,Lynn,Lu,Jakob
Garriott,Kelvin,Bursch,Tamera,Garriott,Layne
Wolf,Cecelia,McCulley,Ashli,Wolf,Sawyer
Stefanyshyn,Fernando,Lopez,Brenna,Stefanyshyn,Adam
Harding,Klee,Bridges,Kaelyn,Harding,Stephanie
Armstrong,Abraham,Brand,Maya,Armstrong,Justus
Reilly,Haven,Olivas,Jaimie,Reilly,Timothy
Blaha,Garett,Buchli,Tori,Blaha,Seamus
Reilly,Sheri,Olivas,Jaimie,Reilly,Timothy
Garriott,Santos,Taylor,Sienna,Garriott,Alejandro
Reilly,Kristian,Olivas,Jaimie,Reilly,Timothy
McDivitt,Santana,Jett,Queen,McDivitt,Migel
Reilly,Anja,Olivas,Jaimie,Reilly,Timothy
Schirra,Dwayne,Overmyer,Breeanna,Schirra,Forrest
Reilly,Katelyn,Olivas,Jaimie,Reilly,Timothy
Brown,Tyran,Worden,Kaylin,Brown,Daylon
Reilly,Kierstin,Olivas,Jaimie,Reilly,Timothy
Roosevelt,Erich,Coolidge,Myranda,Roosevelt,Emmett
Reilly,Samantha,Olivas,Jaimie,Reilly,Timothy
Godwin,Marshall,Nelson,Rachel,Godwin,Josie
Reilly,Yajayra,Olivas,Jaimie,Reilly,Timothy
Reilly,Nickalus,Olivas,Jaimie,Reilly,Timothy
Reilly,Sasha,Olivas,Jaimie,Reilly,Timothy
Reilly,Gerard,Olivas,Jaimie,Reilly,Timothy
Akers,Delaney,McMonagle,Reagan,Akers,Gunnar
Reilly,Junior,Olivas,Jaimie,Reilly,Timothy
Akers,Shelbi,McMonagle,Reagan,Akers,Gunnar
Reilly,Derek,Olivas,Jaimie,Reilly,Timothy
Akers,Melissa,McMonagle,Reagan,Akers,Gunnar
Reilly,Oscar,Olivas,Jaimie,Reilly,Timothy
Fullerton,Lena,Gruber,Brenda,Fullerton,Jamie
Reilly,Griffin,Olivas,Jaimie,Reilly,Timothy
Fullerton,Jennah,Gruber,Brenda,Fullerton,Jamie
Reilly,Zackery,Olivas,Jaimie,Reilly,Timothy
Fullerton,Linnea,Gruber,Brenda,Fullerton,Jamie
Reilly,Houston,Olivas,Jaimie,Reilly,Timothy
Fullerton,Zoe,Gruber,Brenda,Fullerton,Jamie
Reilly,Devante,Olivas,Jaimie,Reilly,Timothy
Fullerton,Mollie,Gruber,Brenda,Fullerton,Jamie
Reilly,Terry,Olivas,Jaimie,Reilly,Timothy
Fullerton,Marion,Gruber,Brenda,Fullerton,Jamie
Reilly,Vernon,Olivas,Jaimie,Reilly,Timothy
Fullerton,Madeleine,Gruber,Brenda,Fullerton,Jamie
Akers,Jade,McMonagle,Reagan,Akers,Gunnar
Swanson,Mercedes,Schmitt,Tanya,Swanson,Ryland
Akers,Walker,McMonagle,Reagan,Akers,Gunnar
Swanson,Sofia,Schmitt,Tanya,Swanson,Ryland
Akers,Shmuel,McMonagle,Reagan,Akers,Gunnar
Swanson,Francisca,Schmitt,Tanya,Swanson,Ryland
Akers,Tylor,McMonagle,Reagan,Akers,Gunnar
Swanson,Viridiana,Schmitt,Tanya,Swanson,Ryland
Akers,Jaylin,McMonagle,Reagan,Akers,Gunnar
Swanson,Magdalena,Schmitt,Tanya,Swanson,Ryland
Akers,Bailey,McMonagle,Reagan,Akers,Gunnar
Swanson,Sunny,Schmitt,Tanya,Swanson,Ryland
Akers,Branden,McMonagle,Reagan,Akers,Gunnar
Swanson,Lourdes,Schmitt,Tanya,Swanson,Ryland
Akers,Romeo,McMonagle,Reagan,Akers,Gunnar
Swanson,Nadine,Schmitt,Tanya,Swanson,Ryland
Akers,Adonis,McMonagle,Reagan,Akers,Gunnar
Swanson,Tammy,Schmitt,Tanya,Swanson,Ryland
Akers,Alfonso,McMonagle,Reagan,Akers,Gunnar
Givens,Krysta,Smith,Ashlee,Givens,Rhett
Akers,Kelsey,McMonagle,Reagan,Akers,Gunnar
Nowak,Paxton,Brady,Khaila,Nowak,Amari
Akers,Wade,McMonagle,Reagan,Akers,Gunnar
Nowak,Chloe,Brady,Khaila,Nowak,Amari
Akers,Kieran,McMonagle,Reagan,Akers,Gunnar
Nowak,Alexis,Brady,Khaila,Nowak,Amari
Akers,Rory,McMonagle,Reagan,Akers,Gunnar
Nowak,Kortney,Brady,Khaila,Nowak,Amari
Akers,Kristian,McMonagle,Reagan,Akers,Gunnar
Thagard,Tiani,Hauck,Jean,Thagard,Gordon
Akers,Dominique,McMonagle,Reagan,Akers,Gunnar
Thagard,Makenna,Hauck,Jean,Thagard,Gordon
Fullerton,Yash,Gruber,Brenda,Fullerton,Jamie
Thagard,Amina,Hauck,Jean,Thagard,Gordon
Fullerton,Giovanni,Gruber,Brenda,Fullerton,Jamie
Thagard,Jaida,Hauck,Jean,Thagard,Gordon
Fullerton,Marcanthon,Gruber,Brenda,Fullerton,Jamie
Thagard,Elsa,Hauck,Jean,Thagard,Gordon
Fullerton,Jacoby,Gruber,Brenda,Fullerton,Jamie
Thagard,Zaria,Hauck,Jean,Thagard,Gordon
Fullerton,Steven,Gruber,Brenda,Fullerton,Jamie
Thagard,Shannon,Hauck,Jean,Thagard,Gordon
Fullerton,Connor,Gruber,Brenda,Fullerton,Jamie
Thagard,Joyce,Hauck,Jean,Thagard,Gordon
Fullerton,Alek,Gruber,Brenda,Fullerton,Jamie
Thagard,Myesha,Hauck,Jean,Thagard,Gordon
Fullerton,Karl,Gruber,Brenda,Fullerton,Jamie
Thagard,Mattea,Hauck,Jean,Thagard,Gordon
Swanson,Bryant,Schmitt,Tanya,Swanson,Ryland
Sullivan,Dakota,Aldrin,Melissa,Sullivan,Wayne
Swanson,Mohamad,Schmitt,Tanya,Swanson,Ryland
Sullivan,Brigitte,Aldrin,Melissa,Sullivan,Wayne
Swanson,Jose,Schmitt,Tanya,Swanson,Ryland
Sullivan,Crystal,Aldrin,Melissa,Sullivan,Wayne
Swanson,Marcus,Schmitt,Tanya,Swanson,Ryland
Sullivan,Angelika,Aldrin,Melissa,Sullivan,Wayne
Swanson,Rand,Schmitt,Tanya,Swanson,Ryland
Sullivan,Ashton,Aldrin,Melissa,Sullivan,Wayne
Swanson,Coleman,Schmitt,Tanya,Swanson,Ryland
Sullivan,Regan,Aldrin,Melissa,Sullivan,Wayne
Givens,Jarrett,Smith,Ashlee,Givens,Rhett
Conrad,Asya,Lu,Maritza,Conrad,Dashane
Givens,Miguel,Smith,Ashlee,Givens,Rhett
Conrad,Katharine,Lu,Maritza,Conrad,Dashane
Givens,Savion,Smith,Ashlee,Givens,Rhett
Conrad,Shelby,Lu,Maritza,Conrad,Dashane
Nowak,Davin,Brady,Khaila,Nowak,Amari
Conrad,Symone,Lu,Maritza,Conrad,Dashane
Nowak,Ibrahim,Brady,Khaila,Nowak,Amari
Conrad,Torrie,Lu,Maritza,Conrad,Dashane
Nowak,Bret,Brady,Khaila,Nowak,Amari
Conrad,Johanna,Lu,Maritza,Conrad,Dashane
Nowak,Lloyd,Brady,Khaila,Nowak,Amari
Conrad,Jhane,Lu,Maritza,Conrad,Dashane
Nowak,Kenny,Brady,Khaila,Nowak,Amari
Conrad,Clara,Lu,Maritza,Conrad,Dashane
Nowak,Louis,Brady,Khaila,Nowak,Amari
Garriott,Mattea,Wolf,Cecelia,Garriott,Kelvin
Nowak,Talon,Brady,Khaila,Nowak,Amari
Garriott,Nayeli,Wolf,Cecelia,Garriott,Kelvin
Nowak,Denzell,Brady,Khaila,Nowak,Amari
Garriott,Kaina,Wolf,Cecelia,Garriott,Kelvin
Nowak,Jordin,Brady,Khaila,Nowak,Amari
Stefanyshyn,Justine,Harding,Klee,Stefanyshyn,Fernando
Nowak,Damian,Brady,Khaila,Nowak,Amari
Stefanyshyn,Desteny,Harding,Klee,Stefanyshyn,Fernando
Thagard,Sedrick,Hauck,Jean,Thagard,Gordon
Stefanyshyn,Keely,Harding,Klee,Stefanyshyn,Fernando
Thagard,Noel,Hauck,Jean,Thagard,Gordon
Armstrong,Kimberlee,Reilly,Haven,Armstrong,Abraham
Thagard,Terrance,Hauck,Jean,Thagard,Gordon
Armstrong,Marina,Reilly,Haven,Armstrong,Abraham
Thagard,Orlando,Hauck,Jean,Thagard,Gordon
Armstrong,Mandi,Reilly,Haven,Armstrong,Abraham
Thagard,Cristobal,Hauck,Jean,Thagard,Gordon
Armstrong,Isis,Reilly,Haven,Armstrong,Abraham
Thagard,Keifer,Hauck,Jean,Thagard,Gordon
Armstrong,Hailee,Reilly,Haven,Armstrong,Abraham
Sullivan,Hassan,Aldrin,Melissa,Sullivan,Wayne
Armstrong,Ashli,Reilly,Haven,Armstrong,Abraham
Sullivan,Skylar,Aldrin,Melissa,Sullivan,Wayne
Blaha,Joi,Reilly,Sheri,Blaha,Garett
Sullivan,Kelsey,Aldrin,Melissa,Sullivan,Wayne
Blaha,Toni,Reilly,Sheri,Blaha,Garett
Sullivan,Mark,Aldrin,Melissa,Sullivan,Wayne
Blaha,Jeffrey,Reilly,Sheri,Blaha,Garett
Sullivan,Philip,Aldrin,Melissa,Sullivan,Wayne
Blaha,Callan,Reilly,Sheri,Blaha,Garett
Sullivan,Maleek,Aldrin,Melissa,Sullivan,Wayne
Blaha,Catherine,Reilly,Sheri,Blaha,Garett
Sullivan,Pierce,Aldrin,Melissa,Sullivan,Wayne
Blaha,Leann,Reilly,Sheri,Blaha,Garett
Conrad,Drew,Lu,Maritza,Conrad,Dashane
Blaha,London,Reilly,Sheri,Blaha,Garett
Conrad,Esteban,Lu,Maritza,Conrad,Dashane
Blaha,Jaden,Reilly,Sheri,Blaha,Garett
Conrad,Kameron,Lu,Maritza,Conrad,Dashane
Garriott,Chanelle,Reilly,Kristian,Garriott,Santos
Garriott,Tommy,Wolf,Cecelia,Garriott,Kelvin
Garriott,Yazmin,Reilly,Kristian,Garriott,Santos
Garriott,Dominique,Wolf,Cecelia,Garriott,Kelvin
Garriott,Destiney,Reilly,Kristian,Garriott,Santos
Garriott,Antoine,Wolf,Cecelia,Garriott,Kelvin
Garriott,Kaycee,Reilly,Kristian,Garriott,Santos
Garriott,Shane,Wolf,Cecelia,Garriott,Kelvin
Garriott,Yahaira,Reilly,Kristian,Garriott,Santos
Garriott,Junior,Wolf,Cecelia,Garriott,Kelvin
Garriott,Alysia,Reilly,Kristian,Garriott,Santos
Stefanyshyn,Efren,Harding,Klee,Stefanyshyn,Fernando
Garriott,Louisa,Reilly,Kristian,Garriott,Santos
Stefanyshyn,Gideon,Harding,Klee,Stefanyshyn,Fernando
Garriott,Lesly,Reilly,Kristian,Garriott,Santos
Stefanyshyn,Johnathon,Harding,Klee,Stefanyshyn,Fernando
McDivitt,Chelsy,Reilly,Anja,McDivitt,Santana
Armstrong,Kayle,Reilly,Haven,Armstrong,Abraham
McDivitt,Zoe,Reilly,Anja,McDivitt,Santana
Armstrong,Dangelo,Reilly,Haven,Armstrong,Abraham
McDivitt,Anisha,Reilly,Anja,McDivitt,Santana
Armstrong,Alfredo,Reilly,Haven,Armstrong,Abraham
McDivitt,Drew,Reilly,Anja,McDivitt,Santana
Armstrong,Ibrahim,Reilly,Haven,Armstrong,Abraham
McDivitt,Kyra,Reilly,Anja,McDivitt,Santana
Armstrong,Javier,Reilly,Haven,Armstrong,Abraham
Schirra,Mayra,Reilly,Katelyn,Schirra,Dwayne
Armstrong,Triston,Reilly,Haven,Armstrong,Abraham
Schirra,Donisha,Reilly,Katelyn,Schirra,Dwayne
Armstrong,Nigel,Reilly,Haven,Armstrong,Abraham
Schirra,Sherridan,Reilly,Katelyn,Schirra,Dwayne
Blaha,Dakota,Reilly,Sheri,Blaha,Garett
Schirra,Shanyce,Reilly,Katelyn,Schirra,Dwayne
Blaha,Marielle,Reilly,Sheri,Blaha,Garett
Schirra,Salena,Reilly,Katelyn,Schirra,Dwayne
Blaha,Desmond,Reilly,Sheri,Blaha,Garett
Brown,Aria,Reilly,Kierstin,Brown,Tyran
Blaha,Jaylen,Reilly,Sheri,Blaha,Garett
Brown,Elida,Reilly,Kierstin,Brown,Tyran
Blaha,Al,Reilly,Sheri,Blaha,Garett
Brown,Kristine,Reilly,Kierstin,Brown,Tyran
Blaha,Juancarlos,Reilly,Sheri,Blaha,Garett
Brown,Nicolette,Reilly,Kierstin,Brown,Tyran
Blaha,Danny,Reilly,Sheri,Blaha,Garett
Brown,Sasha,Reilly,Kierstin,Brown,Tyran
Blaha,Clifford,Reilly,Sheri,Blaha,Garett
Brown,Maritza,Reilly,Kierstin,Brown,Tyran
Blaha,Brice,Reilly,Sheri,Blaha,Garett
Brown,Lyndsey,Reilly,Kierstin,Brown,Tyran
Blaha,Lamont,Reilly,Sheri,Blaha,Garett
Roosevelt,Destiana,Reilly,Samantha,Roosevelt,Erich
Blaha,Kendall,Reilly,Sheri,Blaha,Garett
Roosevelt,Kaela,Reilly,Samantha,Roosevelt,Erich
Garriott,Collin,Reilly,Kristian,Garriott,Santos
Roosevelt,Desteny,Reilly,Samantha,Roosevelt,Erich
McDivitt,Ricky,Reilly,Anja,McDivitt,Santana
Roosevelt,Sydney,Reilly,Samantha,Roosevelt,Erich
McDivitt,Randall,Reilly,Anja,McDivitt,Santana
Roosevelt,Shayna,Reilly,Samantha,Roosevelt,Erich
McDivitt,Darrell,Reilly,Anja,McDivitt,Santana
Roosevelt,Molly,Reilly,Samantha,Roosevelt,Erich
Schirra,Garett,Reilly,Katelyn,Schirra,Dwayne
Godwin,Kara,Reilly,Yajayra,Godwin,Marshall
Schirra,Sergio,Reilly,Katelyn,Schirra,Dwayne
Godwin,Heidi,Reilly,Yajayra,Godwin,Marshall
Schirra,Myron,Reilly,Katelyn,Schirra,Dwayne
Godwin,Sarafina,Reilly,Yajayra,Godwin,Marshall
Schirra,Olivier,Reilly,Katelyn,Schirra,Dwayne
Godwin,Michal,Reilly,Yajayra,Godwin,Marshall
Schirra,Brennan,Reilly,Katelyn,Schirra,Dwayne
Godwin,Siearra,Reilly,Yajayra,Godwin,Marshall
Schirra,Andres,Reilly,Katelyn,Schirra,Dwayne
Godwin,Yamilex,Reilly,Yajayra,Godwin,Marshall
Schirra,Seth,Reilly,Katelyn,Schirra,Dwayne
Godwin,Deisy,Reilly,Yajayra,Godwin,Marshall
Schirra,Frank,Reilly,Katelyn,Schirra,Dwayne
Godwin,Linnea,Reilly,Yajayra,Godwin,Marshall
Schirra,Quinton,Reilly,Katelyn,Schirra,Dwayne
Godwin,Maddison,Reilly,Yajayra,Godwin,Marshall
Schirra,Savion,Reilly,Katelyn,Schirra,Dwayne
Godwin,Monica,Reilly,Yajayra,Godwin,Marshall
Schirra,Nathan,Reilly,Katelyn,Schirra,Dwayne
Godwin,Kaila,Reilly,Yajayra,Godwin,Marshall
Brown,Niko,Reilly,Kierstin,Brown,Tyran
Godwin,Sydney,Reilly,Yajayra,Godwin,Marshall
Brown,Demarco,Reilly,Kierstin,Brown,Tyran
Reilly,Viviana,Akers,Delaney,Reilly,Nickalus
Brown,Kurtis,Reilly,Kierstin,Brown,Tyran
Reilly,Rubi,Akers,Delaney,Reilly,Nickalus
Brown,Trevon,Reilly,Kierstin,Brown,Tyran
Reilly,Mallory,Akers,Delaney,Reilly,Nickalus
Brown,Jeffery,Reilly,Kierstin,Brown,Tyran
Reilly,Joi,Akers,Delaney,Reilly,Nickalus
Brown,Erik,Reilly,Kierstin,Brown,Tyran
Reilly,Merideth,Akers,Delaney,Reilly,Nickalus
Brown,Rayvon,Reilly,Kierstin,Brown,Tyran
Reilly,Liza,Akers,Delaney,Reilly,Nickalus
Brown,Jashua,Reilly,Kierstin,Brown,Tyran
Reilly,Janice,Akers,Delaney,Reilly,Nickalus
Brown,Joey,Reilly,Kierstin,Brown,Tyran
Reilly,Jillian,Akers,Shelbi,Reilly,Gerard
Brown,Savion,Reilly,Kierstin,Brown,Tyran
Reilly,Myranda,Akers,Shelbi,Reilly,Gerard
Brown,Wyatt,Reilly,Kierstin,Brown,Tyran
Reilly,Alysha,Akers,Shelbi,Reilly,Gerard
Brown,Eddie,Reilly,Kierstin,Brown,Tyran
Reilly,Alison,Akers,Shelbi,Reilly,Gerard
Roosevelt,Devin,Reilly,Samantha,Roosevelt,Erich
Reilly,Jaymi,Akers,Shelbi,Reilly,Gerard
Roosevelt,Mason,Reilly,Samantha,Roosevelt,Erich
Reilly,Maxine,Akers,Melissa,Reilly,Junior
Roosevelt,Jarvis,Reilly,Samantha,Roosevelt,Erich
Reilly,Jaime,Akers,Melissa,Reilly,Junior
Roosevelt,Deangelo,Reilly,Samantha,Roosevelt,Erich
Reilly,Lily,Akers,Melissa,Reilly,Junior
Roosevelt,Jamison,Reilly,Samantha,Roosevelt,Erich
Reilly,Charlene,Akers,Melissa,Reilly,Junior
Roosevelt,Christian,Reilly,Samantha,Roosevelt,Erich
Reilly,Kaleigh,Akers,Melissa,Reilly,Junior
Roosevelt,Tyree,Reilly,Samantha,Roosevelt,Erich
Reilly,Lourdes,Akers,Melissa,Reilly,Junior
Roosevelt,Calvin,Reilly,Samantha,Roosevelt,Erich
Reilly,Chardonnay,Akers,Melissa,Reilly,Junior
Godwin,Jonathon,Reilly,Yajayra,Godwin,Marshall
Reilly,Janet,Akers,Melissa,Reilly,Junior
Godwin,Deonta,Reilly,Yajayra,Godwin,Marshall
Reilly,Katharine,Fullerton,Lena,Reilly,Derek
Godwin,Gerardo,Reilly,Yajayra,Godwin,Marshall
Reilly,Coralys,Fullerton,Lena,Reilly,Derek
Godwin,Ameer,Reilly,Yajayra,Godwin,Marshall
Reilly,Paula,Fullerton,Lena,Reilly,Derek
Godwin,Devin,Reilly,Yajayra,Godwin,Marshall
Reilly,Kaylin,Fullerton,Lena,Reilly,Derek
Godwin,Johnathon,Reilly,Yajayra,Godwin,Marshall
Reilly,Kaylyn,Fullerton,Jennah,Reilly,Oscar
Godwin,Cruz,Reilly,Yajayra,Godwin,Marshall
Reilly,Rani,Fullerton,Jennah,Reilly,Oscar
Godwin,Nour,Reilly,Yajayra,Godwin,Marshall
Reilly,Jessenia,Fullerton,Jennah,Reilly,Oscar
Reilly,Chad,Akers,Delaney,Reilly,Nickalus
Reilly,Jameisha,Fullerton,Jennah,Reilly,Oscar
Reilly,Gideon,Akers,Delaney,Reilly,Nickalus
Reilly,Colette,Fullerton,Jennah,Reilly,Oscar
Reilly,Cole,Akers,Delaney,Reilly,Nickalus
Reilly,Bobbie,Fullerton,Linnea,Reilly,Griffin
Reilly,Marques,Akers,Delaney,Reilly,Nickalus
Reilly,Teresa,Fullerton,Linnea,Reilly,Griffin
Reilly,Carlos,Akers,Delaney,Reilly,Nickalus
Reilly,Ceaira,Fullerton,Linnea,Reilly,Griffin
Reilly,Anibal,Akers,Delaney,Reilly,Nickalus
Reilly,Tess,Fullerton,Linnea,Reilly,Griffin
Reilly,Marcanthon,Akers,Delaney,Reilly,Nickalus
Reilly,Ebone,Fullerton,Linnea,Reilly,Griffin
Reilly,Jasper,Akers,Shelbi,Reilly,Gerard
Reilly,Nathalia,Fullerton,Linnea,Reilly,Griffin
Reilly,Deondre,Akers,Shelbi,Reilly,Gerard
Reilly,Adriane,Fullerton,Zoe,Reilly,Zackery
Reilly,Anton,Akers,Shelbi,Reilly,Gerard
Reilly,Tasha,Fullerton,Zoe,Reilly,Zackery
Reilly,Hakeem,Akers,Shelbi,Reilly,Gerard
Reilly,Deondra,Fullerton,Zoe,Reilly,Zackery
Reilly,Mohammad,Akers,Shelbi,Reilly,Gerard
Reilly,Nallely,Fullerton,Zoe,Reilly,Zackery
Reilly,Kareem,Akers,Shelbi,Reilly,Gerard
Reilly,Noel,Fullerton,Zoe,Reilly,Zackery
Reilly,Enoch,Akers,Shelbi,Reilly,Gerard
Reilly,Clair,Fullerton,Zoe,Reilly,Zackery
Reilly,Braeden,Akers,Shelbi,Reilly,Gerard
Reilly,Brandi,Fullerton,Zoe,Reilly,Zackery
Reilly,Arian,Akers,Shelbi,Reilly,Gerard
Reilly,Sabrina,Fullerton,Zoe,Reilly,Zackery
Reilly,Vinh,Akers,Melissa,Reilly,Junior
Reilly,Miah,Fullerton,Zoe,Reilly,Zackery
Reilly,Ron,Akers,Melissa,Reilly,Junior
Reilly,Monica,Fullerton,Zoe,Reilly,Zackery
Reilly,Quincy,Akers,Melissa,Reilly,Junior
Reilly,Tiani,Fullerton,Mollie,Reilly,Houston
Reilly,Valentine,Akers,Melissa,Reilly,Junior
Reilly,Siarra,Fullerton,Mollie,Reilly,Houston
Reilly,Sunny,Akers,Melissa,Reilly,Junior
Reilly,Marjorie,Fullerton,Mollie,Reilly,Houston
Reilly,Kristofer,Akers,Melissa,Reilly,Junior
Reilly,Gabrielle,Fullerton,Mollie,Reilly,Houston
Reilly,Colton,Akers,Melissa,Reilly,Junior
Reilly,Deserae,Fullerton,Mollie,Reilly,Houston
Reilly,Kurtis,Akers,Melissa,Reilly,Junior
Reilly,Mahogany,Fullerton,Mollie,Reilly,Houston
Reilly,Eric,Fullerton,Lena,Reilly,Derek
Reilly,Rian,Fullerton,Mollie,Reilly,Houston
Reilly,Quinn,Fullerton,Lena,Reilly,Derek
Reilly,Emiley,Fullerton,Mollie,Reilly,Houston
Reilly,Cameron,Fullerton,Lena,Reilly,Derek
Reilly,Delaney,Fullerton,Mollie,Reilly,Houston
Reilly,Owen,Fullerton,Jennah,Reilly,Oscar
Reilly,Leann,Fullerton,Mollie,Reilly,Houston
Reilly,Austyn,Fullerton,Linnea,Reilly,Griffin
Reilly,Shanise,Fullerton,Mollie,Reilly,Houston
Reilly,Callahan,Fullerton,Linnea,Reilly,Griffin
Reilly,Kaya,Fullerton,Mollie,Reilly,Houston
Reilly,Vincent,Fullerton,Linnea,Reilly,Griffin
Reilly,Kristy,Fullerton,Marion,Reilly,Devante
Reilly,Deshawn,Fullerton,Linnea,Reilly,Griffin
Reilly,Georgia,Fullerton,Marion,Reilly,Devante
Reilly,Deon,Fullerton,Linnea,Reilly,Griffin
Reilly,Yessenia,Fullerton,Marion,Reilly,Devante
Reilly,Alexis,Fullerton,Zoe,Reilly,Zackery
Reilly,Dalila,Fullerton,Marion,Reilly,Devante
Reilly,Lauren,Fullerton,Zoe,Reilly,Zackery
Reilly,Mikyla,Fullerton,Marion,Reilly,Devante
Reilly,Xavier,Fullerton,Zoe,Reilly,Zackery
Reilly,Margarita,Fullerton,Madeleine,Reilly,Terry
Reilly,Trevin,Fullerton,Zoe,Reilly,Zackery
Reilly,Jaimie,Fullerton,Madeleine,Reilly,Terry
Reilly,Ty,Fullerton,Zoe,Reilly,Zackery
Reilly,Harlie,Fullerton,Madeleine,Reilly,Terry
Reilly,Rayvon,Fullerton,Zoe,Reilly,Zackery
Reilly,Eliana,Fullerton,Madeleine,Reilly,Terry
Reilly,Erich,Fullerton,Zoe,Reilly,Zackery
Reilly,Tierney,Fullerton,Madeleine,Reilly,Terry
Reilly,Issac,Fullerton,Mollie,Reilly,Houston
Reilly,Chynna,Fullerton,Madeleine,Reilly,Terry
Reilly,Brogan,Fullerton,Mollie,Reilly,Houston
Reilly,Kate,Fullerton,Madeleine,Reilly,Terry
Reilly,Bret,Fullerton,Mollie,Reilly,Houston
Reilly,Cayla,Fullerton,Madeleine,Reilly,Terry
Reilly,Ezequiel,Fullerton,Mollie,Reilly,Houston
Reilly,Destiny,Swanson,Mercedes,Reilly,Vernon
Reilly,Jerome,Fullerton,Mollie,Reilly,Houston
Reilly,Clara,Swanson,Mercedes,Reilly,Vernon
Reilly,Tomas,Fullerton,Marion,Reilly,Devante
Akers,Greer,Reilly,Sasha,Akers,Jade
Reilly,Jackson,Fullerton,Marion,Reilly,Devante
Akers,Kaina,Reilly,Sasha,Akers,Jade
Reilly,Daequan,Fullerton,Marion,Reilly,Devante
Akers,Markia,Reilly,Sasha,Akers,Jade
Reilly,Keenan,Fullerton,Marion,Reilly,Devante
Akers,Connie,Reilly,Sasha,Akers,Jade
Reilly,Benny,Fullerton,Marion,Reilly,Devante
Akers,Haylie,Reilly,Sasha,Akers,Jade
Reilly,Nick,Fullerton,Marion,Reilly,Devante
Akers,Selina,Reilly,Sasha,Akers,Jade
Reilly,Kory,Fullerton,Marion,Reilly,Devante
Akers,Shaniah,Reilly,Sasha,Akers,Jade
Reilly,Thaddeus,Fullerton,Marion,Reilly,Devante
Akers,Anastasia,Reilly,Sasha,Akers,Jade
Reilly,Dreshaun,Fullerton,Marion,Reilly,Devante
Akers,Bryana,Swanson,Sofia,Akers,Walker
Reilly,Korey,Fullerton,Marion,Reilly,Devante
Akers,Jami,Swanson,Sofia,Akers,Walker
Reilly,Demetrius,Fullerton,Marion,Reilly,Devante
Akers,Chase,Swanson,Francisca,Akers,Shmuel
Reilly,Humberto,Fullerton,Madeleine,Reilly,Terry
Akers,Megan,Swanson,Francisca,Akers,Shmuel
Reilly,Alex,Fullerton,Madeleine,Reilly,Terry
Akers,Charity,Swanson,Francisca,Akers,Shmuel
Reilly,Damon,Fullerton,Madeleine,Reilly,Terry
Akers,Shaye,Swanson,Francisca,Akers,Shmuel
Reilly,Antoine,Fullerton,Madeleine,Reilly,Terry
Akers,Valeria,Swanson,Viridiana,Akers,Tylor
Reilly,Kade,Fullerton,Madeleine,Reilly,Terry
Akers,Abigayle,Swanson,Viridiana,Akers,Tylor
Reilly,Nicholas,Fullerton,Madeleine,Reilly,Terry
Akers,Anja,Swanson,Viridiana,Akers,Tylor
Reilly,Nico,Swanson,Mercedes,Reilly,Vernon
Akers,Chrystal,Swanson,Viridiana,Akers,Tylor
Reilly,Keith,Swanson,Mercedes,Reilly,Vernon
Akers,Isis,Swanson,Viridiana,Akers,Tylor
Reilly,Devontae,Swanson,Mercedes,Reilly,Vernon
Akers,Miah,Swanson,Viridiana,Akers,Tylor
Reilly,Devin,Swanson,Mercedes,Reilly,Vernon
Akers,Kristie,Swanson,Magdalena,Akers,Jaylin
Reilly,Chance,Swanson,Mercedes,Reilly,Vernon
Akers,Lilian,Swanson,Magdalena,Akers,Jaylin
Reilly,Lamar,Swanson,Mercedes,Reilly,Vernon
Akers,Johnna,Swanson,Sunny,Akers,Bailey
Reilly,Edgardo,Swanson,Mercedes,Reilly,Vernon
Akers,Jordan,Swanson,Sunny,Akers,Bailey
Reilly,Christian,Swanson,Mercedes,Reilly,Vernon
Akers,Bryanna,Swanson,Sunny,Akers,Bailey
Reilly,Todd,Swanson,Mercedes,Reilly,Vernon
Akers,Onesha,Swanson,Sunny,Akers,Bailey
Reilly,Dedrick,Swanson,Mercedes,Reilly,Vernon
Akers,Alejandra,Swanson,Sunny,Akers,Bailey
Akers,Daquan,Reilly,Sasha,Akers,Jade
Akers,April,Swanson,Lourdes,Akers,Branden
Akers,Francesco,Reilly,Sasha,Akers,Jade
Akers,Denise,Swanson,Lourdes,Akers,Branden
Akers,Lionel,Reilly,Sasha,Akers,Jade
Akers,Louisa,Swanson,Nadine,Akers,Romeo
Akers,Bernard,Reilly,Sasha,Akers,Jade
Akers,Kacey,Swanson,Nadine,Akers,Romeo
Akers,Javen,Reilly,Sasha,Akers,Jade
Akers,Maia,Swanson,Nadine,Akers,Romeo
Akers,Lamar,Reilly,Sasha,Akers,Jade
Akers,Sharae,Swanson,Nadine,Akers,Romeo
Akers,Barry,Reilly,Sasha,Akers,Jade
Akers,Eryn,Swanson,Nadine,Akers,Romeo
Akers,Misael,Reilly,Sasha,Akers,Jade
Akers,Isamar,Swanson,Nadine,Akers,Romeo
Akers,Humberto,Reilly,Sasha,Akers,Jade
Akers,Gabrielle,Swanson,Tammy,Akers,Adonis
Akers,Roger,Reilly,Sasha,Akers,Jade
Akers,Carlie,Swanson,Tammy,Akers,Adonis
Akers,Rogelio,Reilly,Sasha,Akers,Jade
Akers,Kealani,Swanson,Tammy,Akers,Adonis
Akers,Braden,Reilly,Sasha,Akers,Jade
Akers,Caylee,Swanson,Tammy,Akers,Adonis
Akers,Lloyd,Swanson,Sofia,Akers,Walker
Akers,Kenya,Swanson,Tammy,Akers,Adonis
Akers,Yakov,Swanson,Sofia,Akers,Walker
Akers,Lillian,Swanson,Tammy,Akers,Adonis
Akers,Emmett,Swanson,Francisca,Akers,Shmuel
Akers,Deyaneira,Givens,Krysta,Akers,Alfonso
Akers,Callahan,Swanson,Francisca,Akers,Shmuel
Akers,Allyssa,Givens,Krysta,Akers,Alfonso
Akers,Charlie,Swanson,Francisca,Akers,Shmuel
Akers,Miranda,Nowak,Paxton,Akers,Kelsey
Akers,Deion,Swanson,Francisca,Akers,Shmuel
Akers,Kristin,Nowak,Paxton,Akers,Kelsey
Akers,Jaylen,Swanson,Francisca,Akers,Shmuel
Akers,Daija,Nowak,Paxton,Akers,Kelsey
Akers,Rafael,Swanson,Francisca,Akers,Shmuel
Akers,Genesis,Nowak,Paxton,Akers,Kelsey
Akers,Gonzalo,Swanson,Viridiana,Akers,Tylor
Akers,Kaya,Nowak,Paxton,Akers,Kelsey
Akers,Calvin,Swanson,Viridiana,Akers,Tylor
Akers,Haiden,Nowak,Chloe,Akers,Wade
Akers,Jessee,Swanson,Viridiana,Akers,Tylor
Akers,Shaina,Nowak,Chloe,Akers,Wade
Akers,Deonte,Swanson,Viridiana,Akers,Tylor
Akers,Shanise,Nowak,Chloe,Akers,Wade
Akers,Sterling,Swanson,Viridiana,Akers,Tylor
Akers,Caitriona,Nowak,Chloe,Akers,Wade
Akers,Brandon,Swanson,Magdalena,Akers,Jaylin
Akers,Kendra,Nowak,Alexis,Akers,Kieran
Akers,Abel,Swanson,Magdalena,Akers,Jaylin
Akers,Anissa,Nowak,Alexis,Akers,Kieran
Akers,Guillermo,Swanson,Magdalena,Akers,Jaylin
Akers,Serenity,Nowak,Kortney,Akers,Rory
Akers,Preston,Swanson,Magdalena,Akers,Jaylin
Akers,Sean,Nowak,Kortney,Akers,Rory
Akers,Idris,Swanson,Magdalena,Akers,Jaylin
Akers,Dakota,Nowak,Kortney,Akers,Rory
Akers,Bennett,Swanson,Sunny,Akers,Bailey
Akers,Shari,Nowak,Kortney,Akers,Rory
Akers,Jerry,Swanson,Sunny,Akers,Bailey
Akers,Adele,Thagard,Tiani,Akers,Kristian
Akers,Leonardo,Swanson,Sunny,Akers,Bailey
Akers,Kierra,Thagard,Makenna,Akers,Dominique
Akers,Michal,Swanson,Sunny,Akers,Bailey
Akers,Jeanna,Thagard,Makenna,Akers,Dominique
Akers,Evan,Swanson,Lourdes,Akers,Branden
Akers,Roslyn,Thagard,Makenna,Akers,Dominique
Akers,Kurtis,Swanson,Lourdes,Akers,Branden
Akers,Nia,Thagard,Makenna,Akers,Dominique
Akers,Erich,Swanson,Lourdes,Akers,Branden
Akers,Isadora,Thagard,Makenna,Akers,Dominique
Akers,Marlon,Swanson,Lourdes,Akers,Branden
Akers,Marianne,Thagard,Makenna,Akers,Dominique
Akers,Gerald,Swanson,Lourdes,Akers,Branden
Akers,Ida,Thagard,Makenna,Akers,Dominique
Akers,Keenan,Swanson,Nadine,Akers,Romeo
Akers,Mackenna,Thagard,Makenna,Akers,Dominique
Akers,Byron,Swanson,Nadine,Akers,Romeo
Akers,Christa,Thagard,Makenna,Akers,Dominique
Akers,Devon,Swanson,Nadine,Akers,Romeo
Akers,Krysta,Thagard,Makenna,Akers,Dominique
Akers,Jon,Swanson,Nadine,Akers,Romeo
Fullerton,Gwendolyn,Thagard,Amina,Fullerton,Yash
Akers,Tyree,Swanson,Tammy,Akers,Adonis
Fullerton,Tessa,Thagard,Amina,Fullerton,Yash
Akers,Rand,Swanson,Tammy,Akers,Adonis
Fullerton,Aleasha,Thagard,Amina,Fullerton,Yash
Akers,Jamison,Swanson,Tammy,Akers,Adonis
Fullerton,Graciela,Thagard,Amina,Fullerton,Yash
Akers,Jair,Swanson,Tammy,Akers,Adonis
Fullerton,Paulina,Thagard,Amina,Fullerton,Yash
Akers,Erick,Swanson,Tammy,Akers,Adonis
Fullerton,Rachelle,Thagard,Amina,Fullerton,Yash
Akers,Eddie,Swanson,Tammy,Akers,Adonis
Fullerton,Taryn,Thagard,Amina,Fullerton,Yash
Akers,Phillip,Givens,Krysta,Akers,Alfonso
Fullerton,Makenzi,Thagard,Amina,Fullerton,Yash
Akers,Denzel,Givens,Krysta,Akers,Alfonso
Fullerton,Lucia,Thagard,Amina,Fullerton,Yash
Akers,Joan,Givens,Krysta,Akers,Alfonso
Fullerton,Sinai,Thagard,Amina,Fullerton,Yash
Akers,Marques,Nowak,Paxton,Akers,Kelsey
Fullerton,Kaylie,Thagard,Jaida,Fullerton,Giovanni
Akers,Josie,Nowak,Paxton,Akers,Kelsey
Fullerton,Keishla,Thagard,Jaida,Fullerton,Giovanni
Akers,Deangelo,Nowak,Paxton,Akers,Kelsey
Fullerton,Nina,Thagard,Zaria,Fullerton,Jacoby
Akers,Deondre,Nowak,Paxton,Akers,Kelsey
Fullerton,Cristal,Thagard,Zaria,Fullerton,Jacoby
Akers,Jasper,Nowak,Paxton,Akers,Kelsey
Fullerton,Theresa,Thagard,Zaria,Fullerton,Jacoby
Akers,Grady,Nowak,Paxton,Akers,Kelsey
Fullerton,Leigh,Thagard,Zaria,Fullerton,Jacoby
Akers,Javier,Nowak,Paxton,Akers,Kelsey
Fullerton,Chastity,Thagard,Shannon,Fullerton,Steven
Akers,Brody,Nowak,Paxton,Akers,Kelsey
Fullerton,Baily,Thagard,Shannon,Fullerton,Steven
Akers,Keshaun,Nowak,Paxton,Akers,Kelsey
Fullerton,Bethany,Thagard,Shannon,Fullerton,Steven
Akers,Shamar,Nowak,Chloe,Akers,Wade
Fullerton,Reilly,Thagard,Shannon,Fullerton,Steven
Akers,Karl,Nowak,Chloe,Akers,Wade
Fullerton,Jill,Thagard,Shannon,Fullerton,Steven
Akers,Landin,Nowak,Chloe,Akers,Wade
Fullerton,Haylie,Thagard,Shannon,Fullerton,Steven
Akers,Mario,Nowak,Chloe,Akers,Wade
Fullerton,Lillie,Thagard,Shannon,Fullerton,Steven
Akers,Nadav,Nowak,Chloe,Akers,Wade
Fullerton,Klarisa,Thagard,Shannon,Fullerton,Steven
Akers,Antoine,Nowak,Chloe,Akers,Wade
Fullerton,Jacquelin,Thagard,Shannon,Fullerton,Steven
Akers,Quincy,Nowak,Alexis,Akers,Kieran
Fullerton,Analisa,Thagard,Joyce,Fullerton,Connor
Akers,Travis,Nowak,Alexis,Akers,Kieran
Fullerton,Kaili,Thagard,Joyce,Fullerton,Connor
Akers,Isaac,Nowak,Alexis,Akers,Kieran
Fullerton,Emerald,Thagard,Myesha,Fullerton,Alek
Akers,Emanuel,Nowak,Kortney,Akers,Rory
Fullerton,Kaitlin,Thagard,Myesha,Fullerton,Alek
Akers,Quinton,Nowak,Kortney,Akers,Rory
Fullerton,Carol,Thagard,Myesha,Fullerton,Alek
Akers,Alvin,Nowak,Kortney,Akers,Rory
Fullerton,Milena,Thagard,Myesha,Fullerton,Alek
Akers,Malachi,Nowak,Kortney,Akers,Rory
Fullerton,Ruby,Thagard,Myesha,Fullerton,Alek
Akers,Desmond,Nowak,Kortney,Akers,Rory
Fullerton,Tasha,Thagard,Myesha,Fullerton,Alek
Akers,Tayler,Nowak,Kortney,Akers,Rory
Fullerton,Kristy,Thagard,Myesha,Fullerton,Alek
Akers,Carlos,Thagard,Tiani,Akers,Kristian
Fullerton,Khyla,Thagard,Myesha,Fullerton,Alek
Akers,Tallon,Thagard,Tiani,Akers,Kristian
Fullerton,Kassandra,Thagard,Myesha,Fullerton,Alek
Akers,Zane,Thagard,Makenna,Akers,Dominique
Fullerton,Zoey,Thagard,Myesha,Fullerton,Alek
Akers,Darien,Thagard,Makenna,Akers,Dominique
Fullerton,Ashlyn,Thagard,Myesha,Fullerton,Alek
Akers,Ronnie,Thagard,Makenna,Akers,Dominique
Fullerton,Ryann,Thagard,Myesha,Fullerton,Alek
Akers,Sebastian,Thagard,Makenna,Akers,Dominique
Fullerton,Shane,Thagard,Myesha,Fullerton,Alek
Akers,Terron,Thagard,Makenna,Akers,Dominique
Fullerton,Brieanna,Thagard,Mattea,Fullerton,Karl
Akers,Cristopher,Thagard,Makenna,Akers,Dominique
Fullerton,Christy,Thagard,Mattea,Fullerton,Karl
Akers,Kayvon,Thagard,Makenna,Akers,Dominique
Fullerton,Mckayla,Thagard,Mattea,Fullerton,Karl
Fullerton,Oren,Thagard,Amina,Fullerton,Yash
Fullerton,Rianna,Thagard,Mattea,Fullerton,Karl
Fullerton,Brennen,Thagard,Amina,Fullerton,Yash
Fullerton,Clare,Thagard,Mattea,Fullerton,Karl
Fullerton,Sedrick,Thagard,Amina,Fullerton,Yash
Fullerton,Shannon,Thagard,Mattea,Fullerton,Karl
Fullerton,Melvin,Thagard,Amina,Fullerton,Yash
Fullerton,Brianna,Thagard,Mattea,Fullerton,Karl
Fullerton,Keanu,Thagard,Amina,Fullerton,Yash
Fullerton,Alysia,Thagard,Mattea,Fullerton,Karl
Fullerton,Scott,Thagard,Amina,Fullerton,Yash
Swanson,Synthia,Sullivan,Dakota,Swanson,Bryant
Fullerton,Tyran,Thagard,Amina,Fullerton,Yash
Swanson,Kaley,Sullivan,Dakota,Swanson,Bryant
Fullerton,Ishmael,Thagard,Amina,Fullerton,Yash
Swanson,Delanie,Sullivan,Dakota,Swanson,Bryant
Fullerton,Humberto,Thagard,Amina,Fullerton,Yash
Swanson,Marelyn,Sullivan,Dakota,Swanson,Bryant
Fullerton,Keaton,Thagard,Jaida,Fullerton,Giovanni
Swanson,Kelsie,Sullivan,Dakota,Swanson,Bryant
Fullerton,Cade,Thagard,Jaida,Fullerton,Giovanni
Swanson,Jaime,Sullivan,Dakota,Swanson,Bryant
Fullerton,Lamont,Thagard,Jaida,Fullerton,Giovanni
Swanson,Maryanna,Sullivan,Dakota,Swanson,Bryant
Fullerton,Yuri,Thagard,Jaida,Fullerton,Giovanni
Swanson,Jazmon,Sullivan,Dakota,Swanson,Bryant
Fullerton,Marlon,Thagard,Jaida,Fullerton,Giovanni
Swanson,Samara,Sullivan,Dakota,Swanson,Bryant
Fullerton,Kegan,Thagard,Elsa,Fullerton,Marcanthon
Swanson,Elida,Sullivan,Dakota,Swanson,Bryant
Fullerton,Caden,Thagard,Elsa,Fullerton,Marcanthon
Swanson,Maddison,Sullivan,Brigitte,Swanson,Mohamad
Fullerton,Zachary,Thagard,Elsa,Fullerton,Marcanthon
Swanson,Alaina,Sullivan,Brigitte,Swanson,Mohamad
Fullerton,Damian,Thagard,Zaria,Fullerton,Jacoby
Swanson,Holland,Sullivan,Brigitte,Swanson,Mohamad
Fullerton,Randy,Thagard,Zaria,Fullerton,Jacoby
Swanson,Daesha,Sullivan,Crystal,Swanson,Jose
Fullerton,Aidan,Thagard,Shannon,Fullerton,Steven
Swanson,Esther,Sullivan,Crystal,Swanson,Jose
Fullerton,Clinton,Thagard,Shannon,Fullerton,Steven
Swanson,Brielle,Sullivan,Crystal,Swanson,Jose
Fullerton,Darrius,Thagard,Shannon,Fullerton,Steven
Swanson,Deondra,Sullivan,Crystal,Swanson,Jose
Fullerton,Callum,Thagard,Shannon,Fullerton,Steven
Swanson,Sky,Sullivan,Crystal,Swanson,Jose
Fullerton,Weston,Thagard,Shannon,Fullerton,Steven
Swanson,Emely,Sullivan,Crystal,Swanson,Jose
Fullerton,Jamir,Thagard,Shannon,Fullerton,Steven
Swanson,Monet,Sullivan,Crystal,Swanson,Jose
Fullerton,Cole,Thagard,Shannon,Fullerton,Steven
Swanson,Cheyann,Sullivan,Crystal,Swanson,Jose
Fullerton,Stephen,Thagard,Shannon,Fullerton,Steven
Swanson,Audrey,Sullivan,Crystal,Swanson,Jose
Fullerton,Reynaldo,Thagard,Shannon,Fullerton,Steven
Swanson,Hattie,Sullivan,Crystal,Swanson,Jose
Fullerton,Sutton,Thagard,Joyce,Fullerton,Connor
Swanson,Breona,Sullivan,Angelika,Swanson,Marcus
Fullerton,Trace,Thagard,Myesha,Fullerton,Alek
Swanson,Catalina,Sullivan,Angelika,Swanson,Marcus
Fullerton,Shaquille,Thagard,Myesha,Fullerton,Alek
Swanson,Madilyn,Sullivan,Angelika,Swanson,Marcus
Fullerton,Hudson,Thagard,Myesha,Fullerton,Alek
Swanson,Jessie,Sullivan,Angelika,Swanson,Marcus
Fullerton,Tarik,Thagard,Myesha,Fullerton,Alek
Swanson,Jessika,Sullivan,Angelika,Swanson,Marcus
Fullerton,Tanner,Thagard,Myesha,Fullerton,Alek
Swanson,Geraldine,Sullivan,Ashton,Swanson,Rand
Fullerton,Rafael,Thagard,Myesha,Fullerton,Alek
Swanson,Lakendra,Sullivan,Ashton,Swanson,Rand
Fullerton,Lamonte,Thagard,Mattea,Fullerton,Karl
Swanson,Taelor,Sullivan,Ashton,Swanson,Rand
Fullerton,Richard,Thagard,Mattea,Fullerton,Karl
Swanson,Shannon,Sullivan,Ashton,Swanson,Rand
Fullerton,Vicente,Thagard,Mattea,Fullerton,Karl
Swanson,Sharon,Sullivan,Ashton,Swanson,Rand
Fullerton,Moises,Thagard,Mattea,Fullerton,Karl
Swanson,Antoinette,Sullivan,Ashton,Swanson,Rand
Fullerton,Tyquan,Thagard,Mattea,Fullerton,Karl
Swanson,Martha,Sullivan,Ashton,Swanson,Rand
Fullerton,Xzavier,Thagard,Mattea,Fullerton,Karl
Swanson,Latosha,Sullivan,Ashton,Swanson,Rand
Fullerton,Brody,Thagard,Mattea,Fullerton,Karl
Swanson,Ixchel,Sullivan,Ashton,Swanson,Rand
Swanson,Ryen,Sullivan,Dakota,Swanson,Bryant
Swanson,Rylee,Sullivan,Ashton,Swanson,Rand
Swanson,Daryl,Sullivan,Dakota,Swanson,Bryant
Swanson,Alison,Sullivan,Ashton,Swanson,Rand
Swanson,Chad,Sullivan,Dakota,Swanson,Bryant
Givens,Cailin,Conrad,Asya,Givens,Jarrett
Swanson,Tyren,Sullivan,Dakota,Swanson,Bryant
Givens,Nikki,Conrad,Asya,Givens,Jarrett
Swanson,Braeden,Sullivan,Dakota,Swanson,Bryant
Givens,Calandra,Conrad,Asya,Givens,Jarrett
Swanson,Dominique,Sullivan,Dakota,Swanson,Bryant
Givens,Candice,Conrad,Asya,Givens,Jarrett
Swanson,Andre,Sullivan,Dakota,Swanson,Bryant
Givens,Annabel,Conrad,Asya,Givens,Jarrett
Swanson,Simon,Sullivan,Dakota,Swanson,Bryant
Givens,Anika,Conrad,Asya,Givens,Jarrett
Swanson,Jaylin,Sullivan,Brigitte,Swanson,Mohamad
Givens,Caitlyn,Conrad,Asya,Givens,Jarrett
Swanson,Cecil,Sullivan,Brigitte,Swanson,Mohamad
Givens,Lindsey,Conrad,Asya,Givens,Jarrett
Swanson,Kristian,Sullivan,Brigitte,Swanson,Mohamad
Givens,Kristi,Conrad,Asya,Givens,Jarrett
Swanson,Daequan,Sullivan,Brigitte,Swanson,Mohamad
Givens,Daphne,Conrad,Asya,Givens,Jarrett
Swanson,Yvan,Sullivan,Brigitte,Swanson,Mohamad
Givens,Karissa,Conrad,Katharine,Givens,Miguel
Swanson,Wanya,Sullivan,Crystal,Swanson,Jose
Givens,Carina,Conrad,Katharine,Givens,Miguel
Swanson,Douglas,Sullivan,Crystal,Swanson,Jose
Givens,Patricia,Conrad,Katharine,Givens,Miguel
Swanson,Van,Sullivan,Crystal,Swanson,Jose
Givens,Sally,Conrad,Katharine,Givens,Miguel
Swanson,Cristobal,Sullivan,Crystal,Swanson,Jose
Givens,Kelsee,Conrad,Katharine,Givens,Miguel
Swanson,Timothy,Sullivan,Crystal,Swanson,Jose
Givens,Siera,Conrad,Katharine,Givens,Miguel
Swanson,Philip,Sullivan,Crystal,Swanson,Jose
Givens,Kasey,Conrad,Katharine,Givens,Miguel
Swanson,Keanu,Sullivan,Crystal,Swanson,Jose
Givens,Bridget,Conrad,Katharine,Givens,Miguel
Swanson,Erich,Sullivan,Crystal,Swanson,Jose
Givens,Kayley,Conrad,Katharine,Givens,Miguel
Swanson,Demetrius,Sullivan,Crystal,Swanson,Jose
Givens,Tristin,Conrad,Katharine,Givens,Miguel
Swanson,Kristopher,Sullivan,Crystal,Swanson,Jose
Givens,Veronica,Conrad,Shelby,Givens,Savion
Swanson,Leonard,Sullivan,Angelika,Swanson,Marcus
Givens,Sidney,Conrad,Shelby,Givens,Savion
Swanson,Francesco,Sullivan,Angelika,Swanson,Marcus
Givens,Alondra,Conrad,Shelby,Givens,Savion
Swanson,Joey,Sullivan,Angelika,Swanson,Marcus
Givens,Roxana,Conrad,Shelby,Givens,Savion
Swanson,Ronny,Sullivan,Angelika,Swanson,Marcus
Givens,Judy,Conrad,Shelby,Givens,Savion
Swanson,Tyran,Sullivan,Ashton,Swanson,Rand
Givens,Breonna,Conrad,Shelby,Givens,Savion
Swanson,Delonta,Sullivan,Ashton,Swanson,Rand
Nowak,Marlee,Conrad,Symone,Nowak,Davin
Swanson,Layne,Sullivan,Ashton,Swanson,Rand
Nowak,Makenzi,Conrad,Symone,Nowak,Davin
Swanson,Richard,Sullivan,Ashton,Swanson,Rand
Nowak,Tamara,Conrad,Symone,Nowak,Davin
Swanson,Jonathan,Sullivan,Ashton,Swanson,Rand
Nowak,Stacie,Conrad,Symone,Nowak,Davin
Swanson,Jay,Sullivan,Regan,Swanson,Coleman
Nowak,Shawna,Conrad,Symone,Nowak,Davin
Swanson,Jovan,Sullivan,Regan,Swanson,Coleman
Nowak,Calandra,Conrad,Symone,Nowak,Davin
Swanson,Anthony,Sullivan,Regan,Swanson,Coleman
Nowak,Natalia,Conrad,Symone,Nowak,Davin
Swanson,Chaz,Sullivan,Regan,Swanson,Coleman
Nowak,Bernadette,Conrad,Torrie,Nowak,Ibrahim
Swanson,Brennen,Sullivan,Regan,Swanson,Coleman
Nowak,Measia,Conrad,Johanna,Nowak,Bret
Givens,Tre,Conrad,Asya,Givens,Jarrett
Nowak,Gerardo,Conrad,Johanna,Nowak,Bret
Givens,Adan,Conrad,Asya,Givens,Jarrett
Nowak,Ayesha,Conrad,Johanna,Nowak,Bret
Givens,Rene,Conrad,Asya,Givens,Jarrett
Nowak,Caitlyn,Conrad,Johanna,Nowak,Bret
Givens,Jessee,Conrad,Asya,Givens,Jarrett
Nowak,Makenna,Conrad,Johanna,Nowak,Bret
Givens,Marc,Conrad,Asya,Givens,Jarrett
Nowak,Ellie,Conrad,Jhane,Nowak,Lloyd
Givens,Xavier,Conrad,Asya,Givens,Jarrett
Nowak,Mattie,Conrad,Jhane,Nowak,Lloyd
Givens,Tristan,Conrad,Asya,Givens,Jarrett
Nowak,Destiney,Conrad,Jhane,Nowak,Lloyd
Givens,Travis,Conrad,Asya,Givens,Jarrett
Nowak,Christy,Conrad,Jhane,Nowak,Lloyd
Givens,Dwayne,Conrad,Katharine,Givens,Miguel
Nowak,Cecelia,Conrad,Jhane,Nowak,Lloyd
Givens,Braden,Conrad,Katharine,Givens,Miguel
Nowak,Chrystal,Conrad,Clara,Nowak,Kenny
Givens,Louis,Conrad,Katharine,Givens,Miguel
Nowak,Macey,Conrad,Clara,Nowak,Kenny
Givens,Steve,Conrad,Katharine,Givens,Miguel
Nowak,Nakia,Conrad,Clara,Nowak,Kenny
Givens,Pablo,Conrad,Katharine,Givens,Miguel
Nowak,Colby,Conrad,Clara,Nowak,Kenny
Givens,Leonel,Conrad,Katharine,Givens,Miguel
Nowak,Olga,Conrad,Clara,Nowak,Kenny
Givens,Niko,Conrad,Shelby,Givens,Savion
Nowak,Gabriel,Conrad,Clara,Nowak,Kenny
Givens,Stefan,Conrad,Shelby,Givens,Savion
Nowak,Ariel,Garriott,Mattea,Nowak,Louis
Givens,Shaun,Conrad,Shelby,Givens,Savion
Nowak,Kallee,Garriott,Mattea,Nowak,Louis
Givens,Dakota,Conrad,Shelby,Givens,Savion
Nowak,Carrie,Garriott,Mattea,Nowak,Louis
Givens,Davis,Conrad,Shelby,Givens,Savion
Nowak,Leandra,Garriott,Mattea,Nowak,Louis
Givens,Keith,Conrad,Shelby,Givens,Savion
Nowak,Caitlan,Garriott,Mattea,Nowak,Louis
Givens,Jaylan,Conrad,Shelby,Givens,Savion
Nowak,Zandria,Garriott,Nayeli,Nowak,Talon
Givens,Jacob,Conrad,Shelby,Givens,Savion
Nowak,Darcy,Garriott,Nayeli,Nowak,Talon
Givens,Ismael,Conrad,Shelby,Givens,Savion
Nowak,Dena,Garriott,Kaina,Nowak,Denzell
Givens,Patrick,Conrad,Shelby,Givens,Savion
Nowak,Caitlin,Garriott,Kaina,Nowak,Denzell
Givens,Gilberto,Conrad,Shelby,Givens,Savion
Nowak,Kasey,Garriott,Kaina,Nowak,Denzell
Givens,Ameer,Conrad,Shelby,Givens,Savion
Nowak,Milena,Stefanyshyn,Justine,Nowak,Jordin
Nowak,Willis,Conrad,Symone,Nowak,Davin
Nowak,Kiara,Stefanyshyn,Justine,Nowak,Jordin
Nowak,Chad,Conrad,Symone,Nowak,Davin
Nowak,Talia,Stefanyshyn,Justine,Nowak,Jordin
Nowak,Damien,Conrad,Symone,Nowak,Davin
Nowak,Clara,Stefanyshyn,Justine,Nowak,Jordin
Nowak,Edgardo,Conrad,Symone,Nowak,Davin
Nowak,Kady,Stefanyshyn,Justine,Nowak,Jordin
Nowak,Andreas,Conrad,Torrie,Nowak,Ibrahim
Nowak,Giuliana,Stefanyshyn,Justine,Nowak,Jordin
Nowak,Adan,Conrad,Torrie,Nowak,Ibrahim
Nowak,Loni,Stefanyshyn,Justine,Nowak,Jordin
Nowak,Damon,Conrad,Torrie,Nowak,Ibrahim
Nowak,Imelda,Stefanyshyn,Justine,Nowak,Jordin
Nowak,Brodie,Conrad,Torrie,Nowak,Ibrahim
Nowak,Jaida,Stefanyshyn,Justine,Nowak,Jordin
Nowak,Britt,Conrad,Torrie,Nowak,Ibrahim
Nowak,Rian,Stefanyshyn,Justine,Nowak,Jordin
Nowak,Jessee,Conrad,Torrie,Nowak,Ibrahim
Nowak,Willow,Stefanyshyn,Justine,Nowak,Jordin
Nowak,Marcanthon,Conrad,Torrie,Nowak,Ibrahim
Nowak,Hunter,Stefanyshyn,Justine,Nowak,Jordin
Nowak,Liam,Conrad,Torrie,Nowak,Ibrahim
Nowak,Abigayle,Stefanyshyn,Justine,Nowak,Jordin
Nowak,Victor,Conrad,Johanna,Nowak,Bret
Nowak,Justina,Stefanyshyn,Desteny,Nowak,Damian
Nowak,Conner,Conrad,Johanna,Nowak,Bret
Nowak,Holland,Stefanyshyn,Desteny,Nowak,Damian
Nowak,Evan,Conrad,Johanna,Nowak,Bret
Nowak,Deserae,Stefanyshyn,Desteny,Nowak,Damian
Nowak,Kapil,Conrad,Jhane,Nowak,Lloyd
Nowak,Jazmyn,Stefanyshyn,Desteny,Nowak,Damian
Nowak,Reynaldo,Conrad,Jhane,Nowak,Lloyd
Nowak,Valentina,Stefanyshyn,Desteny,Nowak,Damian
Nowak,Simon,Conrad,Jhane,Nowak,Lloyd
Nowak,Jean,Stefanyshyn,Desteny,Nowak,Damian
Nowak,Justin,Conrad,Jhane,Nowak,Lloyd
Nowak,Anisha,Stefanyshyn,Desteny,Nowak,Damian
Nowak,Cody,Conrad,Jhane,Nowak,Lloyd
Nowak,Lauren,Stefanyshyn,Desteny,Nowak,Damian
Nowak,Shelby,Conrad,Jhane,Nowak,Lloyd
Nowak,Alysha,Stefanyshyn,Desteny,Nowak,Damian
Nowak,Rodney,Conrad,Jhane,Nowak,Lloyd
Nowak,Haleigh,Stefanyshyn,Desteny,Nowak,Damian
Nowak,Rayquan,Conrad,Clara,Nowak,Kenny
Nowak,Adriana,Stefanyshyn,Desteny,Nowak,Damian
Nowak,Cade,Conrad,Clara,Nowak,Kenny
Nowak,Armani,Stefanyshyn,Desteny,Nowak,Damian
Nowak,Deante,Conrad,Clara,Nowak,Kenny
Thagard,Jaymie,Stefanyshyn,Keely,Thagard,Sedrick
Nowak,Delonta,Conrad,Clara,Nowak,Kenny
Thagard,Crystal,Stefanyshyn,Keely,Thagard,Sedrick
Nowak,Omar,Conrad,Clara,Nowak,Kenny
Thagard,Dayna,Stefanyshyn,Keely,Thagard,Sedrick
Nowak,Danny,Garriott,Mattea,Nowak,Louis
Thagard,Jori,Stefanyshyn,Keely,Thagard,Sedrick
Nowak,Deandre,Garriott,Mattea,Nowak,Louis
Thagard,Juliette,Stefanyshyn,Keely,Thagard,Sedrick
Nowak,Kelson,Garriott,Nayeli,Nowak,Talon
Thagard,Maeghan,Stefanyshyn,Keely,Thagard,Sedrick
Nowak,Raymond,Garriott,Nayeli,Nowak,Talon
Thagard,Estefania,Stefanyshyn,Keely,Thagard,Sedrick
Nowak,Jaime,Garriott,Kaina,Nowak,Denzell
Thagard,Kyana,Stefanyshyn,Keely,Thagard,Sedrick
Nowak,Dallas,Garriott,Kaina,Nowak,Denzell
Thagard,Caitlan,Stefanyshyn,Keely,Thagard,Sedrick
Nowak,Jeb,Garriott,Kaina,Nowak,Denzell
Thagard,Lori,Stefanyshyn,Keely,Thagard,Sedrick
Nowak,Tristan,Garriott,Kaina,Nowak,Denzell
Thagard,Erica,Stefanyshyn,Keely,Thagard,Sedrick
Nowak,Kameron,Garriott,Kaina,Nowak,Denzell
Thagard,Tierra,Stefanyshyn,Keely,Thagard,Sedrick
Nowak,Jesus,Garriott,Kaina,Nowak,Denzell
Thagard,Shuntara,Stefanyshyn,Keely,Thagard,Sedrick
Nowak,Corbin,Garriott,Kaina,Nowak,Denzell
Thagard,Jessenia,Stefanyshyn,Keely,Thagard,Sedrick
Nowak,Freeman,Stefanyshyn,Justine,Nowak,Jordin
Thagard,Sade,Stefanyshyn,Keely,Thagard,Sedrick
Nowak,Adam,Stefanyshyn,Justine,Nowak,Jordin
Thagard,Nathalia,Stefanyshyn,Keely,Thagard,Sedrick
Nowak,Devante,Stefanyshyn,Justine,Nowak,Jordin
Thagard,Kacie,Armstrong,Kimberlee,Thagard,Noel
Nowak,Mark,Stefanyshyn,Justine,Nowak,Jordin
Thagard,Melinda,Armstrong,Kimberlee,Thagard,Noel
Nowak,Brayden,Stefanyshyn,Justine,Nowak,Jordin
Thagard,Lyric,Armstrong,Kimberlee,Thagard,Noel
Nowak,Reece,Stefanyshyn,Justine,Nowak,Jordin
Thagard,Jordan,Armstrong,Kimberlee,Thagard,Noel
Nowak,Terrance,Stefanyshyn,Desteny,Nowak,Damian
Thagard,Daisy,Armstrong,Kimberlee,Thagard,Noel
Nowak,Jaylan,Stefanyshyn,Desteny,Nowak,Damian
Thagard,Shamaria,Armstrong,Kimberlee,Thagard,Noel
Nowak,Dakotah,Stefanyshyn,Desteny,Nowak,Damian
Thagard,Mandy,Armstrong,Kimberlee,Thagard,Noel
Nowak,Israel,Stefanyshyn,Desteny,Nowak,Damian
Thagard,Lucia,Armstrong,Kimberlee,Thagard,Noel
Nowak,Misael,Stefanyshyn,Desteny,Nowak,Damian
Thagard,Morgan,Armstrong,Marina,Thagard,Terrance
Nowak,Keon,Stefanyshyn,Desteny,Nowak,Damian
Thagard,Katheryn,Armstrong,Marina,Thagard,Terrance
