Duffy,Isaias,Jones,Juanita,Duffy,Jonathon
Adamson,Keirra,McNair,Cierra,Adamson,Toby
Wisoff,Deondre,Cleveland,Sylvia,Wisoff,Reid
Freeman,Esther,Godwin,Alma,Freeman,Vinh
Onizuka,Cristian,Harbaugh,Diana,Onizuka,River
Hauck,Justine,Truly,Randi,Hauck,Shamar
Polansky,Daryl,Coleman,Mariana,Polansky,Corey
Ford,Janell,Carter,Jill,Ford,Ivan
Bluford,Erin,Stewart,Maren,Bluford,Brennen
Sullivan,Dajah,Reisman,Daija,Sullivan,Brody
Akers,Dane,Duffy,Makala,Akers,Kody
Hobaugh,Natasha,Hauck,Brielle,Hobaugh,Kamau
Henize,Yakov,Polk,Krista,Henize,Riley
Duffy,Julissa,Lockhart,Tiyanna,Duffy,Denver
Grabe,Oneil,Kilrain,Mckenzie,Grabe,Jean
Grout,Dianne,Bean,Mia,Grout,Oliver
Edwards,Tyrell,Linnehan,Anamaria,Edwards,Noel
Magnus,Elijah,Onizuka,Alma,Magnus,Gustavo
Tyler,Ahmed,Jackson,Misty,Tyler,Coy
Creamer,Linnea,Hawley,Mackenna,Creamer,Izaiah
Readdy,Oliver,Freeman,Leann,Readdy,Lance
Morgan,Callie,Akers,Roxana,Morgan,Grayson
Covey,Nestor,Wheelock,Joan,Covey,Daquan
Currie,Joelle,Chawla,Selina,Currie,Heriberto
McDivitt,Amari,Cameron,Alysa,McDivitt,Demetrius
Creamer,Mindi,Patrick,Malia,Creamer,Keegan
Chamitoff,Landin,McKinley,Norma,Chamitoff,Kory
Harrison,Emilie,Grant,Brionna,Harrison,Chris
Duffy,Landin,Adamson,Keirra,Duffy,Isaias
Cox,Chloe,Tanner,Shauna,Cox,Cristian
Wisoff,Taylor,Freeman,Esther,Wisoff,Deondre
McNair,Valentina,Kilrain,Abigail,McNair,Quayshawn
Wisoff,Alan,Freeman,Esther,Wisoff,Deondre
Duffy,Tamera,Adamson,Keirra,Duffy,Isaias
Wisoff,Carson,Freeman,Esther,Wisoff,Deondre
Duffy,Kiara,Adamson,Keirra,Duffy,Isaias
Wisoff,Lee,Freeman,Esther,Wisoff,Deondre
Duffy,Kimberly,Adamson,Keirra,Duffy,Isaias
Wisoff,Brenden,Freeman,Esther,Wisoff,Deondre
Wisoff,Casey,Freeman,Esther,Wisoff,Deondre
Wisoff,Jaylon,Freeman,Esther,Wisoff,Deondre
Wisoff,Shiloh,Freeman,Esther,Wisoff,Deondre
Wisoff,Cesar,Freeman,Esther,Wisoff,Deondre
Wisoff,Logan,Freeman,Esther,Wisoff,Deondre
Wisoff,Sydney,Freeman,Esther,Wisoff,Deondre
Wisoff,Carina,Freeman,Esther,Wisoff,Deondre
Onizuka,Edgar,Hauck,Justine,Onizuka,Cristian
Wisoff,Joanna,Freeman,Esther,Wisoff,Deondre
Onizuka,Deondre,Hauck,Justine,Onizuka,Cristian
Wisoff,Haylie,Freeman,Esther,Wisoff,Deondre
Onizuka,Ayub,Hauck,Justine,Onizuka,Cristian
Wisoff,Michal,Freeman,Esther,Wisoff,Deondre
Onizuka,Reese,Hauck,Justine,Onizuka,Cristian
Onizuka,Vanessa,Hauck,Justine,Onizuka,Cristian
Polansky,Benito,Ford,Janell,Polansky,Daryl
Polansky,Michelle,Ford,Janell,Polansky,Daryl
Polansky,Jamir,Ford,Janell,Polansky,Daryl
Polansky,Salina,Ford,Janell,Polansky,Daryl
Polansky,Diamond,Ford,Janell,Polansky,Daryl
Polansky,Alysha,Ford,Janell,Polansky,Daryl
Polansky,Erick,Ford,Janell,Polansky,Daryl
Polansky,Leigh,Ford,Janell,Polansky,Daryl
Polansky,Jair,Ford,Janell,Polansky,Daryl
Polansky,Jesslyn,Ford,Janell,Polansky,Daryl
Polansky,Abdul,Ford,Janell,Polansky,Daryl
Bluford,Kiesha,Sullivan,Dajah,Bluford,Erin
Polansky,Emmanuel,Ford,Janell,Polansky,Daryl
Bluford,Minnie,Sullivan,Dajah,Bluford,Erin
Polansky,Maximillia,Ford,Janell,Polansky,Daryl
Bluford,Emilie,Sullivan,Dajah,Bluford,Erin
Polansky,Stevan,Ford,Janell,Polansky,Daryl
Bluford,Toni,Sullivan,Dajah,Bluford,Erin
Polansky,Justice,Ford,Janell,Polansky,Daryl
Bluford,Alani,Sullivan,Dajah,Bluford,Erin
Polansky,Michal,Ford,Janell,Polansky,Daryl
Bluford,Tamisha,Sullivan,Dajah,Bluford,Erin
Bluford,Quentin,Sullivan,Dajah,Bluford,Erin
Bluford,Shanice,Sullivan,Dajah,Bluford,Erin
Bluford,Tyrell,Sullivan,Dajah,Bluford,Erin
Bluford,Mikala,Sullivan,Dajah,Bluford,Erin
Bluford,Devyn,Sullivan,Dajah,Bluford,Erin
Bluford,Bethany,Sullivan,Dajah,Bluford,Erin
Bluford,Aaron,Sullivan,Dajah,Bluford,Erin
Bluford,Francisca,Sullivan,Dajah,Bluford,Erin
Bluford,Armando,Sullivan,Dajah,Bluford,Erin
Akers,Reyna,Hobaugh,Natasha,Akers,Dane
Akers,Frank,Hobaugh,Natasha,Akers,Dane
Henize,Ebone,Duffy,Julissa,Henize,Yakov
Akers,Ezekiel,Hobaugh,Natasha,Akers,Dane
Henize,Shyann,Duffy,Julissa,Henize,Yakov
Henize,Jeb,Duffy,Julissa,Henize,Yakov
Henize,Kaila,Duffy,Julissa,Henize,Yakov
Henize,Jaylin,Duffy,Julissa,Henize,Yakov
Henize,Kasandra,Duffy,Julissa,Henize,Yakov
Henize,Jai,Duffy,Julissa,Henize,Yakov
Henize,Cindy,Duffy,Julissa,Henize,Yakov
Henize,Jeramie,Duffy,Julissa,Henize,Yakov
Grabe,Larissa,Grout,Dianne,Grabe,Oneil
Grabe,Diamond,Grout,Dianne,Grabe,Oneil
Grabe,Monet,Grout,Dianne,Grabe,Oneil
Grabe,Dontae,Grout,Dianne,Grabe,Oneil
Grabe,Aishah,Grout,Dianne,Grabe,Oneil
Grabe,Timothy,Grout,Dianne,Grabe,Oneil
Grabe,Shamaria,Grout,Dianne,Grabe,Oneil
Grabe,Terrell,Grout,Dianne,Grabe,Oneil
Grabe,Rani,Grout,Dianne,Grabe,Oneil
Grabe,Daylon,Grout,Dianne,Grabe,Oneil
Grabe,Breana,Grout,Dianne,Grabe,Oneil
Grabe,Noah,Grout,Dianne,Grabe,Oneil
Grabe,Toni,Grout,Dianne,Grabe,Oneil
Grabe,Daniel,Grout,Dianne,Grabe,Oneil
Grabe,Anabel,Grout,Dianne,Grabe,Oneil
Grabe,Jerryd,Grout,Dianne,Grabe,Oneil
Grabe,Makenna,Grout,Dianne,Grabe,Oneil
Grabe,Roger,Grout,Dianne,Grabe,Oneil
Edwards,Margarita,Magnus,Elijah,Edwards,Tyrell
Grabe,Esau,Grout,Dianne,Grabe,Oneil
Edwards,Breanne,Magnus,Elijah,Edwards,Tyrell
Edwards,Jonah,Magnus,Elijah,Edwards,Tyrell
Tyler,Audra,Creamer,Linnea,Tyler,Ahmed
Edwards,Willis,Magnus,Elijah,Edwards,Tyrell
Readdy,Zoee,Morgan,Callie,Readdy,Oliver
Tyler,Quanterriu,Creamer,Linnea,Tyler,Ahmed
Readdy,Mykayla,Morgan,Callie,Readdy,Oliver
Tyler,Felipe,Creamer,Linnea,Tyler,Ahmed
Readdy,Anne,Morgan,Callie,Readdy,Oliver
Readdy,Alvaro,Morgan,Callie,Readdy,Oliver
Readdy,Maribel,Morgan,Callie,Readdy,Oliver
Readdy,Marcello,Morgan,Callie,Readdy,Oliver
Readdy,Brittany,Morgan,Callie,Readdy,Oliver
Readdy,Guadalupe,Morgan,Callie,Readdy,Oliver
Readdy,Samantha,Morgan,Callie,Readdy,Oliver
Readdy,Chaz,Morgan,Callie,Readdy,Oliver
Readdy,Margaret,Morgan,Callie,Readdy,Oliver
Readdy,Omar,Morgan,Callie,Readdy,Oliver
Readdy,Abigayle,Morgan,Callie,Readdy,Oliver
Readdy,Elvin,Morgan,Callie,Readdy,Oliver
Readdy,Amna,Morgan,Callie,Readdy,Oliver
Readdy,Jalil,Morgan,Callie,Readdy,Oliver
Readdy,Camilla,Morgan,Callie,Readdy,Oliver
Covey,Braden,Currie,Joelle,Covey,Nestor
Readdy,Ronni,Morgan,Callie,Readdy,Oliver
Covey,Alonso,Currie,Joelle,Covey,Nestor
Covey,Gloria,Currie,Joelle,Covey,Nestor
Covey,Garin,Currie,Joelle,Covey,Nestor
Covey,Kelsi,Currie,Joelle,Covey,Nestor
Covey,Daequan,Currie,Joelle,Covey,Nestor
Covey,Melissa,Currie,Joelle,Covey,Nestor
Covey,Marielle,Currie,Joelle,Covey,Nestor
Covey,Kelci,Currie,Joelle,Covey,Nestor
Covey,Tracy,Currie,Joelle,Covey,Nestor
Covey,Kayleigh,Currie,Joelle,Covey,Nestor
Covey,Brett,Currie,Joelle,Covey,Nestor
McDivitt,Tamera,Creamer,Mindi,McDivitt,Amari
Covey,Vincent,Currie,Joelle,Covey,Nestor
McDivitt,Reilly,Creamer,Mindi,McDivitt,Amari
Covey,Houston,Currie,Joelle,Covey,Nestor
McDivitt,Elise,Creamer,Mindi,McDivitt,Amari
McDivitt,Ramon,Creamer,Mindi,McDivitt,Amari
McDivitt,Jesslyn,Creamer,Mindi,McDivitt,Amari
McDivitt,Moshe,Creamer,Mindi,McDivitt,Amari
McDivitt,Elizabet,Creamer,Mindi,McDivitt,Amari
McDivitt,Tucker,Creamer,Mindi,McDivitt,Amari
McDivitt,Julianna,Creamer,Mindi,McDivitt,Amari
McDivitt,Diamond,Creamer,Mindi,McDivitt,Amari
McDivitt,Cherie,Creamer,Mindi,McDivitt,Amari
McDivitt,Cesar,Creamer,Mindi,McDivitt,Amari
McDivitt,Deondra,Creamer,Mindi,McDivitt,Amari
McDivitt,Stefan,Creamer,Mindi,McDivitt,Amari
McDivitt,Norma,Creamer,Mindi,McDivitt,Amari
McDivitt,Ryan,Creamer,Mindi,McDivitt,Amari
Chamitoff,Katie,Harrison,Emilie,Chamitoff,Landin
Chamitoff,Emanuel,Harrison,Emilie,Chamitoff,Landin
Chamitoff,Rose,Harrison,Emilie,Chamitoff,Landin
Chamitoff,Ivan,Harrison,Emilie,Chamitoff,Landin
Chamitoff,Yajaira,Harrison,Emilie,Chamitoff,Landin
Chamitoff,Jeremy,Harrison,Emilie,Chamitoff,Landin
Chamitoff,Keyshla,Harrison,Emilie,Chamitoff,Landin
Chamitoff,Coleman,Harrison,Emilie,Chamitoff,Landin
Chamitoff,Valeria,Harrison,Emilie,Chamitoff,Landin
Chamitoff,Jerry,Harrison,Emilie,Chamitoff,Landin
Chamitoff,Victoria,Harrison,Emilie,Chamitoff,Landin
Chamitoff,Brett,Harrison,Emilie,Chamitoff,Landin
Duffy,Jaymie,Cox,Chloe,Duffy,Landin
Chamitoff,Mario,Harrison,Emilie,Chamitoff,Landin
Duffy,Latasha,Cox,Chloe,Duffy,Landin
Chamitoff,Jason,Harrison,Emilie,Chamitoff,Landin
Duffy,Maryanna,Cox,Chloe,Duffy,Landin
Chamitoff,Mauro,Harrison,Emilie,Chamitoff,Landin
Duffy,Jazmyne,Cox,Chloe,Duffy,Landin
Chamitoff,Anton,Harrison,Emilie,Chamitoff,Landin
Duffy,Lily,Cox,Chloe,Duffy,Landin
Chamitoff,Jalil,Harrison,Emilie,Chamitoff,Landin
Wisoff,Victoria,McNair,Valentina,Wisoff,Taylor
Chamitoff,Jasen,Harrison,Emilie,Chamitoff,Landin
Wisoff,Taryn,McNair,Valentina,Wisoff,Taylor
Duffy,Marcanthon,Cox,Chloe,Duffy,Landin
Wisoff,Shakia,McNair,Valentina,Wisoff,Taylor
Duffy,Arthur,Cox,Chloe,Duffy,Landin
Wisoff,Nora,McNair,Valentina,Wisoff,Taylor
Wisoff,Eugene,McNair,Valentina,Wisoff,Taylor
Wisoff,Jayla,McNair,Valentina,Wisoff,Taylor
Wisoff,Lamonte,McNair,Valentina,Wisoff,Taylor
Wisoff,Shelley,McNair,Valentina,Wisoff,Taylor
Wisoff,Sunny,McNair,Valentina,Wisoff,Taylor
Wisoff,Silvia,McNair,Valentina,Wisoff,Taylor
Wisoff,Saul,McNair,Valentina,Wisoff,Taylor
Wisoff,Kristen,Duffy,Tamera,Wisoff,Alan
Wisoff,Zachariah,McNair,Valentina,Wisoff,Taylor
Wisoff,Halee,Duffy,Tamera,Wisoff,Alan
Wisoff,Gunner,McNair,Valentina,Wisoff,Taylor
Wisoff,Dyamond,Duffy,Kiara,Wisoff,Carson
Wisoff,Denzell,Duffy,Tamera,Wisoff,Alan
Wisoff,Jaida,Duffy,Kiara,Wisoff,Carson
Wisoff,Abel,Duffy,Kiara,Wisoff,Carson
Wisoff,Dayna,Duffy,Kiara,Wisoff,Carson
Wisoff,Jarrod,Duffy,Kiara,Wisoff,Carson
Wisoff,Kathryn,Duffy,Kiara,Wisoff,Carson
Wisoff,Julian,Duffy,Kiara,Wisoff,Carson
Wisoff,Alayna,Duffy,Kiara,Wisoff,Carson
Wisoff,Vinh,Duffy,Kiara,Wisoff,Carson
Wisoff,Raven,Duffy,Kiara,Wisoff,Carson
Wisoff,Gideon,Duffy,Kiara,Wisoff,Carson
Wisoff,Elsa,Duffy,Kiara,Wisoff,Carson
Wisoff,Angelo,Duffy,Kiara,Wisoff,Carson
Wisoff,Kristie,Duffy,Kiara,Wisoff,Carson
Wisoff,Tre,Duffy,Kiara,Wisoff,Carson
Wisoff,Kelci,Duffy,Kimberly,Wisoff,Lee
Wisoff,Shane,Duffy,Kiara,Wisoff,Carson
Wisoff,Shamaria,Onizuka,Vanessa,Wisoff,Brenden
Wisoff,Amir,Duffy,Kiara,Wisoff,Carson
Wisoff,Kara,Onizuka,Vanessa,Wisoff,Brenden
Wisoff,Abdiel,Duffy,Kiara,Wisoff,Carson
Wisoff,Jennie,Onizuka,Vanessa,Wisoff,Brenden
Wisoff,Willis,Duffy,Kimberly,Wisoff,Lee
Wisoff,Annika,Onizuka,Vanessa,Wisoff,Brenden
Wisoff,Killian,Duffy,Kimberly,Wisoff,Lee
Wisoff,Esmeralda,Onizuka,Vanessa,Wisoff,Brenden
Wisoff,Rodney,Duffy,Kimberly,Wisoff,Lee
Wisoff,Frida,Onizuka,Vanessa,Wisoff,Brenden
Wisoff,Jarred,Duffy,Kimberly,Wisoff,Lee
Wisoff,Lorena,Onizuka,Vanessa,Wisoff,Brenden
Wisoff,Kenyon,Duffy,Kimberly,Wisoff,Lee
Wisoff,Kaitlyn,Onizuka,Vanessa,Wisoff,Brenden
Wisoff,Mickey,Onizuka,Vanessa,Wisoff,Brenden
Wisoff,Danica,Onizuka,Vanessa,Wisoff,Brenden
Wisoff,Houston,Onizuka,Vanessa,Wisoff,Brenden
Wisoff,Abigayle,Polansky,Michelle,Wisoff,Jaylon
Wisoff,Nickalus,Onizuka,Vanessa,Wisoff,Brenden
Wisoff,Morgan,Polansky,Michelle,Wisoff,Jaylon
Wisoff,Ronny,Onizuka,Vanessa,Wisoff,Brenden
Wisoff,Moesha,Polansky,Michelle,Wisoff,Jaylon
Wisoff,Branden,Onizuka,Vanessa,Wisoff,Brenden
Wisoff,Kelly,Polansky,Michelle,Wisoff,Jaylon
Wisoff,Jevin,Polansky,Michelle,Wisoff,Jaylon
Wisoff,Delanie,Polansky,Michelle,Wisoff,Jaylon
Wisoff,Keon,Polansky,Michelle,Wisoff,Jaylon
Wisoff,Chelsy,Polansky,Michelle,Wisoff,Jaylon
Wisoff,Jovonte,Polansky,Michelle,Wisoff,Jaylon
Wisoff,Maranda,Polansky,Salina,Wisoff,Cesar
Duffy,Jonathon,Jones,Juanita,Adamson,Toby,Boilermaker
Wisoff,Jalen,Polansky,Salina,Wisoff,Cesar
Wisoff,Bayleigh,Polansky,Salina,Wisoff,Cesar
Wisoff,Jasen,Polansky,Salina,Wisoff,Cesar
Wisoff,Elise,Polansky,Salina,Wisoff,Cesar
Wisoff,Tyree,Polansky,Salina,Wisoff,Cesar
Wisoff,Nia,Polansky,Salina,Wisoff,Cesar
Wisoff,Elliott,Polansky,Salina,Wisoff,Cesar
Wisoff,Kelsy,Polansky,Alysha,Wisoff,Sydney
Wisoff,Rashad,Polansky,Salina,Wisoff,Cesar
Wisoff,Alice,Polansky,Alysha,Wisoff,Sydney
Wisoff,Russell,Polansky,Salina,Wisoff,Cesar
Wisoff,Shanise,Polansky,Alysha,Wisoff,Sydney
Wisoff,Lazaro,Polansky,Salina,Wisoff,Cesar
Onizuka,Lesly,Wisoff,Casey,Onizuka,Edgar
Wisoff,Stephanie,Polansky,Salina,Wisoff,Cesar
Onizuka,Jabria,Wisoff,Casey,Onizuka,Edgar
Wisoff,Antoine,Polansky,Salina,Wisoff,Cesar
Onizuka,Ashtin,Wisoff,Casey,Onizuka,Edgar
Wisoff,Coby,Polansky,Salina,Wisoff,Cesar
Onizuka,Karly,Wisoff,Casey,Onizuka,Edgar
Wisoff,Justin,Polansky,Alysha,Wisoff,Sydney
Onizuka,Virginia,Wisoff,Casey,Onizuka,Edgar
Wisoff,Kelsey,Polansky,Alysha,Wisoff,Sydney
Onizuka,Brenda,Wisoff,Casey,Onizuka,Edgar
Wisoff,Damien,Polansky,Alysha,Wisoff,Sydney
Onizuka,Mercedes,Wisoff,Casey,Onizuka,Edgar
Wisoff,Noah,Polansky,Alysha,Wisoff,Sydney
Onizuka,Sneha,Wisoff,Shiloh,Onizuka,Deondre
Wisoff,Jabari,Polansky,Alysha,Wisoff,Sydney
Onizuka,Evelyn,Wisoff,Shiloh,Onizuka,Deondre
Wisoff,Zachery,Polansky,Alysha,Wisoff,Sydney
Onizuka,Kacey,Wisoff,Shiloh,Onizuka,Deondre
Onizuka,Louis,Wisoff,Casey,Onizuka,Edgar
Onizuka,Raegan,Wisoff,Shiloh,Onizuka,Deondre
Onizuka,Gavin,Wisoff,Casey,Onizuka,Edgar
Onizuka,Ivelisse,Wisoff,Carina,Onizuka,Reese
Onizuka,Conner,Wisoff,Casey,Onizuka,Edgar
Onizuka,Juanita,Wisoff,Carina,Onizuka,Reese
Onizuka,Kendrick,Wisoff,Casey,Onizuka,Edgar
Onizuka,Kianna,Wisoff,Carina,Onizuka,Reese
Onizuka,Hudson,Wisoff,Casey,Onizuka,Edgar
Polansky,Keila,Wisoff,Joanna,Polansky,Benito
Onizuka,Keenan,Wisoff,Casey,Onizuka,Edgar
Polansky,Carley,Wisoff,Haylie,Polansky,Jamir
Onizuka,Steve,Wisoff,Casey,Onizuka,Edgar
Polansky,Stella,Wisoff,Haylie,Polansky,Jamir
Onizuka,Trevin,Wisoff,Casey,Onizuka,Edgar
Polansky,Dakota,Wisoff,Haylie,Polansky,Jamir
Onizuka,Clint,Wisoff,Casey,Onizuka,Edgar
Polansky,Marysol,Wisoff,Haylie,Polansky,Jamir
Onizuka,Noah,Wisoff,Casey,Onizuka,Edgar
Polansky,Dianne,Wisoff,Haylie,Polansky,Jamir
Onizuka,Spencer,Wisoff,Casey,Onizuka,Edgar
Polansky,Shyanne,Wisoff,Haylie,Polansky,Jamir
Onizuka,Roy,Wisoff,Casey,Onizuka,Edgar
Polansky,Cali,Wisoff,Haylie,Polansky,Jamir
Onizuka,Stevan,Wisoff,Shiloh,Onizuka,Deondre
Polansky,Holli,Wisoff,Haylie,Polansky,Jamir
Onizuka,Cecil,Wisoff,Shiloh,Onizuka,Deondre
Polansky,Heidi,Wisoff,Michal,Polansky,Diamond
Onizuka,Grant,Wisoff,Shiloh,Onizuka,Deondre
Polansky,Coralys,Wisoff,Michal,Polansky,Diamond
Onizuka,Campbell,Wisoff,Shiloh,Onizuka,Deondre
Polansky,Tiara,Wisoff,Michal,Polansky,Diamond
Onizuka,Graham,Wisoff,Shiloh,Onizuka,Deondre
Polansky,Gloria,Bluford,Kiesha,Polansky,Erick
Onizuka,Clayton,Wisoff,Shiloh,Onizuka,Deondre
Polansky,Bianca,Bluford,Kiesha,Polansky,Erick
Onizuka,Seamus,Wisoff,Shiloh,Onizuka,Deondre
Polansky,Viridiana,Bluford,Kiesha,Polansky,Erick
Onizuka,Jared,Wisoff,Shiloh,Onizuka,Deondre
Polansky,Lindsey,Bluford,Kiesha,Polansky,Erick
Onizuka,Remington,Wisoff,Shiloh,Onizuka,Deondre
Polansky,Julianne,Bluford,Kiesha,Polansky,Erick
Onizuka,Rafael,Wisoff,Shiloh,Onizuka,Deondre
Polansky,Cori,Bluford,Minnie,Polansky,Jair
Onizuka,John,Wisoff,Logan,Onizuka,Ayub
Polansky,Caitlyn,Bluford,Minnie,Polansky,Jair
Onizuka,Hiram,Wisoff,Logan,Onizuka,Ayub
Polansky,Mollie,Bluford,Minnie,Polansky,Jair
Onizuka,Tyreek,Wisoff,Logan,Onizuka,Ayub
Polansky,Paige,Bluford,Minnie,Polansky,Jair
Onizuka,Jules,Wisoff,Carina,Onizuka,Reese
Polansky,Kirstin,Bluford,Minnie,Polansky,Jair
Onizuka,Mitchell,Wisoff,Carina,Onizuka,Reese
Polansky,Kelcee,Bluford,Minnie,Polansky,Jair
Polansky,Nigel,Wisoff,Joanna,Polansky,Benito
Polansky,Shelby,Bluford,Minnie,Polansky,Jair
Polansky,Justus,Wisoff,Joanna,Polansky,Benito
Polansky,Nakia,Bluford,Minnie,Polansky,Jair
Polansky,Alek,Wisoff,Haylie,Polansky,Jamir
Polansky,Sara,Bluford,Minnie,Polansky,Jair
Polansky,Kenneth,Wisoff,Haylie,Polansky,Jamir
Polansky,Keara,Bluford,Minnie,Polansky,Jair
Polansky,Marco,Wisoff,Haylie,Polansky,Jamir
Polansky,Estefani,Bluford,Emilie,Polansky,Abdul
Polansky,Mauro,Wisoff,Haylie,Polansky,Jamir
Polansky,Noah,Bluford,Emilie,Polansky,Abdul
Polansky,Dexter,Wisoff,Haylie,Polansky,Jamir
Polansky,Gabriele,Bluford,Emilie,Polansky,Abdul
Polansky,Jacori,Wisoff,Haylie,Polansky,Jamir
Polansky,Nayeli,Bluford,Emilie,Polansky,Abdul
Polansky,Terence,Wisoff,Haylie,Polansky,Jamir
Polansky,Rosa,Bluford,Emilie,Polansky,Abdul
Polansky,Brenden,Wisoff,Haylie,Polansky,Jamir
Polansky,Marlen,Bluford,Emilie,Polansky,Abdul
Polansky,Dane,Wisoff,Haylie,Polansky,Jamir
Polansky,Dorian,Bluford,Emilie,Polansky,Abdul
Polansky,Jairo,Wisoff,Michal,Polansky,Diamond
Polansky,Janelle,Bluford,Emilie,Polansky,Abdul
Polansky,Ryen,Wisoff,Michal,Polansky,Diamond
Polansky,Shakia,Bluford,Emilie,Polansky,Abdul
Polansky,Curtis,Wisoff,Michal,Polansky,Diamond
Polansky,Kansas,Bluford,Toni,Polansky,Emmanuel
Polansky,Sebastian,Bluford,Kiesha,Polansky,Erick
Polansky,Paloma,Bluford,Toni,Polansky,Emmanuel
Polansky,Isaias,Bluford,Kiesha,Polansky,Erick
Polansky,Roxana,Bluford,Toni,Polansky,Emmanuel
Polansky,Terron,Bluford,Kiesha,Polansky,Erick
Polansky,Niyah,Bluford,Toni,Polansky,Emmanuel
Polansky,Shayne,Bluford,Kiesha,Polansky,Erick
Polansky,Katelynn,Bluford,Toni,Polansky,Emmanuel
Polansky,Harrison,Bluford,Kiesha,Polansky,Erick
Polansky,Jackie,Bluford,Toni,Polansky,Emmanuel
Polansky,Jan,Bluford,Kiesha,Polansky,Erick
Polansky,Suzette,Bluford,Toni,Polansky,Emmanuel
Polansky,Kelvin,Bluford,Kiesha,Polansky,Erick
Polansky,Joleen,Bluford,Toni,Polansky,Emmanuel
Polansky,Kieran,Bluford,Kiesha,Polansky,Erick
Polansky,Jeanna,Bluford,Toni,Polansky,Emmanuel
Polansky,Jean,Bluford,Minnie,Polansky,Jair
Polansky,Ruth,Bluford,Toni,Polansky,Emmanuel
Polansky,Courtney,Bluford,Minnie,Polansky,Jair
Polansky,Breonna,Bluford,Alani,Polansky,Maximillia
Polansky,Tavon,Bluford,Minnie,Polansky,Jair
Polansky,Georgia,Bluford,Alani,Polansky,Maximillia
Polansky,Cullen,Bluford,Minnie,Polansky,Jair
Polansky,Ida,Bluford,Alani,Polansky,Maximillia
Polansky,Jarvis,Bluford,Minnie,Polansky,Jair
Polansky,Elizabet,Bluford,Alani,Polansky,Maximillia
Polansky,Maxwell,Bluford,Minnie,Polansky,Jair
Polansky,Kaylah,Bluford,Tamisha,Polansky,Stevan
Polansky,Troy,Bluford,Minnie,Polansky,Jair
Polansky,Carolina,Bluford,Tamisha,Polansky,Stevan
Polansky,Grady,Bluford,Minnie,Polansky,Jair
Polansky,Kelsy,Bluford,Tamisha,Polansky,Stevan
Polansky,Kayvon,Bluford,Minnie,Polansky,Jair
Polansky,Maia,Bluford,Tamisha,Polansky,Stevan
Polansky,Kendrick,Bluford,Emilie,Polansky,Abdul
Polansky,Chrystal,Bluford,Shanice,Polansky,Justice
Polansky,Kurtis,Bluford,Emilie,Polansky,Abdul
Polansky,Maureen,Bluford,Shanice,Polansky,Justice
Polansky,Tate,Bluford,Emilie,Polansky,Abdul
Polansky,Kori,Bluford,Mikala,Polansky,Michal
Polansky,Heriberto,Bluford,Emilie,Polansky,Abdul
Polansky,Reagan,Bluford,Mikala,Polansky,Michal
Polansky,Simon,Bluford,Emilie,Polansky,Abdul
Polansky,Valerie,Bluford,Mikala,Polansky,Michal
Polansky,Jerome,Bluford,Toni,Polansky,Emmanuel
Polansky,Kaelyn,Bluford,Mikala,Polansky,Michal
Polansky,Brendon,Bluford,Toni,Polansky,Emmanuel
Polansky,Cameron,Bluford,Mikala,Polansky,Michal
Polansky,Clifford,Bluford,Toni,Polansky,Emmanuel
Polansky,Karley,Bluford,Mikala,Polansky,Michal
Polansky,Payton,Bluford,Toni,Polansky,Emmanuel
Polansky,Lenora,Bluford,Mikala,Polansky,Michal
Polansky,Hayden,Bluford,Toni,Polansky,Emmanuel
Polansky,Brigid,Bluford,Mikala,Polansky,Michal
Polansky,Walker,Bluford,Toni,Polansky,Emmanuel
Polansky,Charity,Bluford,Mikala,Polansky,Michal
Polansky,Moshe,Bluford,Toni,Polansky,Emmanuel
Polansky,Stacey,Bluford,Mikala,Polansky,Michal
Polansky,Willie,Bluford,Toni,Polansky,Emmanuel
Polansky,Liz,Bluford,Mikala,Polansky,Michal
Polansky,Augustus,Bluford,Alani,Polansky,Maximillia
Bluford,Wendy,Polansky,Leigh,Bluford,Quentin
Polansky,Stephan,Bluford,Alani,Polansky,Maximillia
Bluford,Marion,Polansky,Leigh,Bluford,Quentin
Polansky,Humberto,Bluford,Alani,Polansky,Maximillia
Bluford,Mckinzie,Polansky,Leigh,Bluford,Quentin
Polansky,Skyler,Bluford,Alani,Polansky,Maximillia
Bluford,Felicia,Polansky,Leigh,Bluford,Quentin
Polansky,Ayub,Bluford,Alani,Polansky,Maximillia
Bluford,Malinda,Polansky,Jesslyn,Bluford,Tyrell
Polansky,Tom,Bluford,Alani,Polansky,Maximillia
Bluford,Kaya,Polansky,Jesslyn,Bluford,Tyrell
Polansky,Dillon,Bluford,Tamisha,Polansky,Stevan
Bluford,Bonnie,Akers,Reyna,Bluford,Devyn
Polansky,Efren,Bluford,Tamisha,Polansky,Stevan
Bluford,Laquisha,Akers,Reyna,Bluford,Devyn
Polansky,Dontae,Bluford,Tamisha,Polansky,Stevan
Bluford,Laken,Akers,Reyna,Bluford,Devyn
Polansky,Hector,Bluford,Tamisha,Polansky,Stevan
Bluford,Jori,Akers,Reyna,Bluford,Devyn
Polansky,Raheem,Bluford,Tamisha,Polansky,Stevan
Bluford,Heaven,Henize,Ebone,Bluford,Aaron
Polansky,Keanu,Bluford,Tamisha,Polansky,Stevan
Bluford,Kayleen,Henize,Ebone,Bluford,Aaron
Polansky,Ryan,Bluford,Tamisha,Polansky,Stevan
Bluford,Juliet,Henize,Ebone,Bluford,Aaron
Polansky,Marshall,Bluford,Tamisha,Polansky,Stevan
Bluford,Jessika,Henize,Ebone,Bluford,Aaron
Polansky,Charlie,Bluford,Tamisha,Polansky,Stevan
Bluford,Kamri,Henize,Ebone,Bluford,Aaron
Polansky,Britt,Bluford,Tamisha,Polansky,Stevan
Bluford,Pamela,Henize,Ebone,Bluford,Aaron
Polansky,Daequan,Bluford,Tamisha,Polansky,Stevan
Bluford,Joyce,Henize,Ebone,Bluford,Aaron
Polansky,Brent,Bluford,Tamisha,Polansky,Stevan
Bluford,Paula,Henize,Ebone,Bluford,Aaron
Polansky,Javon,Bluford,Shanice,Polansky,Justice
Bluford,Cherie,Henize,Ebone,Bluford,Aaron
Polansky,Reese,Bluford,Shanice,Polansky,Justice
Bluford,Linsey,Henize,Ebone,Bluford,Aaron
Polansky,Davin,Bluford,Shanice,Polansky,Justice
Bluford,Cindy,Henize,Shyann,Bluford,Armando
Polansky,Westley,Bluford,Shanice,Polansky,Justice
Bluford,Joleen,Henize,Shyann,Bluford,Armando
Polansky,Guadalupe,Bluford,Shanice,Polansky,Justice
Bluford,Kayleigh,Henize,Shyann,Bluford,Armando
Polansky,Mauricio,Bluford,Shanice,Polansky,Justice
Akers,Deanne,Bluford,Bethany,Akers,Frank
Polansky,Kylan,Bluford,Mikala,Polansky,Michal
Akers,Kendyl,Bluford,Bethany,Akers,Frank
Polansky,Moses,Bluford,Mikala,Polansky,Michal
Akers,Shawna,Bluford,Bethany,Akers,Frank
Bluford,Maleek,Polansky,Leigh,Bluford,Quentin
Akers,Julie,Bluford,Francisca,Akers,Ezekiel
Bluford,Jarrett,Polansky,Leigh,Bluford,Quentin
Akers,Rita,Bluford,Francisca,Akers,Ezekiel
Bluford,Jaquan,Polansky,Leigh,Bluford,Quentin
Akers,Alex,Bluford,Francisca,Akers,Ezekiel
Bluford,Oliver,Polansky,Jesslyn,Bluford,Tyrell
Akers,Magdalena,Bluford,Francisca,Akers,Ezekiel
Bluford,Brayden,Polansky,Jesslyn,Bluford,Tyrell
Akers,Ashanti,Bluford,Francisca,Akers,Ezekiel
Bluford,Keeton,Akers,Reyna,Bluford,Devyn
Akers,Avery,Bluford,Francisca,Akers,Ezekiel
Bluford,Steve,Henize,Ebone,Bluford,Aaron
Akers,Kenyatta,Bluford,Francisca,Akers,Ezekiel
Bluford,Ariel,Henize,Ebone,Bluford,Aaron
Akers,Carolyn,Bluford,Francisca,Akers,Ezekiel
Bluford,Kameron,Henize,Ebone,Bluford,Aaron
Akers,Saige,Bluford,Francisca,Akers,Ezekiel
Bluford,Kelvin,Henize,Ebone,Bluford,Aaron
Akers,Connie,Bluford,Francisca,Akers,Ezekiel
Bluford,Jalen,Henize,Ebone,Bluford,Aaron
Akers,Stacy,Bluford,Francisca,Akers,Ezekiel
Bluford,Chad,Henize,Ebone,Bluford,Aaron
Akers,Maryanne,Bluford,Francisca,Akers,Ezekiel
Bluford,Valentine,Henize,Ebone,Bluford,Aaron
Akers,Tayla,Bluford,Francisca,Akers,Ezekiel
Bluford,Norman,Henize,Ebone,Bluford,Aaron
Henize,Sommer,Grabe,Larissa,Henize,Jeb
Bluford,Edwin,Henize,Ebone,Bluford,Aaron
Henize,Lauren,Grabe,Larissa,Henize,Jeb
Bluford,Shea,Henize,Shyann,Bluford,Armando
Henize,Aleasha,Grabe,Larissa,Henize,Jeb
Bluford,Darian,Henize,Shyann,Bluford,Armando
Henize,Irene,Grabe,Larissa,Henize,Jeb
Akers,Sutton,Bluford,Bethany,Akers,Frank
Henize,Delanie,Grabe,Monet,Henize,Jaylin
Akers,Gannon,Bluford,Bethany,Akers,Frank
Henize,Lenora,Grabe,Monet,Henize,Jaylin
Akers,Darian,Bluford,Bethany,Akers,Frank
Henize,Madalyn,Grabe,Aishah,Henize,Jai
Akers,Clay,Bluford,Bethany,Akers,Frank
Henize,Juanita,Grabe,Aishah,Henize,Jai
Akers,Kerrick,Bluford,Bethany,Akers,Frank
Henize,Bonnie,Grabe,Aishah,Henize,Jai
Akers,Justice,Bluford,Francisca,Akers,Ezekiel
Henize,Lucy,Grabe,Aishah,Henize,Jai
Akers,Trentin,Bluford,Francisca,Akers,Ezekiel
Henize,Rianna,Grabe,Aishah,Henize,Jai
Akers,Davis,Bluford,Francisca,Akers,Ezekiel
Henize,Loren,Grabe,Aishah,Henize,Jai
Akers,Tallon,Bluford,Francisca,Akers,Ezekiel
Henize,Tanisha,Grabe,Aishah,Henize,Jai
Akers,Curtis,Bluford,Francisca,Akers,Ezekiel
Henize,Suzanne,Grabe,Shamaria,Henize,Jeramie
Akers,Dustin,Bluford,Francisca,Akers,Ezekiel
Henize,Moesha,Grabe,Shamaria,Henize,Jeramie
Henize,Kurtis,Grabe,Larissa,Henize,Jeb
Henize,Marion,Grabe,Shamaria,Henize,Jeramie
Henize,Irvin,Grabe,Monet,Henize,Jaylin
Henize,Connie,Grabe,Shamaria,Henize,Jeramie
Henize,Hayes,Grabe,Monet,Henize,Jaylin
Henize,Promise,Grabe,Shamaria,Henize,Jeramie
Henize,Quintyn,Grabe,Monet,Henize,Jaylin
Henize,Kristine,Grabe,Shamaria,Henize,Jeramie
Henize,Tyrell,Grabe,Monet,Henize,Jaylin
Henize,Evangelina,Grabe,Shamaria,Henize,Jeramie
Henize,Alfred,Grabe,Monet,Henize,Jaylin
Grabe,Deja,Henize,Kaila,Grabe,Diamond
Henize,Triston,Grabe,Monet,Henize,Jaylin
Grabe,Bria,Henize,Kaila,Grabe,Diamond
Henize,Jordan,Grabe,Aishah,Henize,Jai
Grabe,Dylan,Henize,Kaila,Grabe,Diamond
Henize,Talon,Grabe,Aishah,Henize,Jai
Grabe,Evelin,Henize,Kaila,Grabe,Diamond
Henize,Babyboy,Grabe,Aishah,Henize,Jai
Grabe,Maeghan,Henize,Kaila,Grabe,Diamond
Henize,Jermaine,Grabe,Aishah,Henize,Jai
Grabe,Isabel,Henize,Kaila,Grabe,Diamond
Henize,Conor,Grabe,Aishah,Henize,Jai
Grabe,Margo,Henize,Kaila,Grabe,Diamond
Henize,Edgar,Grabe,Aishah,Henize,Jai
Grabe,Janie,Henize,Kaila,Grabe,Diamond
Henize,Keion,Grabe,Aishah,Henize,Jai
Grabe,Anisha,Henize,Kaila,Grabe,Diamond
Henize,Mckay,Grabe,Aishah,Henize,Jai
Grabe,Itati,Henize,Kaila,Grabe,Diamond
Henize,Marcello,Grabe,Shamaria,Henize,Jeramie
Grabe,Allana,Henize,Kasandra,Grabe,Dontae
Henize,Killian,Grabe,Shamaria,Henize,Jeramie
Grabe,Arlene,Henize,Kasandra,Grabe,Dontae
Henize,Skyler,Grabe,Shamaria,Henize,Jeramie
Grabe,Daphne,Henize,Cindy,Grabe,Timothy
Henize,Lucas,Grabe,Shamaria,Henize,Jeramie
Grabe,Alexandra,Henize,Cindy,Grabe,Timothy
Henize,Kenneth,Grabe,Shamaria,Henize,Jeramie
Grabe,Annalisa,Henize,Cindy,Grabe,Timothy
Henize,Tayler,Grabe,Shamaria,Henize,Jeramie
Grabe,Dalila,Henize,Cindy,Grabe,Timothy
Henize,Dan,Grabe,Shamaria,Henize,Jeramie
Grabe,Rebecca,Henize,Cindy,Grabe,Timothy
Henize,Rafael,Grabe,Shamaria,Henize,Jeramie
Grabe,Zoee,Henize,Cindy,Grabe,Timothy
Henize,Layne,Grabe,Shamaria,Henize,Jeramie
Grabe,Keisha,Henize,Cindy,Grabe,Timothy
Henize,Gordon,Grabe,Shamaria,Henize,Jeramie
Grabe,Melody,Henize,Cindy,Grabe,Timothy
Henize,Norman,Grabe,Shamaria,Henize,Jeramie
Grabe,Shaye,Henize,Cindy,Grabe,Timothy
Henize,Jeffrey,Grabe,Shamaria,Henize,Jeramie
Grabe,Jaycee,Edwards,Margarita,Grabe,Terrell
Henize,Willis,Grabe,Shamaria,Henize,Jeramie
Grabe,Isamar,Edwards,Margarita,Grabe,Terrell
Grabe,Travis,Henize,Kaila,Grabe,Diamond
Grabe,Calandra,Edwards,Margarita,Grabe,Terrell
Grabe,Kegan,Henize,Kaila,Grabe,Diamond
Grabe,Macy,Edwards,Margarita,Grabe,Terrell
Grabe,Terry,Henize,Kaila,Grabe,Diamond
Grabe,Aylin,Edwards,Margarita,Grabe,Terrell
Grabe,Alonso,Henize,Kaila,Grabe,Diamond
Grabe,Teresa,Edwards,Margarita,Grabe,Terrell
Grabe,Jarrod,Henize,Kaila,Grabe,Diamond
Grabe,Brandy,Edwards,Margarita,Grabe,Terrell
Grabe,Fredy,Henize,Kaila,Grabe,Diamond
Grabe,Alissa,Edwards,Breanne,Grabe,Daylon
Grabe,River,Henize,Kasandra,Grabe,Dontae
Grabe,Sherry,Edwards,Breanne,Grabe,Daylon
Grabe,Lamar,Henize,Kasandra,Grabe,Dontae
Grabe,Ebone,Edwards,Breanne,Grabe,Daylon
Grabe,Trentin,Henize,Kasandra,Grabe,Dontae
Grabe,Kelli,Tyler,Audra,Grabe,Noah
Grabe,Payton,Henize,Cindy,Grabe,Timothy
Grabe,Darcie,Readdy,Zoee,Grabe,Daniel
Grabe,Trevon,Henize,Cindy,Grabe,Timothy
Grabe,Tracy,Readdy,Zoee,Grabe,Daniel
Grabe,Misael,Henize,Cindy,Grabe,Timothy
Grabe,Precious,Readdy,Zoee,Grabe,Daniel
Grabe,Neil,Henize,Cindy,Grabe,Timothy
Grabe,Kaylah,Readdy,Zoee,Grabe,Daniel
Grabe,Bjorn,Henize,Cindy,Grabe,Timothy
Grabe,London,Readdy,Zoee,Grabe,Daniel
Grabe,Osvaldo,Edwards,Margarita,Grabe,Terrell
Grabe,Kady,Readdy,Zoee,Grabe,Daniel
Grabe,Tomas,Edwards,Margarita,Grabe,Terrell
Grabe,Ilana,Readdy,Zoee,Grabe,Daniel
Grabe,Ryland,Edwards,Margarita,Grabe,Terrell
Grabe,Allyssa,Readdy,Zoee,Grabe,Daniel
Grabe,Wyatt,Edwards,Margarita,Grabe,Terrell
Grabe,Marion,Readdy,Zoee,Grabe,Daniel
Grabe,Brendon,Edwards,Margarita,Grabe,Terrell
Grabe,Karen,Readdy,Mykayla,Grabe,Jerryd
Grabe,Gabriel,Edwards,Margarita,Grabe,Terrell
Grabe,Halie,Readdy,Mykayla,Grabe,Jerryd
Grabe,Keaton,Edwards,Margarita,Grabe,Terrell
Grabe,Karena,Readdy,Mykayla,Grabe,Jerryd
Grabe,Fredrick,Edwards,Margarita,Grabe,Terrell
Grabe,Delaney,Readdy,Mykayla,Grabe,Jerryd
Grabe,Jules,Edwards,Margarita,Grabe,Terrell
Grabe,Katarina,Readdy,Mykayla,Grabe,Jerryd
Grabe,Ignacio,Edwards,Margarita,Grabe,Terrell
Grabe,Dajanae,Readdy,Mykayla,Grabe,Jerryd
Grabe,Denver,Edwards,Margarita,Grabe,Terrell
Grabe,Tiera,Readdy,Mykayla,Grabe,Jerryd
Grabe,Byron,Edwards,Margarita,Grabe,Terrell
Grabe,Kaili,Readdy,Mykayla,Grabe,Jerryd
Grabe,Talon,Edwards,Margarita,Grabe,Terrell
Grabe,Kyle,Readdy,Anne,Grabe,Roger
Grabe,Menachem,Edwards,Breanne,Grabe,Daylon
Grabe,Jena,Readdy,Anne,Grabe,Roger
Grabe,Romeo,Edwards,Breanne,Grabe,Daylon
Grabe,Ariana,Readdy,Anne,Grabe,Roger
Grabe,Graham,Edwards,Breanne,Grabe,Daylon
Grabe,Rowan,Readdy,Anne,Grabe,Roger
Grabe,Deshawn,Edwards,Breanne,Grabe,Daylon
Grabe,Cori,Readdy,Anne,Grabe,Roger
Grabe,Russell,Tyler,Audra,Grabe,Noah
Grabe,Britni,Readdy,Anne,Grabe,Roger
Grabe,Thomas,Tyler,Audra,Grabe,Noah
Grabe,Torrie,Readdy,Anne,Grabe,Roger
Grabe,German,Readdy,Zoee,Grabe,Daniel
Grabe,Ayesha,Readdy,Anne,Grabe,Roger
Grabe,Dallas,Readdy,Zoee,Grabe,Daniel
Grabe,Amy,Readdy,Anne,Grabe,Roger
Grabe,Garrett,Readdy,Zoee,Grabe,Daniel
Grabe,Kourtney,Readdy,Anne,Grabe,Roger
Grabe,Randall,Readdy,Zoee,Grabe,Daniel
Grabe,Kamri,Readdy,Anne,Grabe,Roger
Grabe,Koby,Readdy,Zoee,Grabe,Daniel
Grabe,Katerina,Readdy,Maribel,Grabe,Esau
Grabe,Joseph,Readdy,Zoee,Grabe,Daniel
Grabe,Jewel,Readdy,Maribel,Grabe,Esau
Grabe,Gordon,Readdy,Zoee,Grabe,Daniel
Grabe,Shenelly,Readdy,Maribel,Grabe,Esau
Grabe,Dean,Readdy,Mykayla,Grabe,Jerryd
Grabe,Natalia,Readdy,Maribel,Grabe,Esau
Grabe,Shea,Readdy,Mykayla,Grabe,Jerryd
Grabe,Carmen,Readdy,Maribel,Grabe,Esau
Grabe,Hugo,Readdy,Mykayla,Grabe,Jerryd
Grabe,Micaela,Readdy,Maribel,Grabe,Esau
Grabe,Dequan,Readdy,Mykayla,Grabe,Jerryd
Grabe,Lea,Readdy,Maribel,Grabe,Esau
Grabe,Dexter,Readdy,Anne,Grabe,Roger
Grabe,Lexi,Readdy,Maribel,Grabe,Esau
Grabe,Ruben,Readdy,Anne,Grabe,Roger
Grabe,Melissa,Readdy,Maribel,Grabe,Esau
Grabe,Brayden,Readdy,Anne,Grabe,Roger
Edwards,Deandrea,Grabe,Rani,Edwards,Jonah
Grabe,Jarrett,Readdy,Maribel,Grabe,Esau
Edwards,Selina,Grabe,Breana,Edwards,Willis
Grabe,Enoch,Readdy,Maribel,Grabe,Esau
Edwards,Jessenia,Grabe,Breana,Edwards,Willis
Edwards,Weston,Grabe,Rani,Edwards,Jonah
Edwards,Celia,Grabe,Breana,Edwards,Willis
Edwards,Harrison,Grabe,Rani,Edwards,Jonah
Edwards,Alisa,Grabe,Breana,Edwards,Willis
Edwards,Chaim,Grabe,Rani,Edwards,Jonah
Edwards,Kiersten,Grabe,Breana,Edwards,Willis
Edwards,Alfonso,Grabe,Rani,Edwards,Jonah
Edwards,Maisie,Grabe,Breana,Edwards,Willis
Edwards,Leland,Grabe,Rani,Edwards,Jonah
Edwards,Hilda,Grabe,Breana,Edwards,Willis
Edwards,Logan,Grabe,Breana,Edwards,Willis
Edwards,Olga,Grabe,Breana,Edwards,Willis
Edwards,Darryl,Grabe,Breana,Edwards,Willis
Edwards,Skyler,Grabe,Breana,Edwards,Willis
Edwards,Ashton,Grabe,Breana,Edwards,Willis
Tyler,Daniela,Grabe,Toni,Tyler,Quanterriu
Edwards,Jasen,Grabe,Breana,Edwards,Willis
Tyler,Christian,Grabe,Toni,Tyler,Quanterriu
Edwards,Francesco,Grabe,Breana,Edwards,Willis
Tyler,Katlyn,Grabe,Toni,Tyler,Quanterriu
Edwards,Samuel,Grabe,Breana,Edwards,Willis
Tyler,Greer,Grabe,Toni,Tyler,Quanterriu
Edwards,Seamus,Grabe,Breana,Edwards,Willis
Tyler,Stephany,Grabe,Toni,Tyler,Quanterriu
Edwards,Ward,Grabe,Breana,Edwards,Willis
Tyler,Jabria,Grabe,Toni,Tyler,Quanterriu
Edwards,Derek,Grabe,Breana,Edwards,Willis
Tyler,Ashton,Grabe,Toni,Tyler,Quanterriu
Edwards,Dimitri,Grabe,Breana,Edwards,Willis
Tyler,Cassidy,Grabe,Toni,Tyler,Quanterriu
Tyler,Taylor,Grabe,Toni,Tyler,Quanterriu
Tyler,Kelly,Grabe,Toni,Tyler,Quanterriu
Tyler,Westley,Grabe,Toni,Tyler,Quanterriu
Tyler,Nyasia,Grabe,Toni,Tyler,Quanterriu
Tyler,Dallin,Grabe,Toni,Tyler,Quanterriu
Tyler,Ariana,Grabe,Toni,Tyler,Quanterriu
Tyler,Devan,Grabe,Toni,Tyler,Quanterriu
Tyler,Carolina,Grabe,Anabel,Tyler,Felipe
Tyler,Terrance,Grabe,Toni,Tyler,Quanterriu
Tyler,Francis,Grabe,Anabel,Tyler,Felipe
Tyler,Andres,Grabe,Toni,Tyler,Quanterriu
Tyler,Callie,Grabe,Anabel,Tyler,Felipe
Tyler,Terrence,Grabe,Toni,Tyler,Quanterriu
Tyler,Sage,Grabe,Anabel,Tyler,Felipe
Tyler,Victor,Grabe,Toni,Tyler,Quanterriu
Tyler,Britney,Grabe,Anabel,Tyler,Felipe
Tyler,Asa,Grabe,Anabel,Tyler,Felipe
Readdy,Natasha,Grabe,Makenna,Readdy,Alvaro
Tyler,Freeman,Grabe,Anabel,Tyler,Felipe
Readdy,Trevor,Grabe,Makenna,Readdy,Alvaro
Tyler,Marques,Grabe,Anabel,Tyler,Felipe
Readdy,Kenia,Grabe,Makenna,Readdy,Alvaro
Readdy,Reed,Grabe,Makenna,Readdy,Alvaro
Readdy,Joanne,Grabe,Makenna,Readdy,Alvaro
Readdy,Slaten,Grabe,Makenna,Readdy,Alvaro
Readdy,Sarafina,Grabe,Makenna,Readdy,Alvaro
Readdy,Heriberto,Grabe,Makenna,Readdy,Alvaro
Readdy,Isis,Grabe,Makenna,Readdy,Alvaro
Readdy,Ronnie,Grabe,Makenna,Readdy,Alvaro
Readdy,Jordan,Covey,Gloria,Readdy,Marcello
Readdy,Kieran,Grabe,Makenna,Readdy,Alvaro
Readdy,Kayli,Covey,Gloria,Readdy,Marcello
Readdy,Ashton,Covey,Gloria,Readdy,Marcello
Readdy,Dakota,Covey,Gloria,Readdy,Marcello
Readdy,Damian,Covey,Gloria,Readdy,Marcello
Readdy,Jazmyne,Covey,Gloria,Readdy,Marcello
Readdy,Brendon,Covey,Gloria,Readdy,Marcello
Readdy,Jocelyne,Covey,Gloria,Readdy,Marcello
Readdy,Leonardo,Covey,Gloria,Readdy,Marcello
Readdy,Lynda,Covey,Gloria,Readdy,Marcello
Readdy,Shane,Covey,Gloria,Readdy,Marcello
Readdy,Lora,Covey,Gloria,Readdy,Marcello
Readdy,Nickolas,Covey,Kelsi,Readdy,Guadalupe
Readdy,Katlyn,Covey,Gloria,Readdy,Marcello
Readdy,Brent,Covey,Kelsi,Readdy,Guadalupe
Readdy,Malika,Covey,Kelsi,Readdy,Guadalupe
Readdy,Javier,Covey,Kelsi,Readdy,Guadalupe
Readdy,Desaree,Covey,Kelsi,Readdy,Guadalupe
Readdy,Wayne,Covey,Kelsi,Readdy,Guadalupe
Readdy,Tristan,Covey,Kelsi,Readdy,Guadalupe
Readdy,Josue,Covey,Kelsi,Readdy,Guadalupe
Readdy,Deborah,Covey,Kelsi,Readdy,Guadalupe
Readdy,Korey,Covey,Kelsi,Readdy,Guadalupe
Readdy,Baby,Covey,Kelsi,Readdy,Guadalupe
Readdy,Stanley,Covey,Kelsi,Readdy,Guadalupe
Readdy,Sienna,Covey,Kelsi,Readdy,Guadalupe
Readdy,Joel,Covey,Kelsi,Readdy,Guadalupe
Readdy,Monika,Covey,Kelsi,Readdy,Guadalupe
Readdy,Johnathon,Covey,Kelsi,Readdy,Guadalupe
Readdy,Neda,Covey,Kelsi,Readdy,Guadalupe
Readdy,Diamond,Covey,Melissa,Readdy,Chaz
Readdy,Nikki,Covey,Kelsi,Readdy,Guadalupe
Readdy,Emanuel,Covey,Melissa,Readdy,Chaz
Readdy,Laurel,Covey,Melissa,Readdy,Chaz
Readdy,Julian,Covey,Melissa,Readdy,Chaz
Readdy,Aylin,Covey,Melissa,Readdy,Chaz
Readdy,Jevon,Covey,Melissa,Readdy,Chaz
Readdy,Jade,Covey,Kelci,Readdy,Omar
Readdy,Alec,Covey,Melissa,Readdy,Chaz
Readdy,Morgan,Covey,Kelci,Readdy,Omar
Readdy,Leroy,Covey,Melissa,Readdy,Chaz
Readdy,Blair,Covey,Kelci,Readdy,Omar
Readdy,Carlos,Covey,Melissa,Readdy,Chaz
Readdy,Perla,Covey,Kayleigh,Readdy,Elvin
Readdy,Isaias,Covey,Melissa,Readdy,Chaz
Readdy,Sofia,Covey,Kayleigh,Readdy,Elvin
Readdy,Wade,Covey,Melissa,Readdy,Chaz
Readdy,April,Covey,Kayleigh,Readdy,Elvin
Readdy,Tyrone,Covey,Melissa,Readdy,Chaz
Readdy,Trista,McDivitt,Tamera,Readdy,Jalil
Readdy,Josie,Covey,Melissa,Readdy,Chaz
Readdy,Annmarie,McDivitt,Tamera,Readdy,Jalil
Readdy,Jair,Covey,Melissa,Readdy,Chaz
Readdy,Bethany,McDivitt,Tamera,Readdy,Jalil
Readdy,Dangelo,Covey,Melissa,Readdy,Chaz
Covey,Jazmyn,Readdy,Brittany,Covey,Braden
Readdy,Willie,Covey,Melissa,Readdy,Chaz
Covey,Hailey,Readdy,Brittany,Covey,Braden
Readdy,Ivan,Covey,Kelci,Readdy,Omar
Covey,Leeann,Readdy,Brittany,Covey,Braden
Readdy,Edgardo,Covey,Kayleigh,Readdy,Elvin
Covey,Jaycie,Readdy,Brittany,Covey,Braden
Readdy,Milton,Covey,Kayleigh,Readdy,Elvin
Covey,Rosa,Readdy,Brittany,Covey,Braden
Readdy,Shea,Covey,Kayleigh,Readdy,Elvin
Covey,Diamond,Readdy,Brittany,Covey,Braden
Readdy,Tobias,McDivitt,Tamera,Readdy,Jalil
Covey,Mayra,Readdy,Brittany,Covey,Braden
Readdy,Harold,McDivitt,Tamera,Readdy,Jalil
Covey,Jasmine,Readdy,Brittany,Covey,Braden
Readdy,Philip,McDivitt,Tamera,Readdy,Jalil
Covey,Sabrina,Readdy,Brittany,Covey,Braden
Readdy,Ernesto,McDivitt,Tamera,Readdy,Jalil
Covey,Lillian,Readdy,Brittany,Covey,Braden
Covey,Jesus,Readdy,Brittany,Covey,Braden
Covey,Zoe,Readdy,Samantha,Covey,Alonso
Covey,Julius,Readdy,Brittany,Covey,Braden
Covey,Luz,Readdy,Samantha,Covey,Alonso
Covey,Dandre,Readdy,Brittany,Covey,Braden
Covey,Nyasia,Readdy,Samantha,Covey,Alonso
Covey,Bennett,Readdy,Brittany,Covey,Braden
Covey,Genesis,Readdy,Samantha,Covey,Alonso
Covey,Eric,Readdy,Brittany,Covey,Braden
Covey,Malia,Readdy,Samantha,Covey,Alonso
Covey,Isaac,Readdy,Brittany,Covey,Braden
Covey,Trevor,Readdy,Samantha,Covey,Alonso
Covey,Lorenzo,Readdy,Brittany,Covey,Braden
Covey,Jania,Readdy,Samantha,Covey,Alonso
Covey,Jayden,Readdy,Brittany,Covey,Braden
Covey,Glenda,Readdy,Samantha,Covey,Alonso
Covey,Jair,Readdy,Brittany,Covey,Braden
Covey,Carolyn,Readdy,Samantha,Covey,Alonso
Covey,Dantae,Readdy,Brittany,Covey,Braden
Covey,Nadia,Readdy,Samantha,Covey,Alonso
Covey,Douglas,Readdy,Samantha,Covey,Alonso
Covey,Melody,Readdy,Margaret,Covey,Garin
Covey,Dalton,Readdy,Samantha,Covey,Alonso
Covey,Marcela,Readdy,Margaret,Covey,Garin
Covey,Warren,Readdy,Samantha,Covey,Alonso
Covey,Christa,Readdy,Margaret,Covey,Garin
Covey,Ian,Readdy,Samantha,Covey,Alonso
Covey,Noemi,Readdy,Margaret,Covey,Garin
Covey,Efrain,Readdy,Samantha,Covey,Alonso
Covey,Rayna,Readdy,Margaret,Covey,Garin
Covey,Luis,Readdy,Samantha,Covey,Alonso
Covey,Alexus,Readdy,Margaret,Covey,Garin
Covey,Cameron,Readdy,Samantha,Covey,Alonso
Covey,Breann,Readdy,Margaret,Covey,Garin
Covey,Khalid,Readdy,Margaret,Covey,Garin
Covey,Tasia,Readdy,Margaret,Covey,Garin
Covey,Jamal,Readdy,Margaret,Covey,Garin
Covey,Baily,Readdy,Margaret,Covey,Garin
Covey,Owen,Readdy,Margaret,Covey,Garin
Covey,Mercedes,Readdy,Margaret,Covey,Garin
Covey,Devyn,Readdy,Margaret,Covey,Garin
Covey,Aireona,Readdy,Abigayle,Covey,Daequan
Covey,Diego,Readdy,Margaret,Covey,Garin
Covey,Debbie,Readdy,Abigayle,Covey,Daequan
Covey,Darryl,Readdy,Margaret,Covey,Garin
Covey,Deisy,Readdy,Abigayle,Covey,Daequan
Covey,Kelton,Readdy,Margaret,Covey,Garin
Covey,Tiana,Readdy,Abigayle,Covey,Daequan
Covey,Darnell,Readdy,Margaret,Covey,Garin
Covey,Tory,Readdy,Abigayle,Covey,Daequan
Covey,Craig,Readdy,Abigayle,Covey,Daequan
Covey,Yuki,Readdy,Abigayle,Covey,Daequan
Covey,Javonte,Readdy,Abigayle,Covey,Daequan
Covey,Kallee,Readdy,Amna,Covey,Marielle
Covey,Levi,Readdy,Amna,Covey,Marielle
Covey,Emely,Readdy,Amna,Covey,Marielle
Covey,Thaddeus,Readdy,Amna,Covey,Marielle
Covey,Kourtney,Readdy,Amna,Covey,Marielle
Covey,Ross,Readdy,Amna,Covey,Marielle
Covey,Adrianna,Readdy,Amna,Covey,Marielle
Covey,Terrence,Readdy,Amna,Covey,Marielle
Covey,Janette,Readdy,Amna,Covey,Marielle
Covey,Emmanuel,Readdy,Amna,Covey,Marielle
Covey,Itati,Readdy,Amna,Covey,Marielle
Covey,Dante,Readdy,Amna,Covey,Marielle
Covey,Mykayla,Readdy,Amna,Covey,Marielle
Covey,Raul,Readdy,Amna,Covey,Marielle
Covey,Monika,Readdy,Camilla,Covey,Tracy
Covey,Chris,Readdy,Amna,Covey,Marielle
Covey,Abbigail,Readdy,Ronni,Covey,Brett
Covey,Davin,Readdy,Amna,Covey,Marielle
Covey,Mahogany,Readdy,Ronni,Covey,Brett
Covey,Rigoberto,Readdy,Amna,Covey,Marielle
Covey,Octavia,Readdy,Ronni,Covey,Brett
Covey,Alexander,Readdy,Amna,Covey,Marielle
Covey,Baby,Readdy,Ronni,Covey,Brett
Covey,Charles,Readdy,Camilla,Covey,Tracy
Covey,Milena,Readdy,Ronni,Covey,Brett
Covey,Ezekiel,Readdy,Camilla,Covey,Tracy
Covey,Kelsee,McDivitt,Reilly,Covey,Vincent
Covey,Seth,Readdy,Camilla,Covey,Tracy
Covey,Hunter,McDivitt,Reilly,Covey,Vincent
Covey,Jacob,Readdy,Camilla,Covey,Tracy
Covey,Bianca,McDivitt,Reilly,Covey,Vincent
Covey,Jerryd,Readdy,Camilla,Covey,Tracy
Covey,Suzanna,McDivitt,Reilly,Covey,Vincent
Covey,Gabriel,Readdy,Camilla,Covey,Tracy
Covey,Ida,McDivitt,Reilly,Covey,Vincent
Covey,Caden,Readdy,Camilla,Covey,Tracy
Covey,Shanice,McDivitt,Reilly,Covey,Vincent
Covey,Demonte,Readdy,Camilla,Covey,Tracy
Covey,Janell,McDivitt,Reilly,Covey,Vincent
Covey,Phillip,Readdy,Camilla,Covey,Tracy
Covey,Destiny,McDivitt,Reilly,Covey,Vincent
Covey,Chadwick,Readdy,Camilla,Covey,Tracy
Covey,Julianna,McDivitt,Reilly,Covey,Vincent
Covey,Bennie,Readdy,Camilla,Covey,Tracy
Covey,Tessa,McDivitt,Reilly,Covey,Vincent
Covey,Gideon,Readdy,Ronni,Covey,Brett
Covey,Cali,McDivitt,Reilly,Covey,Vincent
Covey,Jade,Readdy,Ronni,Covey,Brett
Covey,Ariel,McDivitt,Reilly,Covey,Vincent
Covey,Stephon,Readdy,Ronni,Covey,Brett
Covey,Allana,McDivitt,Reilly,Covey,Vincent
Covey,Ruben,Readdy,Ronni,Covey,Brett
Covey,Taelor,McDivitt,Reilly,Covey,Vincent
Covey,Enoch,Readdy,Ronni,Covey,Brett
Covey,Adele,McDivitt,Reilly,Covey,Vincent
