Landin,Chiao,Keosha,Lindsey,Tyrone
Wheelock,Owen,Currie,Kate,Wheelock,Westley
Hoover,Shayna,Chiao,Keosha,Hoover,Landin
Tani,Levi,Nelson,Kali,Tani,Zachariah
Lindsey,Serenity,Jett,Yuki,Lindsey,Tyrone
Brown,Garret,Onizuka,Yuki,Brown,Luke
Gernhardt,Justice,Caldwell,Blake,Gernhardt,Kahlil
Arthur,Jayson,Brady,Sienna,Arthur,Julio
Fabian,Cristal,Grunsfeld,Sydney,Fabian,Jaylin
Jefferson,Reece,England,Astrid,Jefferson,Raheem
Valheim,Haiden,McCool,Isis,Valheim,Stephen
Harris,Freeman,Engle,Linsey,Harris,Aidan
Pogue,Adrian,Clark,Ana,Pogue,Kenneth
Bean,Jared,Cernan,Rochelle,Bean,Julio
Schirra,Loni,Sellers,Silvia,Schirra,Efren
Wisoff,Chandler,Conrad,Abagail,Wisoff,Jonah
McCulley,Kristy,Oswald,Anika,McCulley,Shawn
Kelly,John,Tani,Suzanne,Kelly,Shan
Bobko,Lexus,Franklin,Kaleigh,Bobko,Jaron
Melroy,Kenyon,Grunsfeld,Sophie,Melroy,Dallin
Reisman,Emerald,Adams,Shari,Reisman,Xavier
Evans,Nigel,Hart,Tatiana,Evans,Roy
Helms,Nicole,Bridges,Jeanette,Helms,Jason
Frick,Alberto,Camarda,Sabrina,Frick,Fred
Thagard,Benita,Lind,Ciara,Thagard,Santana
Weitz,Aidan,Lu,Joselin,Weitz,Braydon
Dunbar,Melissa,Deckard,Alexus,Dunbar,Adonis
Wheelock,Elliot,Hoover,Shayna,Wheelock,Owen
Carpenter,Anaya,Caldwell,Jaden,Carpenter,Willie
Wheelock,Bronson,Hoover,Shayna,Wheelock,Owen
Fisher,Lora,Grinch,Theresa,Fisher,Brendon
Wheelock,Stephanie,Hoover,Shayna,Wheelock,Owen
Herrington,Mollie,Hilmers,Gabriele,Herrington,Sebastien
Wheelock,Winston,Hoover,Shayna,Wheelock,Owen
Mastracchio,Avery,Harrison,Roxana,Mastracchio,Davon
Wheelock,Devin,Hoover,Shayna,Wheelock,Owen
Wheelock,Aerial,Hoover,Shayna,Wheelock,Owen
Tani,Payton,Lindsey,Serenity,Tani,Levi
Wheelock,Skye,Hoover,Shayna,Wheelock,Owen
Brown,Gordon,Gernhardt,Justice,Brown,Garret
Wheelock,Maisie,Hoover,Shayna,Wheelock,Owen
Brown,Jared,Gernhardt,Justice,Brown,Garret
Wheelock,Dana,Hoover,Shayna,Wheelock,Owen
Brown,Dante,Gernhardt,Justice,Brown,Garret
Tani,Mikaela,Lindsey,Serenity,Tani,Levi
Brown,Jon,Gernhardt,Justice,Brown,Garret
Tani,Ashlynn,Lindsey,Serenity,Tani,Levi
Brown,Keeton,Gernhardt,Justice,Brown,Garret
Tani,Ivelisse,Lindsey,Serenity,Tani,Levi
Arthur,Anfernee,Fabian,Cristal,Arthur,Jayson
Tani,Celina,Lindsey,Serenity,Tani,Levi
Arthur,Stewart,Fabian,Cristal,Arthur,Jayson
Tani,Aerial,Lindsey,Serenity,Tani,Levi
Arthur,Shawn,Fabian,Cristal,Arthur,Jayson
Tani,Keyshla,Lindsey,Serenity,Tani,Levi
Arthur,Skyler,Fabian,Cristal,Arthur,Jayson
Brown,Kalee,Gernhardt,Justice,Brown,Garret
Arthur,Camden,Fabian,Cristal,Arthur,Jayson
Brown,Savana,Gernhardt,Justice,Brown,Garret
Arthur,Nickolas,Fabian,Cristal,Arthur,Jayson
Brown,Carli,Gernhardt,Justice,Brown,Garret
Arthur,Hayden,Fabian,Cristal,Arthur,Jayson
Brown,Lena,Gernhardt,Justice,Brown,Garret
Arthur,Garrett,Fabian,Cristal,Arthur,Jayson
Arthur,Genesis,Fabian,Cristal,Arthur,Jayson
Jefferson,Dan,Valheim,Haiden,Jefferson,Reece
Arthur,Yaritza,Fabian,Cristal,Arthur,Jayson
Jefferson,Emmett,Valheim,Haiden,Jefferson,Reece
Arthur,Angela,Fabian,Cristal,Arthur,Jayson
Jefferson,Sam,Valheim,Haiden,Jefferson,Reece
Arthur,Domonique,Fabian,Cristal,Arthur,Jayson
Jefferson,Montana,Valheim,Haiden,Jefferson,Reece
Arthur,Stella,Fabian,Cristal,Arthur,Jayson
Harris,Ryen,Pogue,Adrian,Harris,Freeman
Arthur,Andrea,Fabian,Cristal,Arthur,Jayson
Harris,Jordon,Pogue,Adrian,Harris,Freeman
Arthur,Cayla,Fabian,Cristal,Arthur,Jayson
Harris,Jevon,Pogue,Adrian,Harris,Freeman
Arthur,Keisha,Fabian,Cristal,Arthur,Jayson
Harris,Trevon,Pogue,Adrian,Harris,Freeman
Arthur,Iridian,Fabian,Cristal,Arthur,Jayson
Harris,Kristian,Pogue,Adrian,Harris,Freeman
Arthur,Kailey,Fabian,Cristal,Arthur,Jayson
Harris,Keaton,Pogue,Adrian,Harris,Freeman
Arthur,Symphony,Fabian,Cristal,Arthur,Jayson
Harris,Jarrett,Pogue,Adrian,Harris,Freeman
Jefferson,Dulce,Valheim,Haiden,Jefferson,Reece
Harris,Myron,Pogue,Adrian,Harris,Freeman
Jefferson,Lori,Valheim,Haiden,Jefferson,Reece
Harris,Johnny,Pogue,Adrian,Harris,Freeman
Jefferson,Lisa,Valheim,Haiden,Jefferson,Reece
Harris,Jesus,Pogue,Adrian,Harris,Freeman
Jefferson,Hana,Valheim,Haiden,Jefferson,Reece
Harris,Stewart,Pogue,Adrian,Harris,Freeman
Jefferson,Haylie,Valheim,Haiden,Jefferson,Reece
Harris,Donald,Pogue,Adrian,Harris,Freeman
Jefferson,Jacquelin,Valheim,Haiden,Jefferson,Reece
Bean,Trevor,Schirra,Loni,Bean,Jared
Jefferson,Kerry,Valheim,Haiden,Jefferson,Reece
Wisoff,Quayshawn,McCulley,Kristy,Wisoff,Chandler
Jefferson,Nicolette,Valheim,Haiden,Jefferson,Reece
Kelly,Vinh,Bobko,Lexus,Kelly,John
Jefferson,Flor,Valheim,Haiden,Jefferson,Reece
Kelly,Joey,Bobko,Lexus,Kelly,John
Harris,Suzette,Pogue,Adrian,Harris,Freeman
Kelly,Derick,Bobko,Lexus,Kelly,John
Harris,Corinne,Pogue,Adrian,Harris,Freeman
Kelly,Kristopher,Bobko,Lexus,Kelly,John
Harris,Micah,Pogue,Adrian,Harris,Freeman
Kelly,Drew,Bobko,Lexus,Kelly,John
Harris,Tatyana,Pogue,Adrian,Harris,Freeman
Kelly,Gustavo,Bobko,Lexus,Kelly,John
Harris,Jacquelyn,Pogue,Adrian,Harris,Freeman
Kelly,Cullen,Bobko,Lexus,Kelly,John
Bean,Kyra,Schirra,Loni,Bean,Jared
Kelly,Chad,Bobko,Lexus,Kelly,John
Bean,Alexi,Schirra,Loni,Bean,Jared
Kelly,Blake,Bobko,Lexus,Kelly,John
Bean,Bridget,Schirra,Loni,Bean,Jared
Melroy,Ulysses,Reisman,Emerald,Melroy,Kenyon
Bean,Lourdes,Schirra,Loni,Bean,Jared
Melroy,Everett,Reisman,Emerald,Melroy,Kenyon
Bean,Ashlyn,Schirra,Loni,Bean,Jared
Melroy,Brady,Reisman,Emerald,Melroy,Kenyon
Bean,Brittany,Schirra,Loni,Bean,Jared
Melroy,Darnell,Reisman,Emerald,Melroy,Kenyon
Bean,Aesha,Schirra,Loni,Bean,Jared
Melroy,Toby,Reisman,Emerald,Melroy,Kenyon
Bean,Kasandra,Schirra,Loni,Bean,Jared
Melroy,Tristin,Reisman,Emerald,Melroy,Kenyon
Bean,Aubree,Schirra,Loni,Bean,Jared
Melroy,Brennon,Reisman,Emerald,Melroy,Kenyon
Wisoff,Miranda,McCulley,Kristy,Wisoff,Chandler
Melroy,Humberto,Reisman,Emerald,Melroy,Kenyon
Wisoff,Gretchen,McCulley,Kristy,Wisoff,Chandler
Melroy,Noah,Reisman,Emerald,Melroy,Kenyon
Wisoff,Ashton,McCulley,Kristy,Wisoff,Chandler
Melroy,Wayne,Reisman,Emerald,Melroy,Kenyon
Kelly,Malia,Bobko,Lexus,Kelly,John
Melroy,Vernon,Reisman,Emerald,Melroy,Kenyon
Kelly,Paola,Bobko,Lexus,Kelly,John
Evans,Tristin,Helms,Nicole,Evans,Nigel
Kelly,Kasandra,Bobko,Lexus,Kelly,John
Evans,Kody,Helms,Nicole,Evans,Nigel
Kelly,Xandria,Bobko,Lexus,Kelly,John
Frick,Jordon,Thagard,Benita,Frick,Alberto
Kelly,Jewel,Bobko,Lexus,Kelly,John
Frick,Justus,Thagard,Benita,Frick,Alberto
Kelly,Emely,Bobko,Lexus,Kelly,John
Frick,Daylon,Thagard,Benita,Frick,Alberto
Kelly,Shaina,Bobko,Lexus,Kelly,John
Frick,Tucker,Thagard,Benita,Frick,Alberto
Kelly,Khyla,Bobko,Lexus,Kelly,John
Weitz,Jacob,Dunbar,Melissa,Weitz,Aidan
Kelly,Yazmin,Bobko,Lexus,Kelly,John
Weitz,Emerson,Dunbar,Melissa,Weitz,Aidan
Melroy,Estrella,Reisman,Emerald,Melroy,Kenyon
Weitz,Montel,Dunbar,Melissa,Weitz,Aidan
Melroy,Brianna,Reisman,Emerald,Melroy,Kenyon
Weitz,Jerry,Dunbar,Melissa,Weitz,Aidan
Melroy,Selina,Reisman,Emerald,Melroy,Kenyon
Weitz,Bo,Dunbar,Melissa,Weitz,Aidan
Melroy,Leslie,Reisman,Emerald,Melroy,Kenyon
Weitz,Camron,Dunbar,Melissa,Weitz,Aidan
Melroy,Patience,Reisman,Emerald,Melroy,Kenyon
Weitz,Dyllon,Dunbar,Melissa,Weitz,Aidan
Melroy,Kalsie,Reisman,Emerald,Melroy,Kenyon
Weitz,Kyle,Dunbar,Melissa,Weitz,Aidan
Melroy,Iesha,Reisman,Emerald,Melroy,Kenyon
Weitz,Markell,Dunbar,Melissa,Weitz,Aidan
Evans,Presley,Helms,Nicole,Evans,Nigel
Wheelock,Marcello,Carpenter,Anaya,Wheelock,Elliot
Evans,Reagan,Helms,Nicole,Evans,Nigel
Wheelock,Markell,Carpenter,Anaya,Wheelock,Elliot
Frick,Ebony,Thagard,Benita,Frick,Alberto
Wheelock,Javen,Carpenter,Anaya,Wheelock,Elliot
Frick,Roxanne,Thagard,Benita,Frick,Alberto
Wheelock,Ayub,Carpenter,Anaya,Wheelock,Elliot
Weitz,Paxton,Dunbar,Melissa,Weitz,Aidan
Wheelock,Kamau,Carpenter,Anaya,Wheelock,Elliot
Weitz,Kamri,Dunbar,Melissa,Weitz,Aidan
Wheelock,Jovon,Carpenter,Anaya,Wheelock,Elliot
Weitz,Isabel,Dunbar,Melissa,Weitz,Aidan
Wheelock,Willis,Carpenter,Anaya,Wheelock,Elliot
Weitz,Isabella,Dunbar,Melissa,Weitz,Aidan
Wheelock,Joshua,Fisher,Lora,Wheelock,Bronson
Weitz,Destany,Dunbar,Melissa,Weitz,Aidan
Wheelock,Tylar,Fisher,Lora,Wheelock,Bronson
Weitz,Cali,Dunbar,Melissa,Weitz,Aidan
Wheelock,Kendall,Fisher,Lora,Wheelock,Bronson
Weitz,Mia,Dunbar,Melissa,Weitz,Aidan
Wheelock,Buford,Fisher,Lora,Wheelock,Bronson
Weitz,Holland,Dunbar,Melissa,Weitz,Aidan
Wheelock,Kristopher,Fisher,Lora,Wheelock,Bronson
Weitz,Monique,Dunbar,Melissa,Weitz,Aidan
Wheelock,Darien,Fisher,Lora,Wheelock,Bronson
Wheelock,Zoee,Carpenter,Anaya,Wheelock,Elliot
Wheelock,Anthoni,Fisher,Lora,Wheelock,Bronson
Wheelock,Violet,Carpenter,Anaya,Wheelock,Elliot
Wheelock,Elvin,Fisher,Lora,Wheelock,Bronson
Wheelock,Kaela,Carpenter,Anaya,Wheelock,Elliot
Wheelock,Asa,Fisher,Lora,Wheelock,Bronson
Wheelock,Klarisa,Carpenter,Anaya,Wheelock,Elliot
Wheelock,Parker,Herrington,Mollie,Wheelock,Stephanie
Wheelock,Marion,Carpenter,Anaya,Wheelock,Elliot
Wheelock,Ravon,Herrington,Mollie,Wheelock,Stephanie
Wheelock,Colleen,Fisher,Lora,Wheelock,Bronson
Wheelock,Devonte,Herrington,Mollie,Wheelock,Stephanie
Wheelock,Yoana,Fisher,Lora,Wheelock,Bronson
Wheelock,Damian,Herrington,Mollie,Wheelock,Stephanie
Wheelock,Meagan,Fisher,Lora,Wheelock,Bronson
Wheelock,Cecil,Herrington,Mollie,Wheelock,Stephanie
Wheelock,Rylee,Fisher,Lora,Wheelock,Bronson
Wheelock,Gunnar,Herrington,Mollie,Wheelock,Stephanie
Wheelock,Shoshana,Fisher,Lora,Wheelock,Bronson
Wheelock,Markus,Mastracchio,Avery,Wheelock,Winston
Wheelock,Kelsey,Fisher,Lora,Wheelock,Bronson
Wheelock,Raymond,Mastracchio,Avery,Wheelock,Winston
Wheelock,Dyamond,Fisher,Lora,Wheelock,Bronson
Wheelock,Tristian,Mastracchio,Avery,Wheelock,Winston
Wheelock,Tyra,Fisher,Lora,Wheelock,Bronson
Wheelock,Coleman,Mastracchio,Avery,Wheelock,Winston
Wheelock,Irene,Fisher,Lora,Wheelock,Bronson
Wheelock,Xzavier,Mastracchio,Avery,Wheelock,Winston
Wheelock,Bridgett,Herrington,Mollie,Wheelock,Stephanie
Wheelock,Ronald,Tani,Mikaela,Wheelock,Devin
Wheelock,Kassidy,Herrington,Mollie,Wheelock,Stephanie
Wheelock,Kenneth,Tani,Mikaela,Wheelock,Devin
Wheelock,Jazmyne,Herrington,Mollie,Wheelock,Stephanie
Wheelock,Jevin,Tani,Mikaela,Wheelock,Devin
Wheelock,Jayme,Herrington,Mollie,Wheelock,Stephanie
Tani,Kenneth,Wheelock,Aerial,Tani,Payton
Wheelock,Claudia,Herrington,Mollie,Wheelock,Stephanie
Tani,Gilberto,Wheelock,Aerial,Tani,Payton
Wheelock,Genevieve,Herrington,Mollie,Wheelock,Stephanie
Tani,Tristin,Wheelock,Aerial,Tani,Payton
Wheelock,Lillian,Herrington,Mollie,Wheelock,Stephanie
Tani,Dustin,Wheelock,Aerial,Tani,Payton
Wheelock,Halee,Herrington,Mollie,Wheelock,Stephanie
Tani,Luke,Wheelock,Aerial,Tani,Payton
Wheelock,Deborah,Herrington,Mollie,Wheelock,Stephanie
Tani,Dreshaun,Wheelock,Aerial,Tani,Payton
Wheelock,Alissa,Herrington,Mollie,Wheelock,Stephanie
Tani,Keegan,Wheelock,Aerial,Tani,Payton
Wheelock,Kristian,Herrington,Mollie,Wheelock,Stephanie
Brown,Patrick,Wheelock,Skye,Brown,Gordon
Wheelock,Sheri,Herrington,Mollie,Wheelock,Stephanie
Brown,Dantae,Wheelock,Skye,Brown,Gordon
Wheelock,Giovanna,Herrington,Mollie,Wheelock,Stephanie
Brown,Isidro,Wheelock,Maisie,Brown,Jared
Wheelock,Tiani,Mastracchio,Avery,Wheelock,Winston
Brown,Jose,Wheelock,Maisie,Brown,Jared
Wheelock,Bryn,Mastracchio,Avery,Wheelock,Winston
Brown,Ross,Wheelock,Maisie,Brown,Jared
Wheelock,Hayley,Mastracchio,Avery,Wheelock,Winston
Brown,Angelo,Wheelock,Maisie,Brown,Jared
Wheelock,Kayleen,Mastracchio,Avery,Wheelock,Winston
Brown,Desmond,Wheelock,Maisie,Brown,Jared
Wheelock,Marlee,Mastracchio,Avery,Wheelock,Winston
Brown,Abel,Wheelock,Maisie,Brown,Jared
Wheelock,Teagan,Mastracchio,Avery,Wheelock,Winston
Brown,Mohamad,Wheelock,Maisie,Brown,Jared
Wheelock,Kayleigh,Mastracchio,Avery,Wheelock,Winston
Brown,Bernardo,Wheelock,Maisie,Brown,Jared
Wheelock,Christine,Mastracchio,Avery,Wheelock,Winston
Brown,Santana,Wheelock,Maisie,Brown,Jared
Wheelock,Farrah,Tani,Mikaela,Wheelock,Devin
Brown,Bryson,Wheelock,Maisie,Brown,Jared
Wheelock,Willow,Tani,Mikaela,Wheelock,Devin
Brown,Colbey,Wheelock,Maisie,Brown,Jared
Wheelock,Michal,Tani,Mikaela,Wheelock,Devin
Brown,Dallin,Wheelock,Maisie,Brown,Jared
Tani,Emerald,Wheelock,Aerial,Tani,Payton
Brown,Hashim,Wheelock,Maisie,Brown,Jared
Tani,Roxana,Wheelock,Aerial,Tani,Payton
Brown,San,Wheelock,Maisie,Brown,Jared
Tani,Marie,Wheelock,Aerial,Tani,Payton
Brown,Marcos,Wheelock,Dana,Brown,Dante
Tani,Brittani,Wheelock,Aerial,Tani,Payton
Brown,German,Wheelock,Dana,Brown,Dante
Tani,Emely,Wheelock,Aerial,Tani,Payton
Brown,Gary,Wheelock,Dana,Brown,Dante
Tani,Kristi,Wheelock,Aerial,Tani,Payton
Brown,Shane,Wheelock,Dana,Brown,Dante
Tani,Karly,Wheelock,Aerial,Tani,Payton
Brown,Shareef,Wheelock,Dana,Brown,Dante
Tani,Janessa,Wheelock,Aerial,Tani,Payton
Brown,Charles,Tani,Ashlynn,Brown,Jon
Tani,Hallie,Wheelock,Aerial,Tani,Payton
Brown,Shea,Tani,Ashlynn,Brown,Jon
Tani,Marina,Wheelock,Aerial,Tani,Payton
Brown,Johnny,Tani,Ashlynn,Brown,Jon
Brown,Bianca,Wheelock,Skye,Brown,Gordon
Brown,Diondre,Tani,Ashlynn,Brown,Jon
Brown,Yvonne,Wheelock,Maisie,Brown,Jared
Brown,Kamau,Tani,Ashlynn,Brown,Jon
Brown,Micah,Wheelock,Maisie,Brown,Jared
Brown,Trevin,Tani,Ashlynn,Brown,Jon
Brown,Lorena,Wheelock,Maisie,Brown,Jared
Brown,Jonah,Tani,Ashlynn,Brown,Jon
Brown,Evelyn,Wheelock,Maisie,Brown,Jared
Brown,Misael,Tani,Ashlynn,Brown,Jon
Brown,Dixie,Wheelock,Dana,Brown,Dante
Brown,Jamar,Tani,Ashlynn,Brown,Jon
Brown,Malia,Wheelock,Dana,Brown,Dante
Brown,Garett,Tani,Ashlynn,Brown,Jon
Brown,Johana,Wheelock,Dana,Brown,Dante
Brown,Benny,Tani,Ivelisse,Brown,Keeton
Brown,Jasmine,Tani,Ashlynn,Brown,Jon
Brown,Camden,Tani,Ivelisse,Brown,Keeton
Brown,Grace,Tani,Ashlynn,Brown,Jon
Brown,Jacoby,Tani,Ivelisse,Brown,Keeton
Brown,Ashtyn,Tani,Ashlynn,Brown,Jon
Brown,Ward,Tani,Ivelisse,Brown,Keeton
Brown,Itati,Tani,Ashlynn,Brown,Jon
Arthur,Brent,Tani,Celina,Arthur,Anfernee
Brown,Tristan,Tani,Ashlynn,Brown,Jon
Arthur,Derick,Tani,Celina,Arthur,Anfernee
Brown,Destiney,Tani,Ashlynn,Brown,Jon
Arthur,Adonis,Tani,Celina,Arthur,Anfernee
Brown,Yessenia,Tani,Ashlynn,Brown,Jon
Arthur,Daron,Tani,Celina,Arthur,Anfernee
Brown,Renee,Tani,Ashlynn,Brown,Jon
Arthur,Cruz,Tani,Celina,Arthur,Anfernee
Brown,Tonya,Tani,Ashlynn,Brown,Jon
Arthur,Ariel,Tani,Celina,Arthur,Anfernee
Brown,Reyanna,Tani,Ashlynn,Brown,Jon
Arthur,Erick,Tani,Celina,Arthur,Anfernee
Brown,Keishla,Tani,Ivelisse,Brown,Keeton
Arthur,Miles,Tani,Aerial,Arthur,Stewart
Brown,Angelica,Tani,Ivelisse,Brown,Keeton
Arthur,Tallon,Tani,Aerial,Arthur,Stewart
Brown,Olga,Tani,Ivelisse,Brown,Keeton
Arthur,Shmuel,Tani,Aerial,Arthur,Stewart
Arthur,Lizette,Tani,Celina,Arthur,Anfernee
Arthur,Salvatore,Tani,Keyshla,Arthur,Shawn
Arthur,Catalina,Tani,Celina,Arthur,Anfernee
Arthur,Claudio,Tani,Keyshla,Arthur,Shawn
Arthur,Christa,Tani,Celina,Arthur,Anfernee
Arthur,Jacori,Brown,Kalee,Arthur,Skyler
Arthur,Marycather,Tani,Celina,Arthur,Anfernee
Arthur,Brice,Brown,Kalee,Arthur,Skyler
Arthur,Katheryn,Tani,Celina,Arthur,Anfernee
Arthur,Skylar,Brown,Kalee,Arthur,Skyler
Arthur,Estefani,Tani,Celina,Arthur,Anfernee
Arthur,Adam,Brown,Kalee,Arthur,Skyler
Arthur,Alana,Tani,Celina,Arthur,Anfernee
Arthur,Grayson,Brown,Kalee,Arthur,Skyler
Arthur,Tawny,Tani,Celina,Arthur,Anfernee
Arthur,Preston,Brown,Kalee,Arthur,Skyler
Arthur,Judith,Tani,Celina,Arthur,Anfernee
Arthur,Sebastian,Brown,Kalee,Arthur,Skyler
Arthur,Kristie,Tani,Celina,Arthur,Anfernee
Arthur,Emiliano,Brown,Kalee,Arthur,Skyler
Arthur,Camila,Tani,Celina,Arthur,Anfernee
Arthur,Payton,Brown,Kalee,Arthur,Skyler
Arthur,Nathalie,Tani,Celina,Arthur,Anfernee
Arthur,Kelson,Brown,Kalee,Arthur,Skyler
Arthur,Candy,Tani,Aerial,Arthur,Stewart
Arthur,Keeton,Brown,Kalee,Arthur,Skyler
Arthur,Nora,Tani,Aerial,Arthur,Stewart
Arthur,Quintin,Brown,Savana,Arthur,Camden
Arthur,Pamela,Tani,Aerial,Arthur,Stewart
Arthur,Tyquan,Brown,Savana,Arthur,Camden
Arthur,Heavenly,Tani,Aerial,Arthur,Stewart
Arthur,Simon,Brown,Savana,Arthur,Camden
Arthur,Juliet,Tani,Aerial,Arthur,Stewart
Arthur,Xavier,Brown,Savana,Arthur,Camden
Arthur,Yajaira,Tani,Aerial,Arthur,Stewart
Arthur,Denver,Brown,Savana,Arthur,Camden
Arthur,Rian,Tani,Aerial,Arthur,Stewart
Arthur,Jessee,Brown,Savana,Arthur,Camden
Arthur,Blaze,Tani,Aerial,Arthur,Stewart
Arthur,Frank,Brown,Savana,Arthur,Camden
Arthur,Kenia,Tani,Aerial,Arthur,Stewart
Arthur,Ramon,Brown,Carli,Arthur,Nickolas
Arthur,Yasmin,Tani,Keyshla,Arthur,Shawn
Arthur,Kelton,Brown,Carli,Arthur,Nickolas
Arthur,Angle,Brown,Kalee,Arthur,Skyler
Arthur,Trevon,Brown,Carli,Arthur,Nickolas
Arthur,Kierra,Brown,Kalee,Arthur,Skyler
Arthur,Mathew,Brown,Carli,Arthur,Nickolas
Arthur,Chandler,Brown,Kalee,Arthur,Skyler
Arthur,Marques,Brown,Carli,Arthur,Nickolas
Arthur,Elisa,Brown,Kalee,Arthur,Skyler
Arthur,Carl,Brown,Lena,Arthur,Hayden
Arthur,Haleigh,Brown,Kalee,Arthur,Skyler
Arthur,Reese,Brown,Lena,Arthur,Hayden
Arthur,Michal,Brown,Kalee,Arthur,Skyler
Arthur,Tom,Brown,Lena,Arthur,Hayden
Arthur,Carmela,Brown,Savana,Arthur,Camden
Arthur,Clay,Brown,Lena,Arthur,Hayden
Arthur,Angelique,Brown,Savana,Arthur,Camden
Arthur,Lamar,Jefferson,Dulce,Arthur,Garrett
Arthur,Sadie,Brown,Savana,Arthur,Camden
Arthur,Darian,Jefferson,Dulce,Arthur,Garrett
Arthur,Teresa,Brown,Savana,Arthur,Camden
Arthur,Jeremey,Jefferson,Dulce,Arthur,Garrett
Arthur,Beatriz,Brown,Savana,Arthur,Camden
Arthur,Mohammed,Jefferson,Dulce,Arthur,Garrett
Arthur,Berenice,Brown,Savana,Arthur,Camden
Arthur,Nigel,Jefferson,Dulce,Arthur,Garrett
Arthur,Chaya,Brown,Savana,Arthur,Camden
Jefferson,Carter,Arthur,Genesis,Jefferson,Dan
Arthur,Flor,Brown,Savana,Arthur,Camden
Jefferson,Jarred,Arthur,Genesis,Jefferson,Dan
Arthur,Melisa,Brown,Savana,Arthur,Camden
Jefferson,Quintyn,Arthur,Genesis,Jefferson,Dan
Arthur,Shirley,Brown,Savana,Arthur,Camden
Jefferson,Tanner,Arthur,Genesis,Jefferson,Dan
Arthur,Silvia,Brown,Savana,Arthur,Camden
Jefferson,Evan,Arthur,Genesis,Jefferson,Dan
Arthur,Sonia,Brown,Carli,Arthur,Nickolas
Jefferson,Omar,Arthur,Genesis,Jefferson,Dan
Arthur,Vianey,Brown,Carli,Arthur,Nickolas
Jefferson,Rashad,Arthur,Genesis,Jefferson,Dan
Arthur,Frances,Brown,Carli,Arthur,Nickolas
Jefferson,Owen,Arthur,Genesis,Jefferson,Dan
Arthur,Tristin,Brown,Carli,Arthur,Nickolas
Jefferson,Perry,Arthur,Genesis,Jefferson,Dan
Arthur,Lila,Brown,Carli,Arthur,Nickolas
Jefferson,Raul,Arthur,Yaritza,Jefferson,Emmett
Arthur,London,Brown,Carli,Arthur,Nickolas
Jefferson,Gilberto,Arthur,Yaritza,Jefferson,Emmett
Arthur,Ashli,Brown,Carli,Arthur,Nickolas
Jefferson,Addison,Arthur,Yaritza,Jefferson,Emmett
Arthur,Keiarra,Brown,Carli,Arthur,Nickolas
Jefferson,Nathanael,Arthur,Yaritza,Jefferson,Emmett
Arthur,Keyshla,Brown,Carli,Arthur,Nickolas
Jefferson,Angel,Arthur,Yaritza,Jefferson,Emmett
Arthur,Porsha,Brown,Lena,Arthur,Hayden
Jefferson,Garett,Arthur,Yaritza,Jefferson,Emmett
Arthur,Tiera,Brown,Lena,Arthur,Hayden
Jefferson,Derrick,Arthur,Yaritza,Jefferson,Emmett
Arthur,Cali,Brown,Lena,Arthur,Hayden
Jefferson,Isaiah,Arthur,Yaritza,Jefferson,Emmett
Arthur,Katy,Brown,Lena,Arthur,Hayden
Jefferson,Austen,Arthur,Angela,Jefferson,Sam
Arthur,Amy,Brown,Lena,Arthur,Hayden
Jefferson,Keenan,Arthur,Angela,Jefferson,Sam
Arthur,Karley,Jefferson,Dulce,Arthur,Garrett
Jefferson,Claudio,Arthur,Angela,Jefferson,Sam
Arthur,Rita,Jefferson,Dulce,Arthur,Garrett
Jefferson,Phillip,Arthur,Angela,Jefferson,Sam
Arthur,Khyla,Jefferson,Dulce,Arthur,Garrett
Jefferson,Cade,Arthur,Angela,Jefferson,Sam
Arthur,Calli,Jefferson,Dulce,Arthur,Garrett
Jefferson,Denzell,Arthur,Angela,Jefferson,Sam
Arthur,Alison,Jefferson,Dulce,Arthur,Garrett
Jefferson,Joshua,Arthur,Angela,Jefferson,Sam
Arthur,Alexandria,Jefferson,Dulce,Arthur,Garrett
Jefferson,Nolan,Arthur,Angela,Jefferson,Sam
Arthur,Maria,Jefferson,Dulce,Arthur,Garrett
Jefferson,Jamison,Arthur,Domonique,Jefferson,Montana
Arthur,Emmalee,Jefferson,Dulce,Arthur,Garrett
Jefferson,Demetrius,Arthur,Domonique,Jefferson,Montana
Arthur,Alessandra,Jefferson,Dulce,Arthur,Garrett
Jefferson,Clayton,Arthur,Domonique,Jefferson,Montana
Arthur,Kerry,Jefferson,Dulce,Arthur,Garrett
Jefferson,Ramon,Arthur,Domonique,Jefferson,Montana
Jefferson,Christina,Arthur,Genesis,Jefferson,Dan
Jefferson,Mitchel,Arthur,Domonique,Jefferson,Montana
Jefferson,Jadah,Arthur,Genesis,Jefferson,Dan
Jefferson,Michal,Arthur,Domonique,Jefferson,Montana
Jefferson,Nancy,Arthur,Genesis,Jefferson,Dan
Jefferson,Dana,Arthur,Domonique,Jefferson,Montana
Jefferson,Sneha,Arthur,Genesis,Jefferson,Dan
Harris,Jon,Arthur,Stella,Harris,Ryen
Jefferson,Taylor,Arthur,Yaritza,Jefferson,Emmett
Harris,Timothy,Arthur,Stella,Harris,Ryen
Jefferson,Briana,Arthur,Yaritza,Jefferson,Emmett
Harris,Emmanuel,Arthur,Stella,Harris,Ryen
Jefferson,Giselle,Arthur,Yaritza,Jefferson,Emmett
Harris,Adrian,Arthur,Stella,Harris,Ryen
Jefferson,Carina,Arthur,Yaritza,Jefferson,Emmett
Harris,Arturo,Arthur,Stella,Harris,Ryen
Jefferson,Janae,Arthur,Yaritza,Jefferson,Emmett
Harris,Clayton,Arthur,Stella,Harris,Ryen
Jefferson,Shanna,Arthur,Yaritza,Jefferson,Emmett
Harris,Byron,Arthur,Stella,Harris,Ryen
Jefferson,Lynda,Arthur,Angela,Jefferson,Sam
Harris,Marcanthon,Arthur,Stella,Harris,Ryen
Jefferson,Natalie,Arthur,Angela,Jefferson,Sam
Harris,Colby,Arthur,Stella,Harris,Ryen
Jefferson,Isabella,Arthur,Angela,Jefferson,Sam
Harris,Davin,Arthur,Andrea,Harris,Jordon
Jefferson,Sandra,Arthur,Angela,Jefferson,Sam
Harris,Christophe,Arthur,Andrea,Harris,Jordon
Jefferson,Kelsy,Arthur,Angela,Jefferson,Sam
Harris,Keegan,Arthur,Andrea,Harris,Jordon
Jefferson,Clara,Arthur,Angela,Jefferson,Sam
Harris,Jovon,Arthur,Andrea,Harris,Jordon
Jefferson,Nicolle,Arthur,Angela,Jefferson,Sam
Harris,Travis,Arthur,Andrea,Harris,Jordon
Jefferson,Genesis,Arthur,Domonique,Jefferson,Montana
Harris,Jessie,Arthur,Andrea,Harris,Jordon
Jefferson,Jade,Arthur,Domonique,Jefferson,Montana
Harris,Fernando,Arthur,Andrea,Harris,Jordon
Jefferson,Rikki,Arthur,Domonique,Jefferson,Montana
Harris,Amari,Arthur,Andrea,Harris,Jordon
Jefferson,Christy,Arthur,Domonique,Jefferson,Montana
Harris,Rashaun,Arthur,Cayla,Harris,Jevon
Jefferson,Johana,Arthur,Domonique,Jefferson,Montana
Harris,Skylar,Arthur,Cayla,Harris,Jevon
Jefferson,Marilyn,Arthur,Domonique,Jefferson,Montana
Harris,Deleon,Arthur,Cayla,Harris,Jevon
Harris,Devin,Arthur,Stella,Harris,Ryen
Harris,Tyrell,Arthur,Cayla,Harris,Jevon
Harris,Paloma,Arthur,Stella,Harris,Ryen
Harris,Willie,Arthur,Cayla,Harris,Jevon
Harris,Bernadette,Arthur,Stella,Harris,Ryen
Harris,Houston,Arthur,Cayla,Harris,Jevon
Harris,Lindsey,Arthur,Stella,Harris,Ryen
Harris,Maverick,Arthur,Cayla,Harris,Jevon
Harris,Eliana,Arthur,Stella,Harris,Ryen
Harris,Bill,Arthur,Cayla,Harris,Jevon
Harris,Regan,Arthur,Stella,Harris,Ryen
Harris,Vincent,Arthur,Cayla,Harris,Jevon
Harris,Elijah,Arthur,Stella,Harris,Ryen
Harris,Johnathon,Arthur,Cayla,Harris,Jevon
Harris,Theresa,Arthur,Stella,Harris,Ryen
Harris,Gannon,Arthur,Cayla,Harris,Jevon
Harris,Tracy,Arthur,Stella,Harris,Ryen
Harris,Dillon,Arthur,Cayla,Harris,Jevon
Harris,Kristine,Arthur,Stella,Harris,Ryen
Harris,Ernest,Arthur,Cayla,Harris,Jevon
Harris,Kiana,Arthur,Andrea,Harris,Jordon
Harris,Reginald,Arthur,Keisha,Harris,Trevon
Harris,Kassandra,Arthur,Andrea,Harris,Jordon
Harris,Jaylin,Arthur,Keisha,Harris,Trevon
Harris,Michaela,Arthur,Andrea,Harris,Jordon
Harris,Rodolfo,Arthur,Iridian,Harris,Kristian
Harris,Lianna,Arthur,Andrea,Harris,Jordon
Harris,Antoine,Arthur,Iridian,Harris,Kristian
Harris,Nathalie,Arthur,Andrea,Harris,Jordon
Harris,Cristopher,Arthur,Iridian,Harris,Kristian
Harris,Lynda,Arthur,Andrea,Harris,Jordon
Harris,Adan,Arthur,Iridian,Harris,Kristian
Harris,Kyle,Arthur,Cayla,Harris,Jevon
Harris,Shan,Arthur,Iridian,Harris,Kristian
Harris,Faith,Arthur,Cayla,Harris,Jevon
Harris,Titus,Arthur,Iridian,Harris,Kristian
Harris,Annmarie,Arthur,Cayla,Harris,Jevon
Harris,Bryant,Arthur,Kailey,Harris,Keaton
Harris,Christa,Arthur,Cayla,Harris,Jevon
Harris,Trevor,Arthur,Kailey,Harris,Keaton
Harris,Janet,Arthur,Cayla,Harris,Jevon
Harris,Tyreek,Arthur,Kailey,Harris,Keaton
Harris,Nyasia,Arthur,Cayla,Harris,Jevon
Harris,Dylan,Arthur,Kailey,Harris,Keaton
Harris,Paula,Arthur,Keisha,Harris,Trevon
Harris,Cristobal,Arthur,Kailey,Harris,Keaton
Harris,Emiley,Arthur,Keisha,Harris,Trevon
Harris,Justus,Arthur,Kailey,Harris,Keaton
Harris,Rachael,Arthur,Iridian,Harris,Kristian
Harris,Landon,Arthur,Kailey,Harris,Keaton
Harris,Martha,Arthur,Iridian,Harris,Kristian
Harris,Aiden,Arthur,Kailey,Harris,Keaton
Harris,Jesica,Arthur,Iridian,Harris,Kristian
Harris,Salvador,Arthur,Kailey,Harris,Keaton
Harris,Felisha,Arthur,Iridian,Harris,Kristian
Harris,Alberto,Arthur,Kailey,Harris,Keaton
Harris,Lizette,Arthur,Iridian,Harris,Kristian
Harris,Dallin,Arthur,Symphony,Harris,Jarrett
Harris,Idaly,Arthur,Iridian,Harris,Kristian
Harris,Amir,Arthur,Symphony,Harris,Jarrett
Harris,Rylee,Arthur,Iridian,Harris,Kristian
Harris,Augustus,Arthur,Symphony,Harris,Jarrett
Harris,Abagail,Arthur,Iridian,Harris,Kristian
Harris,Emerson,Jefferson,Lori,Harris,Myron
Harris,Bayleigh,Arthur,Kailey,Harris,Keaton
Harris,Shawn,Jefferson,Lori,Harris,Myron
Harris,Destany,Arthur,Kailey,Harris,Keaton
Harris,Brady,Jefferson,Lori,Harris,Myron
Harris,Jade,Arthur,Kailey,Harris,Keaton
Harris,Todd,Jefferson,Lisa,Harris,Johnny
Harris,Aerial,Arthur,Kailey,Harris,Keaton
Harris,Israel,Jefferson,Lisa,Harris,Johnny
Harris,Cassandra,Arthur,Symphony,Harris,Jarrett
Harris,Jawaun,Jefferson,Lisa,Harris,Johnny
Harris,Louisa,Arthur,Symphony,Harris,Jarrett
Harris,Alejandro,Jefferson,Hana,Harris,Jesus
Harris,Randi,Arthur,Symphony,Harris,Jarrett
Harris,Marielle,Jefferson,Hana,Harris,Jesus
Harris,Ellie,Jefferson,Lori,Harris,Myron
Harris,Stevan,Jefferson,Hana,Harris,Jesus
Harris,Tia,Jefferson,Lori,Harris,Myron
Harris,Jaleel,Jefferson,Hana,Harris,Jesus
Harris,Maribel,Jefferson,Lori,Harris,Myron
Harris,Oneil,Jefferson,Haylie,Harris,Stewart
Harris,Destiney,Jefferson,Lori,Harris,Myron
Harris,Royce,Jefferson,Haylie,Harris,Stewart
Harris,Mykelle,Jefferson,Lori,Harris,Myron
Harris,Callahan,Jefferson,Haylie,Harris,Stewart
Harris,Tara,Jefferson,Lisa,Harris,Johnny
Harris,Eli,Jefferson,Haylie,Harris,Stewart
Harris,Presley,Jefferson,Lisa,Harris,Johnny
Harris,Vicente,Jefferson,Jacquelin,Harris,Donald
Harris,Melanie,Jefferson,Lisa,Harris,Johnny
Harris,Josue,Jefferson,Jacquelin,Harris,Donald
Harris,Casie,Jefferson,Lisa,Harris,Johnny
Harris,Gilbert,Jefferson,Jacquelin,Harris,Donald
Harris,Janette,Jefferson,Lisa,Harris,Johnny
Bean,Ray,Jefferson,Kerry,Bean,Trevor
Harris,Elisa,Jefferson,Lisa,Harris,Johnny
Bean,Pedro,Jefferson,Kerry,Bean,Trevor
Harris,Melinda,Jefferson,Lisa,Harris,Johnny
Bean,Alan,Jefferson,Kerry,Bean,Trevor
Harris,Ashly,Jefferson,Hana,Harris,Jesus
Bean,Tyran,Jefferson,Kerry,Bean,Trevor
Harris,Sinai,Jefferson,Hana,Harris,Jesus
Bean,Lee,Jefferson,Kerry,Bean,Trevor
Harris,Diamond,Jefferson,Hana,Harris,Jesus
Bean,Dale,Jefferson,Kerry,Bean,Trevor
Harris,Aishah,Jefferson,Hana,Harris,Jesus
Bean,Jai,Jefferson,Kerry,Bean,Trevor
Harris,Halee,Jefferson,Hana,Harris,Jesus
Bean,Delonta,Jefferson,Kerry,Bean,Trevor
Harris,Desaree,Jefferson,Haylie,Harris,Stewart
Bean,Enoch,Jefferson,Kerry,Bean,Trevor
Harris,Laura,Jefferson,Haylie,Harris,Stewart
Bean,Kaleb,Jefferson,Kerry,Bean,Trevor
Harris,Myra,Jefferson,Haylie,Harris,Stewart
Wisoff,Willis,Jefferson,Nicolette,Wisoff,Quayshawn
Harris,Krista,Jefferson,Haylie,Harris,Stewart
Wisoff,Pablo,Jefferson,Nicolette,Wisoff,Quayshawn
Harris,Lynette,Jefferson,Jacquelin,Harris,Donald
Wisoff,Hashim,Jefferson,Nicolette,Wisoff,Quayshawn
Harris,Jacklyn,Jefferson,Jacquelin,Harris,Donald
Wisoff,Tevin,Jefferson,Nicolette,Wisoff,Quayshawn
Harris,Shanise,Jefferson,Jacquelin,Harris,Donald
Wisoff,Mohammad,Jefferson,Nicolette,Wisoff,Quayshawn
Harris,Alisha,Jefferson,Jacquelin,Harris,Donald
Wisoff,Sebastien,Jefferson,Nicolette,Wisoff,Quayshawn
Bean,Jeanette,Jefferson,Kerry,Bean,Trevor
Wisoff,Eberardo,Jefferson,Nicolette,Wisoff,Quayshawn
Bean,Tatyana,Jefferson,Kerry,Bean,Trevor
Kelly,Wilfredo,Jefferson,Flor,Kelly,Vinh
Bean,Laura,Jefferson,Kerry,Bean,Trevor
Kelly,Javonte,Jefferson,Flor,Kelly,Vinh
Bean,Cherie,Jefferson,Kerry,Bean,Trevor
Kelly,Javen,Harris,Suzette,Kelly,Joey
Bean,Amelia,Jefferson,Kerry,Bean,Trevor
Kelly,Roman,Harris,Corinne,Kelly,Derick
Bean,Antoinette,Jefferson,Kerry,Bean,Trevor
Kelly,Campbell,Harris,Corinne,Kelly,Derick
Bean,Sylvia,Jefferson,Kerry,Bean,Trevor
Kelly,Jacques,Harris,Corinne,Kelly,Derick
Bean,Dyamond,Jefferson,Kerry,Bean,Trevor
Kelly,Jarod,Harris,Corinne,Kelly,Derick
Wisoff,Jade,Jefferson,Nicolette,Wisoff,Quayshawn
Kelly,Keifer,Harris,Corinne,Kelly,Derick
Wisoff,Sarafina,Jefferson,Nicolette,Wisoff,Quayshawn
Kelly,Gregory,Harris,Corinne,Kelly,Derick
Wisoff,Dixie,Jefferson,Nicolette,Wisoff,Quayshawn
Kelly,Stanley,Harris,Micah,Kelly,Kristopher
Wisoff,Noah,Jefferson,Nicolette,Wisoff,Quayshawn
Kelly,Tommy,Harris,Micah,Kelly,Kristopher
Wisoff,Imani,Jefferson,Nicolette,Wisoff,Quayshawn
Kelly,Chaim,Harris,Micah,Kelly,Kristopher
Wisoff,Giuliana,Jefferson,Nicolette,Wisoff,Quayshawn
Kelly,Fred,Harris,Micah,Kelly,Kristopher
Wisoff,Kaylyn,Jefferson,Nicolette,Wisoff,Quayshawn
Kelly,Harley,Harris,Micah,Kelly,Kristopher
Wisoff,Jameisha,Jefferson,Nicolette,Wisoff,Quayshawn
Kelly,Ameer,Harris,Micah,Kelly,Kristopher
Kelly,Lizbeth,Jefferson,Flor,Kelly,Vinh
Kelly,Shawn,Harris,Micah,Kelly,Kristopher
Kelly,Annette,Jefferson,Flor,Kelly,Vinh
Kelly,Israel,Harris,Tatyana,Kelly,Drew
Kelly,Lucy,Jefferson,Flor,Kelly,Vinh
Kelly,Aleksandr,Harris,Tatyana,Kelly,Drew
Kelly,Dorothy,Jefferson,Flor,Kelly,Vinh
Kelly,Justus,Harris,Tatyana,Kelly,Drew
Kelly,Aubrie,Harris,Suzette,Kelly,Joey
Kelly,Ravon,Harris,Tatyana,Kelly,Drew
Kelly,Gabrielle,Harris,Suzette,Kelly,Joey
Kelly,Rory,Harris,Tatyana,Kelly,Drew
Kelly,Kallee,Harris,Corinne,Kelly,Derick
Kelly,Calvin,Harris,Tatyana,Kelly,Drew
Kelly,Theresa,Harris,Corinne,Kelly,Derick
Kelly,Buford,Harris,Tatyana,Kelly,Drew
Kelly,Zulema,Harris,Corinne,Kelly,Derick
Kelly,Stevan,Harris,Jacquelyn,Kelly,Gustavo
Kelly,Banesa,Harris,Corinne,Kelly,Derick
Kelly,Salvador,Harris,Jacquelyn,Kelly,Gustavo
Kelly,Tracy,Harris,Corinne,Kelly,Derick
Kelly,Sahil,Harris,Jacquelyn,Kelly,Gustavo
Kelly,Blaine,Harris,Corinne,Kelly,Derick
Kelly,Estevan,Harris,Jacquelyn,Kelly,Gustavo
Kelly,Cierra,Harris,Corinne,Kelly,Derick
Kelly,Marlon,Harris,Jacquelyn,Kelly,Gustavo
Kelly,Brynn,Harris,Corinne,Kelly,Derick
Kelly,Walter,Harris,Jacquelyn,Kelly,Gustavo
Kelly,Jessica,Harris,Corinne,Kelly,Derick
Kelly,Hunter,Harris,Jacquelyn,Kelly,Gustavo
Kelly,Stevie,Harris,Corinne,Kelly,Derick
Kelly,Griffin,Harris,Jacquelyn,Kelly,Gustavo
Kelly,Catalina,Harris,Corinne,Kelly,Derick
Kelly,Francisco,Bean,Kyra,Kelly,Cullen
Kelly,Cara,Harris,Micah,Kelly,Kristopher
Kelly,Khalid,Bean,Kyra,Kelly,Cullen
Kelly,Nikki,Harris,Micah,Kelly,Kristopher
Kelly,Domenic,Bean,Kyra,Kelly,Cullen
Kelly,Alma,Harris,Micah,Kelly,Kristopher
Kelly,Lee,Bean,Kyra,Kelly,Cullen
Kelly,Keisha,Harris,Micah,Kelly,Kristopher
Kelly,Gavin,Bean,Kyra,Kelly,Cullen
Kelly,Carolina,Harris,Micah,Kelly,Kristopher
Kelly,Francesco,Bean,Kyra,Kelly,Cullen
Kelly,Jaycie,Harris,Micah,Kelly,Kristopher
Kelly,Coleman,Bean,Kyra,Kelly,Cullen
Kelly,Lisette,Harris,Micah,Kelly,Kristopher
Kelly,Pablo,Bean,Alexi,Kelly,Chad
Kelly,Elisabeth,Harris,Micah,Kelly,Kristopher
Kelly,Dalton,Bean,Alexi,Kelly,Chad
Kelly,Cristina,Harris,Micah,Kelly,Kristopher
Kelly,Clayton,Bean,Alexi,Kelly,Chad
Kelly,Nina,Harris,Micah,Kelly,Kristopher
Kelly,Alexandro,Bean,Alexi,Kelly,Chad
Kelly,Francesca,Harris,Tatyana,Kelly,Drew
Kelly,Brogan,Bean,Alexi,Kelly,Chad
Kelly,Myesha,Harris,Tatyana,Kelly,Drew
Kelly,Ian,Bean,Bridget,Kelly,Blake
Kelly,Karlee,Harris,Tatyana,Kelly,Drew
Kelly,Stephen,Bean,Bridget,Kelly,Blake
Kelly,Kerri,Harris,Tatyana,Kelly,Drew
Kelly,Efren,Bean,Bridget,Kelly,Blake
Kelly,Deborah,Harris,Tatyana,Kelly,Drew
Kelly,Rogelio,Bean,Bridget,Kelly,Blake
Kelly,Anaya,Harris,Tatyana,Kelly,Drew
Kelly,Leland,Bean,Bridget,Kelly,Blake
Kelly,Leslie,Harris,Tatyana,Kelly,Drew
Kelly,Louis,Bean,Bridget,Kelly,Blake
Kelly,Savannah,Harris,Tatyana,Kelly,Drew
Kelly,Edward,Bean,Bridget,Kelly,Blake
Kelly,Celina,Harris,Jacquelyn,Kelly,Gustavo
Kelly,Emiliano,Bean,Bridget,Kelly,Blake
Kelly,Nereida,Harris,Jacquelyn,Kelly,Gustavo
Melroy,Wanya,Bean,Lourdes,Melroy,Ulysses
Kelly,Tayler,Harris,Jacquelyn,Kelly,Gustavo
Melroy,Romello,Bean,Lourdes,Melroy,Ulysses
Kelly,Jane,Harris,Jacquelyn,Kelly,Gustavo
Melroy,Deon,Bean,Lourdes,Melroy,Ulysses
Kelly,Aylin,Harris,Jacquelyn,Kelly,Gustavo
Melroy,Edward,Bean,Lourdes,Melroy,Ulysses
Kelly,Haylie,Harris,Jacquelyn,Kelly,Gustavo
Melroy,Shaun,Bean,Lourdes,Melroy,Ulysses
Kelly,Jori,Harris,Jacquelyn,Kelly,Gustavo
Melroy,Quincy,Bean,Ashlyn,Melroy,Everett
Kelly,Bailey,Harris,Jacquelyn,Kelly,Gustavo
Melroy,Salvatore,Bean,Ashlyn,Melroy,Everett
Kelly,Maggie,Bean,Kyra,Kelly,Cullen
Melroy,Sebastien,Bean,Ashlyn,Melroy,Everett
Kelly,Debbie,Bean,Kyra,Kelly,Cullen
Melroy,Errol,Bean,Brittany,Melroy,Brady
Kelly,Bria,Bean,Kyra,Kelly,Cullen
Melroy,Rory,Bean,Brittany,Melroy,Brady
Kelly,Brittani,Bean,Kyra,Kelly,Cullen
Melroy,Deion,Bean,Brittany,Melroy,Brady
Kelly,Tamera,Bean,Alexi,Kelly,Chad
Melroy,Barrett,Bean,Brittany,Melroy,Brady
Kelly,Erin,Bean,Alexi,Kelly,Chad
Melroy,Lionel,Bean,Brittany,Melroy,Brady
Kelly,Naomi,Bean,Alexi,Kelly,Chad
Melroy,Gerardo,Bean,Brittany,Melroy,Brady
Kelly,Arianna,Bean,Alexi,Kelly,Chad
Melroy,Jamar,Bean,Brittany,Melroy,Brady
Kelly,Amari,Bean,Alexi,Kelly,Chad
Melroy,Tristian,Bean,Aesha,Melroy,Darnell
Kelly,Angel,Bean,Alexi,Kelly,Chad
Melroy,Cristian,Bean,Aesha,Melroy,Darnell
Kelly,Stella,Bean,Alexi,Kelly,Chad
Melroy,Montel,Bean,Aesha,Melroy,Darnell
Kelly,Hana,Bean,Alexi,Kelly,Chad
Melroy,Kevin,Bean,Aesha,Melroy,Darnell
Kelly,Shyanne,Bean,Alexi,Kelly,Chad
Melroy,Devan,Bean,Aesha,Melroy,Darnell
Kelly,Susana,Bean,Bridget,Kelly,Blake
Melroy,Langston,Bean,Aesha,Melroy,Darnell
Kelly,Shekinah,Bean,Bridget,Kelly,Blake
Melroy,Terence,Bean,Kasandra,Melroy,Toby
Kelly,Aleisha,Bean,Bridget,Kelly,Blake
Melroy,Byron,Bean,Kasandra,Melroy,Toby
Kelly,Gabriela,Bean,Bridget,Kelly,Blake
Melroy,Jesse,Bean,Kasandra,Melroy,Toby
Kelly,Allysa,Bean,Bridget,Kelly,Blake
Melroy,Charles,Bean,Kasandra,Melroy,Toby
Melroy,Danielle,Bean,Lourdes,Melroy,Ulysses
Melroy,Thaddeus,Bean,Kasandra,Melroy,Toby
Melroy,Mia,Bean,Lourdes,Melroy,Ulysses
Melroy,Orlando,Bean,Kasandra,Melroy,Toby
Melroy,Tiffani,Bean,Lourdes,Melroy,Ulysses
Melroy,Westley,Bean,Aubree,Melroy,Tristin
Melroy,Tatianna,Bean,Lourdes,Melroy,Ulysses
Melroy,Kenneth,Bean,Aubree,Melroy,Tristin
Melroy,Kiersten,Bean,Lourdes,Melroy,Ulysses
Melroy,Jacques,Bean,Aubree,Melroy,Tristin
Melroy,Kathryn,Bean,Lourdes,Melroy,Ulysses
Melroy,Dalton,Bean,Aubree,Melroy,Tristin
Melroy,Alisa,Bean,Lourdes,Melroy,Ulysses
Melroy,Felipe,Bean,Aubree,Melroy,Tristin
Melroy,Cody,Bean,Ashlyn,Melroy,Everett
Melroy,Emmett,Bean,Aubree,Melroy,Tristin
Melroy,Kelly,Bean,Ashlyn,Melroy,Everett
Melroy,Kelson,Bean,Aubree,Melroy,Tristin
Melroy,Jeffrey,Bean,Ashlyn,Melroy,Everett
Melroy,Babyboy,Bean,Aubree,Melroy,Tristin
Melroy,Tiffanie,Bean,Ashlyn,Melroy,Everett
Melroy,Edgar,Wisoff,Miranda,Melroy,Brennon
Melroy,Sandy,Bean,Ashlyn,Melroy,Everett
Melroy,Emanuel,Wisoff,Miranda,Melroy,Brennon
Melroy,Annika,Bean,Ashlyn,Melroy,Everett
Melroy,Ted,Wisoff,Miranda,Melroy,Brennon
Melroy,Kaylynn,Bean,Ashlyn,Melroy,Everett
Melroy,Zaquan,Wisoff,Miranda,Melroy,Brennon
Melroy,Jade,Bean,Ashlyn,Melroy,Everett
Melroy,Javonte,Wisoff,Miranda,Melroy,Brennon
Melroy,Mallory,Bean,Ashlyn,Melroy,Everett
Melroy,Habram,Wisoff,Miranda,Melroy,Brennon
Melroy,Makenzi,Bean,Ashlyn,Melroy,Everett
Melroy,Frederick,Wisoff,Miranda,Melroy,Brennon
Melroy,Tanisha,Bean,Brittany,Melroy,Brady
Melroy,Nathanael,Wisoff,Miranda,Melroy,Brennon
Melroy,Cailin,Bean,Brittany,Melroy,Brady
Melroy,Joel,Wisoff,Gretchen,Melroy,Humberto
Melroy,Jana,Bean,Brittany,Melroy,Brady
Melroy,Terron,Wisoff,Gretchen,Melroy,Humberto
Melroy,Olivia,Bean,Aesha,Melroy,Darnell
Melroy,Sergio,Wisoff,Gretchen,Melroy,Humberto
Melroy,Lakeisha,Bean,Aesha,Melroy,Darnell
Melroy,Josue,Wisoff,Gretchen,Melroy,Humberto
Melroy,Angelique,Bean,Aesha,Melroy,Darnell
Melroy,Kelsey,Wisoff,Gretchen,Melroy,Humberto
Melroy,Itzel,Bean,Aesha,Melroy,Darnell
Melroy,Erich,Wisoff,Gretchen,Melroy,Humberto
Melroy,Makenzie,Bean,Aesha,Melroy,Darnell
Melroy,Alec,Wisoff,Gretchen,Melroy,Humberto
Melroy,Arielle,Bean,Kasandra,Melroy,Toby
Melroy,Quinton,Wisoff,Ashton,Melroy,Noah
Melroy,Kiera,Bean,Kasandra,Melroy,Toby
Melroy,Gerald,Wisoff,Ashton,Melroy,Noah
Melroy,Johana,Bean,Kasandra,Melroy,Toby
Melroy,Giovanni,Wisoff,Ashton,Melroy,Noah
Melroy,Lynette,Bean,Kasandra,Melroy,Toby
Melroy,Ben,Wisoff,Ashton,Melroy,Noah
Melroy,Marjorie,Bean,Kasandra,Melroy,Toby
Melroy,Rolando,Wisoff,Ashton,Melroy,Noah
Melroy,Jazmyn,Bean,Kasandra,Melroy,Toby
Melroy,Guadalupe,Kelly,Malia,Melroy,Wayne
Melroy,Paris,Bean,Kasandra,Melroy,Toby
Melroy,Avery,Kelly,Malia,Melroy,Wayne
Melroy,Allyson,Bean,Kasandra,Melroy,Toby
Melroy,Marc,Kelly,Paola,Melroy,Vernon
Melroy,Heidi,Bean,Kasandra,Melroy,Toby
Melroy,Daequan,Kelly,Paola,Melroy,Vernon
Melroy,Gina,Bean,Kasandra,Melroy,Toby
Melroy,Gregory,Kelly,Paola,Melroy,Vernon
Melroy,Melanie,Bean,Kasandra,Melroy,Toby
Melroy,Jordin,Kelly,Paola,Melroy,Vernon
Melroy,Yasmine,Bean,Kasandra,Melroy,Toby
Melroy,Hayden,Kelly,Paola,Melroy,Vernon
Melroy,Alesha,Bean,Aubree,Melroy,Tristin
Melroy,Coleman,Kelly,Paola,Melroy,Vernon
Melroy,Makala,Bean,Aubree,Melroy,Tristin
Melroy,Francisco,Kelly,Paola,Melroy,Vernon
Melroy,Kristian,Bean,Aubree,Melroy,Tristin
Melroy,Joan,Kelly,Paola,Melroy,Vernon
Melroy,Kali,Bean,Aubree,Melroy,Tristin
Melroy,Keegan,Kelly,Paola,Melroy,Vernon
Melroy,Tehya,Bean,Aubree,Melroy,Tristin
Melroy,Ezequiel,Kelly,Paola,Melroy,Vernon
Melroy,Jhane,Wisoff,Miranda,Melroy,Brennon
Evans,Edgardo,Kelly,Kasandra,Evans,Tristin
Melroy,Naomi,Wisoff,Miranda,Melroy,Brennon
Evans,River,Kelly,Kasandra,Evans,Tristin
Melroy,Benita,Wisoff,Miranda,Melroy,Brennon
Evans,Nikolas,Kelly,Kasandra,Evans,Tristin
Melroy,Janice,Wisoff,Miranda,Melroy,Brennon
Evans,Leon,Kelly,Kasandra,Evans,Tristin
Melroy,Kyana,Wisoff,Miranda,Melroy,Brennon
Evans,Addison,Kelly,Kasandra,Evans,Tristin
Melroy,Denise,Wisoff,Miranda,Melroy,Brennon
Evans,Nour,Kelly,Kasandra,Evans,Tristin
Melroy,Shyann,Wisoff,Miranda,Melroy,Brennon
Evans,Alek,Kelly,Kasandra,Evans,Tristin
Melroy,Ashley,Wisoff,Miranda,Melroy,Brennon
Evans,Kerry,Kelly,Kasandra,Evans,Tristin
Melroy,Janette,Wisoff,Miranda,Melroy,Brennon
Evans,Dequan,Kelly,Kasandra,Evans,Tristin
Melroy,Casie,Wisoff,Gretchen,Melroy,Humberto
Evans,Coby,Kelly,Kasandra,Evans,Tristin
Melroy,Deyaneira,Wisoff,Gretchen,Melroy,Humberto
Evans,Sean,Kelly,Xandria,Evans,Kody
Melroy,Crystal,Wisoff,Gretchen,Melroy,Humberto
Evans,Raymond,Kelly,Xandria,Evans,Kody
Melroy,Divya,Wisoff,Gretchen,Melroy,Humberto
Evans,Perry,Kelly,Xandria,Evans,Kody
Melroy,Rebecca,Wisoff,Gretchen,Melroy,Humberto
Evans,Rafael,Kelly,Xandria,Evans,Kody
Melroy,Ashlyn,Wisoff,Ashton,Melroy,Noah
Evans,Myles,Kelly,Xandria,Evans,Kody
Melroy,Mariana,Wisoff,Ashton,Melroy,Noah
Evans,Hugh,Kelly,Xandria,Evans,Kody
Melroy,Gilda,Wisoff,Ashton,Melroy,Noah
Evans,Robert,Kelly,Xandria,Evans,Kody
Melroy,Janae,Wisoff,Ashton,Melroy,Noah
Evans,Braeden,Kelly,Xandria,Evans,Kody
Melroy,Tania,Wisoff,Ashton,Melroy,Noah
Evans,Kai,Kelly,Xandria,Evans,Kody
Melroy,Breonna,Wisoff,Ashton,Melroy,Noah
Evans,Patrick,Kelly,Xandria,Evans,Kody
Melroy,Ashleigh,Wisoff,Ashton,Melroy,Noah
Evans,Lazaro,Kelly,Xandria,Evans,Kody
Melroy,Carrie,Wisoff,Ashton,Melroy,Noah
Evans,Brice,Kelly,Xandria,Evans,Kody
Melroy,Audrey,Wisoff,Ashton,Melroy,Noah
Evans,Tylor,Kelly,Xandria,Evans,Kody
Melroy,Janell,Wisoff,Ashton,Melroy,Noah
Evans,Michel,Kelly,Xandria,Evans,Kody
Melroy,Shauna,Kelly,Malia,Melroy,Wayne
Evans,Jawaun,Kelly,Xandria,Evans,Kody
Melroy,Kara,Kelly,Malia,Melroy,Wayne
Evans,Easton,Kelly,Xandria,Evans,Kody
Melroy,Allana,Kelly,Paola,Melroy,Vernon
Evans,Richie,Kelly,Xandria,Evans,Kody
Melroy,Shaylee,Kelly,Paola,Melroy,Vernon
Evans,Alfred,Kelly,Xandria,Evans,Kody
Melroy,Devin,Kelly,Paola,Melroy,Vernon
Evans,Angelo,Kelly,Xandria,Evans,Kody
Melroy,Erika,Kelly,Paola,Melroy,Vernon
Evans,Bruce,Kelly,Xandria,Evans,Kody
Melroy,Kailee,Kelly,Paola,Melroy,Vernon
Frick,Gunnar,Kelly,Jewel,Frick,Jordon
Melroy,Irma,Kelly,Paola,Melroy,Vernon
Frick,Kerrick,Kelly,Jewel,Frick,Jordon
Melroy,Darian,Kelly,Paola,Melroy,Vernon
Frick,Reynaldo,Kelly,Jewel,Frick,Jordon
Evans,Luna,Kelly,Kasandra,Evans,Tristin
Frick,Xzavier,Kelly,Jewel,Frick,Jordon
Evans,Angelique,Kelly,Kasandra,Evans,Tristin
