Anders,Jacky,Valheim,Adrian,Anders,Christen
Cox,Haven,Walker,Sofia,Cox,Drake
Stafford,Jordan,Cockrell,Porsha,Stafford,Hugo
Worden,Ivy,Bridges,Molly,Worden,Talon
Irwin,Royce,Altman,Doris,Irwin,Jai
Pettit,Khaliah,Torvalds,Adriana,Pettit,Coleman
Jett,Quayshawn,Stewart,Ariana,Jett,Raekwon
Harbaugh,Susanna,Overmyer,Marcela,Harbaugh,Vinh
Swanson,Javonte,Cox,Suzanna,Swanson,Wylie
Brandenstein,Delilah,Eisenhower,Alena,Brandenstein,Adam
Frump,Mark,Adamson,Leah,Frump,Trent
Fabian,Elyse,Cagle,Ciarra,Fabian,Grant
Scobee,Brooks,Griggs,Emilee,Scobee,Jamison
Zophar,Linnea,Jackson,Shane,Zophar,Stefan
Michel,Bradley,Hilmers,Kaelyn,Michel,Neil
Thorne,Celeste,Horowitz,Raquel,Thorne,Gideon
Swanson,Dane,Cameron,Coral,Swanson,Daniel
Monroe,Noel,Ivins,Christina,Monroe,Asher
Truly,Alex,Caldwell,Abby,Truly,Marquis
Zophar,Elizabet,Cagle,Keri,Zophar,Ishmael
Searfoss,Ever,Tanner,Gianna,Searfoss,Fernando
Collins,Hunter,Poindexter,Shea,Collins,Tristian
Hawley,Maximillia,Sega,Susanna,Hawley,Latrell
Chapman,Liz,Walker,Makayla,Chapman,Ivan
Bowersox,Drew,Henize,April,Bowersox,Elias
Mastracchio,Ayla,Cooper,Athena,Mastracchio,Rhett
Anders,Diondre,Cox,Haven,Anders,Jacky
Zophar,Mahogany,Ross,Kaley,Zophar,Kerry
Anders,Stephen,Cox,Haven,Anders,Jacky
Ferguson,Michel,Gruber,Tyler,Ferguson,Shaquille
Anders,Nickalus,Cox,Haven,Anders,Jacky
Harrison,Ivana,Michel,Janeth,Harrison,Fernando
Anders,Jonah,Cox,Haven,Anders,Jacky
Archambault,Dulce,Grissom,Holly,Archambault,Karl
Anders,Zachery,Cox,Haven,Anders,Jacky
Anders,Karli,Cox,Haven,Anders,Jacky
Anders,Johnathon,Cox,Haven,Anders,Jacky
Anders,Ashlie,Cox,Haven,Anders,Jacky
Anders,Alden,Cox,Haven,Anders,Jacky
Anders,Kiesha,Cox,Haven,Anders,Jacky
Anders,Efrain,Cox,Haven,Anders,Jacky
Anders,Kinsey,Cox,Haven,Anders,Jacky
Anders,Mohamed,Cox,Haven,Anders,Jacky
Anders,Ravin,Cox,Haven,Anders,Jacky
Anders,Timothy,Cox,Haven,Anders,Jacky
Anders,Erika,Cox,Haven,Anders,Jacky
Stafford,Josue,Worden,Ivy,Stafford,Jordan
Anders,Maricarmen,Cox,Haven,Anders,Jacky
Stafford,Quentin,Worden,Ivy,Stafford,Jordan
Anders,Daisy,Cox,Haven,Anders,Jacky
Stafford,Chandler,Worden,Ivy,Stafford,Jordan
Anders,Donisha,Cox,Haven,Anders,Jacky
Stafford,Yash,Worden,Ivy,Stafford,Jordan
Irwin,Daniela,Pettit,Khaliah,Irwin,Royce
Stafford,Tysen,Worden,Ivy,Stafford,Jordan
Irwin,Darcie,Pettit,Khaliah,Irwin,Royce
Irwin,Juan,Pettit,Khaliah,Irwin,Royce
Irwin,Emmily,Pettit,Khaliah,Irwin,Royce
Irwin,Luciano,Pettit,Khaliah,Irwin,Royce
Irwin,Hilda,Pettit,Khaliah,Irwin,Royce
Irwin,Jarrod,Pettit,Khaliah,Irwin,Royce
Irwin,Kourtney,Pettit,Khaliah,Irwin,Royce
Irwin,Lance,Pettit,Khaliah,Irwin,Royce
Jett,Kasey,Harbaugh,Susanna,Jett,Quayshawn
Irwin,Jesus,Pettit,Khaliah,Irwin,Royce
Jett,Aylin,Harbaugh,Susanna,Jett,Quayshawn
Irwin,Allen,Pettit,Khaliah,Irwin,Royce
Jett,Keirra,Harbaugh,Susanna,Jett,Quayshawn
Irwin,Jonathan,Pettit,Khaliah,Irwin,Royce
Jett,Yaritza,Harbaugh,Susanna,Jett,Quayshawn
Irwin,Lazaro,Pettit,Khaliah,Irwin,Royce
Jett,Roxanne,Harbaugh,Susanna,Jett,Quayshawn
Irwin,Trent,Pettit,Khaliah,Irwin,Royce
Jett,Jeanette,Harbaugh,Susanna,Jett,Quayshawn
Irwin,Trey,Pettit,Khaliah,Irwin,Royce
Swanson,Abbigail,Brandenstein,Delilah,Swanson,Javonte
Irwin,Javon,Pettit,Khaliah,Irwin,Royce
Swanson,Jacklyn,Brandenstein,Delilah,Swanson,Javonte
Irwin,Simeon,Pettit,Khaliah,Irwin,Royce
Swanson,Molli,Brandenstein,Delilah,Swanson,Javonte
Irwin,Olivier,Pettit,Khaliah,Irwin,Royce
Swanson,Jeanna,Brandenstein,Delilah,Swanson,Javonte
Irwin,Micheal,Pettit,Khaliah,Irwin,Royce
Swanson,Brooklyn,Brandenstein,Delilah,Swanson,Javonte
Jett,Kirk,Harbaugh,Susanna,Jett,Quayshawn
Swanson,Aleisha,Brandenstein,Delilah,Swanson,Javonte
Jett,Alberto,Harbaugh,Susanna,Jett,Quayshawn
Swanson,Lisette,Brandenstein,Delilah,Swanson,Javonte
Jett,Moises,Harbaugh,Susanna,Jett,Quayshawn
Swanson,Claudia,Brandenstein,Delilah,Swanson,Javonte
Jett,Michal,Harbaugh,Susanna,Jett,Quayshawn
Swanson,Christie,Brandenstein,Delilah,Swanson,Javonte
Jett,Romello,Harbaugh,Susanna,Jett,Quayshawn
Swanson,Kaitlin,Brandenstein,Delilah,Swanson,Javonte
Swanson,Osvaldo,Brandenstein,Delilah,Swanson,Javonte
Swanson,Meredith,Brandenstein,Delilah,Swanson,Javonte
Swanson,Dominic,Brandenstein,Delilah,Swanson,Javonte
Swanson,Suzanna,Brandenstein,Delilah,Swanson,Javonte
Swanson,Jorge,Brandenstein,Delilah,Swanson,Javonte
Swanson,Deandrea,Brandenstein,Delilah,Swanson,Javonte
Swanson,Chance,Brandenstein,Delilah,Swanson,Javonte
Frump,Lily,Fabian,Elyse,Frump,Mark
Swanson,Darnell,Brandenstein,Delilah,Swanson,Javonte
Frump,Lea,Fabian,Elyse,Frump,Mark
Swanson,Casey,Brandenstein,Delilah,Swanson,Javonte
Frump,Shelly,Fabian,Elyse,Frump,Mark
Swanson,Randy,Brandenstein,Delilah,Swanson,Javonte
Frump,Mollie,Fabian,Elyse,Frump,Mark
Frump,Gregory,Fabian,Elyse,Frump,Mark
Frump,Dayna,Fabian,Elyse,Frump,Mark
Frump,Brenden,Fabian,Elyse,Frump,Mark
Scobee,Kassandra,Zophar,Linnea,Scobee,Brooks
Frump,Jaleel,Fabian,Elyse,Frump,Mark
Scobee,Jacklyn,Zophar,Linnea,Scobee,Brooks
Frump,Valentin,Fabian,Elyse,Frump,Mark
Scobee,Vivien,Zophar,Linnea,Scobee,Brooks
Frump,Jessee,Fabian,Elyse,Frump,Mark
Scobee,Alejandra,Zophar,Linnea,Scobee,Brooks
Frump,Eugene,Fabian,Elyse,Frump,Mark
Scobee,Kelsee,Zophar,Linnea,Scobee,Brooks
Frump,Angelo,Fabian,Elyse,Frump,Mark
Scobee,Caitlin,Zophar,Linnea,Scobee,Brooks
Frump,Deleon,Fabian,Elyse,Frump,Mark
Michel,Clair,Thorne,Celeste,Michel,Bradley
Frump,Santana,Fabian,Elyse,Frump,Mark
Michel,Jenna,Thorne,Celeste,Michel,Bradley
Frump,Denzel,Fabian,Elyse,Frump,Mark
Michel,Odalys,Thorne,Celeste,Michel,Bradley
Frump,Braden,Fabian,Elyse,Frump,Mark
Michel,Amber,Thorne,Celeste,Michel,Bradley
Scobee,Gary,Zophar,Linnea,Scobee,Brooks
Michel,Cecilia,Thorne,Celeste,Michel,Bradley
Scobee,Quinton,Zophar,Linnea,Scobee,Brooks
Michel,Francisca,Thorne,Celeste,Michel,Bradley
Scobee,Moses,Zophar,Linnea,Scobee,Brooks
Michel,Stacey,Thorne,Celeste,Michel,Bradley
Scobee,Adalberto,Zophar,Linnea,Scobee,Brooks
Michel,Kamri,Thorne,Celeste,Michel,Bradley
Michel,Callum,Thorne,Celeste,Michel,Bradley
Swanson,Alisha,Monroe,Noel,Swanson,Dane
Michel,Ernest,Thorne,Celeste,Michel,Bradley
Swanson,Breann,Monroe,Noel,Swanson,Dane
Michel,Tyran,Thorne,Celeste,Michel,Bradley
Swanson,Tristin,Monroe,Noel,Swanson,Dane
Michel,Brian,Thorne,Celeste,Michel,Bradley
Truly,Shayla,Zophar,Elizabet,Truly,Alex
Michel,Kirk,Thorne,Celeste,Michel,Bradley
Truly,Saige,Zophar,Elizabet,Truly,Alex
Michel,Britt,Thorne,Celeste,Michel,Bradley
Truly,Erika,Zophar,Elizabet,Truly,Alex
Michel,Wayne,Thorne,Celeste,Michel,Bradley
Truly,Eryn,Zophar,Elizabet,Truly,Alex
Michel,Tanner,Thorne,Celeste,Michel,Bradley
Truly,Cristal,Zophar,Elizabet,Truly,Alex
Swanson,William,Monroe,Noel,Swanson,Dane
Truly,Luisa,Zophar,Elizabet,Truly,Alex
Swanson,Patric,Monroe,Noel,Swanson,Dane
Truly,Edith,Zophar,Elizabet,Truly,Alex
Swanson,Luis,Monroe,Noel,Swanson,Dane
Truly,Evelin,Zophar,Elizabet,Truly,Alex
Swanson,Deontae,Monroe,Noel,Swanson,Dane
Searfoss,Jayla,Collins,Hunter,Searfoss,Ever
Truly,Reed,Zophar,Elizabet,Truly,Alex
Searfoss,Arlene,Collins,Hunter,Searfoss,Ever
Truly,Menachem,Zophar,Elizabet,Truly,Alex
Searfoss,Trista,Collins,Hunter,Searfoss,Ever
Truly,Remington,Zophar,Elizabet,Truly,Alex
Searfoss,Kassidy,Collins,Hunter,Searfoss,Ever
Truly,Deric,Zophar,Elizabet,Truly,Alex
Searfoss,Daja,Collins,Hunter,Searfoss,Ever
Searfoss,Jaime,Collins,Hunter,Searfoss,Ever
Searfoss,Siera,Collins,Hunter,Searfoss,Ever
Searfoss,Aspen,Collins,Hunter,Searfoss,Ever
Searfoss,Mackenzie,Collins,Hunter,Searfoss,Ever
Searfoss,Cory,Collins,Hunter,Searfoss,Ever
Searfoss,Cindy,Collins,Hunter,Searfoss,Ever
Searfoss,Ishmael,Collins,Hunter,Searfoss,Ever
Searfoss,Yvonne,Collins,Hunter,Searfoss,Ever
Hawley,Keshaun,Chapman,Liz,Hawley,Maximillia
Searfoss,Jacquelin,Collins,Hunter,Searfoss,Ever
Hawley,Dyllon,Chapman,Liz,Hawley,Maximillia
Searfoss,Shelley,Collins,Hunter,Searfoss,Ever
Hawley,Brent,Chapman,Liz,Hawley,Maximillia
Hawley,Spencer,Chapman,Liz,Hawley,Maximillia
Hawley,Clinton,Chapman,Liz,Hawley,Maximillia
Hawley,Jori,Chapman,Liz,Hawley,Maximillia
Hawley,Diamond,Chapman,Liz,Hawley,Maximillia
Hawley,Taelor,Chapman,Liz,Hawley,Maximillia
Bowersox,Nickolas,Mastracchio,Ayla,Bowersox,Drew
Hawley,Stephanie,Chapman,Liz,Hawley,Maximillia
Bowersox,Donte,Mastracchio,Ayla,Bowersox,Drew
Hawley,Mattie,Chapman,Liz,Hawley,Maximillia
Bowersox,Yash,Mastracchio,Ayla,Bowersox,Drew
Hawley,Katharine,Chapman,Liz,Hawley,Maximillia
Bowersox,Tyreek,Mastracchio,Ayla,Bowersox,Drew
Hawley,Debora,Chapman,Liz,Hawley,Maximillia
Bowersox,Carl,Mastracchio,Ayla,Bowersox,Drew
Hawley,Mckenzie,Chapman,Liz,Hawley,Maximillia
Bowersox,Jesse,Mastracchio,Ayla,Bowersox,Drew
Bowersox,Tiona,Mastracchio,Ayla,Bowersox,Drew
Bowersox,Pablo,Mastracchio,Ayla,Bowersox,Drew
Bowersox,Emely,Mastracchio,Ayla,Bowersox,Drew
Anders,Felipe,Zophar,Mahogany,Anders,Diondre
Bowersox,Aubrey,Mastracchio,Ayla,Bowersox,Drew
Anders,Anibal,Zophar,Mahogany,Anders,Diondre
Bowersox,Sarafina,Mastracchio,Ayla,Bowersox,Drew
Anders,Dan,Zophar,Mahogany,Anders,Diondre
Bowersox,Dulce,Mastracchio,Ayla,Bowersox,Drew
Anders,Zackary,Zophar,Mahogany,Anders,Diondre
Bowersox,Emilia,Mastracchio,Ayla,Bowersox,Drew
Anders,Tylor,Zophar,Mahogany,Anders,Diondre
Bowersox,Amber,Mastracchio,Ayla,Bowersox,Drew
Anders,Brennen,Zophar,Mahogany,Anders,Diondre
Bowersox,Genesis,Mastracchio,Ayla,Bowersox,Drew
Anders,Yobani,Zophar,Mahogany,Anders,Diondre
Bowersox,Nora,Mastracchio,Ayla,Bowersox,Drew
Anders,Keaton,Zophar,Mahogany,Anders,Diondre
Bowersox,Daija,Mastracchio,Ayla,Bowersox,Drew
Anders,Daxton,Ferguson,Michel,Anders,Stephen
Anders,Liz,Zophar,Mahogany,Anders,Diondre
Anders,Tayler,Ferguson,Michel,Anders,Stephen
Anders,Ladaysha,Zophar,Mahogany,Anders,Diondre
Anders,Jack,Ferguson,Michel,Anders,Stephen
Anders,Jazmon,Zophar,Mahogany,Anders,Diondre
Anders,Travis,Ferguson,Michel,Anders,Stephen
Anders,Aubree,Zophar,Mahogany,Anders,Diondre
Anders,Stephon,Ferguson,Michel,Anders,Stephen
Anders,Kaytlin,Zophar,Mahogany,Anders,Diondre
Anders,Javier,Ferguson,Michel,Anders,Stephen
Anders,Zoee,Zophar,Mahogany,Anders,Diondre
Anders,Kendall,Ferguson,Michel,Anders,Stephen
Anders,Shae,Zophar,Mahogany,Anders,Diondre
Anders,Treshaun,Ferguson,Michel,Anders,Stephen
Anders,Reyanna,Zophar,Mahogany,Anders,Diondre
Anders,Reynaldo,Ferguson,Michel,Anders,Stephen
Anders,Tyra,Ferguson,Michel,Anders,Stephen
Anders,Shea,Ferguson,Michel,Anders,Stephen
Anders,Alexa,Ferguson,Michel,Anders,Stephen
Anders,Tylar,Harrison,Ivana,Anders,Nickalus
Anders,Mackenna,Ferguson,Michel,Anders,Stephen
Anders,Jashua,Harrison,Ivana,Anders,Nickalus
Anders,Deandrea,Ferguson,Michel,Anders,Stephen
Anders,Colby,Harrison,Ivana,Anders,Nickalus
Anders,Jameisha,Ferguson,Michel,Anders,Stephen
Anders,Forrest,Archambault,Dulce,Anders,Jonah
Anders,Evelin,Ferguson,Michel,Anders,Stephen
Anders,Ismael,Irwin,Daniela,Anders,Zachery
Anders,Aleasha,Ferguson,Michel,Anders,Stephen
Anders,Graham,Irwin,Daniela,Anders,Zachery
Anders,Madison,Ferguson,Michel,Anders,Stephen
Anders,Orlando,Irwin,Daniela,Anders,Zachery
Anders,Cali,Ferguson,Michel,Anders,Stephen
Anders,Devan,Irwin,Daniela,Anders,Zachery
Anders,Jeanna,Ferguson,Michel,Anders,Stephen
Anders,Sebastian,Irwin,Daniela,Anders,Zachery
Anders,Deyaneira,Harrison,Ivana,Anders,Nickalus
Anders,Markell,Irwin,Daniela,Anders,Zachery
Anders,Madelyn,Archambault,Dulce,Anders,Jonah
Anders,Trace,Irwin,Daniela,Anders,Zachery
Anders,Kaira,Archambault,Dulce,Anders,Jonah
Anders,Dallas,Irwin,Darcie,Anders,Johnathon
Anders,Jaycie,Irwin,Daniela,Anders,Zachery
Anders,Liam,Irwin,Darcie,Anders,Johnathon
Anders,Adrianna,Irwin,Daniela,Anders,Zachery
Anders,Ralph,Irwin,Darcie,Anders,Johnathon
Anders,Alesia,Irwin,Daniela,Anders,Zachery
Anders,Emmanuel,Irwin,Darcie,Anders,Johnathon
Anders,Sofia,Irwin,Daniela,Anders,Zachery
Anders,Lance,Irwin,Darcie,Anders,Johnathon
Anders,Marianna,Irwin,Daniela,Anders,Zachery
Anders,Rand,Irwin,Darcie,Anders,Johnathon
Anders,Colette,Irwin,Daniela,Anders,Zachery
Anders,Duncan,Irwin,Darcie,Anders,Johnathon
Anders,Teagan,Irwin,Daniela,Anders,Zachery
Anders,Devin,Irwin,Emmily,Anders,Alden
Anders,Lacey,Irwin,Daniela,Anders,Zachery
Anders,Deangelo,Irwin,Emmily,Anders,Alden
Anders,Karena,Irwin,Daniela,Anders,Zachery
Anders,Ervin,Irwin,Emmily,Anders,Alden
Anders,Kelcee,Irwin,Darcie,Anders,Johnathon
Anders,Jesus,Irwin,Hilda,Anders,Efrain
Anders,Adriane,Irwin,Darcie,Anders,Johnathon
Anders,Quintin,Irwin,Hilda,Anders,Efrain
Anders,Mariana,Irwin,Darcie,Anders,Johnathon
Anders,Jules,Irwin,Hilda,Anders,Efrain
Anders,Lyric,Irwin,Darcie,Anders,Johnathon
Anders,Houston,Irwin,Hilda,Anders,Efrain
Anders,Deja,Irwin,Darcie,Anders,Johnathon
Anders,Bradlee,Irwin,Hilda,Anders,Efrain
Anders,Itati,Irwin,Darcie,Anders,Johnathon
Anders,Keegan,Irwin,Hilda,Anders,Efrain
Anders,Greer,Irwin,Darcie,Anders,Johnathon
Anders,Jackson,Irwin,Hilda,Anders,Efrain
Anders,Allegra,Irwin,Darcie,Anders,Johnathon
Anders,Remington,Irwin,Hilda,Anders,Efrain
Anders,Anisha,Irwin,Darcie,Anders,Johnathon
Anders,Ameer,Irwin,Kourtney,Anders,Mohamed
Anders,Nicole,Irwin,Darcie,Anders,Johnathon
Anders,Dimitri,Irwin,Kourtney,Anders,Mohamed
Anders,Christa,Irwin,Darcie,Anders,Johnathon
Anders,Kelton,Irwin,Kourtney,Anders,Mohamed
Anders,Anitra,Irwin,Darcie,Anders,Johnathon
Anders,Bill,Irwin,Kourtney,Anders,Mohamed
Anders,Marlen,Irwin,Darcie,Anders,Johnathon
Anders,Ron,Jett,Kasey,Anders,Timothy
Anders,Asia,Irwin,Emmily,Anders,Alden
Anders,Marcanthon,Jett,Kasey,Anders,Timothy
Anders,Kaelyn,Irwin,Emmily,Anders,Alden
Anders,Giovanni,Jett,Kasey,Anders,Timothy
Anders,Kelli,Irwin,Emmily,Anders,Alden
Anders,Kapil,Jett,Kasey,Anders,Timothy
Anders,Moriah,Irwin,Emmily,Anders,Alden
Stafford,Zachariah,Anders,Karli,Stafford,Josue
Anders,Casandra,Irwin,Emmily,Anders,Alden
Stafford,Julian,Anders,Karli,Stafford,Josue
Anders,Jadah,Irwin,Hilda,Anders,Efrain
Stafford,Shareef,Anders,Karli,Stafford,Josue
Anders,Violet,Irwin,Hilda,Anders,Efrain
Stafford,Brice,Anders,Karli,Stafford,Josue
Anders,Rebekah,Irwin,Hilda,Anders,Efrain
Stafford,Rodrigo,Anders,Karli,Stafford,Josue
Anders,Norma,Irwin,Hilda,Anders,Efrain
Stafford,Bill,Anders,Karli,Stafford,Josue
Anders,Lizbeth,Irwin,Hilda,Anders,Efrain
Stafford,Trenton,Anders,Karli,Stafford,Josue
Anders,Rayven,Irwin,Hilda,Anders,Efrain
Stafford,Ahmed,Anders,Karli,Stafford,Josue
Anders,Antoinette,Irwin,Hilda,Anders,Efrain
Stafford,Deleon,Anders,Karli,Stafford,Josue
Anders,Mckinzie,Irwin,Hilda,Anders,Efrain
Stafford,Tevin,Anders,Karli,Stafford,Josue
Anders,Toni,Irwin,Hilda,Anders,Efrain
Stafford,Carl,Anders,Ashlie,Stafford,Quentin
Anders,Isabelle,Irwin,Hilda,Anders,Efrain
Stafford,Bennie,Anders,Ashlie,Stafford,Quentin
Anders,Veda,Irwin,Hilda,Anders,Efrain
Stafford,Mathew,Anders,Ashlie,Stafford,Quentin
Anders,Shawna,Irwin,Kourtney,Anders,Mohamed
Stafford,Mike,Anders,Ashlie,Stafford,Quentin
Anders,Talia,Irwin,Kourtney,Anders,Mohamed
Stafford,Tyquan,Anders,Ashlie,Stafford,Quentin
Anders,Josephine,Irwin,Kourtney,Anders,Mohamed
Stafford,Jeffery,Anders,Ashlie,Stafford,Quentin
Anders,Kathryn,Irwin,Kourtney,Anders,Mohamed
Stafford,Savion,Anders,Ashlie,Stafford,Quentin
Anders,Candace,Irwin,Kourtney,Anders,Mohamed
Stafford,Landon,Anders,Ashlie,Stafford,Quentin
Anders,Eleni,Irwin,Kourtney,Anders,Mohamed
Stafford,Charles,Anders,Ashlie,Stafford,Quentin
Anders,Aaliyah,Irwin,Kourtney,Anders,Mohamed
Stafford,Michel,Anders,Ashlie,Stafford,Quentin
Anders,Jane,Irwin,Kourtney,Anders,Mohamed
Stafford,Ross,Anders,Ashlie,Stafford,Quentin
Anders,Kenya,Jett,Kasey,Anders,Timothy
Stafford,Kamau,Anders,Kiesha,Stafford,Chandler
Anders,Zaria,Jett,Kasey,Anders,Timothy
Stafford,Wilfredo,Anders,Kiesha,Stafford,Chandler
Anders,Bertha,Jett,Kasey,Anders,Timothy
Stafford,Marco,Anders,Kiesha,Stafford,Chandler
Stafford,Kenyetta,Anders,Karli,Stafford,Josue
Stafford,Demarco,Anders,Kiesha,Stafford,Chandler
Stafford,Carra,Anders,Karli,Stafford,Josue
Stafford,Dayton,Anders,Kiesha,Stafford,Chandler
Stafford,Shelly,Anders,Karli,Stafford,Josue
Stafford,Kristian,Anders,Kiesha,Stafford,Chandler
Stafford,Monica,Anders,Karli,Stafford,Josue
Stafford,Rigoberto,Anders,Kinsey,Stafford,Yash
Stafford,Cecelia,Anders,Karli,Stafford,Josue
Stafford,Kade,Anders,Kinsey,Stafford,Yash
Stafford,Maeghan,Anders,Karli,Stafford,Josue
Stafford,Rodney,Anders,Kinsey,Stafford,Yash
Stafford,Josephine,Anders,Karli,Stafford,Josue
Stafford,Delonta,Anders,Kinsey,Stafford,Yash
Stafford,Leana,Anders,Karli,Stafford,Josue
Stafford,Jasper,Anders,Kinsey,Stafford,Yash
Stafford,Kaylynn,Anders,Karli,Stafford,Josue
Stafford,Craig,Anders,Ravin,Stafford,Tysen
Stafford,Dania,Anders,Ashlie,Stafford,Quentin
Stafford,Devonte,Anders,Ravin,Stafford,Tysen
Stafford,Theresa,Anders,Ashlie,Stafford,Quentin
Irwin,Efren,Anders,Erika,Irwin,Juan
Stafford,Ramona,Anders,Ashlie,Stafford,Quentin
Irwin,Brody,Anders,Erika,Irwin,Juan
Stafford,Grecia,Anders,Ashlie,Stafford,Quentin
Irwin,Marques,Anders,Erika,Irwin,Juan
Stafford,Farrah,Anders,Ashlie,Stafford,Quentin
Irwin,Quintin,Anders,Erika,Irwin,Juan
Stafford,Sherry,Anders,Ashlie,Stafford,Quentin
Irwin,Lee,Anders,Erika,Irwin,Juan
Stafford,Elizabet,Anders,Ashlie,Stafford,Quentin
Irwin,Nico,Anders,Erika,Irwin,Juan
Stafford,Anamaria,Anders,Ashlie,Stafford,Quentin
Irwin,Triston,Anders,Erika,Irwin,Juan
Stafford,Tania,Anders,Ashlie,Stafford,Quentin
Irwin,Talon,Anders,Erika,Irwin,Juan
Stafford,Mollie,Anders,Kiesha,Stafford,Chandler
Irwin,Stephan,Anders,Erika,Irwin,Juan
Stafford,Savana,Anders,Kiesha,Stafford,Chandler
Irwin,Demonte,Anders,Erika,Irwin,Juan
Stafford,Makenna,Anders,Kiesha,Stafford,Chandler
Irwin,Gilberto,Anders,Maricarmen,Irwin,Luciano
Stafford,Mahogany,Anders,Kinsey,Stafford,Yash
Irwin,Ali,Anders,Daisy,Irwin,Jarrod
Stafford,Devon,Anders,Kinsey,Stafford,Yash
Irwin,Jaquan,Anders,Daisy,Irwin,Jarrod
Stafford,Hadley,Anders,Kinsey,Stafford,Yash
Irwin,Marshall,Anders,Daisy,Irwin,Jarrod
Stafford,Tatianna,Anders,Ravin,Stafford,Tysen
Anders,Christen,Valheim,Adrian,Cox,Drake,Boilermaker
Irwin,Javonte,Anders,Daisy,Irwin,Jarrod
Stafford,Hattie,Anders,Ravin,Stafford,Tysen
Irwin,Zane,Anders,Donisha,Irwin,Lance
Stafford,Jocelyn,Anders,Ravin,Stafford,Tysen
Irwin,Casey,Anders,Donisha,Irwin,Lance
Stafford,Janette,Anders,Ravin,Stafford,Tysen
Irwin,Killian,Anders,Donisha,Irwin,Lance
Stafford,Bailee,Anders,Ravin,Stafford,Tysen
Irwin,Edwin,Anders,Donisha,Irwin,Lance
Stafford,Allison,Anders,Ravin,Stafford,Tysen
Irwin,Elvin,Anders,Donisha,Irwin,Lance
Irwin,Kailey,Anders,Erika,Irwin,Juan
Irwin,Ernest,Anders,Donisha,Irwin,Lance
Irwin,Ashly,Anders,Erika,Irwin,Juan
Irwin,Dalton,Anders,Donisha,Irwin,Lance
Irwin,Anjelica,Anders,Erika,Irwin,Juan
Irwin,Anibal,Anders,Donisha,Irwin,Lance
Irwin,Deja,Anders,Erika,Irwin,Juan
Irwin,Davis,Jett,Aylin,Irwin,Jesus
Irwin,Kaira,Anders,Maricarmen,Irwin,Luciano
Irwin,Addison,Jett,Aylin,Irwin,Jesus
Irwin,Chelsie,Anders,Maricarmen,Irwin,Luciano
Irwin,Tyler,Jett,Aylin,Irwin,Jesus
Irwin,Keirra,Anders,Daisy,Irwin,Jarrod
Irwin,Allan,Jett,Aylin,Irwin,Jesus
Irwin,Jordan,Anders,Daisy,Irwin,Jarrod
Irwin,Lamont,Jett,Aylin,Irwin,Jesus
Irwin,Julie,Anders,Daisy,Irwin,Jarrod
Irwin,Mike,Jett,Aylin,Irwin,Jesus
Irwin,Emilie,Anders,Daisy,Irwin,Jarrod
Irwin,Kirk,Jett,Keirra,Irwin,Allen
Irwin,Sean,Anders,Donisha,Irwin,Lance
Irwin,Nickalus,Jett,Keirra,Irwin,Allen
Irwin,Tamara,Anders,Donisha,Irwin,Lance
Irwin,Fredrick,Jett,Keirra,Irwin,Allen
Irwin,Sidney,Anders,Donisha,Irwin,Lance
Irwin,Beau,Jett,Yaritza,Irwin,Jonathan
Irwin,Thalia,Anders,Donisha,Irwin,Lance
Irwin,Kameron,Jett,Yaritza,Irwin,Jonathan
Irwin,Shanique,Anders,Donisha,Irwin,Lance
Irwin,Mauricio,Jett,Yaritza,Irwin,Jonathan
Irwin,Paige,Jett,Aylin,Irwin,Jesus
Irwin,Earl,Jett,Yaritza,Irwin,Jonathan
Irwin,Krupa,Jett,Aylin,Irwin,Jesus
Irwin,Keenan,Jett,Yaritza,Irwin,Jonathan
Irwin,Tatyana,Jett,Aylin,Irwin,Jesus
Irwin,Donte,Jett,Yaritza,Irwin,Jonathan
Irwin,Shaniah,Jett,Aylin,Irwin,Jesus
Irwin,Phillip,Jett,Roxanne,Irwin,Lazaro
Irwin,Imelda,Jett,Aylin,Irwin,Jesus
Irwin,Sam,Jett,Roxanne,Irwin,Lazaro
Irwin,Suzette,Jett,Keirra,Irwin,Allen
Irwin,Jay,Jett,Roxanne,Irwin,Lazaro
Irwin,Lauryn,Jett,Keirra,Irwin,Allen
Irwin,Logan,Jett,Roxanne,Irwin,Lazaro
Irwin,Ayesha,Jett,Keirra,Irwin,Allen
Irwin,Mohammad,Jett,Roxanne,Irwin,Lazaro
Irwin,Teagan,Jett,Yaritza,Irwin,Jonathan
Irwin,Keith,Jett,Roxanne,Irwin,Lazaro
Irwin,Callie,Jett,Yaritza,Irwin,Jonathan
Irwin,Emerson,Jett,Roxanne,Irwin,Lazaro
Irwin,Nayeli,Jett,Yaritza,Irwin,Jonathan
Irwin,Barry,Jett,Roxanne,Irwin,Lazaro
Irwin,Amy,Jett,Yaritza,Irwin,Jonathan
Irwin,Albert,Jett,Jeanette,Irwin,Trent
Irwin,Emely,Jett,Yaritza,Irwin,Jonathan
Irwin,Cecil,Jett,Jeanette,Irwin,Trent
Irwin,Vianey,Jett,Yaritza,Irwin,Jonathan
Irwin,Cooper,Jett,Jeanette,Irwin,Trent
Irwin,Elena,Jett,Roxanne,Irwin,Lazaro
Irwin,Camron,Swanson,Abbigail,Irwin,Trey
Irwin,Amari,Jett,Roxanne,Irwin,Lazaro
Irwin,Marco,Swanson,Abbigail,Irwin,Trey
Irwin,Rhiannon,Jett,Roxanne,Irwin,Lazaro
Irwin,Shawn,Swanson,Abbigail,Irwin,Trey
Irwin,Stormy,Jett,Roxanne,Irwin,Lazaro
Irwin,Salvatore,Swanson,Abbigail,Irwin,Trey
Irwin,Deisy,Jett,Roxanne,Irwin,Lazaro
Irwin,Elliott,Swanson,Abbigail,Irwin,Trey
Irwin,Kyana,Jett,Roxanne,Irwin,Lazaro
Irwin,Jules,Swanson,Abbigail,Irwin,Trey
Irwin,Haven,Jett,Roxanne,Irwin,Lazaro
Irwin,Trenton,Swanson,Abbigail,Irwin,Trey
Irwin,Harmony,Jett,Roxanne,Irwin,Lazaro
Irwin,Mohammed,Swanson,Jacklyn,Irwin,Javon
Irwin,Carmen,Jett,Roxanne,Irwin,Lazaro
Irwin,Harley,Swanson,Jacklyn,Irwin,Javon
Irwin,Deanne,Jett,Roxanne,Irwin,Lazaro
Irwin,Rowan,Swanson,Jacklyn,Irwin,Javon
Irwin,Shuntara,Jett,Jeanette,Irwin,Trent
Irwin,Kolton,Swanson,Jacklyn,Irwin,Javon
Irwin,Shae,Jett,Jeanette,Irwin,Trent
Irwin,Craig,Swanson,Jacklyn,Irwin,Javon
Irwin,Celia,Jett,Jeanette,Irwin,Trent
Irwin,Carter,Swanson,Jacklyn,Irwin,Javon
Irwin,Luisa,Jett,Jeanette,Irwin,Trent
Irwin,Alonzo,Swanson,Molli,Irwin,Simeon
Irwin,Marysol,Jett,Jeanette,Irwin,Trent
Irwin,Shmuel,Swanson,Molli,Irwin,Simeon
Irwin,Alina,Swanson,Abbigail,Irwin,Trey
Irwin,Jerryd,Swanson,Molli,Irwin,Simeon
Irwin,Carlie,Swanson,Abbigail,Irwin,Trey
Irwin,Ernesto,Swanson,Molli,Irwin,Simeon
Irwin,Elijah,Swanson,Abbigail,Irwin,Trey
Irwin,Latrell,Swanson,Molli,Irwin,Simeon
Irwin,Kristi,Swanson,Abbigail,Irwin,Trey
Irwin,Roy,Swanson,Jeanna,Irwin,Olivier
Irwin,Keosha,Swanson,Abbigail,Irwin,Trey
Irwin,Gunner,Swanson,Jeanna,Irwin,Olivier
Irwin,Stephania,Swanson,Abbigail,Irwin,Trey
Irwin,Jeremy,Swanson,Jeanna,Irwin,Olivier
Irwin,Gerardo,Swanson,Abbigail,Irwin,Trey
Irwin,Chaz,Swanson,Jeanna,Irwin,Olivier
Irwin,Selina,Swanson,Abbigail,Irwin,Trey
Irwin,Jeff,Swanson,Jeanna,Irwin,Olivier
Irwin,Luna,Swanson,Jacklyn,Irwin,Javon
Irwin,Chandler,Swanson,Brooklyn,Irwin,Micheal
Irwin,Kelley,Swanson,Jacklyn,Irwin,Javon
Irwin,Estevan,Swanson,Brooklyn,Irwin,Micheal
Irwin,Carolina,Swanson,Jacklyn,Irwin,Javon
Irwin,Ivan,Swanson,Brooklyn,Irwin,Micheal
Irwin,Jaycee,Swanson,Jacklyn,Irwin,Javon
Irwin,Deante,Swanson,Brooklyn,Irwin,Micheal
Irwin,Ashtin,Swanson,Jacklyn,Irwin,Javon
Jett,Domenic,Swanson,Aleisha,Jett,Kirk
Irwin,Karen,Swanson,Jacklyn,Irwin,Javon
Jett,Felix,Swanson,Lisette,Jett,Alberto
Irwin,Kaylyn,Swanson,Molli,Irwin,Simeon
Jett,Kevon,Swanson,Lisette,Jett,Alberto
Irwin,Chaya,Swanson,Molli,Irwin,Simeon
Jett,Colin,Swanson,Lisette,Jett,Alberto
Irwin,Abbigail,Swanson,Molli,Irwin,Simeon
Jett,Jarod,Swanson,Lisette,Jett,Alberto
Irwin,Camille,Swanson,Jeanna,Irwin,Olivier
Jett,Easton,Swanson,Lisette,Jett,Alberto
Irwin,Lena,Swanson,Jeanna,Irwin,Olivier
Jett,Simeon,Swanson,Lisette,Jett,Alberto
Irwin,Doris,Swanson,Jeanna,Irwin,Olivier
Jett,Dexter,Swanson,Lisette,Jett,Alberto
Irwin,Nichole,Swanson,Jeanna,Irwin,Olivier
Jett,Andreas,Swanson,Lisette,Jett,Alberto
Irwin,Sylvia,Swanson,Jeanna,Irwin,Olivier
Jett,Shamar,Swanson,Lisette,Jett,Alberto
Irwin,Jacklyn,Swanson,Jeanna,Irwin,Olivier
Jett,Anfernee,Swanson,Claudia,Jett,Moises
Irwin,Keara,Swanson,Jeanna,Irwin,Olivier
Jett,Brady,Swanson,Claudia,Jett,Moises
Irwin,Baby,Swanson,Jeanna,Irwin,Olivier
Jett,Zackery,Swanson,Claudia,Jett,Moises
Irwin,Janae,Swanson,Brooklyn,Irwin,Micheal
Jett,Benjamen,Swanson,Claudia,Jett,Moises
Irwin,Maxine,Swanson,Brooklyn,Irwin,Micheal
Jett,Collin,Swanson,Christie,Jett,Michal
Irwin,Kendra,Swanson,Brooklyn,Irwin,Micheal
Jett,Victor,Swanson,Christie,Jett,Michal
Irwin,Skyler,Swanson,Brooklyn,Irwin,Micheal
Jett,Dyllon,Swanson,Kaitlin,Jett,Romello
Irwin,Kaili,Swanson,Brooklyn,Irwin,Micheal
Jett,Cristian,Swanson,Kaitlin,Jett,Romello
Irwin,Ashton,Swanson,Brooklyn,Irwin,Micheal
Jett,Stanley,Swanson,Kaitlin,Jett,Romello
Jett,Krysta,Swanson,Aleisha,Jett,Kirk
Jett,Jayson,Swanson,Kaitlin,Jett,Romello
Jett,Kaley,Swanson,Aleisha,Jett,Kirk
Jett,Chadwick,Swanson,Kaitlin,Jett,Romello
Jett,Meagan,Swanson,Aleisha,Jett,Kirk
Jett,Marcanthon,Swanson,Kaitlin,Jett,Romello
Jett,Jasmine,Swanson,Aleisha,Jett,Kirk
Jett,Domonic,Swanson,Kaitlin,Jett,Romello
Jett,Rosemary,Swanson,Lisette,Jett,Alberto
Jett,Conner,Swanson,Kaitlin,Jett,Romello
Jett,Kaytlyn,Swanson,Lisette,Jett,Alberto
Swanson,Max,Frump,Lily,Swanson,Osvaldo
Jett,Breeanna,Swanson,Lisette,Jett,Alberto
Swanson,Isaias,Frump,Lily,Swanson,Osvaldo
Jett,Kyndra,Swanson,Lisette,Jett,Alberto
Swanson,Trae,Frump,Lily,Swanson,Osvaldo
Jett,Alison,Swanson,Lisette,Jett,Alberto
Swanson,Richard,Frump,Lily,Swanson,Osvaldo
Jett,Taelor,Swanson,Lisette,Jett,Alberto
Swanson,Ismael,Frump,Lily,Swanson,Osvaldo
Jett,Amna,Swanson,Claudia,Jett,Moises
Swanson,Terrance,Frump,Lily,Swanson,Osvaldo
Jett,Noel,Swanson,Claudia,Jett,Moises
Swanson,Trace,Frump,Lily,Swanson,Osvaldo
Jett,Talia,Swanson,Claudia,Jett,Moises
Swanson,Emiliano,Frump,Lily,Swanson,Osvaldo
Jett,Cameron,Swanson,Claudia,Jett,Moises
Swanson,Montana,Frump,Lea,Swanson,Dominic
Jett,Brielle,Swanson,Claudia,Jett,Moises
Swanson,Shamar,Frump,Lea,Swanson,Dominic
Jett,Christie,Swanson,Claudia,Jett,Moises
Swanson,Salvador,Frump,Lea,Swanson,Dominic
Jett,Sarina,Swanson,Claudia,Jett,Moises
Swanson,Leonardo,Frump,Lea,Swanson,Dominic
Jett,Georgia,Swanson,Claudia,Jett,Moises
Swanson,Jarvis,Frump,Lea,Swanson,Dominic
Jett,Faith,Swanson,Claudia,Jett,Moises
Swanson,Alek,Frump,Lea,Swanson,Dominic
Jett,Zabrina,Swanson,Christie,Jett,Michal
Swanson,Denzell,Frump,Lea,Swanson,Dominic
Jett,Roslyn,Swanson,Christie,Jett,Michal
Swanson,Shayne,Frump,Lea,Swanson,Dominic
Jett,Rianna,Swanson,Christie,Jett,Michal
Swanson,Koby,Frump,Lea,Swanson,Dominic
Jett,Caitlyn,Swanson,Christie,Jett,Michal
Swanson,Brian,Frump,Lea,Swanson,Dominic
Jett,Elijah,Swanson,Christie,Jett,Michal
Swanson,Brendan,Frump,Lea,Swanson,Dominic
Jett,Maxine,Swanson,Kaitlin,Jett,Romello
Swanson,Thomas,Frump,Lea,Swanson,Dominic
Jett,Carmelita,Swanson,Kaitlin,Jett,Romello
Swanson,Mauricio,Frump,Shelly,Swanson,Jorge
Jett,Kendra,Swanson,Kaitlin,Jett,Romello
Swanson,Felix,Frump,Shelly,Swanson,Jorge
Jett,Ciara,Swanson,Kaitlin,Jett,Romello
Swanson,Fredrick,Frump,Shelly,Swanson,Jorge
Swanson,Abbie,Frump,Lily,Swanson,Osvaldo
Swanson,Branden,Frump,Shelly,Swanson,Jorge
Swanson,Cheyann,Frump,Lily,Swanson,Osvaldo
Swanson,Tucker,Frump,Mollie,Swanson,Chance
Swanson,Allison,Frump,Lily,Swanson,Osvaldo
Swanson,Jonah,Frump,Mollie,Swanson,Chance
Swanson,Isabel,Frump,Lily,Swanson,Osvaldo
Swanson,Jade,Frump,Mollie,Swanson,Chance
Swanson,Sandra,Frump,Lily,Swanson,Osvaldo
Swanson,Miles,Frump,Mollie,Swanson,Chance
Swanson,Antoinette,Frump,Lily,Swanson,Osvaldo
Swanson,Keaton,Frump,Mollie,Swanson,Chance
Swanson,Melisa,Frump,Lily,Swanson,Osvaldo
Swanson,Mckay,Frump,Mollie,Swanson,Chance
Swanson,Ashli,Frump,Lily,Swanson,Osvaldo
Swanson,Ahmed,Frump,Mollie,Swanson,Chance
Swanson,Raquel,Frump,Lea,Swanson,Dominic
Swanson,Robert,Frump,Mollie,Swanson,Chance
Swanson,Hailee,Frump,Lea,Swanson,Dominic
Swanson,Jairo,Frump,Mollie,Swanson,Chance
Swanson,Xena,Frump,Lea,Swanson,Dominic
Swanson,Houston,Frump,Dayna,Swanson,Darnell
Swanson,Quinn,Frump,Lea,Swanson,Dominic
Swanson,Earl,Frump,Dayna,Swanson,Darnell
Swanson,Brittani,Frump,Lea,Swanson,Dominic
Swanson,Bryant,Frump,Dayna,Swanson,Darnell
Swanson,Daniela,Frump,Shelly,Swanson,Jorge
Swanson,Tristian,Scobee,Kassandra,Swanson,Casey
Swanson,Alena,Frump,Shelly,Swanson,Jorge
Swanson,Pablo,Scobee,Kassandra,Swanson,Casey
Swanson,Dajanae,Frump,Shelly,Swanson,Jorge
Swanson,Jaylon,Scobee,Jacklyn,Swanson,Randy
Swanson,Grace,Frump,Shelly,Swanson,Jorge
Swanson,Kristopher,Scobee,Jacklyn,Swanson,Randy
Swanson,Athena,Frump,Shelly,Swanson,Jorge
Swanson,Anibal,Scobee,Jacklyn,Swanson,Randy
Swanson,Kali,Frump,Shelly,Swanson,Jorge
Swanson,Calib,Scobee,Jacklyn,Swanson,Randy
Swanson,Marlene,Frump,Shelly,Swanson,Jorge
Swanson,Dennis,Scobee,Jacklyn,Swanson,Randy
Swanson,Presley,Frump,Mollie,Swanson,Chance
Swanson,Jake,Scobee,Jacklyn,Swanson,Randy
Swanson,Valencia,Frump,Mollie,Swanson,Chance
Swanson,Arturo,Scobee,Jacklyn,Swanson,Randy
Swanson,Yasmin,Frump,Mollie,Swanson,Chance
Swanson,Joseph,Scobee,Jacklyn,Swanson,Randy
Swanson,Kristyn,Frump,Mollie,Swanson,Chance
Frump,Eduardo,Swanson,Meredith,Frump,Gregory
Swanson,Justine,Frump,Mollie,Swanson,Chance
Frump,Camden,Swanson,Meredith,Frump,Gregory
Swanson,Zoe,Frump,Mollie,Swanson,Chance
Frump,Zev,Swanson,Suzanna,Frump,Brenden
Swanson,Shannon,Frump,Mollie,Swanson,Chance
Frump,Jamar,Swanson,Suzanna,Frump,Brenden
Swanson,Camille,Frump,Mollie,Swanson,Chance
Frump,Colbey,Swanson,Suzanna,Frump,Brenden
Swanson,Valerie,Frump,Mollie,Swanson,Chance
Frump,Jai,Swanson,Suzanna,Frump,Brenden
Swanson,Diana,Frump,Mollie,Swanson,Chance
Frump,Kylan,Swanson,Suzanna,Frump,Brenden
Swanson,Haleigh,Frump,Mollie,Swanson,Chance
Frump,Trenton,Swanson,Suzanna,Frump,Brenden
Swanson,Caroline,Frump,Dayna,Swanson,Darnell
Frump,Jeremey,Swanson,Suzanna,Frump,Brenden
Swanson,Baby,Frump,Dayna,Swanson,Darnell
Frump,Noe,Swanson,Suzanna,Frump,Brenden
Swanson,Hadley,Scobee,Kassandra,Swanson,Casey
Frump,Norman,Swanson,Suzanna,Frump,Brenden
Swanson,Michal,Scobee,Jacklyn,Swanson,Randy
Frump,Kurt,Swanson,Suzanna,Frump,Brenden
Swanson,Jessie,Scobee,Jacklyn,Swanson,Randy
Frump,Maximilian,Swanson,Suzanna,Frump,Brenden
Swanson,Nallely,Scobee,Jacklyn,Swanson,Randy
Frump,Jaime,Swanson,Deandrea,Frump,Jaleel
Swanson,Kylie,Scobee,Jacklyn,Swanson,Randy
Frump,Devonte,Swanson,Deandrea,Frump,Jaleel
Swanson,Sadie,Scobee,Jacklyn,Swanson,Randy
Frump,Darnell,Swanson,Deandrea,Frump,Jaleel
Swanson,Ciara,Scobee,Jacklyn,Swanson,Randy
Frump,Troy,Swanson,Deandrea,Frump,Jaleel
Swanson,Symphony,Scobee,Jacklyn,Swanson,Randy
Frump,Luciano,Scobee,Vivien,Frump,Valentin
Swanson,Kelsy,Scobee,Jacklyn,Swanson,Randy
Frump,Daxton,Scobee,Vivien,Frump,Valentin
Swanson,Bernadette,Scobee,Jacklyn,Swanson,Randy
Frump,Jonah,Scobee,Vivien,Frump,Valentin
Swanson,Nina,Scobee,Jacklyn,Swanson,Randy
Frump,Josue,Scobee,Vivien,Frump,Valentin
Swanson,Gladys,Scobee,Jacklyn,Swanson,Randy
Frump,Devan,Scobee,Vivien,Frump,Valentin
Swanson,Kristian,Scobee,Jacklyn,Swanson,Randy
Frump,Korey,Scobee,Vivien,Frump,Valentin
Frump,Destiana,Swanson,Meredith,Frump,Gregory
Frump,Dyllon,Scobee,Alejandra,Frump,Jessee
Frump,Clair,Swanson,Suzanna,Frump,Brenden
Frump,Cecil,Scobee,Alejandra,Frump,Jessee
Frump,Myesha,Swanson,Suzanna,Frump,Brenden
Frump,Melvin,Scobee,Alejandra,Frump,Jessee
Frump,Libby,Swanson,Suzanna,Frump,Brenden
Frump,Nour,Scobee,Alejandra,Frump,Jessee
Frump,Arlene,Swanson,Suzanna,Frump,Brenden
Frump,Truman,Scobee,Kelsee,Frump,Eugene
Frump,Brittney,Swanson,Suzanna,Frump,Brenden
Frump,Raheem,Scobee,Kelsee,Frump,Eugene
Frump,Cali,Swanson,Suzanna,Frump,Brenden
Frump,Jerry,Scobee,Kelsee,Frump,Eugene
Frump,Moesha,Swanson,Suzanna,Frump,Brenden
Frump,Ricardo,Scobee,Kelsee,Frump,Eugene
Frump,Justina,Swanson,Suzanna,Frump,Brenden
Frump,Julian,Scobee,Kelsee,Frump,Eugene
Frump,Cecelia,Swanson,Suzanna,Frump,Brenden
Frump,Freeman,Scobee,Caitlin,Frump,Angelo
Frump,Michal,Swanson,Deandrea,Frump,Jaleel
Frump,Brogan,Scobee,Caitlin,Frump,Angelo
Frump,Chanelle,Swanson,Deandrea,Frump,Jaleel
Frump,Arian,Scobee,Caitlin,Frump,Angelo
Frump,Jabria,Swanson,Deandrea,Frump,Jaleel
Frump,Shane,Scobee,Caitlin,Frump,Angelo
Frump,Karli,Swanson,Deandrea,Frump,Jaleel
Frump,Carl,Scobee,Caitlin,Frump,Angelo
Frump,Brittany,Swanson,Deandrea,Frump,Jaleel
Frump,Jean,Scobee,Caitlin,Frump,Angelo
Frump,Abigail,Scobee,Vivien,Frump,Valentin
Frump,Deonte,Scobee,Caitlin,Frump,Angelo
Frump,Ivana,Scobee,Vivien,Frump,Valentin
Frump,Kevon,Michel,Clair,Frump,Deleon
Frump,Priscilla,Scobee,Vivien,Frump,Valentin
Frump,Elijah,Michel,Clair,Frump,Deleon
Frump,Zahra,Scobee,Vivien,Frump,Valentin
Frump,Glenn,Michel,Clair,Frump,Deleon
Frump,Mckayla,Scobee,Vivien,Frump,Valentin
Frump,Stewart,Michel,Clair,Frump,Deleon
Frump,Milena,Scobee,Vivien,Frump,Valentin
Frump,Tracy,Michel,Clair,Frump,Deleon
Frump,Nicolle,Scobee,Kelsee,Frump,Eugene
Frump,Luis,Michel,Clair,Frump,Deleon
Frump,Audra,Scobee,Kelsee,Frump,Eugene
Frump,Ashton,Michel,Jenna,Frump,Santana
Frump,Nichole,Scobee,Kelsee,Frump,Eugene
Frump,Lamar,Michel,Jenna,Frump,Santana
Frump,Tyeisha,Scobee,Caitlin,Frump,Angelo
Frump,Johnny,Michel,Jenna,Frump,Santana
Frump,Katharine,Scobee,Caitlin,Frump,Angelo
Frump,Romeo,Michel,Odalys,Frump,Denzel
Frump,Ariana,Scobee,Caitlin,Frump,Angelo
Frump,Raul,Michel,Odalys,Frump,Denzel
Frump,Zulema,Scobee,Caitlin,Frump,Angelo
Frump,Marquise,Michel,Odalys,Frump,Denzel
Frump,Erika,Scobee,Caitlin,Frump,Angelo
Frump,Collin,Michel,Odalys,Frump,Denzel
Frump,Annie,Scobee,Caitlin,Frump,Angelo
Frump,Hakeem,Michel,Odalys,Frump,Denzel
Frump,Isabelle,Scobee,Caitlin,Frump,Angelo
Frump,Miles,Michel,Odalys,Frump,Denzel
Frump,Kelsi,Scobee,Caitlin,Frump,Angelo
Frump,Jeff,Michel,Amber,Frump,Braden
Frump,Jayla,Scobee,Caitlin,Frump,Angelo
Frump,Damian,Michel,Amber,Frump,Braden
Frump,Hayley,Scobee,Caitlin,Frump,Angelo
Frump,Brodie,Michel,Amber,Frump,Braden
Frump,Karena,Scobee,Caitlin,Frump,Angelo
Frump,Chris,Michel,Amber,Frump,Braden
Frump,Aishah,Scobee,Caitlin,Frump,Angelo
Frump,Jared,Michel,Amber,Frump,Braden
Frump,Bryn,Scobee,Caitlin,Frump,Angelo
Frump,Nolan,Michel,Amber,Frump,Braden
Frump,Barbara,Michel,Clair,Frump,Deleon
Frump,Menachem,Michel,Amber,Frump,Braden
Frump,Tiffani,Michel,Clair,Frump,Deleon
Frump,Jordin,Michel,Amber,Frump,Braden
Frump,Mireya,Michel,Clair,Frump,Deleon
Scobee,Jacques,Michel,Cecilia,Scobee,Gary
Frump,Tyler,Michel,Clair,Frump,Deleon
Scobee,Anthony,Michel,Cecilia,Scobee,Gary
Frump,Frances,Michel,Jenna,Frump,Santana
Scobee,Jason,Michel,Cecilia,Scobee,Gary
Frump,Aimee,Michel,Jenna,Frump,Santana
Scobee,Arthur,Michel,Cecilia,Scobee,Gary
Frump,Viridiana,Michel,Jenna,Frump,Santana
Scobee,Omar,Michel,Cecilia,Scobee,Gary
Frump,Delanie,Michel,Jenna,Frump,Santana
Scobee,Marques,Michel,Cecilia,Scobee,Gary
Frump,Kiera,Michel,Jenna,Frump,Santana
Scobee,Lauren,Michel,Cecilia,Scobee,Gary
Frump,Jayme,Michel,Jenna,Frump,Santana
Scobee,Terrell,Michel,Cecilia,Scobee,Gary
Frump,Shiann,Michel,Odalys,Frump,Denzel
Scobee,Chaim,Michel,Francisca,Scobee,Quinton
Frump,Lyric,Michel,Odalys,Frump,Denzel
Scobee,Dominic,Michel,Francisca,Scobee,Quinton
Frump,Chelsea,Michel,Odalys,Frump,Denzel
Scobee,Nathaniel,Michel,Francisca,Scobee,Quinton
Frump,Dina,Michel,Odalys,Frump,Denzel
Scobee,Corbin,Michel,Francisca,Scobee,Quinton
Frump,Alycia,Michel,Amber,Frump,Braden
Scobee,Colt,Michel,Stacey,Scobee,Moses
Frump,Halee,Michel,Amber,Frump,Braden
Scobee,Bronson,Michel,Stacey,Scobee,Moses
Frump,Britni,Michel,Amber,Frump,Braden
Scobee,Abel,Michel,Stacey,Scobee,Moses
Frump,Chase,Michel,Amber,Frump,Braden
Scobee,Kirk,Michel,Stacey,Scobee,Moses
Frump,Yvette,Michel,Amber,Frump,Braden
Scobee,Gonzalo,Michel,Stacey,Scobee,Moses
Frump,Jaylynn,Michel,Amber,Frump,Braden
Scobee,Raphael,Michel,Stacey,Scobee,Moses
Frump,Wendy,Michel,Amber,Frump,Braden
Scobee,Eduardo,Michel,Stacey,Scobee,Moses
Frump,Annika,Michel,Amber,Frump,Braden
Scobee,Shayne,Michel,Stacey,Scobee,Moses
Frump,Gloria,Michel,Amber,Frump,Braden
Scobee,Khalil,Michel,Stacey,Scobee,Moses
Scobee,Shaina,Michel,Cecilia,Scobee,Gary
Scobee,Darrion,Michel,Stacey,Scobee,Moses
Scobee,Aubrey,Michel,Cecilia,Scobee,Gary
Scobee,Freeman,Michel,Stacey,Scobee,Moses
Scobee,Ashlyn,Michel,Cecilia,Scobee,Gary
Michel,Bjorn,Swanson,Alisha,Michel,Callum
Scobee,Heavenly,Michel,Cecilia,Scobee,Gary
Michel,Marcello,Swanson,Alisha,Michel,Callum
Scobee,Adriana,Michel,Cecilia,Scobee,Gary
Michel,Trevon,Swanson,Alisha,Michel,Callum
Scobee,Andrea,Michel,Cecilia,Scobee,Gary
Michel,Rodrigo,Swanson,Alisha,Michel,Callum
Scobee,Alma,Michel,Cecilia,Scobee,Gary
Michel,Anders,Swanson,Alisha,Michel,Callum
Scobee,Colette,Michel,Cecilia,Scobee,Gary
Michel,Marcanthon,Swanson,Alisha,Michel,Callum
Scobee,Lucia,Michel,Cecilia,Scobee,Gary
Michel,Wanya,Swanson,Breann,Michel,Ernest
Scobee,Sarafina,Michel,Cecilia,Scobee,Gary
Michel,Javonte,Swanson,Breann,Michel,Ernest
Scobee,Tiffani,Michel,Cecilia,Scobee,Gary
Michel,Austyn,Swanson,Breann,Michel,Ernest
Scobee,Kallee,Michel,Cecilia,Scobee,Gary
Michel,Moshe,Swanson,Breann,Michel,Ernest
Scobee,Cindy,Michel,Francisca,Scobee,Quinton
Michel,Addison,Swanson,Tristin,Michel,Tyran
Scobee,Kirsten,Michel,Francisca,Scobee,Quinton
Michel,Emmanuel,Swanson,Tristin,Michel,Tyran
Scobee,Marlee,Michel,Francisca,Scobee,Quinton
Michel,Adalberto,Swanson,Tristin,Michel,Tyran
Scobee,Queen,Michel,Francisca,Scobee,Quinton
Michel,Zakery,Swanson,Tristin,Michel,Tyran
Scobee,Ashlynn,Michel,Francisca,Scobee,Quinton
Michel,Brogan,Truly,Shayla,Michel,Brian
Scobee,Kinsey,Michel,Francisca,Scobee,Quinton
Michel,Alexandro,Truly,Shayla,Michel,Brian
Scobee,Janice,Michel,Francisca,Scobee,Quinton
Michel,Christophe,Truly,Shayla,Michel,Brian
Scobee,Alesha,Michel,Stacey,Scobee,Moses
Michel,Marcos,Truly,Shayla,Michel,Brian
Scobee,Esperanza,Michel,Stacey,Scobee,Moses
Michel,Devin,Truly,Shayla,Michel,Brian
Scobee,Rian,Michel,Stacey,Scobee,Moses
Michel,Blake,Truly,Saige,Michel,Kirk
Scobee,Maeghan,Michel,Stacey,Scobee,Moses
Michel,Davin,Truly,Saige,Michel,Kirk
Scobee,Mariam,Michel,Stacey,Scobee,Moses
Michel,Jesus,Truly,Saige,Michel,Kirk
Scobee,Lindsey,Michel,Kamri,Scobee,Adalberto
Michel,Samuel,Truly,Erika,Michel,Britt
Scobee,Georgia,Michel,Kamri,Scobee,Adalberto
Michel,Tom,Truly,Erika,Michel,Britt
Scobee,Candy,Michel,Kamri,Scobee,Adalberto
Michel,Bruce,Truly,Erika,Michel,Britt
Scobee,Malika,Michel,Kamri,Scobee,Adalberto
Michel,Jaylen,Truly,Erika,Michel,Britt
Scobee,Sania,Michel,Kamri,Scobee,Adalberto
Michel,Felix,Truly,Erika,Michel,Britt
Michel,Cortney,Swanson,Alisha,Michel,Callum
Michel,Kyler,Truly,Erika,Michel,Britt
Michel,Harley,Swanson,Alisha,Michel,Callum
Michel,Travon,Truly,Erika,Michel,Britt
Michel,Jillian,Swanson,Alisha,Michel,Callum
Michel,Van,Truly,Erika,Michel,Britt
Michel,Allyson,Swanson,Alisha,Michel,Callum
Michel,Harry,Truly,Erika,Michel,Britt
Michel,Camelia,Swanson,Alisha,Michel,Callum
Michel,Tylar,Truly,Erika,Michel,Britt
Michel,Ixchel,Swanson,Alisha,Michel,Callum
Michel,Marc,Truly,Erika,Michel,Britt
Michel,Adrianna,Swanson,Alisha,Michel,Callum
Michel,Romello,Truly,Erika,Michel,Britt
Michel,Janelle,Swanson,Breann,Michel,Ernest
Michel,Kody,Truly,Erika,Michel,Britt
Michel,Maricela,Swanson,Breann,Michel,Ernest
Michel,Mohammed,Truly,Erika,Michel,Britt
Michel,Katrina,Swanson,Breann,Michel,Ernest
Michel,Ryland,Truly,Erika,Michel,Britt
Michel,Jackie,Swanson,Breann,Michel,Ernest
Michel,Zackary,Truly,Erika,Michel,Britt
Michel,Pamela,Swanson,Tristin,Michel,Tyran
Michel,Trenton,Truly,Erika,Michel,Britt
Michel,Keara,Swanson,Tristin,Michel,Tyran
Michel,Logan,Truly,Erika,Michel,Britt
Michel,Anissa,Swanson,Tristin,Michel,Tyran
Michel,Rakeem,Truly,Erika,Michel,Britt
Michel,Kenya,Swanson,Tristin,Michel,Tyran
Michel,Luke,Truly,Eryn,Michel,Wayne
Michel,Jayme,Swanson,Tristin,Michel,Tyran
Michel,Kevin,Truly,Eryn,Michel,Wayne
Michel,Camille,Truly,Shayla,Michel,Brian
Michel,Amari,Truly,Eryn,Michel,Wayne
Michel,Jaycie,Truly,Shayla,Michel,Brian
Michel,Gerard,Truly,Eryn,Michel,Wayne
Michel,Nell,Truly,Shayla,Michel,Brian
Michel,Edgardo,Truly,Eryn,Michel,Wayne
Michel,Lesli,Truly,Saige,Michel,Kirk
Michel,Freddy,Truly,Cristal,Michel,Tanner
Michel,Kayli,Truly,Saige,Michel,Kirk
Michel,Deanthony,Truly,Cristal,Michel,Tanner
Michel,Monica,Truly,Saige,Michel,Kirk
