Lenoir,Roger,Still,Estrella,Camarda,Julian,Boilermaker
Lenoir,August,Still,Estrella,Lenoir,Roger
Fillmore,Tammy,Cox,Mariela,Fillmore,Brenton
Camarda,Justin,Morin,Ashlynn,Camarda,Julian
Casper,Mary,Eisele,Abbey,Casper,Mike
Greene,Justyn,Swanson,Hana,Greene,Shaun
Phillips,Paloma,Wheelock,Ciarra,Phillips,Dane
Stafford,Trey,Musgrave,Klee,Stafford,Terron
Chapman,London,Grinch,Alisha,Chapman,Leonard
Taft,Corbin,Herrington,Justice,Taft,Terry
Anderson,Kianna,Caldeiro,Marianne,Anderson,Wylie
Kennedy,Denver,Freeman,Aubree,Kennedy,Brendan
Meade,Isis,Pierce,Ellen,Meade,Conor
Edwards,Nestor,Brand,Melissa,Edwards,Wylie
Monroe,Alexi,McDivitt,Kaylee,Monroe,Cristian
Lovell,Conor,Blaha,Stella,Lovell,Javonte
Bassett,Isabel,Fullerton,Cailin,Bassett,Clifford
Arthur,Charlie,Blaha,Clarissa,Arthur,Fabian
Lu,Yolanda,Bobko,Queen,Lu,Al
Lenoir,Valentine,Fillmore,Tammy,Lenoir,August
Deckard,Dajah,McCandless,Marisa,Deckard,Rogelio
Lenoir,Dedrick,Fillmore,Tammy,Lenoir,August
Engle,Lisette,Chamitoff,Mindi,Engle,Eric
Lenoir,Donte,Fillmore,Tammy,Lenoir,August
Bean,Jazmon,Worden,Aidan,Bean,Jan
Lenoir,Dennis,Fillmore,Tammy,Lenoir,August
Lopez,Michaela,Shaw,Dorian,Lopez,Mitchel
Lenoir,Marco,Fillmore,Tammy,Lenoir,August
McNair,Lenora,Hart,Kristen,McNair,Ashton
Lenoir,Forest,Fillmore,Tammy,Lenoir,August
Parazynski,Nallely,Wetherbee,Ciara,Parazynski,Shamar
Lenoir,Tevin,Fillmore,Tammy,Lenoir,August
Greene,Kealani,Massimino,Daniella,Greene,Rory
Lenoir,Keegan,Fillmore,Tammy,Lenoir,August
Young,Cali,Thagard,Trevor,Young,Savion
Lenoir,Brennan,Fillmore,Tammy,Lenoir,August
Franklin,Karishma,Carter,Suzette,Franklin,Jeremiah
Lenoir,Daylon,Fillmore,Tammy,Lenoir,August
Brown,Sydney,Jefferson,Anissa,Brown,Ashton
Lenoir,Jovonte,Fillmore,Tammy,Lenoir,August
O'Leary,Sariah,Thornton,Kimberly,O'Leary,Braden
Lenoir,Brody,Fillmore,Tammy,Lenoir,August
Cagle,Lesly,Monroe,Lorena,Cagle,Ricardo
Greene,Raequan,Phillips,Paloma,Greene,Justyn
Lenoir,Mckenna,Fillmore,Tammy,Lenoir,August
Greene,Zev,Phillips,Paloma,Greene,Justyn
Lenoir,Sonya,Fillmore,Tammy,Lenoir,August
Greene,Robert,Phillips,Paloma,Greene,Justyn
Lenoir,Jaclyn,Fillmore,Tammy,Lenoir,August
Stafford,Aidan,Chapman,London,Stafford,Trey
Lenoir,Cheyenne,Fillmore,Tammy,Lenoir,August
Stafford,Shayne,Chapman,London,Stafford,Trey
Lenoir,Elaina,Fillmore,Tammy,Lenoir,August
Stafford,Deshawn,Chapman,London,Stafford,Trey
Lenoir,Debbie,Fillmore,Tammy,Lenoir,August
Stafford,Abel,Chapman,London,Stafford,Trey
Lenoir,Deisy,Fillmore,Tammy,Lenoir,August
Stafford,Roman,Chapman,London,Stafford,Trey
Camarda,Anika,Casper,Mary,Camarda,Justin
Stafford,Mohammed,Chapman,London,Stafford,Trey
Camarda,Jade,Casper,Mary,Camarda,Justin
Stafford,Hugo,Chapman,London,Stafford,Trey
Camarda,Aylin,Casper,Mary,Camarda,Justin
Stafford,Jamison,Chapman,London,Stafford,Trey
Camarda,Roxana,Casper,Mary,Camarda,Justin
Stafford,Arthur,Chapman,London,Stafford,Trey
Camarda,Nicole,Casper,Mary,Camarda,Justin
Stafford,Tevin,Chapman,London,Stafford,Trey
Camarda,Adrienne,Casper,Mary,Camarda,Justin
Taft,Antonio,Anderson,Kianna,Taft,Corbin
Greene,Shania,Phillips,Paloma,Greene,Justyn
Taft,Emmanuel,Anderson,Kianna,Taft,Corbin
Greene,Diamond,Phillips,Paloma,Greene,Justyn
Taft,Alonso,Anderson,Kianna,Taft,Corbin
Greene,Jadah,Phillips,Paloma,Greene,Justyn
Taft,Payton,Anderson,Kianna,Taft,Corbin
Greene,Miriam,Phillips,Paloma,Greene,Justyn
Taft,Rayvon,Anderson,Kianna,Taft,Corbin
Greene,Latasha,Phillips,Paloma,Greene,Justyn
Taft,Diego,Anderson,Kianna,Taft,Corbin
Greene,Constance,Phillips,Paloma,Greene,Justyn
Kennedy,Cecil,Meade,Isis,Kennedy,Denver
Greene,Chyanne,Phillips,Paloma,Greene,Justyn
Edwards,Arjun,Monroe,Alexi,Edwards,Nestor
Greene,Destiana,Phillips,Paloma,Greene,Justyn
Edwards,Warren,Monroe,Alexi,Edwards,Nestor
Greene,Mikala,Phillips,Paloma,Greene,Justyn
Edwards,Babyboy,Monroe,Alexi,Edwards,Nestor
Stafford,Katrina,Chapman,London,Stafford,Trey
Edwards,Felix,Monroe,Alexi,Edwards,Nestor
Stafford,Maison,Chapman,London,Stafford,Trey
Edwards,Tyson,Monroe,Alexi,Edwards,Nestor
Stafford,Alysa,Chapman,London,Stafford,Trey
Edwards,Javier,Monroe,Alexi,Edwards,Nestor
Stafford,Deandrea,Chapman,London,Stafford,Trey
Lovell,Thomas,Bassett,Isabel,Lovell,Conor
Stafford,Kaytlin,Chapman,London,Stafford,Trey
Lovell,Tallon,Bassett,Isabel,Lovell,Conor
Stafford,Francesca,Chapman,London,Stafford,Trey
Lovell,Jameson,Bassett,Isabel,Lovell,Conor
Stafford,Camila,Chapman,London,Stafford,Trey
Lovell,Cory,Bassett,Isabel,Lovell,Conor
Stafford,Katerina,Chapman,London,Stafford,Trey
Lovell,Jamari,Bassett,Isabel,Lovell,Conor
Taft,Stacey,Anderson,Kianna,Taft,Corbin
Lovell,Mario,Bassett,Isabel,Lovell,Conor
Taft,Carli,Anderson,Kianna,Taft,Corbin
Lovell,Jacques,Bassett,Isabel,Lovell,Conor
Taft,Nell,Anderson,Kianna,Taft,Corbin
Lovell,Efrain,Bassett,Isabel,Lovell,Conor
Taft,Paola,Anderson,Kianna,Taft,Corbin
Lovell,Richie,Bassett,Isabel,Lovell,Conor
Taft,Aerial,Anderson,Kianna,Taft,Corbin
Lovell,Reece,Bassett,Isabel,Lovell,Conor
Taft,Estefany,Anderson,Kianna,Taft,Corbin
Arthur,Bjorn,Lu,Yolanda,Arthur,Charlie
Taft,Shiloh,Anderson,Kianna,Taft,Corbin
Arthur,Benito,Lu,Yolanda,Arthur,Charlie
Taft,Skylar,Anderson,Kianna,Taft,Corbin
Lenoir,Jamison,Deckard,Dajah,Lenoir,Valentine
Taft,Ramona,Anderson,Kianna,Taft,Corbin
Lenoir,Devon,Deckard,Dajah,Lenoir,Valentine
Taft,Allison,Anderson,Kianna,Taft,Corbin
Lenoir,Mitchel,Deckard,Dajah,Lenoir,Valentine
Taft,Viridiana,Anderson,Kianna,Taft,Corbin
Lenoir,Santana,Deckard,Dajah,Lenoir,Valentine
Taft,Marina,Anderson,Kianna,Taft,Corbin
Lenoir,Kayle,Deckard,Dajah,Lenoir,Valentine
Taft,Thalia,Anderson,Kianna,Taft,Corbin
Lenoir,Jeff,Engle,Lisette,Lenoir,Dedrick
Kennedy,Gabriel,Meade,Isis,Kennedy,Denver
Lenoir,Cristobal,Engle,Lisette,Lenoir,Dedrick
Kennedy,Shoshana,Meade,Isis,Kennedy,Denver
Lenoir,Braden,Engle,Lisette,Lenoir,Dedrick
Edwards,Alexandrea,Monroe,Alexi,Edwards,Nestor
Lenoir,Landen,Engle,Lisette,Lenoir,Dedrick
Edwards,Susanna,Monroe,Alexi,Edwards,Nestor
Lenoir,Cullen,Bean,Jazmon,Lenoir,Donte
Edwards,Zahra,Monroe,Alexi,Edwards,Nestor
Lenoir,Robert,Bean,Jazmon,Lenoir,Donte
Edwards,Kelli,Monroe,Alexi,Edwards,Nestor
Lenoir,Tyreek,Bean,Jazmon,Lenoir,Donte
Edwards,Lacey,Monroe,Alexi,Edwards,Nestor
Lenoir,Romello,Bean,Jazmon,Lenoir,Donte
Edwards,Molli,Monroe,Alexi,Edwards,Nestor
Lenoir,Lamont,Bean,Jazmon,Lenoir,Donte
Edwards,Alysa,Monroe,Alexi,Edwards,Nestor
Lenoir,Alonzo,Bean,Jazmon,Lenoir,Donte
Edwards,Kira,Monroe,Alexi,Edwards,Nestor
Lenoir,Enrique,Bean,Jazmon,Lenoir,Donte
Edwards,Rikki,Monroe,Alexi,Edwards,Nestor
Lenoir,Kareem,Bean,Jazmon,Lenoir,Donte
Lovell,Cynthia,Bassett,Isabel,Lovell,Conor
Lenoir,Edgardo,Lopez,Michaela,Lenoir,Dennis
Lovell,Lena,Bassett,Isabel,Lovell,Conor
Lenoir,Jairo,Lopez,Michaela,Lenoir,Dennis
Lovell,Zoe,Bassett,Isabel,Lovell,Conor
Lenoir,Deion,Lopez,Michaela,Lenoir,Dennis
Lovell,Aimee,Bassett,Isabel,Lovell,Conor
Lenoir,Darrin,Lopez,Michaela,Lenoir,Dennis
Lovell,Kinsey,Bassett,Isabel,Lovell,Conor
Lenoir,Zackary,Lopez,Michaela,Lenoir,Dennis
Arthur,Astrid,Lu,Yolanda,Arthur,Charlie
Lenoir,Elijah,Lopez,Michaela,Lenoir,Dennis
Arthur,Gloria,Lu,Yolanda,Arthur,Charlie
Lenoir,Devan,McNair,Lenora,Lenoir,Marco
Lenoir,Destany,Deckard,Dajah,Lenoir,Valentine
Lenoir,Antoine,McNair,Lenora,Lenoir,Marco
Lenoir,Emmalee,Deckard,Dajah,Lenoir,Valentine
Lenoir,Demetrius,McNair,Lenora,Lenoir,Marco
Lenoir,Ayla,Deckard,Dajah,Lenoir,Valentine
Lenoir,Myron,McNair,Lenora,Lenoir,Marco
Lenoir,Yasmeen,Deckard,Dajah,Lenoir,Valentine
Lenoir,Rand,McNair,Lenora,Lenoir,Marco
Lenoir,Ashlee,Deckard,Dajah,Lenoir,Valentine
Lenoir,Arnold,McNair,Lenora,Lenoir,Marco
Lenoir,Charlotte,Engle,Lisette,Lenoir,Dedrick
Lenoir,Raul,McNair,Lenora,Lenoir,Marco
Lenoir,Jada,Engle,Lisette,Lenoir,Dedrick
Lenoir,Marlon,McNair,Lenora,Lenoir,Marco
Lenoir,Jordyn,Engle,Lisette,Lenoir,Dedrick
Lenoir,Jan,McNair,Lenora,Lenoir,Marco
Lenoir,Delilah,Engle,Lisette,Lenoir,Dedrick
Lenoir,Devonte,Parazynski,Nallely,Lenoir,Forest
Lenoir,Alyson,Engle,Lisette,Lenoir,Dedrick
Lenoir,Miguel,Parazynski,Nallely,Lenoir,Forest
Lenoir,Hope,Engle,Lisette,Lenoir,Dedrick
Lenoir,Alfredo,Parazynski,Nallely,Lenoir,Forest
Lenoir,Kenia,Bean,Jazmon,Lenoir,Donte
Lenoir,Johnny,Parazynski,Nallely,Lenoir,Forest
Lenoir,Jeanette,Bean,Jazmon,Lenoir,Donte
Lenoir,Barrett,Parazynski,Nallely,Lenoir,Forest
Lenoir,Jessenia,Bean,Jazmon,Lenoir,Donte
Lenoir,Campbell,Parazynski,Nallely,Lenoir,Forest
Lenoir,Rikki,Bean,Jazmon,Lenoir,Donte
Lenoir,Kaleb,Parazynski,Nallely,Lenoir,Forest
Lenoir,Brielle,Bean,Jazmon,Lenoir,Donte
Lenoir,Evan,Parazynski,Nallely,Lenoir,Forest
Lenoir,Keirra,Bean,Jazmon,Lenoir,Donte
Lenoir,Marques,Parazynski,Nallely,Lenoir,Forest
Lenoir,Alani,Lopez,Michaela,Lenoir,Dennis
Lenoir,Benjamin,Greene,Kealani,Lenoir,Tevin
Lenoir,Kansas,Lopez,Michaela,Lenoir,Dennis
Lenoir,Brooks,Greene,Kealani,Lenoir,Tevin
Lenoir,Maureen,Lopez,Michaela,Lenoir,Dennis
Lenoir,Rey,Greene,Kealani,Lenoir,Tevin
Lenoir,Mariangeli,Lopez,Michaela,Lenoir,Dennis
Lenoir,Gideon,Greene,Kealani,Lenoir,Tevin
Lenoir,Domonique,Lopez,Michaela,Lenoir,Dennis
Lenoir,Skyler,Young,Cali,Lenoir,Keegan
Lenoir,Colby,Lopez,Michaela,Lenoir,Dennis
Lenoir,Ramiro,Young,Cali,Lenoir,Keegan
Lenoir,Ravin,Lopez,Michaela,Lenoir,Dennis
Lenoir,Brenden,Young,Cali,Lenoir,Keegan
Lenoir,Tiara,Lopez,Michaela,Lenoir,Dennis
Lenoir,Dontae,Young,Cali,Lenoir,Keegan
Lenoir,Jabria,Lopez,Michaela,Lenoir,Dennis
Lenoir,Harley,Young,Cali,Lenoir,Keegan
Lenoir,Mariam,Lopez,Michaela,Lenoir,Dennis
Lenoir,Lars,Young,Cali,Lenoir,Keegan
Lenoir,Heaven,McNair,Lenora,Lenoir,Marco
Lenoir,Kapil,Young,Cali,Lenoir,Keegan
Lenoir,Lorena,McNair,Lenora,Lenoir,Marco
Lenoir,Wayne,Young,Cali,Lenoir,Keegan
Lenoir,Dana,McNair,Lenora,Lenoir,Marco
Lenoir,Tanner,Young,Cali,Lenoir,Keegan
Lenoir,Shenelly,McNair,Lenora,Lenoir,Marco
Lenoir,Jose,Young,Cali,Lenoir,Keegan
Lenoir,Kira,McNair,Lenora,Lenoir,Marco
Lenoir,Payton,Franklin,Karishma,Lenoir,Brennan
Lenoir,Chantel,McNair,Lenora,Lenoir,Marco
Lenoir,Chadwick,Franklin,Karishma,Lenoir,Brennan
Lenoir,Camisha,McNair,Lenora,Lenoir,Marco
Lenoir,Ryen,Franklin,Karishma,Lenoir,Brennan
Lenoir,Rianna,Parazynski,Nallely,Lenoir,Forest
Lenoir,Hugh,Franklin,Karishma,Lenoir,Brennan
Lenoir,Estela,Parazynski,Nallely,Lenoir,Forest
Lenoir,Kaden,Brown,Sydney,Lenoir,Daylon
Lenoir,Shanyce,Parazynski,Nallely,Lenoir,Forest
Lenoir,Blaine,Brown,Sydney,Lenoir,Daylon
Lenoir,Jaden,Parazynski,Nallely,Lenoir,Forest
Lenoir,Ernesto,Brown,Sydney,Lenoir,Daylon
Lenoir,Gabriel,Parazynski,Nallely,Lenoir,Forest
Lenoir,Randy,Brown,Sydney,Lenoir,Daylon
Lenoir,Rachael,Parazynski,Nallely,Lenoir,Forest
Lenoir,Charly,Brown,Sydney,Lenoir,Daylon
Lenoir,Asya,Parazynski,Nallely,Lenoir,Forest
Lenoir,Kelson,O'Leary,Sariah,Lenoir,Jovonte
Lenoir,Chasity,Parazynski,Nallely,Lenoir,Forest
Lenoir,Issac,Cagle,Lesly,Lenoir,Brody
Lenoir,Heather,Parazynski,Nallely,Lenoir,Forest
Lenoir,Dayton,Cagle,Lesly,Lenoir,Brody
Lenoir,Reilly,Young,Cali,Lenoir,Keegan
Greene,Tyran,Lenoir,Mckenna,Greene,Raequan
Lenoir,Xochitl,Young,Cali,Lenoir,Keegan
Greene,Ezequiel,Lenoir,Mckenna,Greene,Raequan
Lenoir,Tatiana,Young,Cali,Lenoir,Keegan
Greene,Vernon,Lenoir,Mckenna,Greene,Raequan
Lenoir,Kelli,Young,Cali,Lenoir,Keegan
Greene,Mateo,Lenoir,Mckenna,Greene,Raequan
Lenoir,Caitlin,Young,Cali,Lenoir,Keegan
Greene,Nick,Lenoir,Sonya,Greene,Zev
Lenoir,Ali,Young,Cali,Lenoir,Keegan
Greene,Moshe,Lenoir,Sonya,Greene,Zev
Lenoir,Itati,Young,Cali,Lenoir,Keegan
Greene,Spenser,Lenoir,Sonya,Greene,Zev
Lenoir,Dina,Young,Cali,Lenoir,Keegan
Greene,Jayden,Lenoir,Sonya,Greene,Zev
Lenoir,Abagail,Young,Cali,Lenoir,Keegan
Greene,Eduardo,Lenoir,Jaclyn,Greene,Robert
Lenoir,Alexandrea,Young,Cali,Lenoir,Keegan
Greene,Raheem,Lenoir,Jaclyn,Greene,Robert
Lenoir,Latosha,Franklin,Karishma,Lenoir,Brennan
Greene,Quinton,Lenoir,Jaclyn,Greene,Robert
Lenoir,Ellie,Franklin,Karishma,Lenoir,Brennan
Greene,Rigoberto,Lenoir,Jaclyn,Greene,Robert
Lenoir,Keishla,Franklin,Karishma,Lenoir,Brennan
Greene,Blaine,Lenoir,Jaclyn,Greene,Robert
Lenoir,Camelia,Brown,Sydney,Lenoir,Daylon
Greene,Avery,Lenoir,Jaclyn,Greene,Robert
Lenoir,Nyla,Brown,Sydney,Lenoir,Daylon
Greene,Brody,Lenoir,Jaclyn,Greene,Robert
Lenoir,Sarafina,Brown,Sydney,Lenoir,Daylon
Stafford,Michel,Lenoir,Cheyenne,Stafford,Aidan
Lenoir,Halie,Brown,Sydney,Lenoir,Daylon
Stafford,Quayshawn,Lenoir,Cheyenne,Stafford,Aidan
Lenoir,Aundrea,Brown,Sydney,Lenoir,Daylon
Stafford,Nelson,Lenoir,Cheyenne,Stafford,Aidan
Lenoir,Tamisha,Brown,Sydney,Lenoir,Daylon
Stafford,Duncan,Lenoir,Cheyenne,Stafford,Aidan
Lenoir,Charlene,O'Leary,Sariah,Lenoir,Jovonte
Stafford,Jamir,Lenoir,Cheyenne,Stafford,Aidan
Lenoir,Antonia,O'Leary,Sariah,Lenoir,Jovonte
Stafford,Johnathen,Lenoir,Elaina,Stafford,Shayne
Lenoir,Joleen,O'Leary,Sariah,Lenoir,Jovonte
Stafford,Adan,Lenoir,Elaina,Stafford,Shayne
Lenoir,Adriane,Cagle,Lesly,Lenoir,Brody
Stafford,Dedrick,Lenoir,Elaina,Stafford,Shayne
Lenoir,Morgan,Cagle,Lesly,Lenoir,Brody
Stafford,Cristian,Lenoir,Elaina,Stafford,Shayne
Lenoir,Sherridan,Cagle,Lesly,Lenoir,Brody
Stafford,Corbin,Lenoir,Elaina,Stafford,Shayne
Lenoir,Celia,Cagle,Lesly,Lenoir,Brody
Stafford,Toby,Lenoir,Elaina,Stafford,Shayne
Lenoir,Jazmin,Cagle,Lesly,Lenoir,Brody
Stafford,Dennis,Lenoir,Elaina,Stafford,Shayne
Lenoir,Rylee,Cagle,Lesly,Lenoir,Brody
Stafford,Colbey,Lenoir,Elaina,Stafford,Shayne
Lenoir,Kenya,Cagle,Lesly,Lenoir,Brody
Stafford,Dan,Lenoir,Elaina,Stafford,Shayne
Lenoir,Unique,Cagle,Lesly,Lenoir,Brody
Stafford,Kellen,Lenoir,Elaina,Stafford,Shayne
Greene,Haleigh,Lenoir,Mckenna,Greene,Raequan
Stafford,Chaz,Lenoir,Elaina,Stafford,Shayne
Greene,Mandy,Lenoir,Sonya,Greene,Zev
Stafford,Russell,Lenoir,Debbie,Stafford,Deshawn
Greene,Itzel,Lenoir,Sonya,Greene,Zev
Stafford,Kendrick,Lenoir,Debbie,Stafford,Deshawn
Greene,Kayland,Lenoir,Jaclyn,Greene,Robert
Stafford,Earl,Lenoir,Debbie,Stafford,Deshawn
Greene,Irma,Lenoir,Jaclyn,Greene,Robert
Stafford,Daxton,Lenoir,Debbie,Stafford,Deshawn
Greene,Briana,Lenoir,Jaclyn,Greene,Robert
Stafford,Garin,Lenoir,Debbie,Stafford,Deshawn
Greene,Julissa,Lenoir,Jaclyn,Greene,Robert
Stafford,Reese,Lenoir,Debbie,Stafford,Deshawn
Greene,Lillie,Lenoir,Jaclyn,Greene,Robert
Stafford,Taquan,Lenoir,Deisy,Stafford,Abel
Greene,Joselin,Lenoir,Jaclyn,Greene,Robert
Stafford,Stevan,Lenoir,Deisy,Stafford,Abel
Greene,Destini,Lenoir,Jaclyn,Greene,Robert
Stafford,Angel,Lenoir,Deisy,Stafford,Abel
Greene,Liza,Lenoir,Jaclyn,Greene,Robert
Stafford,Freddy,Lenoir,Deisy,Stafford,Abel
Greene,Brieanna,Lenoir,Jaclyn,Greene,Robert
Stafford,Christian,Camarda,Anika,Stafford,Roman
Stafford,Anamaria,Lenoir,Cheyenne,Stafford,Aidan
Stafford,Ray,Camarda,Anika,Stafford,Roman
Stafford,Jazmine,Lenoir,Cheyenne,Stafford,Aidan
Stafford,Roy,Camarda,Anika,Stafford,Roman
Stafford,Morgen,Lenoir,Cheyenne,Stafford,Aidan
Stafford,Quintin,Camarda,Anika,Stafford,Roman
Stafford,Maricela,Lenoir,Cheyenne,Stafford,Aidan
Stafford,Nicolas,Camarda,Anika,Stafford,Roman
Stafford,Aleasha,Lenoir,Cheyenne,Stafford,Aidan
Stafford,Maliki,Camarda,Anika,Stafford,Roman
Stafford,Rebeca,Lenoir,Cheyenne,Stafford,Aidan
Stafford,Landin,Camarda,Anika,Stafford,Roman
Stafford,Jessica,Lenoir,Cheyenne,Stafford,Aidan
Stafford,Tyran,Camarda,Anika,Stafford,Roman
Stafford,Imani,Lenoir,Cheyenne,Stafford,Aidan
Stafford,Shane,Camarda,Anika,Stafford,Roman
Stafford,Kiana,Lenoir,Cheyenne,Stafford,Aidan
Stafford,Sydney,Camarda,Jade,Stafford,Mohammed
Stafford,Chelsy,Lenoir,Cheyenne,Stafford,Aidan
Stafford,Micah,Camarda,Jade,Stafford,Mohammed
Stafford,Celina,Lenoir,Elaina,Stafford,Shayne
Stafford,Devonta,Camarda,Jade,Stafford,Mohammed
Stafford,Tania,Lenoir,Elaina,Stafford,Shayne
Stafford,Esteban,Camarda,Jade,Stafford,Mohammed
Stafford,Caitlin,Lenoir,Elaina,Stafford,Shayne
Stafford,Gannon,Camarda,Jade,Stafford,Mohammed
Stafford,Sarai,Lenoir,Debbie,Stafford,Deshawn
Stafford,Trevor,Camarda,Jade,Stafford,Mohammed
Stafford,Kansas,Lenoir,Debbie,Stafford,Deshawn
Stafford,Chadwick,Camarda,Jade,Stafford,Mohammed
Stafford,Robin,Lenoir,Debbie,Stafford,Deshawn
Stafford,Kelson,Camarda,Jade,Stafford,Mohammed
Stafford,Klee,Lenoir,Debbie,Stafford,Deshawn
Stafford,Jeremey,Camarda,Jade,Stafford,Mohammed
Stafford,Genna,Lenoir,Debbie,Stafford,Deshawn
Stafford,Austen,Camarda,Aylin,Stafford,Hugo
Stafford,Harlie,Lenoir,Debbie,Stafford,Deshawn
Stafford,Terance,Camarda,Aylin,Stafford,Hugo
Stafford,Cori,Lenoir,Debbie,Stafford,Deshawn
Stafford,Jacoby,Camarda,Aylin,Stafford,Hugo
Stafford,Brianna,Lenoir,Debbie,Stafford,Deshawn
Stafford,Oscar,Camarda,Aylin,Stafford,Hugo
Stafford,Elena,Lenoir,Debbie,Stafford,Deshawn
Stafford,Deontae,Camarda,Aylin,Stafford,Hugo
Stafford,Nicolette,Lenoir,Deisy,Stafford,Abel
Stafford,Julian,Camarda,Aylin,Stafford,Hugo
Stafford,Ravin,Lenoir,Deisy,Stafford,Abel
Stafford,Jordin,Camarda,Aylin,Stafford,Hugo
Stafford,Monika,Lenoir,Deisy,Stafford,Abel
Stafford,Nickolas,Camarda,Roxana,Stafford,Jamison
Stafford,Annalie,Camarda,Anika,Stafford,Roman
Stafford,Fredy,Camarda,Roxana,Stafford,Jamison
Stafford,Sariah,Camarda,Anika,Stafford,Roman
Stafford,Harold,Camarda,Nicole,Stafford,Arthur
Stafford,Daja,Camarda,Anika,Stafford,Roman
Stafford,Marvin,Camarda,Nicole,Stafford,Arthur
Stafford,Sidney,Camarda,Anika,Stafford,Roman
Stafford,Antavius,Camarda,Nicole,Stafford,Arthur
Stafford,Allyson,Camarda,Anika,Stafford,Roman
Stafford,Conner,Camarda,Nicole,Stafford,Arthur
Stafford,Destinee,Camarda,Anika,Stafford,Roman
Stafford,Alexander,Camarda,Nicole,Stafford,Arthur
Stafford,Iridian,Camarda,Jade,Stafford,Mohammed
Stafford,Jaylen,Camarda,Nicole,Stafford,Arthur
Stafford,Brittany,Camarda,Jade,Stafford,Mohammed
Stafford,Jameson,Camarda,Adrienne,Stafford,Tevin
Stafford,Maria,Camarda,Jade,Stafford,Mohammed
Stafford,Gunner,Camarda,Adrienne,Stafford,Tevin
Stafford,Aleah,Camarda,Jade,Stafford,Mohammed
Stafford,Everett,Camarda,Adrienne,Stafford,Tevin
Stafford,Saige,Camarda,Jade,Stafford,Mohammed
Stafford,Myles,Camarda,Adrienne,Stafford,Tevin
Stafford,Elijah,Camarda,Jade,Stafford,Mohammed
Stafford,Stephanie,Camarda,Adrienne,Stafford,Tevin
Stafford,Carol,Camarda,Jade,Stafford,Mohammed
Taft,Daryl,Greene,Shania,Taft,Antonio
Stafford,Roxana,Camarda,Jade,Stafford,Mohammed
Taft,Marcell,Greene,Shania,Taft,Antonio
Stafford,Jasmin,Camarda,Aylin,Stafford,Hugo
Taft,Raheem,Greene,Shania,Taft,Antonio
Stafford,Mariana,Camarda,Aylin,Stafford,Hugo
Taft,Glenn,Greene,Shania,Taft,Antonio
Stafford,Denise,Camarda,Aylin,Stafford,Hugo
Taft,Chaz,Greene,Shania,Taft,Antonio
Stafford,Abbey,Camarda,Aylin,Stafford,Hugo
Taft,Martin,Greene,Shania,Taft,Antonio
Stafford,Kylee,Camarda,Aylin,Stafford,Hugo
Taft,Ruben,Greene,Shania,Taft,Antonio
Stafford,Monique,Camarda,Aylin,Stafford,Hugo
Taft,Eberardo,Greene,Shania,Taft,Antonio
Stafford,Keiarra,Camarda,Aylin,Stafford,Hugo
Taft,Steve,Greene,Shania,Taft,Antonio
Stafford,Evelyn,Camarda,Aylin,Stafford,Hugo
Taft,Jonathon,Greene,Diamond,Taft,Emmanuel
Stafford,Elissa,Camarda,Aylin,Stafford,Hugo
Taft,Kory,Greene,Diamond,Taft,Emmanuel
Stafford,Sarahi,Camarda,Aylin,Stafford,Hugo
Taft,Gannon,Greene,Diamond,Taft,Emmanuel
Stafford,Jessenia,Camarda,Aylin,Stafford,Hugo
Taft,Yakov,Greene,Diamond,Taft,Emmanuel
Stafford,Nakia,Camarda,Aylin,Stafford,Hugo
Taft,Colbey,Greene,Diamond,Taft,Emmanuel
Stafford,Ayla,Camarda,Aylin,Stafford,Hugo
Taft,Shlomo,Greene,Jadah,Taft,Alonso
Stafford,Zahra,Camarda,Roxana,Stafford,Jamison
Taft,Layne,Greene,Jadah,Taft,Alonso
Stafford,Valencia,Camarda,Roxana,Stafford,Jamison
Taft,Killian,Greene,Jadah,Taft,Alonso
Stafford,Tara,Camarda,Nicole,Stafford,Arthur
Taft,Stevan,Greene,Miriam,Taft,Payton
Stafford,Sheila,Camarda,Nicole,Stafford,Arthur
Taft,Erik,Greene,Miriam,Taft,Payton
Stafford,Sarafina,Camarda,Nicole,Stafford,Arthur
Taft,Geordan,Greene,Latasha,Taft,Rayvon
Stafford,Paulina,Camarda,Nicole,Stafford,Arthur
Taft,Cullen,Greene,Latasha,Taft,Rayvon
Stafford,Amber,Camarda,Nicole,Stafford,Arthur
Taft,Wesley,Greene,Latasha,Taft,Rayvon
Stafford,Celeste,Camarda,Nicole,Stafford,Arthur
Taft,Zachary,Greene,Constance,Taft,Diego
Stafford,Colby,Camarda,Nicole,Stafford,Arthur
Taft,Alec,Greene,Constance,Taft,Diego
Stafford,Haylie,Camarda,Nicole,Stafford,Arthur
Taft,Marco,Greene,Constance,Taft,Diego
Stafford,Janet,Camarda,Nicole,Stafford,Arthur
Taft,Francis,Greene,Constance,Taft,Diego
Stafford,Demi,Camarda,Nicole,Stafford,Arthur
Taft,Nicholas,Greene,Constance,Taft,Diego
Stafford,Christy,Camarda,Nicole,Stafford,Arthur
Taft,Oneil,Greene,Constance,Taft,Diego
Stafford,Leana,Camarda,Adrienne,Stafford,Tevin
Taft,Dontae,Greene,Constance,Taft,Diego
Stafford,Greer,Camarda,Adrienne,Stafford,Tevin
Taft,Delonta,Greene,Constance,Taft,Diego
Stafford,Shanyce,Camarda,Adrienne,Stafford,Tevin
Taft,Houston,Greene,Constance,Taft,Diego
Stafford,Yasmeen,Camarda,Adrienne,Stafford,Tevin
Kennedy,Albert,Greene,Chyanne,Kennedy,Cecil
Taft,Diamond,Greene,Shania,Taft,Antonio
Kennedy,Brennan,Greene,Chyanne,Kennedy,Cecil
Taft,Bayleigh,Greene,Shania,Taft,Antonio
Kennedy,Cyrus,Greene,Chyanne,Kennedy,Cecil
Taft,Annemarie,Greene,Shania,Taft,Antonio
Edwards,Addison,Greene,Destiana,Edwards,Arjun
Taft,Viviana,Greene,Shania,Taft,Antonio
Edwards,Jessee,Greene,Destiana,Edwards,Arjun
Taft,Regina,Greene,Shania,Taft,Antonio
Edwards,Roy,Greene,Destiana,Edwards,Arjun
Taft,Kyla,Greene,Shania,Taft,Antonio
Edwards,Kelvin,Greene,Destiana,Edwards,Arjun
Taft,Tayla,Greene,Shania,Taft,Antonio
Edwards,Neil,Greene,Destiana,Edwards,Arjun
Taft,Sophie,Greene,Shania,Taft,Antonio
Edwards,Kristopher,Greene,Destiana,Edwards,Arjun
Taft,Shana,Greene,Shania,Taft,Antonio
Edwards,Dwayne,Greene,Destiana,Edwards,Arjun
Taft,Cristal,Greene,Shania,Taft,Antonio
Edwards,Benny,Greene,Destiana,Edwards,Arjun
Taft,Alexandria,Greene,Diamond,Taft,Emmanuel
Edwards,Keaton,Greene,Destiana,Edwards,Arjun
Taft,Krupa,Greene,Diamond,Taft,Emmanuel
Edwards,Justus,Greene,Mikala,Edwards,Warren
Taft,Jaclyn,Greene,Jadah,Taft,Alonso
Edwards,Romeo,Greene,Mikala,Edwards,Warren
Taft,Trista,Greene,Miriam,Taft,Payton
Edwards,Yakov,Greene,Mikala,Edwards,Warren
Taft,Justine,Greene,Miriam,Taft,Payton
Edwards,Cade,Greene,Mikala,Edwards,Warren
Taft,Estrella,Greene,Miriam,Taft,Payton
Edwards,Reed,Greene,Mikala,Edwards,Warren
Taft,Autumn,Greene,Miriam,Taft,Payton
Edwards,Brock,Greene,Mikala,Edwards,Warren
Taft,Trisha,Greene,Miriam,Taft,Payton
Edwards,Mauro,Stafford,Katrina,Edwards,Babyboy
Taft,Deanne,Greene,Miriam,Taft,Payton
Edwards,Tyrone,Stafford,Maison,Edwards,Felix
Taft,Kendal,Greene,Miriam,Taft,Payton
Edwards,Jordin,Stafford,Maison,Edwards,Felix
Taft,Frida,Greene,Latasha,Taft,Rayvon
Edwards,Sydney,Stafford,Alysa,Edwards,Tyson
Taft,Carmela,Greene,Latasha,Taft,Rayvon
Edwards,Sebastian,Stafford,Alysa,Edwards,Tyson
Taft,Dakota,Greene,Latasha,Taft,Rayvon
Edwards,Christophe,Stafford,Alysa,Edwards,Tyson
Taft,Alissa,Greene,Latasha,Taft,Rayvon
Edwards,Stefan,Stafford,Alysa,Edwards,Tyson
Taft,Tasia,Greene,Latasha,Taft,Rayvon
Edwards,Talon,Stafford,Alysa,Edwards,Tyson
Taft,Dandrea,Greene,Constance,Taft,Diego
Edwards,Graham,Stafford,Alysa,Edwards,Tyson
Taft,Kaytlin,Greene,Constance,Taft,Diego
Edwards,Nolan,Stafford,Alysa,Edwards,Tyson
Taft,Taylor,Greene,Constance,Taft,Diego
Edwards,Landin,Stafford,Deandrea,Edwards,Javier
Taft,Daniela,Greene,Constance,Taft,Diego
Edwards,Chance,Stafford,Deandrea,Edwards,Javier
Taft,Nallely,Greene,Constance,Taft,Diego
Edwards,Andy,Stafford,Deandrea,Edwards,Javier
Taft,Abbey,Greene,Constance,Taft,Diego
Edwards,Aleksandr,Stafford,Deandrea,Edwards,Javier
Taft,Kelsy,Greene,Constance,Taft,Diego
Edwards,Gregory,Stafford,Deandrea,Edwards,Javier
Taft,Kacey,Greene,Constance,Taft,Diego
Lovell,Bennett,Stafford,Kaytlin,Lovell,Thomas
Taft,Bryanna,Greene,Constance,Taft,Diego
Lovell,Kade,Stafford,Kaytlin,Lovell,Thomas
Taft,Karli,Greene,Constance,Taft,Diego
Lovell,Guillermo,Stafford,Kaytlin,Lovell,Thomas
Taft,Mckinzie,Greene,Constance,Taft,Diego
Lovell,Rodolfo,Stafford,Kaytlin,Lovell,Thomas
Kennedy,Lynn,Greene,Chyanne,Kennedy,Cecil
Lovell,Rakeem,Stafford,Francesca,Lovell,Tallon
Kennedy,Tiffanie,Greene,Chyanne,Kennedy,Cecil
Lovell,Kamau,Stafford,Francesca,Lovell,Tallon
Kennedy,Sheridan,Greene,Chyanne,Kennedy,Cecil
Lovell,Sydney,Stafford,Francesca,Lovell,Tallon
Kennedy,Mattie,Greene,Chyanne,Kennedy,Cecil
Lovell,Leroy,Stafford,Francesca,Lovell,Tallon
Edwards,Brittney,Greene,Destiana,Edwards,Arjun
Lovell,Deandre,Stafford,Francesca,Lovell,Tallon
Edwards,Isabel,Greene,Destiana,Edwards,Arjun
Lovell,Sergio,Stafford,Francesca,Lovell,Tallon
Edwards,Michaela,Greene,Destiana,Edwards,Arjun
Lovell,Nigel,Stafford,Francesca,Lovell,Tallon
Edwards,Jessenia,Greene,Destiana,Edwards,Arjun
Lovell,Nicholas,Stafford,Francesca,Lovell,Tallon
Edwards,Austin,Greene,Destiana,Edwards,Arjun
Lovell,Yvan,Stafford,Francesca,Lovell,Tallon
Edwards,Rhiannon,Greene,Destiana,Edwards,Arjun
Lovell,Ibrahim,Stafford,Francesca,Lovell,Tallon
Edwards,Brigid,Greene,Destiana,Edwards,Arjun
Lovell,Bryson,Stafford,Camila,Lovell,Jameson
Edwards,Karli,Greene,Mikala,Edwards,Warren
Lovell,Tobias,Stafford,Camila,Lovell,Jameson
Edwards,Angelique,Greene,Mikala,Edwards,Warren
Lovell,Edgar,Stafford,Camila,Lovell,Jameson
Edwards,Heavenly,Greene,Mikala,Edwards,Warren
Lovell,Denzell,Stafford,Camila,Lovell,Jameson
Edwards,Shayla,Greene,Mikala,Edwards,Warren
Lovell,Delonta,Stafford,Camila,Lovell,Jameson
Edwards,Dajah,Greene,Mikala,Edwards,Warren
Lovell,Leonel,Stafford,Camila,Lovell,Jameson
Edwards,Casie,Greene,Mikala,Edwards,Warren
Lovell,Deante,Stafford,Katerina,Lovell,Cory
Edwards,Irma,Greene,Mikala,Edwards,Warren
Lovell,Drew,Stafford,Katerina,Lovell,Cory
Edwards,Lily,Greene,Mikala,Edwards,Warren
Lovell,Gordon,Stafford,Katerina,Lovell,Cory
Edwards,Chyanne,Greene,Mikala,Edwards,Warren
Lovell,Miles,Stafford,Katerina,Lovell,Cory
Edwards,Kitana,Stafford,Katrina,Edwards,Babyboy
Lovell,Emmett,Stafford,Katerina,Lovell,Cory
Edwards,Margaret,Stafford,Katrina,Edwards,Babyboy
Lovell,Dion,Stafford,Katerina,Lovell,Cory
Edwards,Amber,Stafford,Maison,Edwards,Felix
Lovell,Norman,Stafford,Katerina,Lovell,Cory
Edwards,Christy,Stafford,Maison,Edwards,Felix
Lovell,Kerrick,Taft,Stacey,Lovell,Jamari
Edwards,Destiny,Stafford,Alysa,Edwards,Tyson
Lovell,Kenyon,Taft,Stacey,Lovell,Jamari
Edwards,Jacquelin,Stafford,Alysa,Edwards,Tyson
Lovell,Eberardo,Taft,Stacey,Lovell,Jamari
Edwards,Jackie,Stafford,Alysa,Edwards,Tyson
Lovell,Brennon,Taft,Stacey,Lovell,Jamari
Edwards,Ellen,Stafford,Alysa,Edwards,Tyson
Lovell,Mckay,Taft,Carli,Lovell,Mario
Edwards,Kaitlyn,Stafford,Alysa,Edwards,Tyson
Lovell,Mauro,Taft,Carli,Lovell,Mario
Edwards,Jami,Stafford,Alysa,Edwards,Tyson
Lovell,Mark,Taft,Carli,Lovell,Mario
Edwards,Mariam,Stafford,Deandrea,Edwards,Javier
Lovell,Isiah,Taft,Carli,Lovell,Mario
Edwards,Jade,Stafford,Deandrea,Edwards,Javier
Lovell,Elvin,Taft,Carli,Lovell,Mario
Edwards,Jori,Stafford,Deandrea,Edwards,Javier
Lovell,Lawrence,Taft,Carli,Lovell,Mario
Edwards,Blaine,Stafford,Deandrea,Edwards,Javier
Lovell,Ulysses,Taft,Carli,Lovell,Mario
Lovell,Aisha,Stafford,Kaytlin,Lovell,Thomas
Lovell,Jean,Taft,Nell,Lovell,Jacques
Lovell,Kaley,Stafford,Kaytlin,Lovell,Thomas
Lovell,Travis,Taft,Paola,Lovell,Efrain
Lovell,Karen,Stafford,Kaytlin,Lovell,Thomas
Lovell,Markell,Taft,Paola,Lovell,Efrain
Lovell,Annalie,Stafford,Kaytlin,Lovell,Thomas
Lovell,Braeden,Taft,Paola,Lovell,Efrain
Lovell,Lea,Stafford,Kaytlin,Lovell,Thomas
Lovell,Rodney,Taft,Paola,Lovell,Efrain
Lovell,Destinee,Stafford,Francesca,Lovell,Tallon
Lovell,Donte,Taft,Paola,Lovell,Efrain
Lovell,Amy,Stafford,Francesca,Lovell,Tallon
Lovell,Jan,Taft,Paola,Lovell,Efrain
Lovell,Chelsie,Stafford,Francesca,Lovell,Tallon
Lovell,Quincy,Taft,Paola,Lovell,Efrain
Lovell,Stephany,Stafford,Francesca,Lovell,Tallon
Lovell,Cedric,Taft,Paola,Lovell,Efrain
Lovell,Lindsey,Stafford,Francesca,Lovell,Tallon
Lovell,Montel,Taft,Aerial,Lovell,Richie
Lovell,Vianey,Stafford,Francesca,Lovell,Tallon
Lovell,Idris,Taft,Aerial,Lovell,Richie
Lovell,Susana,Stafford,Francesca,Lovell,Tallon
Lovell,Misael,Taft,Aerial,Lovell,Richie
Lovell,Coral,Stafford,Francesca,Lovell,Tallon
Lovell,Louis,Taft,Aerial,Lovell,Richie
Lovell,Demi,Stafford,Camila,Lovell,Jameson
Lovell,Dominick,Taft,Estefany,Lovell,Reece
Lovell,Doris,Stafford,Camila,Lovell,Jameson
Lovell,Terrence,Taft,Estefany,Lovell,Reece
Lovell,Dorian,Stafford,Camila,Lovell,Jameson
Lovell,Philip,Taft,Estefany,Lovell,Reece
Lovell,Logan,Stafford,Camila,Lovell,Jameson
Lovell,Arnold,Taft,Estefany,Lovell,Reece
Lovell,Dena,Stafford,Camila,Lovell,Jameson
Lovell,Marcell,Taft,Estefany,Lovell,Reece
Lovell,Scarlett,Stafford,Camila,Lovell,Jameson
Lovell,Tyren,Taft,Estefany,Lovell,Reece
Lovell,Dina,Stafford,Camila,Lovell,Jameson
Lovell,Hashim,Taft,Estefany,Lovell,Reece
Lovell,Elizabeth,Stafford,Camila,Lovell,Jameson
Lovell,Eric,Taft,Estefany,Lovell,Reece
Lovell,Elana,Stafford,Camila,Lovell,Jameson
Lovell,Terrance,Taft,Estefany,Lovell,Reece
Lovell,Luisa,Stafford,Camila,Lovell,Jameson
Lovell,Kelvin,Taft,Estefany,Lovell,Reece
Lovell,Serenity,Stafford,Camila,Lovell,Jameson
Arthur,Trae,Taft,Shiloh,Arthur,Bjorn
Lovell,Brecken,Stafford,Katerina,Lovell,Cory
Arthur,Alvin,Taft,Shiloh,Arthur,Bjorn
Lovell,Bailey,Stafford,Katerina,Lovell,Cory
Arthur,Kory,Taft,Shiloh,Arthur,Bjorn
Lovell,Kendyl,Stafford,Katerina,Lovell,Cory
Arthur,Ayub,Taft,Shiloh,Arthur,Bjorn
Lovell,Joceline,Stafford,Katerina,Lovell,Cory
Arthur,Weston,Taft,Shiloh,Arthur,Bjorn
Lovell,Yuki,Stafford,Katerina,Lovell,Cory
Arthur,Ulysses,Taft,Shiloh,Arthur,Bjorn
Lovell,Cassidy,Taft,Stacey,Lovell,Jamari
Arthur,Shane,Taft,Skylar,Arthur,Benito
Lovell,Ashlie,Taft,Stacey,Lovell,Jamari
Lenoir,Jacques,Taft,Ramona,Lenoir,Jamison
Lovell,Allison,Taft,Stacey,Lovell,Jamari
Lenoir,Marvin,Taft,Ramona,Lenoir,Jamison
Lovell,Carolina,Taft,Stacey,Lovell,Jamari
Lenoir,Christian,Taft,Ramona,Lenoir,Jamison
Lovell,Joanna,Taft,Stacey,Lovell,Jamari
Lenoir,Alvaro,Taft,Ramona,Lenoir,Jamison
Lovell,Mariangeli,Taft,Stacey,Lovell,Jamari
Lenoir,Fabian,Taft,Ramona,Lenoir,Jamison
Lovell,Blaze,Taft,Carli,Lovell,Mario
Lenoir,Troy,Taft,Ramona,Lenoir,Jamison
Lovell,Jessika,Taft,Carli,Lovell,Mario
Lenoir,Brad,Taft,Ramona,Lenoir,Jamison
Lovell,Caylee,Taft,Carli,Lovell,Mario
Lenoir,Tavon,Taft,Ramona,Lenoir,Jamison
Lovell,Laken,Taft,Carli,Lovell,Mario
Lenoir,Raequan,Taft,Allison,Lenoir,Devon
Lovell,Nadia,Taft,Nell,Lovell,Jacques
Lenoir,Ray,Taft,Allison,Lenoir,Devon
Lovell,Kara,Taft,Nell,Lovell,Jacques
Lenoir,Abdiel,Taft,Allison,Lenoir,Devon
Lovell,Jesslyn,Taft,Nell,Lovell,Jacques
Lenoir,Bret,Taft,Allison,Lenoir,Devon
Lovell,Malika,Taft,Nell,Lovell,Jacques
Lenoir,Erick,Taft,Allison,Lenoir,Devon
Lovell,Sabrina,Taft,Paola,Lovell,Efrain
Lenoir,Daniel,Taft,Viridiana,Lenoir,Mitchel
Lovell,Isis,Taft,Paola,Lovell,Efrain
Lenoir,Alexander,Taft,Viridiana,Lenoir,Mitchel
Lovell,Irma,Taft,Paola,Lovell,Efrain
Lenoir,Brenton,Taft,Viridiana,Lenoir,Mitchel
Lovell,Shaylee,Taft,Paola,Lovell,Efrain
Lenoir,Conrad,Taft,Viridiana,Lenoir,Mitchel
Lovell,Kaylee,Taft,Paola,Lovell,Efrain
Lenoir,Armani,Taft,Viridiana,Lenoir,Mitchel
Lovell,Aylin,Taft,Paola,Lovell,Efrain
Lenoir,Michel,Taft,Viridiana,Lenoir,Mitchel
Lovell,Shayla,Taft,Paola,Lovell,Efrain
Lenoir,Sam,Taft,Viridiana,Lenoir,Mitchel
Lovell,Shyann,Taft,Paola,Lovell,Efrain
Lenoir,Ben,Taft,Viridiana,Lenoir,Mitchel
Lovell,Haleigh,Taft,Paola,Lovell,Efrain
Lenoir,Kieran,Taft,Viridiana,Lenoir,Mitchel
Lovell,Keara,Taft,Paola,Lovell,Efrain
Lenoir,Jade,Taft,Marina,Lenoir,Santana
Lovell,Noel,Taft,Aerial,Lovell,Richie
Lenoir,Stephon,Taft,Marina,Lenoir,Santana
Lovell,Liliana,Taft,Aerial,Lovell,Richie
Lenoir,Andreas,Taft,Marina,Lenoir,Santana
Lovell,Emily,Taft,Aerial,Lovell,Richie
Lenoir,Sebastian,Taft,Marina,Lenoir,Santana
Lovell,Kylee,Taft,Estefany,Lovell,Reece
Lenoir,Deon,Taft,Marina,Lenoir,Santana
Arthur,Alison,Taft,Shiloh,Arthur,Bjorn
Lenoir,Brogan,Taft,Marina,Lenoir,Santana
Arthur,Mindi,Taft,Shiloh,Arthur,Bjorn
Lenoir,John,Taft,Marina,Lenoir,Santana
Arthur,Micaela,Taft,Shiloh,Arthur,Bjorn
Lenoir,Bennie,Taft,Marina,Lenoir,Santana
Arthur,Johana,Taft,Shiloh,Arthur,Bjorn
Lenoir,Landin,Taft,Thalia,Lenoir,Kayle
Arthur,Mikala,Taft,Shiloh,Arthur,Bjorn
Lenoir,Bradley,Taft,Thalia,Lenoir,Kayle
Arthur,Martha,Taft,Shiloh,Arthur,Bjorn
Lenoir,Deshawn,Taft,Thalia,Lenoir,Kayle
Arthur,Breona,Taft,Shiloh,Arthur,Bjorn
Lenoir,Frankie,Taft,Thalia,Lenoir,Kayle
Arthur,Sinai,Taft,Shiloh,Arthur,Bjorn
Lenoir,Joshua,Taft,Thalia,Lenoir,Kayle
Arthur,Lakeisha,Taft,Skylar,Arthur,Benito
Lenoir,Brady,Taft,Thalia,Lenoir,Kayle
Arthur,Ramona,Taft,Skylar,Arthur,Benito
Lenoir,Marquise,Taft,Thalia,Lenoir,Kayle
Arthur,Keanna,Taft,Skylar,Arthur,Benito
Lenoir,Timothy,Taft,Thalia,Lenoir,Kayle
Lenoir,Gladys,Taft,Ramona,Lenoir,Jamison
Lenoir,Jean,Taft,Thalia,Lenoir,Kayle
Lenoir,Carson,Taft,Ramona,Lenoir,Jamison
Lenoir,Erich,Taft,Thalia,Lenoir,Kayle
Lenoir,Isabella,Taft,Ramona,Lenoir,Jamison
Lenoir,Malachi,Taft,Thalia,Lenoir,Kayle
Lenoir,Suzette,Taft,Ramona,Lenoir,Jamison
Lenoir,Clarence,Kennedy,Gabriel,Lenoir,Jeff
Lenoir,Mackenzie,Taft,Ramona,Lenoir,Jamison
Lenoir,Jules,Kennedy,Gabriel,Lenoir,Jeff
Lenoir,Tamara,Taft,Ramona,Lenoir,Jamison
Lenoir,Olivier,Kennedy,Gabriel,Lenoir,Jeff
Lenoir,Ayesha,Taft,Ramona,Lenoir,Jamison
Lenoir,Markus,Kennedy,Gabriel,Lenoir,Jeff
Lenoir,Chelsey,Taft,Ramona,Lenoir,Jamison
Lenoir,Marcos,Kennedy,Gabriel,Lenoir,Jeff
Lenoir,Celina,Taft,Ramona,Lenoir,Jamison
Lenoir,Griffin,Kennedy,Gabriel,Lenoir,Jeff
Lenoir,Rowan,Taft,Allison,Lenoir,Devon
Lenoir,Alfred,Kennedy,Gabriel,Lenoir,Jeff
Lenoir,Julianne,Taft,Allison,Lenoir,Devon
Lenoir,Rodney,Kennedy,Gabriel,Lenoir,Jeff
Lenoir,Jeanna,Taft,Allison,Lenoir,Devon
Lenoir,Dan,Kennedy,Gabriel,Lenoir,Jeff
Lenoir,Joanne,Taft,Allison,Lenoir,Devon
Lenoir,Jay,Kennedy,Gabriel,Lenoir,Jeff
Lenoir,Dajah,Taft,Allison,Lenoir,Devon
Lenoir,Garett,Kennedy,Gabriel,Lenoir,Jeff
Lenoir,Paige,Taft,Allison,Lenoir,Devon
Lenoir,Spencer,Kennedy,Shoshana,Lenoir,Cristobal
Lenoir,Zahra,Taft,Allison,Lenoir,Devon
Lenoir,Deonte,Kennedy,Shoshana,Lenoir,Cristobal
Lenoir,Kimberly,Taft,Viridiana,Lenoir,Mitchel
Lenoir,Hugo,Kennedy,Shoshana,Lenoir,Cristobal
Lenoir,Serenity,Taft,Viridiana,Lenoir,Mitchel
Lenoir,Jamar,Kennedy,Shoshana,Lenoir,Cristobal
Lenoir,Sarah,Taft,Viridiana,Lenoir,Mitchel
Lenoir,Steve,Kennedy,Shoshana,Lenoir,Cristobal
Lenoir,Cameron,Taft,Viridiana,Lenoir,Mitchel
Lenoir,Javier,Kennedy,Shoshana,Lenoir,Cristobal
Lenoir,Kelley,Taft,Viridiana,Lenoir,Mitchel
Lenoir,Kirk,Kennedy,Shoshana,Lenoir,Cristobal
Lenoir,Meaghan,Taft,Marina,Lenoir,Santana
Lenoir,Stefan,Kennedy,Shoshana,Lenoir,Cristobal
Lenoir,Cindy,Taft,Marina,Lenoir,Santana
Lenoir,Adalberto,Edwards,Alexandrea,Lenoir,Braden
Lenoir,Kamri,Taft,Marina,Lenoir,Santana
Lenoir,Demonte,Edwards,Alexandrea,Lenoir,Braden
Lenoir,Darby,Taft,Marina,Lenoir,Santana
Lenoir,Alexandro,Edwards,Alexandrea,Lenoir,Braden
Lenoir,Marilyn,Taft,Marina,Lenoir,Santana
Lenoir,Earl,Edwards,Alexandrea,Lenoir,Braden
Lenoir,Marian,Taft,Marina,Lenoir,Santana
Lenoir,Amari,Edwards,Alexandrea,Lenoir,Braden
Lenoir,Jessie,Taft,Thalia,Lenoir,Kayle
Lenoir,Stewart,Edwards,Alexandrea,Lenoir,Braden
Lenoir,Bertha,Taft,Thalia,Lenoir,Kayle
Lenoir,Tad,Edwards,Alexandrea,Lenoir,Braden
Lenoir,Lydia,Taft,Thalia,Lenoir,Kayle
Lenoir,Desmond,Edwards,Alexandrea,Lenoir,Braden
Lenoir,Imelda,Taft,Thalia,Lenoir,Kayle
Lenoir,Kelsey,Edwards,Susanna,Lenoir,Landen
Lenoir,Milena,Taft,Thalia,Lenoir,Kayle
Lenoir,Terrance,Edwards,Susanna,Lenoir,Landen
Lenoir,Haylie,Kennedy,Gabriel,Lenoir,Jeff
Lenoir,Easton,Edwards,Susanna,Lenoir,Landen
Lenoir,Monica,Kennedy,Gabriel,Lenoir,Jeff
Lenoir,Irvin,Edwards,Susanna,Lenoir,Landen
Lenoir,Carina,Kennedy,Gabriel,Lenoir,Jeff
Lenoir,Douglas,Edwards,Susanna,Lenoir,Landen
Lenoir,Brianne,Kennedy,Gabriel,Lenoir,Jeff
Lenoir,Vinh,Edwards,Susanna,Lenoir,Landen
Lenoir,Cristal,Kennedy,Gabriel,Lenoir,Jeff
Lenoir,Jeffery,Edwards,Susanna,Lenoir,Landen
Lenoir,Marlee,Kennedy,Gabriel,Lenoir,Jeff
Lenoir,Damion,Edwards,Susanna,Lenoir,Landen
Lenoir,Lianna,Kennedy,Gabriel,Lenoir,Jeff
Lenoir,Lamonte,Edwards,Susanna,Lenoir,Landen
Lenoir,Maranda,Kennedy,Gabriel,Lenoir,Jeff
Lenoir,Jaron,Edwards,Susanna,Lenoir,Landen
Lenoir,Maricela,Kennedy,Gabriel,Lenoir,Jeff
Lenoir,Josue,Edwards,Susanna,Lenoir,Landen
Lenoir,Karley,Kennedy,Shoshana,Lenoir,Cristobal
Lenoir,Dalton,Edwards,Zahra,Lenoir,Cullen
Lenoir,Darcie,Kennedy,Shoshana,Lenoir,Cristobal
Lenoir,Kristopher,Edwards,Zahra,Lenoir,Cullen
Lenoir,Jane,Kennedy,Shoshana,Lenoir,Cristobal
Lenoir,Houston,Edwards,Zahra,Lenoir,Cullen
Lenoir,Kaila,Edwards,Alexandrea,Lenoir,Braden
Lenoir,Preston,Edwards,Zahra,Lenoir,Cullen
Lenoir,Ansley,Edwards,Alexandrea,Lenoir,Braden
Lenoir,Salvador,Edwards,Zahra,Lenoir,Cullen
Lenoir,Holli,Edwards,Alexandrea,Lenoir,Braden
Lenoir,Jed,Edwards,Zahra,Lenoir,Cullen
Lenoir,Evelin,Edwards,Alexandrea,Lenoir,Braden
Lenoir,Reese,Edwards,Zahra,Lenoir,Cullen
Lenoir,Alondra,Edwards,Alexandrea,Lenoir,Braden
Lenoir,Anders,Edwards,Zahra,Lenoir,Cullen
Lenoir,Ruth,Edwards,Alexandrea,Lenoir,Braden
Lenoir,Brian,Edwards,Zahra,Lenoir,Cullen
Lenoir,Halee,Edwards,Alexandrea,Lenoir,Braden
Lenoir,Cristopher,Edwards,Zahra,Lenoir,Cullen
Lenoir,Sandy,Edwards,Susanna,Lenoir,Landen
Lenoir,Jamel,Edwards,Zahra,Lenoir,Cullen
Lenoir,Josephine,Edwards,Susanna,Lenoir,Landen
Lenoir,Mohammed,Edwards,Zahra,Lenoir,Cullen
Lenoir,Kaira,Edwards,Susanna,Lenoir,Landen
Lenoir,Tyquan,Edwards,Zahra,Lenoir,Cullen
Lenoir,Desiree,Edwards,Susanna,Lenoir,Landen
Lenoir,Ian,Edwards,Kelli,Lenoir,Robert
Lenoir,Anne,Edwards,Zahra,Lenoir,Cullen
Lenoir,Derek,Edwards,Kelli,Lenoir,Robert
Lenoir,Kristyn,Edwards,Zahra,Lenoir,Cullen
Lenoir,Destin,Edwards,Kelli,Lenoir,Robert
Lenoir,Ramona,Edwards,Zahra,Lenoir,Cullen
Lenoir,Jason,Edwards,Kelli,Lenoir,Robert
Lenoir,Peyton,Edwards,Zahra,Lenoir,Cullen
Lenoir,Dominique,Edwards,Kelli,Lenoir,Robert
Lenoir,Anneliese,Edwards,Zahra,Lenoir,Cullen
Lenoir,Melvin,Edwards,Kelli,Lenoir,Robert
Lenoir,Justine,Edwards,Zahra,Lenoir,Cullen
Lenoir,Geordan,Edwards,Kelli,Lenoir,Robert
Lenoir,Judy,Edwards,Zahra,Lenoir,Cullen
Lenoir,Tylar,Edwards,Kelli,Lenoir,Robert
Lenoir,Myesha,Edwards,Kelli,Lenoir,Robert
Lenoir,Luis,Edwards,Lacey,Lenoir,Tyreek
Lenoir,Iman,Edwards,Kelli,Lenoir,Robert
Lenoir,Jorge,Edwards,Lacey,Lenoir,Tyreek
Lenoir,Naomi,Edwards,Kelli,Lenoir,Robert
Lenoir,Hayes,Edwards,Lacey,Lenoir,Tyreek
Lenoir,Jill,Edwards,Kelli,Lenoir,Robert
Lenoir,Jalen,Edwards,Lacey,Lenoir,Tyreek
Lenoir,Whitney,Edwards,Kelli,Lenoir,Robert
Lenoir,Milton,Edwards,Lacey,Lenoir,Tyreek
Lenoir,Blair,Edwards,Kelli,Lenoir,Robert
Lenoir,Gene,Edwards,Lacey,Lenoir,Tyreek
Lenoir,Giselle,Edwards,Kelli,Lenoir,Robert
Lenoir,Treshaun,Edwards,Molli,Lenoir,Romello
Lenoir,Ashlie,Edwards,Kelli,Lenoir,Robert
Lenoir,Rene,Edwards,Molli,Lenoir,Romello
Lenoir,Norma,Edwards,Kelli,Lenoir,Robert
Lenoir,Enoch,Edwards,Molli,Lenoir,Romello
Lenoir,Emiley,Edwards,Lacey,Lenoir,Tyreek
Lenoir,Chaim,Edwards,Molli,Lenoir,Romello
Lenoir,Francisca,Edwards,Lacey,Lenoir,Tyreek
Lenoir,Callum,Edwards,Molli,Lenoir,Romello
Lenoir,Tasha,Edwards,Lacey,Lenoir,Tyreek
Lenoir,Erin,Edwards,Alysa,Lenoir,Lamont
Lenoir,Kinsey,Edwards,Lacey,Lenoir,Tyreek
Lenoir,Ron,Edwards,Alysa,Lenoir,Lamont
Lenoir,Aylin,Edwards,Lacey,Lenoir,Tyreek
Lenoir,Dequan,Edwards,Alysa,Lenoir,Lamont
Lenoir,Britney,Edwards,Lacey,Lenoir,Tyreek
Lenoir,Clay,Edwards,Alysa,Lenoir,Lamont
Lenoir,Damaris,Edwards,Lacey,Lenoir,Tyreek
Lenoir,Colin,Edwards,Alysa,Lenoir,Lamont
Lenoir,Allegra,Edwards,Lacey,Lenoir,Tyreek
Lenoir,Jameson,Edwards,Alysa,Lenoir,Lamont
Lenoir,Ciara,Edwards,Lacey,Lenoir,Tyreek
Lenoir,Claudio,Edwards,Alysa,Lenoir,Lamont
Lenoir,Courtney,Edwards,Lacey,Lenoir,Tyreek
Lenoir,Kody,Edwards,Alysa,Lenoir,Lamont
Lenoir,Natalya,Edwards,Lacey,Lenoir,Tyreek
Lenoir,Brennon,Edwards,Alysa,Lenoir,Lamont
Lenoir,Sara,Edwards,Lacey,Lenoir,Tyreek
Lenoir,Gordon,Edwards,Alysa,Lenoir,Lamont
Lenoir,Paloma,Edwards,Lacey,Lenoir,Tyreek
Lenoir,German,Edwards,Alysa,Lenoir,Lamont
Lenoir,Sidney,Edwards,Molli,Lenoir,Romello
Lenoir,Asher,Edwards,Alysa,Lenoir,Lamont
Lenoir,Meredith,Edwards,Molli,Lenoir,Romello
Lenoir,Sunny,Edwards,Kira,Lenoir,Alonzo
Lenoir,Alison,Edwards,Molli,Lenoir,Romello
Lenoir,Conor,Edwards,Kira,Lenoir,Alonzo
Lenoir,Kyla,Edwards,Molli,Lenoir,Romello
Lenoir,Chase,Edwards,Kira,Lenoir,Alonzo
Lenoir,Jasmin,Edwards,Molli,Lenoir,Romello
Lenoir,Derrick,Edwards,Kira,Lenoir,Alonzo
Lenoir,Wendy,Edwards,Molli,Lenoir,Romello
Lenoir,Eddie,Edwards,Kira,Lenoir,Alonzo
Lenoir,Marie,Edwards,Molli,Lenoir,Romello
Lenoir,Nathaniel,Edwards,Kira,Lenoir,Alonzo
Lenoir,Alexia,Edwards,Molli,Lenoir,Romello
Lenoir,Jai,Edwards,Kira,Lenoir,Alonzo
Lenoir,Shanice,Edwards,Molli,Lenoir,Romello
Lenoir,Kelton,Edwards,Kira,Lenoir,Alonzo
Lenoir,Yessenia,Edwards,Alysa,Lenoir,Lamont
Lenoir,Simon,Edwards,Kira,Lenoir,Alonzo
Lenoir,Eliana,Edwards,Alysa,Lenoir,Lamont
Lenoir,Albert,Edwards,Kira,Lenoir,Alonzo
Lenoir,Yadira,Edwards,Alysa,Lenoir,Lamont
