Buchli,Felipe,Horowitz,India,Buchli,Chaz
Cleveland,Ashli,Torvalds,Lynette,Cleveland,Jasen
Polk,Bernardo,Bluford,Tarah,Polk,Jalil
Jett,Maegan,Forrester,Patricia,Jett,Carson
Gordon,Payton,Chiao,Juliana,Gordon,Robert
Newman,Promise,Cunningham,Janice,Newman,Jairus
Wilson,Yobani,Grissom,Shanyce,Wilson,Tre
Grout,Jamie,Hilmers,Gianna,Grout,Ishmael
McCulley,Jonathan,Loria,Ivana,McCulley,Shea
Clark,Keri,Mullane,Julissa,Clark,Ariel
Chaffee,Reece,Spring,Marivel,Chaffee,Keanu
Coleman,Dajah,Lind,Connie,Coleman,Maximilian
Duke,Geordan,Eisele,Madelyn,Duke,Brenton
Loria,Dasia,Camarda,Sean,Loria,Devan
Arthur,Frederic,Grinch,Sapphire,Arthur,Abdul
Helms,Tyler,Thuot,Iridiana,Helms,Alexandro
Parazynski,Brennen,Gemar,Carol,Parazynski,Ibrahim
Washington,Alicia,Precour,Anissa,Washington,Tyrone
Gutierrez,Shamar,Ewing,Chantal,Gutierrez,Raekwon
Massimino,Aireona,Graveline,Jordyn,Massimino,Lamar
Kennedy,Tyrell,England,Corina,Kennedy,Lauren
Pogue,Carrie,Morgan,Marion,Pogue,Jashua
Bursch,Deante,Mattingly,Amber,Bursch,Xzavier
Lopez,Shuntara,Gruber,Emily,Lopez,Keenan
Carter,Markell,Ashby,Nakia,Carter,German
Harrison,Merissa,Reilly,Karlie,Harrison,Jacques
Glenn,Yovani,McCool,Natalee,Glenn,Victor
Tanner,Elena,Frump,Ayanna,Tanner,Kai
Scott,Gary,Jones,Carla,Scott,Mateo
Buchli,Marlee,Cleveland,Ashli,Buchli,Felipe
Godwin,Sutton,Cunningham,Vivian,Godwin,Leland
Buchli,Karli,Cleveland,Ashli,Buchli,Felipe
Buchli,Craig,Cleveland,Ashli,Buchli,Felipe
Buchli,Jenna,Cleveland,Ashli,Buchli,Felipe
Buchli,Tayler,Cleveland,Ashli,Buchli,Felipe
Buchli,Caitriona,Cleveland,Ashli,Buchli,Felipe
Buchli,Jarrod,Cleveland,Ashli,Buchli,Felipe
Buchli,Judy,Cleveland,Ashli,Buchli,Felipe
Buchli,Louis,Cleveland,Ashli,Buchli,Felipe
Polk,Shaye,Jett,Maegan,Polk,Bernardo
Buchli,Coby,Cleveland,Ashli,Buchli,Felipe
Polk,Ashleigh,Jett,Maegan,Polk,Bernardo
Polk,Dan,Jett,Maegan,Polk,Bernardo
Polk,Zenia,Jett,Maegan,Polk,Bernardo
Polk,Wanya,Jett,Maegan,Polk,Bernardo
Polk,Cheyenne,Jett,Maegan,Polk,Bernardo
Polk,Dexter,Jett,Maegan,Polk,Bernardo
Polk,Chana,Jett,Maegan,Polk,Bernardo
Polk,Jarred,Jett,Maegan,Polk,Bernardo
Polk,Leann,Jett,Maegan,Polk,Bernardo
Polk,Terron,Jett,Maegan,Polk,Bernardo
Polk,Randi,Jett,Maegan,Polk,Bernardo
Polk,Yobani,Jett,Maegan,Polk,Bernardo
Polk,Gwendolyn,Jett,Maegan,Polk,Bernardo
Polk,Moises,Jett,Maegan,Polk,Bernardo
Polk,Delilah,Jett,Maegan,Polk,Bernardo
Gordon,Mathieu,Newman,Promise,Gordon,Payton
Gordon,Tristan,Newman,Promise,Gordon,Payton
Gordon,Joshua,Newman,Promise,Gordon,Payton
Gordon,Ellie,Newman,Promise,Gordon,Payton
Gordon,Devyn,Newman,Promise,Gordon,Payton
Gordon,Sarafina,Newman,Promise,Gordon,Payton
Gordon,Nikolas,Newman,Promise,Gordon,Payton
Wilson,Kiara,Grout,Jamie,Wilson,Yobani
Gordon,Colby,Newman,Promise,Gordon,Payton
Wilson,Donisha,Grout,Jamie,Wilson,Yobani
Wilson,Yvan,Grout,Jamie,Wilson,Yobani
McCulley,Geneva,Clark,Keri,McCulley,Jonathan
McCulley,Terence,Clark,Keri,McCulley,Jonathan
McCulley,Tiffany,Clark,Keri,McCulley,Jonathan
McCulley,Johnny,Clark,Keri,McCulley,Jonathan
McCulley,London,Clark,Keri,McCulley,Jonathan
McCulley,Joshua,Clark,Keri,McCulley,Jonathan
McCulley,Keely,Clark,Keri,McCulley,Jonathan
McCulley,Nadav,Clark,Keri,McCulley,Jonathan
McCulley,Reina,Clark,Keri,McCulley,Jonathan
Chaffee,Dylan,Coleman,Dajah,Chaffee,Reece
Chaffee,Carson,Coleman,Dajah,Chaffee,Reece
Duke,Melvin,Loria,Dasia,Duke,Geordan
Chaffee,Chastity,Coleman,Dajah,Chaffee,Reece
Duke,Andre,Loria,Dasia,Duke,Geordan
Chaffee,Tiffani,Coleman,Dajah,Chaffee,Reece
Duke,Armani,Loria,Dasia,Duke,Geordan
Duke,Perla,Loria,Dasia,Duke,Geordan
Duke,Talon,Loria,Dasia,Duke,Geordan
Duke,Mariangeli,Loria,Dasia,Duke,Geordan
Duke,Skylar,Loria,Dasia,Duke,Geordan
Duke,Kelsi,Loria,Dasia,Duke,Geordan
Duke,Noe,Loria,Dasia,Duke,Geordan
Duke,Torrie,Loria,Dasia,Duke,Geordan
Duke,Ulysses,Loria,Dasia,Duke,Geordan
Duke,Brynn,Loria,Dasia,Duke,Geordan
Duke,Dante,Loria,Dasia,Duke,Geordan
Duke,Drew,Loria,Dasia,Duke,Geordan
Duke,Tobias,Loria,Dasia,Duke,Geordan
Arthur,Daniela,Helms,Tyler,Arthur,Frederic
Duke,Andres,Loria,Dasia,Duke,Geordan
Arthur,Ashtin,Helms,Tyler,Arthur,Frederic
Duke,Sunny,Loria,Dasia,Duke,Geordan
Arthur,Caitriona,Helms,Tyler,Arthur,Frederic
Arthur,Sebastian,Helms,Tyler,Arthur,Frederic
Parazynski,Dana,Washington,Alicia,Parazynski,Brennen
Arthur,Rasheed,Helms,Tyler,Arthur,Frederic
Parazynski,Maricarmen,Washington,Alicia,Parazynski,Brennen
Arthur,Andy,Helms,Tyler,Arthur,Frederic
Parazynski,Jessie,Washington,Alicia,Parazynski,Brennen
Parazynski,Parker,Washington,Alicia,Parazynski,Brennen
Parazynski,Xena,Washington,Alicia,Parazynski,Brennen
Parazynski,Coby,Washington,Alicia,Parazynski,Brennen
Gutierrez,Jackie,Massimino,Aireona,Gutierrez,Shamar
Parazynski,Alexandro,Washington,Alicia,Parazynski,Brennen
Gutierrez,Jamie,Massimino,Aireona,Gutierrez,Shamar
Parazynski,Byron,Washington,Alicia,Parazynski,Brennen
Gutierrez,Ashleigh,Massimino,Aireona,Gutierrez,Shamar
Parazynski,Harold,Washington,Alicia,Parazynski,Brennen
Kennedy,Rhiannon,Pogue,Carrie,Kennedy,Tyrell
Parazynski,Benjamin,Washington,Alicia,Parazynski,Brennen
Kennedy,Sheila,Pogue,Carrie,Kennedy,Tyrell
Parazynski,Mauro,Washington,Alicia,Parazynski,Brennen
Kennedy,Sapphire,Pogue,Carrie,Kennedy,Tyrell
Parazynski,Branden,Washington,Alicia,Parazynski,Brennen
Kennedy,Keara,Pogue,Carrie,Kennedy,Tyrell
Parazynski,Stefan,Washington,Alicia,Parazynski,Brennen
Kennedy,Larissa,Pogue,Carrie,Kennedy,Tyrell
Parazynski,Rolando,Washington,Alicia,Parazynski,Brennen
Bursch,Abigail,Lopez,Shuntara,Bursch,Deante
Parazynski,Jamir,Washington,Alicia,Parazynski,Brennen
Bursch,Jennah,Lopez,Shuntara,Bursch,Deante
Parazynski,Reuben,Washington,Alicia,Parazynski,Brennen
Bursch,Karley,Lopez,Shuntara,Bursch,Deante
Parazynski,Lukas,Washington,Alicia,Parazynski,Brennen
Bursch,Keisha,Lopez,Shuntara,Bursch,Deante
Kennedy,Roberto,Pogue,Carrie,Kennedy,Tyrell
Bursch,Yessenia,Lopez,Shuntara,Bursch,Deante
Kennedy,Kyle,Pogue,Carrie,Kennedy,Tyrell
Bursch,Armani,Lopez,Shuntara,Bursch,Deante
Bursch,Shaquille,Lopez,Shuntara,Bursch,Deante
Bursch,Isadora,Lopez,Shuntara,Bursch,Deante
Bursch,Ben,Lopez,Shuntara,Bursch,Deante
Bursch,Amy,Lopez,Shuntara,Bursch,Deante
Bursch,Esteban,Lopez,Shuntara,Bursch,Deante
Bursch,Rosemary,Lopez,Shuntara,Bursch,Deante
Bursch,Deshaun,Lopez,Shuntara,Bursch,Deante
Bursch,Tawny,Lopez,Shuntara,Bursch,Deante
Bursch,Brendon,Lopez,Shuntara,Bursch,Deante
Bursch,Kate,Lopez,Shuntara,Bursch,Deante
Bursch,Bryant,Lopez,Shuntara,Bursch,Deante
Bursch,Chloe,Lopez,Shuntara,Bursch,Deante
Carter,Taquan,Harrison,Merissa,Carter,Markell
Bursch,Mckenna,Lopez,Shuntara,Bursch,Deante
Carter,Sterling,Harrison,Merissa,Carter,Markell
Carter,Clair,Harrison,Merissa,Carter,Markell
Carter,Sunny,Harrison,Merissa,Carter,Markell
Carter,Ciara,Harrison,Merissa,Carter,Markell
Carter,Jajuan,Harrison,Merissa,Carter,Markell
Carter,Hope,Harrison,Merissa,Carter,Markell
Carter,Yash,Harrison,Merissa,Carter,Markell
Carter,Mercedes,Harrison,Merissa,Carter,Markell
Carter,Ravon,Harrison,Merissa,Carter,Markell
Carter,Shaylee,Harrison,Merissa,Carter,Markell
Carter,Addison,Harrison,Merissa,Carter,Markell
Carter,Kailee,Harrison,Merissa,Carter,Markell
Carter,Adam,Harrison,Merissa,Carter,Markell
Carter,Shana,Harrison,Merissa,Carter,Markell
Glenn,Dominique,Tanner,Elena,Glenn,Yovani
Carter,Casandra,Harrison,Merissa,Carter,Markell
Glenn,Khalil,Tanner,Elena,Glenn,Yovani
Carter,Chelsy,Harrison,Merissa,Carter,Markell
Scott,Damon,Buchli,Marlee,Scott,Gary
Glenn,Domonique,Tanner,Elena,Glenn,Yovani
Scott,Garett,Buchli,Marlee,Scott,Gary
Glenn,Liliana,Tanner,Elena,Glenn,Yovani
Scott,Timothy,Buchli,Marlee,Scott,Gary
Glenn,Vera,Tanner,Elena,Glenn,Yovani
Scott,Kyle,Buchli,Marlee,Scott,Gary
Glenn,Kenya,Tanner,Elena,Glenn,Yovani
Scott,Osvaldo,Buchli,Marlee,Scott,Gary
Glenn,Kelley,Tanner,Elena,Glenn,Yovani
Scott,Derick,Buchli,Marlee,Scott,Gary
Glenn,Kristie,Tanner,Elena,Glenn,Yovani
Scott,Ryland,Buchli,Marlee,Scott,Gary
Glenn,Cambria,Tanner,Elena,Glenn,Yovani
Scott,Brayden,Buchli,Marlee,Scott,Gary
Scott,Jayme,Buchli,Marlee,Scott,Gary
Scott,Brendon,Buchli,Marlee,Scott,Gary
Scott,Camilla,Buchli,Marlee,Scott,Gary
Godwin,Mario,Buchli,Karli,Godwin,Sutton
Scott,Measia,Buchli,Marlee,Scott,Gary
Godwin,Tyson,Buchli,Karli,Godwin,Sutton
Scott,Tatum,Buchli,Marlee,Scott,Gary
Godwin,Kristian,Buchli,Karli,Godwin,Sutton
Godwin,Harley,Buchli,Karli,Godwin,Sutton
Godwin,Johnathon,Buchli,Karli,Godwin,Sutton
Godwin,Brittney,Buchli,Karli,Godwin,Sutton
Godwin,Gunner,Buchli,Karli,Godwin,Sutton
Godwin,Miranda,Buchli,Karli,Godwin,Sutton
Godwin,Mauricio,Buchli,Karli,Godwin,Sutton
Godwin,Lexus,Buchli,Karli,Godwin,Sutton
Godwin,Darrin,Buchli,Karli,Godwin,Sutton
Godwin,Peyton,Buchli,Karli,Godwin,Sutton
Godwin,Alberto,Buchli,Karli,Godwin,Sutton
Godwin,Alma,Buchli,Karli,Godwin,Sutton
Godwin,Guadalupe,Buchli,Karli,Godwin,Sutton
Godwin,Shoshana,Buchli,Karli,Godwin,Sutton
Godwin,Clint,Buchli,Karli,Godwin,Sutton
Buchli,Yasmeen,Polk,Shaye,Buchli,Craig
Godwin,Domonic,Buchli,Karli,Godwin,Sutton
Buchli,Mercedes,Polk,Shaye,Buchli,Craig
Godwin,Steve,Buchli,Karli,Godwin,Sutton
Buchli,Joselin,Polk,Ashleigh,Buchli,Tayler
Buchli,Shayne,Polk,Shaye,Buchli,Craig
Buchli,Yazmin,Polk,Ashleigh,Buchli,Tayler
Buchli,Cade,Polk,Shaye,Buchli,Craig
Buchli,Sheniqua,Polk,Ashleigh,Buchli,Tayler
Buchli,Juancarlos,Polk,Ashleigh,Buchli,Tayler
Buchli,Natalia,Polk,Zenia,Buchli,Jarrod
Buchli,Royce,Polk,Ashleigh,Buchli,Tayler
Buchli,Elissa,Polk,Zenia,Buchli,Jarrod
Buchli,Quentin,Polk,Ashleigh,Buchli,Tayler
Buchli,Tess,Polk,Zenia,Buchli,Jarrod
Buchli,Kai,Polk,Ashleigh,Buchli,Tayler
Buchli,Sheridan,Polk,Chana,Buchli,Coby
Buchli,Kalon,Polk,Ashleigh,Buchli,Tayler
Buchli,Miriam,Polk,Chana,Buchli,Coby
Buchli,Brody,Polk,Ashleigh,Buchli,Tayler
Buchli,Dalila,Polk,Chana,Buchli,Coby
Buchli,Noel,Polk,Ashleigh,Buchli,Tayler
Buchli,Olivia,Polk,Chana,Buchli,Coby
Buchli,Glenn,Polk,Ashleigh,Buchli,Tayler
Polk,Monica,Buchli,Jenna,Polk,Dan
Buchli,Oscar,Polk,Ashleigh,Buchli,Tayler
Polk,Alysia,Buchli,Caitriona,Polk,Wanya
Buchli,Jorge,Polk,Ashleigh,Buchli,Tayler
Polk,Kaylah,Buchli,Caitriona,Polk,Wanya
Buchli,Derick,Polk,Ashleigh,Buchli,Tayler
Polk,Jaycie,Buchli,Judy,Polk,Dexter
Buchli,Bobby,Polk,Ashleigh,Buchli,Tayler
Polk,Jaymi,Buchli,Judy,Polk,Dexter
Buchli,Garret,Polk,Zenia,Buchli,Jarrod
Polk,Stephania,Buchli,Judy,Polk,Dexter
Buchli,Justice,Polk,Zenia,Buchli,Jarrod
Polk,Cody,Buchli,Judy,Polk,Dexter
Buchli,Don,Polk,Zenia,Buchli,Jarrod
Polk,Devany,Buchli,Judy,Polk,Dexter
Buchli,Devin,Polk,Cheyenne,Buchli,Louis
Polk,Jori,Buchli,Judy,Polk,Dexter
Buchli,Gene,Polk,Cheyenne,Buchli,Louis
Polk,Allie,Buchli,Judy,Polk,Dexter
Buchli,Shane,Polk,Cheyenne,Buchli,Louis
Polk,Olga,Buchli,Judy,Polk,Dexter
Buchli,Javonte,Polk,Cheyenne,Buchli,Louis
Polk,Stormy,Gordon,Tristan,Polk,Jarred
Buchli,Marielle,Polk,Cheyenne,Buchli,Louis
Polk,Cali,Gordon,Tristan,Polk,Jarred
Buchli,Reese,Polk,Cheyenne,Buchli,Louis
Polk,Katelynn,Gordon,Tristan,Polk,Jarred
Buchli,Mauricio,Polk,Cheyenne,Buchli,Louis
Polk,Chloie,Gordon,Tristan,Polk,Jarred
Buchli,Harry,Polk,Chana,Buchli,Coby
Polk,Cecelia,Gordon,Tristan,Polk,Jarred
Buchli,Myles,Polk,Chana,Buchli,Coby
Polk,Trinity,Gordon,Tristan,Polk,Jarred
Buchli,Deondre,Polk,Chana,Buchli,Coby
Polk,Antoinette,Gordon,Tristan,Polk,Jarred
Polk,Jalen,Buchli,Jenna,Polk,Dan
Polk,Blair,Gordon,Tristan,Polk,Jarred
Polk,Samuel,Buchli,Jenna,Polk,Dan
Polk,Alondra,Gordon,Ellie,Polk,Terron
Polk,James,Buchli,Jenna,Polk,Dan
Polk,Cheryl,Gordon,Ellie,Polk,Terron
Polk,Ben,Buchli,Caitriona,Polk,Wanya
Polk,Myranda,Gordon,Ellie,Polk,Terron
Polk,Danny,Buchli,Judy,Polk,Dexter
Polk,Natalee,Gordon,Ellie,Polk,Terron
Polk,Oliver,Buchli,Judy,Polk,Dexter
Polk,Callie,Gordon,Ellie,Polk,Terron
Polk,Al,Buchli,Judy,Polk,Dexter
Polk,Kaycee,Gordon,Sarafina,Polk,Yobani
Polk,Zachariah,Buchli,Judy,Polk,Dexter
Polk,Maegan,Gordon,Sarafina,Polk,Yobani
Polk,Irfan,Buchli,Judy,Polk,Dexter
Polk,Sarahmarie,Gordon,Sarafina,Polk,Yobani
Polk,Kelvin,Buchli,Judy,Polk,Dexter
Polk,Logan,Gordon,Sarafina,Polk,Yobani
Polk,Sebastian,Gordon,Tristan,Polk,Jarred
Polk,Rowan,Gordon,Sarafina,Polk,Yobani
Polk,Coby,Gordon,Tristan,Polk,Jarred
Polk,Dallas,Gordon,Sarafina,Polk,Yobani
Polk,Clint,Gordon,Tristan,Polk,Jarred
Polk,Tyeisha,Gordon,Sarafina,Polk,Yobani
Polk,Jared,Gordon,Tristan,Polk,Jarred
Polk,Tabitha,Gordon,Sarafina,Polk,Yobani
Polk,Leland,Gordon,Tristan,Polk,Jarred
Polk,Onesha,Gordon,Sarafina,Polk,Yobani
Polk,Derek,Gordon,Tristan,Polk,Jarred
Polk,Aubrie,Gordon,Sarafina,Polk,Yobani
Polk,Wilfredo,Gordon,Tristan,Polk,Jarred
Polk,Anahi,Gordon,Sarafina,Polk,Yobani
Polk,Tre,Gordon,Tristan,Polk,Jarred
Polk,Carson,Wilson,Kiara,Polk,Moises
Polk,Brenden,Gordon,Tristan,Polk,Jarred
Polk,Beatriz,Wilson,Kiara,Polk,Moises
Polk,Zane,Gordon,Tristan,Polk,Jarred
Polk,Isabelle,Wilson,Kiara,Polk,Moises
Polk,Dreshaun,Gordon,Ellie,Polk,Terron
Polk,Hunter,Wilson,Kiara,Polk,Moises
Polk,Ivan,Gordon,Ellie,Polk,Terron
Gordon,Xochitl,Polk,Leann,Gordon,Mathieu
Polk,Matthew,Gordon,Ellie,Polk,Terron
Gordon,Jacquelin,Polk,Leann,Gordon,Mathieu
Polk,Theodore,Gordon,Ellie,Polk,Terron
Gordon,Heavenly,Polk,Randi,Gordon,Joshua
Polk,Andres,Gordon,Sarafina,Polk,Yobani
Gordon,Sky,Polk,Randi,Gordon,Joshua
Polk,Gage,Gordon,Sarafina,Polk,Yobani
Gordon,Gabriela,Polk,Randi,Gordon,Joshua
Polk,Elliot,Gordon,Sarafina,Polk,Yobani
Gordon,Kristian,Polk,Randi,Gordon,Joshua
Polk,Maverick,Gordon,Sarafina,Polk,Yobani
Gordon,Valentina,Polk,Randi,Gordon,Joshua
Polk,Ramiro,Gordon,Sarafina,Polk,Yobani
Gordon,Shea,Polk,Randi,Gordon,Joshua
Polk,Rory,Gordon,Sarafina,Polk,Yobani
Gordon,Suleyma,Polk,Randi,Gordon,Joshua
Polk,Larry,Gordon,Sarafina,Polk,Yobani
Gordon,Ramona,Polk,Randi,Gordon,Joshua
Polk,Spenser,Gordon,Sarafina,Polk,Yobani
Gordon,Carmelita,Polk,Randi,Gordon,Joshua
Polk,Deondre,Gordon,Sarafina,Polk,Yobani
Gordon,Kyana,Polk,Randi,Gordon,Joshua
Polk,Vicente,Wilson,Kiara,Polk,Moises
Gordon,Alesia,Polk,Gwendolyn,Gordon,Devyn
Polk,Efren,Wilson,Kiara,Polk,Moises
Gordon,Alysia,Polk,Gwendolyn,Gordon,Devyn
Polk,Allen,Wilson,Kiara,Polk,Moises
Gordon,Chelsey,Polk,Gwendolyn,Gordon,Devyn
Gordon,Miles,Polk,Leann,Gordon,Mathieu
Gordon,Maryanne,Polk,Gwendolyn,Gordon,Devyn
Gordon,Torey,Polk,Leann,Gordon,Mathieu
Gordon,Kori,Polk,Gwendolyn,Gordon,Devyn
Gordon,Trae,Polk,Leann,Gordon,Mathieu
Gordon,Bobbie,Polk,Gwendolyn,Gordon,Devyn
Gordon,Willie,Polk,Leann,Gordon,Mathieu
Gordon,Emmalee,Polk,Gwendolyn,Gordon,Devyn
Gordon,Tate,Polk,Leann,Gordon,Mathieu
Gordon,Samantha,Polk,Delilah,Gordon,Nikolas
Gordon,Henry,Polk,Leann,Gordon,Mathieu
Gordon,Stevie,Polk,Delilah,Gordon,Nikolas
Gordon,August,Polk,Leann,Gordon,Mathieu
Gordon,Raquel,Polk,Delilah,Gordon,Nikolas
Gordon,Dallas,Polk,Leann,Gordon,Mathieu
Gordon,Chastity,Polk,Delilah,Gordon,Nikolas
Gordon,Trevin,Polk,Leann,Gordon,Mathieu
Gordon,Yazmin,Wilson,Donisha,Gordon,Colby
Gordon,Dontae,Polk,Randi,Gordon,Joshua
Wilson,Destini,McCulley,Geneva,Wilson,Yvan
Gordon,Dion,Polk,Randi,Gordon,Joshua
Wilson,Vivien,McCulley,Geneva,Wilson,Yvan
Gordon,Demetrius,Polk,Randi,Gordon,Joshua
McCulley,Danika,Chaffee,Carson,McCulley,Terence
Gordon,Hudson,Polk,Randi,Gordon,Joshua
McCulley,Jena,Chaffee,Carson,McCulley,Terence
Gordon,Reynaldo,Polk,Randi,Gordon,Joshua
McCulley,Sage,Chaffee,Carson,McCulley,Terence
Gordon,Lloyd,Polk,Randi,Gordon,Joshua
McCulley,Nicolette,Chaffee,Carson,McCulley,Terence
Gordon,Javier,Polk,Randi,Gordon,Joshua
McCulley,Caylee,Chaffee,Carson,McCulley,Terence
Gordon,Abraham,Polk,Randi,Gordon,Joshua
McCulley,Makayla,Chaffee,Carson,McCulley,Terence
Gordon,Jaime,Polk,Gwendolyn,Gordon,Devyn
McCulley,Kaitlynn,Chaffee,Carson,McCulley,Terence
Gordon,Maxwell,Polk,Gwendolyn,Gordon,Devyn
McCulley,Marysol,Chaffee,Carson,McCulley,Terence
Gordon,Rolando,Polk,Gwendolyn,Gordon,Devyn
McCulley,Heather,Chaffee,Carson,McCulley,Terence
Gordon,Shemar,Polk,Gwendolyn,Gordon,Devyn
McCulley,Brenna,Chaffee,Chastity,McCulley,Johnny
Gordon,Darnell,Polk,Gwendolyn,Gordon,Devyn
McCulley,Iridiana,Chaffee,Tiffani,McCulley,Joshua
Gordon,Ward,Polk,Gwendolyn,Gordon,Devyn
McCulley,Kaya,Chaffee,Tiffani,McCulley,Joshua
Gordon,Neil,Polk,Gwendolyn,Gordon,Devyn
McCulley,Nakia,Chaffee,Tiffani,McCulley,Joshua
Gordon,Melvin,Polk,Gwendolyn,Gordon,Devyn
McCulley,Kianna,Chaffee,Tiffani,McCulley,Joshua
Gordon,Kevon,Polk,Gwendolyn,Gordon,Devyn
McCulley,Stephany,Chaffee,Tiffani,McCulley,Joshua
Gordon,Arnold,Polk,Delilah,Gordon,Nikolas
McCulley,Irene,Chaffee,Tiffani,McCulley,Joshua
Gordon,Emiliano,Polk,Delilah,Gordon,Nikolas
McCulley,Jonae,Chaffee,Tiffani,McCulley,Joshua
Gordon,Dedrick,Polk,Delilah,Gordon,Nikolas
McCulley,Grace,Chaffee,Tiffani,McCulley,Joshua
Gordon,Malik,Polk,Delilah,Gordon,Nikolas
McCulley,Elida,Duke,Perla,McCulley,Nadav
Gordon,Aron,Polk,Delilah,Gordon,Nikolas
McCulley,Yvonne,Duke,Perla,McCulley,Nadav
Gordon,Raul,Polk,Delilah,Gordon,Nikolas
McCulley,Geraldine,Duke,Perla,McCulley,Nadav
Gordon,Pierce,Polk,Delilah,Gordon,Nikolas
McCulley,Ixchel,Duke,Perla,McCulley,Nadav
Gordon,Rayvon,Wilson,Donisha,Gordon,Colby
McCulley,Tori,Duke,Perla,McCulley,Nadav
Gordon,Jonathan,Wilson,Donisha,Gordon,Colby
McCulley,Reyna,Duke,Perla,McCulley,Nadav
Gordon,Myles,Wilson,Donisha,Gordon,Colby
McCulley,Sania,Duke,Perla,McCulley,Nadav
Wilson,Kevon,McCulley,Geneva,Wilson,Yvan
McCulley,Anissa,Duke,Perla,McCulley,Nadav
Wilson,Quintin,McCulley,Geneva,Wilson,Yvan
McCulley,Katy,Duke,Perla,McCulley,Nadav
McCulley,Vicente,Chaffee,Carson,McCulley,Terence
McCulley,Tanya,Duke,Perla,McCulley,Nadav
McCulley,Jayden,Chaffee,Carson,McCulley,Terence
Chaffee,Janette,McCulley,Tiffany,Chaffee,Dylan
McCulley,Rodolfo,Chaffee,Carson,McCulley,Terence
Chaffee,Ivana,McCulley,Tiffany,Chaffee,Dylan
McCulley,Kyle,Chaffee,Carson,McCulley,Terence
Chaffee,Haley,McCulley,Tiffany,Chaffee,Dylan
McCulley,Erick,Chaffee,Carson,McCulley,Terence
Chaffee,Tierra,McCulley,Tiffany,Chaffee,Dylan
McCulley,Reuben,Chaffee,Carson,McCulley,Terence
Chaffee,Kaylah,McCulley,Tiffany,Chaffee,Dylan
McCulley,Mauricio,Chaffee,Carson,McCulley,Terence
Duke,Kirstin,McCulley,London,Duke,Melvin
McCulley,Raphael,Chaffee,Chastity,McCulley,Johnny
Duke,Nora,McCulley,Keely,Duke,Andre
McCulley,Seth,Chaffee,Chastity,McCulley,Johnny
Duke,Deyaneira,McCulley,Keely,Duke,Andre
McCulley,Andres,Chaffee,Chastity,McCulley,Johnny
Duke,Jayla,McCulley,Keely,Duke,Andre
McCulley,John,Chaffee,Chastity,McCulley,Johnny
Duke,Michal,McCulley,Keely,Duke,Andre
McCulley,Charles,Chaffee,Tiffani,McCulley,Joshua
Duke,Meredith,McCulley,Keely,Duke,Andre
McCulley,Neil,Chaffee,Tiffani,McCulley,Joshua
Duke,Dorothy,McCulley,Keely,Duke,Andre
McCulley,Rolando,Chaffee,Tiffani,McCulley,Joshua
Duke,Shanna,McCulley,Reina,Duke,Armani
McCulley,Don,Chaffee,Tiffani,McCulley,Joshua
Duke,Taelor,Arthur,Daniela,Duke,Talon
McCulley,Kristian,Chaffee,Tiffani,McCulley,Joshua
Duke,Jazmin,Arthur,Daniela,Duke,Talon
McCulley,Shawn,Chaffee,Tiffani,McCulley,Joshua
Duke,Irene,Arthur,Daniela,Duke,Talon
McCulley,James,Chaffee,Tiffani,McCulley,Joshua
Duke,London,Arthur,Daniela,Duke,Talon
McCulley,Pablo,Chaffee,Tiffani,McCulley,Joshua
Duke,Cindy,Arthur,Daniela,Duke,Talon
McCulley,Adan,Duke,Perla,McCulley,Nadav
Duke,Carol,Arthur,Daniela,Duke,Talon
McCulley,Darrin,Duke,Perla,McCulley,Nadav
Duke,Juliet,Arthur,Daniela,Duke,Talon
McCulley,Juan,Duke,Perla,McCulley,Nadav
Duke,Allana,Arthur,Daniela,Duke,Talon
McCulley,Javier,Duke,Perla,McCulley,Nadav
Duke,Brianna,Arthur,Daniela,Duke,Talon
McCulley,Shareef,Duke,Perla,McCulley,Nadav
Duke,Angelika,Arthur,Ashtin,Duke,Skylar
McCulley,Angelo,Duke,Perla,McCulley,Nadav
Duke,Reyna,Arthur,Ashtin,Duke,Skylar
McCulley,Rakeem,Duke,Perla,McCulley,Nadav
Duke,Isabelle,Arthur,Ashtin,Duke,Skylar
McCulley,Kody,Duke,Perla,McCulley,Nadav
Duke,Diana,Arthur,Ashtin,Duke,Skylar
Chaffee,Stephen,McCulley,Tiffany,Chaffee,Dylan
Duke,Maricela,Arthur,Ashtin,Duke,Skylar
Chaffee,Cristian,McCulley,Tiffany,Chaffee,Dylan
Duke,Nia,Arthur,Ashtin,Duke,Skylar
Chaffee,Jesse,McCulley,Tiffany,Chaffee,Dylan
Duke,Caitlyn,Arthur,Ashtin,Duke,Skylar
Chaffee,Moises,McCulley,Tiffany,Chaffee,Dylan
Duke,Ebony,Arthur,Ashtin,Duke,Skylar
Chaffee,Chase,McCulley,Tiffany,Chaffee,Dylan
Duke,Jamiya,Arthur,Ashtin,Duke,Skylar
Duke,Isidro,McCulley,London,Duke,Melvin
Duke,Veronica,Arthur,Ashtin,Duke,Skylar
Duke,Irfan,McCulley,London,Duke,Melvin
Duke,Ravin,Arthur,Ashtin,Duke,Skylar
Duke,Marcanthon,McCulley,Keely,Duke,Andre
Duke,Chana,Arthur,Ashtin,Duke,Skylar
Duke,Isaiah,McCulley,Keely,Duke,Andre
Duke,Virginia,Arthur,Ashtin,Duke,Skylar
Duke,Kayle,McCulley,Keely,Duke,Andre
Duke,Janay,Arthur,Ashtin,Duke,Skylar
Duke,Miles,McCulley,Keely,Duke,Andre
Duke,Bianca,Arthur,Caitriona,Duke,Noe
Duke,Zaire,McCulley,Keely,Duke,Andre
Duke,Maria,Arthur,Caitriona,Duke,Noe
Duke,Dustin,McCulley,Keely,Duke,Andre
Duke,Kayley,Arthur,Caitriona,Duke,Noe
Duke,Steven,McCulley,Keely,Duke,Andre
Duke,Reagan,Parazynski,Dana,Duke,Ulysses
Duke,Emmanuel,McCulley,Reina,Duke,Armani
Duke,Maryann,Parazynski,Dana,Duke,Ulysses
Duke,Carl,McCulley,Reina,Duke,Armani
Duke,Marjorie,Parazynski,Dana,Duke,Ulysses
Duke,Marvin,McCulley,Reina,Duke,Armani
Duke,Shoshana,Parazynski,Maricarmen,Duke,Dante
Duke,Garin,McCulley,Reina,Duke,Armani
Duke,Kirstie,Parazynski,Maricarmen,Duke,Dante
Duke,Korey,Arthur,Daniela,Duke,Talon
Duke,Iridiana,Parazynski,Maricarmen,Duke,Dante
Duke,Dillon,Arthur,Daniela,Duke,Talon
Duke,Jaymee,Parazynski,Maricarmen,Duke,Dante
Duke,Cristian,Arthur,Daniela,Duke,Talon
Duke,Shea,Parazynski,Maricarmen,Duke,Dante
Duke,Reuben,Arthur,Daniela,Duke,Talon
Duke,Yazmin,Parazynski,Maricarmen,Duke,Dante
Duke,Shmuel,Arthur,Ashtin,Duke,Skylar
Duke,Brandi,Parazynski,Maricarmen,Duke,Dante
Duke,Thomas,Arthur,Ashtin,Duke,Skylar
Duke,Haylee,Parazynski,Maricarmen,Duke,Dante
Duke,Jonathon,Arthur,Ashtin,Duke,Skylar
Duke,Jonae,Parazynski,Maricarmen,Duke,Dante
Duke,Lane,Arthur,Ashtin,Duke,Skylar
Duke,Yolanda,Parazynski,Jessie,Duke,Tobias
Duke,Joey,Arthur,Ashtin,Duke,Skylar
Duke,Callie,Parazynski,Jessie,Duke,Tobias
Duke,Jameson,Arthur,Ashtin,Duke,Skylar
Duke,Debra,Parazynski,Jessie,Duke,Tobias
Duke,Nolan,Arthur,Caitriona,Duke,Noe
Duke,Flor,Parazynski,Jessie,Duke,Tobias
Duke,Gregory,Arthur,Caitriona,Duke,Noe
Duke,Tabatha,Parazynski,Jessie,Duke,Tobias
Duke,Killian,Arthur,Caitriona,Duke,Noe
Duke,Shyla,Parazynski,Xena,Duke,Andres
Duke,Desmond,Arthur,Caitriona,Duke,Noe
Duke,Joceline,Parazynski,Xena,Duke,Andres
Duke,Deangelo,Arthur,Caitriona,Duke,Noe
Duke,Shyann,Parazynski,Xena,Duke,Andres
Duke,Salvatore,Arthur,Caitriona,Duke,Noe
Duke,Aria,Parazynski,Xena,Duke,Andres
Duke,Jordan,Arthur,Caitriona,Duke,Noe
Duke,Camille,Parazynski,Xena,Duke,Andres
Duke,Garrison,Arthur,Caitriona,Duke,Noe
Duke,Kristian,Parazynski,Xena,Duke,Andres
Duke,Hakeem,Parazynski,Dana,Duke,Ulysses
Duke,Itzel,Parazynski,Xena,Duke,Andres
Duke,Hudson,Parazynski,Maricarmen,Duke,Dante
Duke,Anita,Parazynski,Xena,Duke,Andres
Duke,Garrick,Parazynski,Maricarmen,Duke,Dante
Duke,Liza,Parazynski,Xena,Duke,Andres
Duke,Aron,Parazynski,Maricarmen,Duke,Dante
Duke,Anastasia,Parazynski,Xena,Duke,Andres
Duke,Keeton,Parazynski,Maricarmen,Duke,Dante
Duke,Julia,Parazynski,Xena,Duke,Andres
Duke,Tad,Parazynski,Maricarmen,Duke,Dante
Duke,Amber,Gutierrez,Jackie,Duke,Sunny
Duke,Enoch,Parazynski,Maricarmen,Duke,Dante
Duke,Tia,Gutierrez,Jackie,Duke,Sunny
Duke,Hiram,Parazynski,Maricarmen,Duke,Dante
Arthur,Stacie,Duke,Mariangeli,Arthur,Sebastian
Duke,Nelson,Parazynski,Maricarmen,Duke,Dante
Arthur,Paige,Duke,Mariangeli,Arthur,Sebastian
Duke,Zakery,Parazynski,Maricarmen,Duke,Dante
Arthur,Amari,Duke,Mariangeli,Arthur,Sebastian
Duke,Roger,Parazynski,Maricarmen,Duke,Dante
Arthur,Skylar,Duke,Mariangeli,Arthur,Sebastian
Duke,Vinh,Parazynski,Jessie,Duke,Tobias
Arthur,Isis,Duke,Mariangeli,Arthur,Sebastian
Duke,Al,Parazynski,Jessie,Duke,Tobias
Arthur,Monika,Duke,Mariangeli,Arthur,Sebastian
Duke,Elliott,Parazynski,Jessie,Duke,Tobias
Arthur,Astrid,Duke,Mariangeli,Arthur,Sebastian
Duke,Dusty,Parazynski,Jessie,Duke,Tobias
Arthur,Myra,Duke,Kelsi,Arthur,Rasheed
Duke,Denzel,Parazynski,Jessie,Duke,Tobias
Arthur,Kristy,Duke,Kelsi,Arthur,Rasheed
Duke,Bradlee,Parazynski,Jessie,Duke,Tobias
Arthur,Kayle,Duke,Kelsi,Arthur,Rasheed
Duke,Micah,Parazynski,Jessie,Duke,Tobias
Arthur,Britney,Duke,Kelsi,Arthur,Rasheed
Duke,Efrain,Parazynski,Jessie,Duke,Tobias
Arthur,Kate,Duke,Kelsi,Arthur,Rasheed
Duke,Curtis,Parazynski,Xena,Duke,Andres
Arthur,Evelyn,Duke,Kelsi,Arthur,Rasheed
Duke,Rayvon,Parazynski,Xena,Duke,Andres
Arthur,Catherine,Duke,Kelsi,Arthur,Rasheed
Duke,Alexander,Parazynski,Xena,Duke,Andres
Arthur,Suzette,Duke,Kelsi,Arthur,Rasheed
Duke,Cory,Parazynski,Xena,Duke,Andres
Arthur,Niyah,Duke,Torrie,Arthur,Andy
Duke,Damon,Parazynski,Xena,Duke,Andres
Arthur,Judith,Duke,Torrie,Arthur,Andy
Duke,Rex,Parazynski,Xena,Duke,Andres
Arthur,Krystal,Duke,Torrie,Arthur,Andy
Duke,Pedro,Gutierrez,Jackie,Duke,Sunny
Arthur,Destinee,Duke,Torrie,Arthur,Andy
Duke,Darnell,Gutierrez,Jackie,Duke,Sunny
Arthur,Antoinette,Duke,Torrie,Arthur,Andy
Duke,Hayes,Gutierrez,Jackie,Duke,Sunny
Arthur,Mariah,Duke,Torrie,Arthur,Andy
Duke,Beau,Gutierrez,Jackie,Duke,Sunny
Arthur,Aleisha,Duke,Torrie,Arthur,Andy
Arthur,Landin,Duke,Mariangeli,Arthur,Sebastian
Parazynski,Alexa,Duke,Brynn,Parazynski,Parker
Arthur,Tallon,Duke,Mariangeli,Arthur,Sebastian
Parazynski,Jane,Duke,Brynn,Parazynski,Parker
Arthur,Everett,Duke,Mariangeli,Arthur,Sebastian
Parazynski,Kelsi,Duke,Brynn,Parazynski,Parker
Arthur,Deshawn,Duke,Mariangeli,Arthur,Sebastian
Parazynski,Laurel,Duke,Brynn,Parazynski,Parker
Arthur,Zaire,Duke,Mariangeli,Arthur,Sebastian
Parazynski,Latoya,Duke,Brynn,Parazynski,Parker
Arthur,Gannon,Duke,Mariangeli,Arthur,Sebastian
Parazynski,Linda,Duke,Brynn,Parazynski,Parker
Arthur,Leonard,Duke,Mariangeli,Arthur,Sebastian
Parazynski,Valeria,Duke,Brynn,Parazynski,Parker
Arthur,Jayden,Duke,Mariangeli,Arthur,Sebastian
Parazynski,Hattie,Duke,Brynn,Parazynski,Parker
Arthur,Dusty,Duke,Mariangeli,Arthur,Sebastian
Parazynski,Tarah,Duke,Brynn,Parazynski,Parker
Arthur,Christophe,Duke,Mariangeli,Arthur,Sebastian
Parazynski,Sage,Duke,Brynn,Parazynski,Parker
Arthur,Marcanthon,Duke,Mariangeli,Arthur,Sebastian
Parazynski,Kristine,Duke,Drew,Parazynski,Coby
Arthur,Guillermo,Duke,Kelsi,Arthur,Rasheed
Parazynski,Lilly,Duke,Drew,Parazynski,Coby
Arthur,Jay,Duke,Kelsi,Arthur,Rasheed
Parazynski,Isadora,Gutierrez,Jamie,Parazynski,Alexandro
Arthur,Colby,Duke,Kelsi,Arthur,Rasheed
Parazynski,Symphony,Gutierrez,Jamie,Parazynski,Alexandro
Arthur,Lashawn,Duke,Kelsi,Arthur,Rasheed
Parazynski,Jamee,Gutierrez,Jamie,Parazynski,Alexandro
Arthur,Daron,Duke,Kelsi,Arthur,Rasheed
Parazynski,Alice,Gutierrez,Jamie,Parazynski,Alexandro
Arthur,Deangelo,Duke,Kelsi,Arthur,Rasheed
Parazynski,Kori,Gutierrez,Jamie,Parazynski,Alexandro
Arthur,Logan,Duke,Kelsi,Arthur,Rasheed
Parazynski,Tiara,Gutierrez,Jamie,Parazynski,Alexandro
Arthur,Justus,Duke,Kelsi,Arthur,Rasheed
Parazynski,Alisha,Gutierrez,Jamie,Parazynski,Alexandro
Arthur,Alfred,Duke,Kelsi,Arthur,Rasheed
Parazynski,Jocelyn,Gutierrez,Jamie,Parazynski,Alexandro
Arthur,Jeremy,Duke,Kelsi,Arthur,Rasheed
Parazynski,Paulina,Gutierrez,Jamie,Parazynski,Alexandro
Arthur,Peyton,Duke,Kelsi,Arthur,Rasheed
Parazynski,Passion,Gutierrez,Ashleigh,Parazynski,Byron
Arthur,Benito,Duke,Torrie,Arthur,Andy
Parazynski,Marycather,Gutierrez,Ashleigh,Parazynski,Byron
Arthur,Douglas,Duke,Torrie,Arthur,Andy
Parazynski,Gladys,Gutierrez,Ashleigh,Parazynski,Byron
Arthur,Deonta,Duke,Torrie,Arthur,Andy
Parazynski,Leana,Gutierrez,Ashleigh,Parazynski,Byron
Arthur,Zachery,Duke,Torrie,Arthur,Andy
Parazynski,Elsa,Gutierrez,Ashleigh,Parazynski,Byron
Arthur,Agustin,Duke,Torrie,Arthur,Andy
Parazynski,Leigh,Gutierrez,Ashleigh,Parazynski,Byron
Parazynski,Nour,Duke,Brynn,Parazynski,Parker
Parazynski,Ayanna,Gutierrez,Ashleigh,Parazynski,Byron
Parazynski,Cody,Duke,Brynn,Parazynski,Parker
Parazynski,Brenna,Kennedy,Sheila,Parazynski,Benjamin
Parazynski,Aspen,Duke,Brynn,Parazynski,Parker
Parazynski,Celina,Kennedy,Sheila,Parazynski,Benjamin
Parazynski,Ravon,Duke,Brynn,Parazynski,Parker
Parazynski,Tehya,Kennedy,Sheila,Parazynski,Benjamin
Parazynski,Jaylon,Duke,Brynn,Parazynski,Parker
Parazynski,Mandy,Kennedy,Sheila,Parazynski,Benjamin
Parazynski,Roland,Duke,Brynn,Parazynski,Parker
Parazynski,Marivel,Kennedy,Sheila,Parazynski,Benjamin
Parazynski,Anthoni,Duke,Brynn,Parazynski,Parker
Parazynski,Sunny,Kennedy,Sheila,Parazynski,Benjamin
Parazynski,Claudio,Duke,Brynn,Parazynski,Parker
Parazynski,Ciera,Kennedy,Sheila,Parazynski,Benjamin
Parazynski,Irvin,Duke,Drew,Parazynski,Coby
Parazynski,Salina,Kennedy,Sheila,Parazynski,Benjamin
Parazynski,Taylor,Duke,Drew,Parazynski,Coby
Parazynski,Stefanie,Kennedy,Sheila,Parazynski,Benjamin
Parazynski,David,Duke,Drew,Parazynski,Coby
Parazynski,Charlotte,Kennedy,Sheila,Parazynski,Benjamin
Parazynski,Curtis,Duke,Drew,Parazynski,Coby
Parazynski,Maya,Kennedy,Sheila,Parazynski,Benjamin
Parazynski,Rafael,Duke,Drew,Parazynski,Coby
Parazynski,Shanise,Kennedy,Sheila,Parazynski,Benjamin
Parazynski,Ezekiel,Duke,Drew,Parazynski,Coby
Parazynski,Annemarie,Kennedy,Sapphire,Parazynski,Mauro
Parazynski,Isidro,Duke,Drew,Parazynski,Coby
Parazynski,Elena,Kennedy,Sapphire,Parazynski,Mauro
Parazynski,Trenton,Duke,Drew,Parazynski,Coby
Parazynski,Aerial,Kennedy,Sapphire,Parazynski,Mauro
Parazynski,Adonis,Gutierrez,Jamie,Parazynski,Alexandro
Parazynski,India,Kennedy,Sapphire,Parazynski,Mauro
Parazynski,Brice,Gutierrez,Jamie,Parazynski,Alexandro
Parazynski,Rosemary,Kennedy,Sapphire,Parazynski,Mauro
Parazynski,Jair,Gutierrez,Jamie,Parazynski,Alexandro
Parazynski,Chardonnay,Kennedy,Sapphire,Parazynski,Mauro
Parazynski,Raul,Gutierrez,Jamie,Parazynski,Alexandro
Parazynski,Tawny,Kennedy,Keara,Parazynski,Branden
Parazynski,Lars,Gutierrez,Jamie,Parazynski,Alexandro
Parazynski,Emma,Kennedy,Larissa,Parazynski,Stefan
Parazynski,Devyn,Gutierrez,Ashleigh,Parazynski,Byron
Parazynski,Banesa,Kennedy,Larissa,Parazynski,Stefan
Parazynski,Diego,Gutierrez,Ashleigh,Parazynski,Byron
Parazynski,Mckinzie,Kennedy,Larissa,Parazynski,Stefan
Parazynski,Houston,Gutierrez,Ashleigh,Parazynski,Byron
Parazynski,Katrina,Kennedy,Larissa,Parazynski,Stefan
Parazynski,Diamond,Gutierrez,Ashleigh,Parazynski,Byron
Parazynski,Randi,Kennedy,Larissa,Parazynski,Stefan
Parazynski,Brennan,Gutierrez,Ashleigh,Parazynski,Byron
Parazynski,Zandria,Kennedy,Larissa,Parazynski,Stefan
Parazynski,Jacob,Gutierrez,Ashleigh,Parazynski,Byron
Parazynski,Marisela,Kennedy,Larissa,Parazynski,Stefan
Parazynski,Kamau,Gutierrez,Ashleigh,Parazynski,Byron
Parazynski,Abbey,Kennedy,Larissa,Parazynski,Stefan
Parazynski,Talon,Gutierrez,Ashleigh,Parazynski,Byron
Parazynski,Jameisha,Bursch,Abigail,Parazynski,Rolando
Parazynski,Isaiah,Gutierrez,Ashleigh,Parazynski,Byron
Parazynski,Miranda,Bursch,Abigail,Parazynski,Rolando
Parazynski,Deanthony,Kennedy,Rhiannon,Parazynski,Harold
Parazynski,Rosemarie,Bursch,Abigail,Parazynski,Rolando
Parazynski,Brady,Kennedy,Rhiannon,Parazynski,Harold
Parazynski,Summer,Bursch,Abigail,Parazynski,Rolando
Parazynski,Domenic,Kennedy,Rhiannon,Parazynski,Harold
Parazynski,Selina,Bursch,Abigail,Parazynski,Rolando
Parazynski,Elliot,Kennedy,Sheila,Parazynski,Benjamin
Parazynski,Measia,Bursch,Abigail,Parazynski,Rolando
Parazynski,Sebastian,Kennedy,Sheila,Parazynski,Benjamin
Parazynski,Makaila,Bursch,Abigail,Parazynski,Rolando
Parazynski,Greyson,Kennedy,Sheila,Parazynski,Benjamin
Parazynski,Carol,Bursch,Jennah,Parazynski,Jamir
Parazynski,Cecil,Kennedy,Sheila,Parazynski,Benjamin
Parazynski,Baylee,Bursch,Jennah,Parazynski,Jamir
Parazynski,Jeremiah,Kennedy,Sheila,Parazynski,Benjamin
Parazynski,Suzette,Bursch,Jennah,Parazynski,Jamir
Parazynski,Deontae,Kennedy,Sheila,Parazynski,Benjamin
Parazynski,Evelin,Bursch,Jennah,Parazynski,Jamir
Parazynski,Keegan,Kennedy,Sapphire,Parazynski,Mauro
Parazynski,Jaqueline,Bursch,Jennah,Parazynski,Jamir
Parazynski,Maximillia,Kennedy,Sapphire,Parazynski,Mauro
Parazynski,Kaylee,Bursch,Jennah,Parazynski,Jamir
Parazynski,Jabari,Kennedy,Sapphire,Parazynski,Mauro
Parazynski,Judith,Bursch,Jennah,Parazynski,Jamir
Parazynski,Marquis,Kennedy,Sapphire,Parazynski,Mauro
Parazynski,Klee,Bursch,Jennah,Parazynski,Jamir
Parazynski,Jaleel,Kennedy,Sapphire,Parazynski,Mauro
Parazynski,Jaycie,Bursch,Jennah,Parazynski,Jamir
Parazynski,Walter,Kennedy,Sapphire,Parazynski,Mauro
Parazynski,Sherridan,Bursch,Jennah,Parazynski,Jamir
Parazynski,Marcanthon,Kennedy,Keara,Parazynski,Branden
Parazynski,Kady,Bursch,Karley,Parazynski,Reuben
Parazynski,Chaz,Kennedy,Keara,Parazynski,Branden
Parazynski,Shyann,Bursch,Karley,Parazynski,Reuben
Buchli,Chaz,Horowitz,India,Cleveland,Jasen,Boilermaker
Parazynski,Kyle,Kennedy,Larissa,Parazynski,Stefan
Parazynski,Delilah,Bursch,Keisha,Parazynski,Lukas
Parazynski,Yovani,Kennedy,Larissa,Parazynski,Stefan
Parazynski,Devonna,Bursch,Keisha,Parazynski,Lukas
Parazynski,Drake,Kennedy,Larissa,Parazynski,Stefan
Kennedy,Jaida,Bursch,Yessenia,Kennedy,Roberto
Parazynski,Rayvon,Kennedy,Larissa,Parazynski,Stefan
Kennedy,Rose,Bursch,Yessenia,Kennedy,Roberto
Parazynski,Leonardo,Kennedy,Larissa,Parazynski,Stefan
Kennedy,Mollie,Bursch,Armani,Kennedy,Kyle
Parazynski,Langston,Kennedy,Larissa,Parazynski,Stefan
Kennedy,Sofia,Bursch,Armani,Kennedy,Kyle
Parazynski,Terry,Kennedy,Larissa,Parazynski,Stefan
Kennedy,Christie,Bursch,Armani,Kennedy,Kyle
Parazynski,Gregory,Kennedy,Larissa,Parazynski,Stefan
Kennedy,Darcie,Bursch,Armani,Kennedy,Kyle
Parazynski,Baby,Kennedy,Larissa,Parazynski,Stefan
Kennedy,Sadia,Bursch,Armani,Kennedy,Kyle
Parazynski,Jed,Bursch,Abigail,Parazynski,Rolando
Kennedy,Kristi,Bursch,Armani,Kennedy,Kyle
Parazynski,Cade,Bursch,Abigail,Parazynski,Rolando
Kennedy,Debra,Bursch,Armani,Kennedy,Kyle
Parazynski,Emanuel,Bursch,Abigail,Parazynski,Rolando
Kennedy,Tiera,Bursch,Armani,Kennedy,Kyle
Parazynski,Braeden,Bursch,Jennah,Parazynski,Jamir
Kennedy,Sneha,Bursch,Armani,Kennedy,Kyle
Parazynski,Orion,Bursch,Jennah,Parazynski,Jamir
Kennedy,Luz,Bursch,Armani,Kennedy,Kyle
Parazynski,Shaquille,Bursch,Jennah,Parazynski,Jamir
Bursch,Christian,Carter,Clair,Bursch,Shaquille
Parazynski,Adalberto,Bursch,Jennah,Parazynski,Jamir
Bursch,Cherokee,Carter,Clair,Bursch,Shaquille
Parazynski,Dreshaun,Bursch,Jennah,Parazynski,Jamir
Bursch,Hana,Carter,Clair,Bursch,Shaquille
Parazynski,Tristin,Bursch,Jennah,Parazynski,Jamir
Bursch,Montana,Carter,Clair,Bursch,Shaquille
Parazynski,Nestor,Bursch,Jennah,Parazynski,Jamir
Bursch,Felicia,Carter,Clair,Bursch,Shaquille
Parazynski,Junior,Bursch,Jennah,Parazynski,Jamir
Bursch,Allie,Carter,Ciara,Bursch,Ben
Parazynski,Jaylin,Bursch,Jennah,Parazynski,Jamir
Bursch,Janessa,Carter,Hope,Bursch,Esteban
Parazynski,Khalid,Bursch,Jennah,Parazynski,Jamir
Bursch,Lilian,Carter,Hope,Bursch,Esteban
Parazynski,Ronnie,Bursch,Karley,Parazynski,Reuben
Bursch,Deondra,Carter,Hope,Bursch,Esteban
Parazynski,Zev,Bursch,Karley,Parazynski,Reuben
Bursch,Noah,Carter,Mercedes,Bursch,Deshaun
Parazynski,Johan,Bursch,Karley,Parazynski,Reuben
Bursch,Lynn,Carter,Mercedes,Bursch,Deshaun
Parazynski,Darryl,Bursch,Keisha,Parazynski,Lukas
Bursch,Aireona,Carter,Mercedes,Bursch,Deshaun
Parazynski,Soren,Bursch,Keisha,Parazynski,Lukas
Bursch,Meghan,Carter,Mercedes,Bursch,Deshaun
Parazynski,Bretton,Bursch,Keisha,Parazynski,Lukas
Bursch,Latoya,Carter,Shaylee,Bursch,Brendon
Parazynski,Norman,Bursch,Keisha,Parazynski,Lukas
Bursch,Briana,Carter,Shaylee,Bursch,Brendon
Parazynski,Toby,Bursch,Keisha,Parazynski,Lukas
Bursch,Trista,Carter,Kailee,Bursch,Bryant
Parazynski,Rodney,Bursch,Keisha,Parazynski,Lukas
Bursch,Lena,Carter,Kailee,Bursch,Bryant
Kennedy,Brock,Bursch,Yessenia,Kennedy,Roberto
Bursch,Suzanna,Carter,Kailee,Bursch,Bryant
Kennedy,Marvin,Bursch,Yessenia,Kennedy,Roberto
Bursch,Carmelita,Carter,Kailee,Bursch,Bryant
Kennedy,Jean,Bursch,Yessenia,Kennedy,Roberto
Bursch,Adriana,Carter,Kailee,Bursch,Bryant
Kennedy,Lukas,Bursch,Yessenia,Kennedy,Roberto
Bursch,Edith,Carter,Kailee,Bursch,Bryant
Kennedy,Antonio,Bursch,Yessenia,Kennedy,Roberto
Carter,Keana,Bursch,Isadora,Carter,Taquan
Kennedy,Brenton,Bursch,Yessenia,Kennedy,Roberto
Carter,Loni,Bursch,Isadora,Carter,Taquan
Kennedy,Simon,Bursch,Yessenia,Kennedy,Roberto
Carter,Maire,Bursch,Amy,Carter,Sterling
Kennedy,Pierce,Bursch,Yessenia,Kennedy,Roberto
Carter,Dandrea,Bursch,Amy,Carter,Sterling
Kennedy,Kapil,Bursch,Yessenia,Kennedy,Roberto
Carter,Jensen,Bursch,Amy,Carter,Sterling
Kennedy,Dangelo,Bursch,Armani,Kennedy,Kyle
Carter,Lynn,Bursch,Amy,Carter,Sterling
Kennedy,Jessee,Bursch,Armani,Kennedy,Kyle
Carter,Annie,Bursch,Amy,Carter,Sterling
Kennedy,Mckay,Bursch,Armani,Kennedy,Kyle
Carter,Eliana,Bursch,Rosemary,Carter,Sunny
Kennedy,Shawn,Bursch,Armani,Kennedy,Kyle
Carter,Marie,Bursch,Rosemary,Carter,Sunny
Kennedy,Chris,Bursch,Armani,Kennedy,Kyle
Carter,Veda,Bursch,Tawny,Carter,Jajuan
Kennedy,Rashad,Bursch,Armani,Kennedy,Kyle
Carter,Bryn,Bursch,Tawny,Carter,Jajuan
Kennedy,Kyler,Bursch,Armani,Kennedy,Kyle
Carter,Claire,Bursch,Tawny,Carter,Jajuan
Kennedy,Cesar,Bursch,Armani,Kennedy,Kyle
Carter,Amy,Bursch,Tawny,Carter,Jajuan
Bursch,Michael,Carter,Clair,Bursch,Shaquille
Carter,Yasmin,Bursch,Tawny,Carter,Jajuan
Bursch,Steven,Carter,Clair,Bursch,Shaquille
Carter,Aylin,Bursch,Tawny,Carter,Jajuan
Bursch,Jarrett,Carter,Clair,Bursch,Shaquille
Carter,Leigh,Bursch,Tawny,Carter,Jajuan
Bursch,Britton,Carter,Clair,Bursch,Shaquille
Carter,Allegra,Bursch,Tawny,Carter,Jajuan
Bursch,Harry,Carter,Clair,Bursch,Shaquille
Carter,Tamisha,Bursch,Tawny,Carter,Jajuan
Bursch,Jevin,Carter,Clair,Bursch,Shaquille
Carter,Kendall,Bursch,Tawny,Carter,Jajuan
Bursch,Brandon,Carter,Clair,Bursch,Shaquille
Carter,Imani,Bursch,Tawny,Carter,Jajuan
Bursch,Darryl,Carter,Clair,Bursch,Shaquille
Carter,Kitana,Bursch,Tawny,Carter,Jajuan
Bursch,Leonardo,Carter,Ciara,Bursch,Ben
Carter,Jackie,Bursch,Kate,Carter,Yash
Bursch,Gilberto,Carter,Ciara,Bursch,Ben
Carter,Tamara,Bursch,Kate,Carter,Yash
Bursch,Jeremiah,Carter,Ciara,Bursch,Ben
Carter,Cassandra,Bursch,Kate,Carter,Yash
Bursch,Nickalus,Carter,Ciara,Bursch,Ben
Carter,Kelli,Bursch,Kate,Carter,Yash
Bursch,Kaleb,Carter,Ciara,Bursch,Ben
Carter,Alesha,Bursch,Kate,Carter,Yash
Bursch,Reese,Carter,Ciara,Bursch,Ben
Carter,Jabria,Bursch,Kate,Carter,Yash
Bursch,Jair,Carter,Ciara,Bursch,Ben
Carter,Damaris,Bursch,Kate,Carter,Yash
Bursch,Toby,Carter,Ciara,Bursch,Ben
Carter,Carina,Bursch,Kate,Carter,Yash
Bursch,Jeramie,Carter,Hope,Bursch,Esteban
Carter,Willow,Bursch,Kate,Carter,Yash
Bursch,Edgardo,Carter,Hope,Bursch,Esteban
Carter,Luisa,Bursch,Kate,Carter,Yash
Bursch,Simeon,Carter,Hope,Bursch,Esteban
Carter,Salena,Bursch,Kate,Carter,Yash
Bursch,Stefan,Carter,Hope,Bursch,Esteban
Carter,Keyondra,Bursch,Kate,Carter,Yash
Bursch,Devontae,Carter,Hope,Bursch,Esteban
Carter,Raegan,Bursch,Kate,Carter,Yash
Bursch,Moses,Carter,Hope,Bursch,Esteban
Carter,Patrice,Bursch,Kate,Carter,Yash
Bursch,Isiah,Carter,Hope,Bursch,Esteban
Carter,Jalen,Bursch,Kate,Carter,Yash
Bursch,Malachi,Carter,Hope,Bursch,Esteban
Carter,Kaili,Bursch,Chloe,Carter,Ravon
Bursch,Rashaun,Carter,Hope,Bursch,Esteban
Carter,Sabrina,Bursch,Chloe,Carter,Ravon
Bursch,Coby,Carter,Mercedes,Bursch,Deshaun
Carter,Bayleigh,Bursch,Chloe,Carter,Ravon
Bursch,Lauren,Carter,Mercedes,Bursch,Deshaun
Carter,Janessa,Bursch,Chloe,Carter,Ravon
Bursch,Alan,Carter,Mercedes,Bursch,Deshaun
Carter,Jaclyn,Bursch,Chloe,Carter,Ravon
Bursch,Jonah,Carter,Shaylee,Bursch,Brendon
Carter,Carra,Bursch,Chloe,Carter,Ravon
Bursch,Gerard,Carter,Kailee,Bursch,Bryant
Carter,Kianna,Bursch,Chloe,Carter,Ravon
Bursch,Valentin,Carter,Kailee,Bursch,Bryant
Carter,Kendyl,Bursch,Chloe,Carter,Ravon
Bursch,Fabian,Carter,Kailee,Bursch,Bryant
Carter,Maritza,Bursch,Chloe,Carter,Ravon
Bursch,Emiliano,Carter,Kailee,Bursch,Bryant
Carter,Christy,Bursch,Chloe,Carter,Ravon
Carter,Alvin,Bursch,Isadora,Carter,Taquan
Carter,Gwendolyn,Bursch,Chloe,Carter,Ravon
Carter,Seamus,Bursch,Isadora,Carter,Taquan
Carter,Bonnie,Bursch,Mckenna,Carter,Addison
Carter,Sawyer,Bursch,Amy,Carter,Sterling
Carter,Janell,Bursch,Mckenna,Carter,Addison
Carter,Branden,Bursch,Amy,Carter,Sterling
Carter,Amberly,Bursch,Mckenna,Carter,Addison
Carter,Wyatt,Bursch,Amy,Carter,Sterling
Carter,Yadira,Bursch,Mckenna,Carter,Addison
Carter,Ervin,Bursch,Amy,Carter,Sterling
Carter,Rylee,Bursch,Mckenna,Carter,Addison
Carter,Brady,Bursch,Amy,Carter,Sterling
Carter,Cody,Bursch,Mckenna,Carter,Addison
Carter,Francis,Bursch,Amy,Carter,Sterling
Carter,Kali,Bursch,Mckenna,Carter,Addison
Carter,Denzel,Bursch,Amy,Carter,Sterling
Carter,Gretchen,Bursch,Mckenna,Carter,Addison
Carter,Jabari,Bursch,Amy,Carter,Sterling
Carter,Yasmeen,Bursch,Mckenna,Carter,Addison
Carter,Avery,Bursch,Rosemary,Carter,Sunny
Carter,Mattie,Bursch,Mckenna,Carter,Addison
Carter,Sutton,Bursch,Rosemary,Carter,Sunny
Carter,Payton,Bursch,Mckenna,Carter,Addison
Carter,Kerry,Bursch,Tawny,Carter,Jajuan
Carter,Kyla,Glenn,Domonique,Carter,Adam
Carter,Juan,Bursch,Tawny,Carter,Jajuan
Carter,Jordyn,Glenn,Domonique,Carter,Adam
Carter,Lashawn,Bursch,Tawny,Carter,Jajuan
Carter,Marlee,Glenn,Domonique,Carter,Adam
Carter,Jaime,Bursch,Tawny,Carter,Jajuan
Glenn,Molly,Carter,Shana,Glenn,Dominique
