Evans,Tyran,Massimino,Kierra,Evans,Nathanael
Conrad,Maison,Deardorff,Kacey,Conrad,Charles
Stafford,Leonard,Thomas,Bridget,Stafford,Matthew
Noriega,Joanna,Archambault,Deserae,Noriega,Hugo
Wolf,Adan,Harris,Karishma,Wolf,Frederic
Crippen,Madeleine,Low,Shamaria,Crippen,Scott
Covey,Darrin,Bull,Dominique,Covey,Dandre
Jackson,Kylie,Davis,Janelle,Jackson,Carson
Bloomfield,Terrence,Melvin,Greer,Bloomfield,Ross
Carter,Jaylynn,Lenoir,Estefani,Carter,Hassan
Rominger,Yair,Resnik,Alexi,Rominger,Jordon
McBride,Samantha,White,Delilah,McBride,Tomas
Thornton,Kirk,Lind,Catalina,Thornton,Gunner
Grout,Karli,Voss,Karli,Grout,Jabari
Truly,Darrell,Sturckow,Keisha,Truly,Graham
Kilrain,Jeanna,Walker,Bianca,Kilrain,Frank
Walz,Kristopher,Leestma,Hana,Walz,Bronson
Magnus,Kyra,Thorne,Chelsy,Magnus,Jairus
Hart,Idris,White,Miah,Hart,Luciano
Cameron,Margaret,Lindsey,Scarlett,Cameron,Jon
Walz,Damion,Bagian,Shoshana,Walz,Deion
Caldeiro,Maryanne,Hayes,Mckenzie,Caldeiro,Mike
Pogue,Sebastien,Fincke,Minna,Pogue,Kolton
Henize,Shaniah,Taft,Dayana,Henize,Salvador
Washington,Esteban,Nagel,Anamaria,Washington,Roberto
Fullerton,Julia,Fullerton,Cheyann,Fullerton,Nathanael
Linenger,Valentine,Woodward,Liana,Linenger,Brenden
Carr,Leigh,Henricks,Stacie,Carr,Efren
Evans,Dimitri,Conrad,Maison,Evans,Tyran
Chapman,Shaye,Bull,Katerina,Chapman,Marcanthon
Evans,Max,Conrad,Maison,Evans,Tyran
McKinley,Francesca,Harding,Blanca,McKinley,Kieran
Stafford,Daquan,Noriega,Joanna,Stafford,Leonard
Evans,Alexandria,Conrad,Maison,Evans,Tyran
Wolf,Joseph,Crippen,Madeleine,Wolf,Adan
Evans,Kiarra,Conrad,Maison,Evans,Tyran
Wolf,Sahil,Crippen,Madeleine,Wolf,Adan
Evans,Brynn,Conrad,Maison,Evans,Tyran
Wolf,Zachery,Crippen,Madeleine,Wolf,Adan
Evans,Isabelle,Conrad,Maison,Evans,Tyran
Wolf,Valentine,Crippen,Madeleine,Wolf,Adan
Stafford,Jaclyn,Noriega,Joanna,Stafford,Leonard
Wolf,Ulysses,Crippen,Madeleine,Wolf,Adan
Stafford,Elizabet,Noriega,Joanna,Stafford,Leonard
Covey,Geoffrey,Jackson,Kylie,Covey,Darrin
Stafford,Dana,Noriega,Joanna,Stafford,Leonard
Covey,Anfernee,Jackson,Kylie,Covey,Darrin
Wolf,Lourdes,Crippen,Madeleine,Wolf,Adan
Covey,Diego,Jackson,Kylie,Covey,Darrin
Wolf,Teresa,Crippen,Madeleine,Wolf,Adan
Bloomfield,Ashton,Carter,Jaylynn,Bloomfield,Terrence
Wolf,Chelsie,Crippen,Madeleine,Wolf,Adan
Bloomfield,Elmer,Carter,Jaylynn,Bloomfield,Terrence
Wolf,Trista,Crippen,Madeleine,Wolf,Adan
Bloomfield,Neil,Carter,Jaylynn,Bloomfield,Terrence
Covey,Tiana,Jackson,Kylie,Covey,Darrin
Bloomfield,Luis,Carter,Jaylynn,Bloomfield,Terrence
Covey,Sydney,Jackson,Kylie,Covey,Darrin
Bloomfield,Augustus,Carter,Jaylynn,Bloomfield,Terrence
Covey,Kristyn,Jackson,Kylie,Covey,Darrin
Bloomfield,Dale,Carter,Jaylynn,Bloomfield,Terrence
Covey,Katherine,Jackson,Kylie,Covey,Darrin
Rominger,Kristofer,McBride,Samantha,Rominger,Yair
Covey,Heidy,Jackson,Kylie,Covey,Darrin
Rominger,Trevon,McBride,Samantha,Rominger,Yair
Covey,Ayesha,Jackson,Kylie,Covey,Darrin
Rominger,Calib,McBride,Samantha,Rominger,Yair
Covey,Casandra,Jackson,Kylie,Covey,Darrin
Rominger,Bruce,McBride,Samantha,Rominger,Yair
Covey,Leana,Jackson,Kylie,Covey,Darrin
Thornton,Mateo,Grout,Karli,Thornton,Kirk
Bloomfield,Deyaneira,Carter,Jaylynn,Bloomfield,Terrence
Thornton,Bennett,Grout,Karli,Thornton,Kirk
Bloomfield,Corina,Carter,Jaylynn,Bloomfield,Terrence
Thornton,Mickey,Grout,Karli,Thornton,Kirk
Bloomfield,Joleen,Carter,Jaylynn,Bloomfield,Terrence
Thornton,Daryl,Grout,Karli,Thornton,Kirk
Bloomfield,Jana,Carter,Jaylynn,Bloomfield,Terrence
Thornton,Dominique,Grout,Karli,Thornton,Kirk
Bloomfield,Silvia,Carter,Jaylynn,Bloomfield,Terrence
Thornton,Reuben,Grout,Karli,Thornton,Kirk
Bloomfield,Carolyn,Carter,Jaylynn,Bloomfield,Terrence
Thornton,Bretton,Grout,Karli,Thornton,Kirk
Bloomfield,Adrian,Carter,Jaylynn,Bloomfield,Terrence
Thornton,Sidney,Grout,Karli,Thornton,Kirk
Rominger,Eva,McBride,Samantha,Rominger,Yair
Thornton,Amari,Grout,Karli,Thornton,Kirk
Thornton,Anisha,Grout,Karli,Thornton,Kirk
Truly,Brett,Kilrain,Jeanna,Truly,Darrell
Thornton,Marlena,Grout,Karli,Thornton,Kirk
Truly,Ronny,Kilrain,Jeanna,Truly,Darrell
Thornton,Abbie,Grout,Karli,Thornton,Kirk
Truly,Javier,Kilrain,Jeanna,Truly,Darrell
Thornton,Shiann,Grout,Karli,Thornton,Kirk
Truly,Sergio,Kilrain,Jeanna,Truly,Darrell
Thornton,Xiomara,Grout,Karli,Thornton,Kirk
Truly,Soren,Kilrain,Jeanna,Truly,Darrell
Thornton,Shirley,Grout,Karli,Thornton,Kirk
Truly,Yovani,Kilrain,Jeanna,Truly,Darrell
Thornton,Andrea,Grout,Karli,Thornton,Kirk
Walz,Destin,Magnus,Kyra,Walz,Kristopher
Thornton,Kiersten,Grout,Karli,Thornton,Kirk
Walz,Sydney,Magnus,Kyra,Walz,Kristopher
Thornton,Jazmyn,Grout,Karli,Thornton,Kirk
Hart,Leroy,Cameron,Margaret,Hart,Idris
Thornton,Jodie,Grout,Karli,Thornton,Kirk
Hart,Anfernee,Cameron,Margaret,Hart,Idris
Thornton,Virginia,Grout,Karli,Thornton,Kirk
Hart,Tyquan,Cameron,Margaret,Hart,Idris
Truly,Maegan,Kilrain,Jeanna,Truly,Darrell
Hart,Coy,Cameron,Margaret,Hart,Idris
Truly,Caroline,Kilrain,Jeanna,Truly,Darrell
Hart,Diego,Cameron,Margaret,Hart,Idris
Truly,Alaina,Kilrain,Jeanna,Truly,Darrell
Hart,Marquise,Cameron,Margaret,Hart,Idris
Truly,Kiara,Kilrain,Jeanna,Truly,Darrell
Walz,Hugo,Caldeiro,Maryanne,Walz,Damion
Truly,Erin,Kilrain,Jeanna,Truly,Darrell
Walz,Brady,Caldeiro,Maryanne,Walz,Damion
Truly,Kenyetta,Kilrain,Jeanna,Truly,Darrell
Walz,Rafael,Caldeiro,Maryanne,Walz,Damion
Truly,Cameron,Kilrain,Jeanna,Truly,Darrell
Walz,Diamond,Caldeiro,Maryanne,Walz,Damion
Walz,Geneva,Magnus,Kyra,Walz,Kristopher
Walz,Zaquan,Caldeiro,Maryanne,Walz,Damion
Walz,Christine,Magnus,Kyra,Walz,Kristopher
Walz,Davis,Caldeiro,Maryanne,Walz,Damion
Walz,Torrie,Magnus,Kyra,Walz,Kristopher
Walz,Vincent,Caldeiro,Maryanne,Walz,Damion
Walz,Ashli,Magnus,Kyra,Walz,Kristopher
Walz,Chadwick,Caldeiro,Maryanne,Walz,Damion
Walz,Felisha,Magnus,Kyra,Walz,Kristopher
Walz,Clifford,Caldeiro,Maryanne,Walz,Damion
Walz,Dajanae,Magnus,Kyra,Walz,Kristopher
Pogue,Calvin,Henize,Shaniah,Pogue,Sebastien
Walz,Keisha,Magnus,Kyra,Walz,Kristopher
Pogue,Milton,Henize,Shaniah,Pogue,Sebastien
Walz,Kathleen,Magnus,Kyra,Walz,Kristopher
Pogue,Lamont,Henize,Shaniah,Pogue,Sebastien
Walz,Devonna,Magnus,Kyra,Walz,Kristopher
Pogue,Kenyon,Henize,Shaniah,Pogue,Sebastien
Walz,Janay,Magnus,Kyra,Walz,Kristopher
Pogue,Sedrick,Henize,Shaniah,Pogue,Sebastien
Hart,Shae,Cameron,Margaret,Hart,Idris
Washington,Guillermo,Fullerton,Julia,Washington,Esteban
Hart,Tayler,Cameron,Margaret,Hart,Idris
Washington,Demarcus,Fullerton,Julia,Washington,Esteban
Hart,Laken,Cameron,Margaret,Hart,Idris
Washington,Preston,Fullerton,Julia,Washington,Esteban
Hart,Mallory,Cameron,Margaret,Hart,Idris
Washington,Blaine,Fullerton,Julia,Washington,Esteban
Hart,Kayle,Cameron,Margaret,Hart,Idris
Washington,Valentin,Fullerton,Julia,Washington,Esteban
Hart,Shanna,Cameron,Margaret,Hart,Idris
Washington,Antoine,Fullerton,Julia,Washington,Esteban
Walz,Makenna,Caldeiro,Maryanne,Walz,Damion
Washington,Stephen,Fullerton,Julia,Washington,Esteban
Walz,Yuki,Caldeiro,Maryanne,Walz,Damion
Washington,Bryce,Fullerton,Julia,Washington,Esteban
Walz,Kiara,Caldeiro,Maryanne,Walz,Damion
Washington,Mathieu,Fullerton,Julia,Washington,Esteban
Walz,Leann,Caldeiro,Maryanne,Walz,Damion
Washington,Raul,Fullerton,Julia,Washington,Esteban
Walz,Saige,Caldeiro,Maryanne,Walz,Damion
Linenger,Melvin,Carr,Leigh,Linenger,Valentine
Walz,Abby,Caldeiro,Maryanne,Walz,Damion
Linenger,Darrin,Carr,Leigh,Linenger,Valentine
Walz,Kassandra,Caldeiro,Maryanne,Walz,Damion
Linenger,Guillermo,Carr,Leigh,Linenger,Valentine
Walz,Zenia,Caldeiro,Maryanne,Walz,Damion
Linenger,Miles,Carr,Leigh,Linenger,Valentine
Walz,Mia,Caldeiro,Maryanne,Walz,Damion
Linenger,Yash,Carr,Leigh,Linenger,Valentine
Walz,Farrah,Caldeiro,Maryanne,Walz,Damion
Linenger,Ladarius,Carr,Leigh,Linenger,Valentine
Walz,Myranda,Caldeiro,Maryanne,Walz,Damion
Linenger,Chadwick,Carr,Leigh,Linenger,Valentine
Pogue,Caitlyn,Henize,Shaniah,Pogue,Sebastien
Linenger,Dylan,Carr,Leigh,Linenger,Valentine
Pogue,Shoshana,Henize,Shaniah,Pogue,Sebastien
Linenger,Marcello,Carr,Leigh,Linenger,Valentine
Pogue,Silvia,Henize,Shaniah,Pogue,Sebastien
Linenger,Raymond,Carr,Leigh,Linenger,Valentine
Pogue,Deborah,Henize,Shaniah,Pogue,Sebastien
Evans,Erik,Chapman,Shaye,Evans,Dimitri
Pogue,Sandy,Henize,Shaniah,Pogue,Sebastien
Evans,San,McKinley,Francesca,Evans,Max
Pogue,Alexa,Henize,Shaniah,Pogue,Sebastien
Evans,Ronnie,McKinley,Francesca,Evans,Max
Pogue,Haylee,Henize,Shaniah,Pogue,Sebastien
Wolf,Brenton,Evans,Kiarra,Wolf,Joseph
Pogue,Chana,Henize,Shaniah,Pogue,Sebastien
Wolf,Arnold,Evans,Kiarra,Wolf,Joseph
Pogue,Dana,Henize,Shaniah,Pogue,Sebastien
Wolf,Joey,Evans,Kiarra,Wolf,Joseph
Washington,Destiana,Fullerton,Julia,Washington,Esteban
Wolf,Sawyer,Evans,Kiarra,Wolf,Joseph
Washington,Paulina,Fullerton,Julia,Washington,Esteban
Wolf,Slaten,Evans,Kiarra,Wolf,Joseph
Washington,Jami,Fullerton,Julia,Washington,Esteban
Wolf,Vernon,Evans,Kiarra,Wolf,Joseph
Washington,Shanique,Fullerton,Julia,Washington,Esteban
Wolf,Kyle,Evans,Kiarra,Wolf,Joseph
Washington,Bethany,Fullerton,Julia,Washington,Esteban
Wolf,Devonta,Evans,Kiarra,Wolf,Joseph
Washington,Mckayla,Fullerton,Julia,Washington,Esteban
Wolf,Emmett,Evans,Brynn,Wolf,Sahil
Washington,Patience,Fullerton,Julia,Washington,Esteban
Wolf,Josie,Evans,Isabelle,Wolf,Zachery
Washington,Dakota,Fullerton,Julia,Washington,Esteban
Wolf,Isidro,Evans,Isabelle,Wolf,Zachery
Linenger,Baby,Carr,Leigh,Linenger,Valentine
Wolf,Kayvon,Stafford,Jaclyn,Wolf,Valentine
Linenger,Laquisha,Carr,Leigh,Linenger,Valentine
Wolf,Mauro,Stafford,Jaclyn,Wolf,Valentine
Linenger,Rosa,Carr,Leigh,Linenger,Valentine
Wolf,Roland,Stafford,Jaclyn,Wolf,Valentine
Linenger,Janelle,Carr,Leigh,Linenger,Valentine
Wolf,Shelby,Stafford,Jaclyn,Wolf,Valentine
Linenger,Juliette,Carr,Leigh,Linenger,Valentine
Wolf,Rodney,Stafford,Jaclyn,Wolf,Valentine
Linenger,Nicolle,Carr,Leigh,Linenger,Valentine
Wolf,Rafael,Stafford,Jaclyn,Wolf,Valentine
Linenger,Kyla,Carr,Leigh,Linenger,Valentine
Wolf,Tyren,Stafford,Jaclyn,Wolf,Valentine
Evans,Alena,Chapman,Shaye,Evans,Dimitri
Wolf,Michael,Stafford,Jaclyn,Wolf,Valentine
Evans,Loni,Chapman,Shaye,Evans,Dimitri
Wolf,Dayton,Stafford,Elizabet,Wolf,Ulysses
Evans,Cynthia,McKinley,Francesca,Evans,Max
Wolf,Noah,Stafford,Elizabet,Wolf,Ulysses
Evans,Maya,McKinley,Francesca,Evans,Max
Wolf,Dane,Stafford,Elizabet,Wolf,Ulysses
Evans,Margo,McKinley,Francesca,Evans,Max
Covey,Stevan,Stafford,Dana,Covey,Geoffrey
Evans,Dajanae,McKinley,Francesca,Evans,Max
Covey,Devontae,Stafford,Dana,Covey,Geoffrey
Evans,Barbara,McKinley,Francesca,Evans,Max
Covey,Charles,Wolf,Lourdes,Covey,Anfernee
Evans,Aja,McKinley,Francesca,Evans,Max
Covey,Tristin,Wolf,Lourdes,Covey,Anfernee
Stafford,Jean,Evans,Alexandria,Stafford,Daquan
Covey,Brooks,Wolf,Teresa,Covey,Diego
Stafford,Marianne,Evans,Alexandria,Stafford,Daquan
Covey,Damian,Wolf,Teresa,Covey,Diego
Stafford,Gabriel,Evans,Alexandria,Stafford,Daquan
Covey,Tyreek,Wolf,Teresa,Covey,Diego
Wolf,Deserae,Evans,Kiarra,Wolf,Joseph
Covey,Adalberto,Wolf,Teresa,Covey,Diego
Wolf,Malinda,Evans,Kiarra,Wolf,Joseph
Covey,Yuri,Wolf,Teresa,Covey,Diego
Wolf,Patsy,Evans,Kiarra,Wolf,Joseph
Covey,Bradley,Wolf,Teresa,Covey,Diego
Wolf,Deanna,Evans,Kiarra,Wolf,Joseph
Covey,Quentin,Wolf,Teresa,Covey,Diego
Wolf,Niyah,Evans,Kiarra,Wolf,Joseph
Bloomfield,Estevan,Wolf,Chelsie,Bloomfield,Ashton
Wolf,Shari,Evans,Brynn,Wolf,Sahil
Bloomfield,Ricky,Wolf,Chelsie,Bloomfield,Ashton
Wolf,Julie,Evans,Brynn,Wolf,Sahil
Bloomfield,Orlando,Wolf,Chelsie,Bloomfield,Ashton
Wolf,Queen,Evans,Brynn,Wolf,Sahil
Bloomfield,Raul,Wolf,Chelsie,Bloomfield,Ashton
Wolf,Reyanna,Evans,Brynn,Wolf,Sahil
Bloomfield,Draven,Wolf,Chelsie,Bloomfield,Ashton
Wolf,Casandra,Evans,Brynn,Wolf,Sahil
Bloomfield,Anibal,Wolf,Chelsie,Bloomfield,Ashton
Wolf,Symone,Evans,Isabelle,Wolf,Zachery
Bloomfield,Gilbert,Wolf,Chelsie,Bloomfield,Ashton
Wolf,Lauryn,Stafford,Jaclyn,Wolf,Valentine
Bloomfield,Dorian,Wolf,Chelsie,Bloomfield,Ashton
Wolf,Sheri,Stafford,Jaclyn,Wolf,Valentine
Bloomfield,Kirkland,Wolf,Chelsie,Bloomfield,Ashton
Wolf,Khaliah,Stafford,Jaclyn,Wolf,Valentine
Bloomfield,Daquan,Wolf,Trista,Bloomfield,Elmer
Wolf,Sadie,Stafford,Jaclyn,Wolf,Valentine
Bloomfield,Stefan,Wolf,Trista,Bloomfield,Elmer
Wolf,Estefani,Stafford,Jaclyn,Wolf,Valentine
Bloomfield,Roberto,Wolf,Trista,Bloomfield,Elmer
Wolf,Janae,Stafford,Jaclyn,Wolf,Valentine
Bloomfield,Leonardo,Wolf,Trista,Bloomfield,Elmer
Wolf,Dallas,Stafford,Jaclyn,Wolf,Valentine
Bloomfield,Leon,Covey,Tiana,Bloomfield,Neil
Wolf,Darrian,Stafford,Jaclyn,Wolf,Valentine
Bloomfield,Roger,Covey,Tiana,Bloomfield,Neil
Wolf,Aylin,Stafford,Elizabet,Wolf,Ulysses
Bloomfield,Jasen,Covey,Sydney,Bloomfield,Luis
Wolf,Heidy,Stafford,Elizabet,Wolf,Ulysses
Bloomfield,Kareem,Covey,Kristyn,Bloomfield,Augustus
Wolf,Mia,Stafford,Elizabet,Wolf,Ulysses
Bloomfield,Lorenzo,Covey,Kristyn,Bloomfield,Augustus
Covey,Cherokee,Stafford,Dana,Covey,Geoffrey
Bloomfield,Orion,Covey,Kristyn,Bloomfield,Augustus
Covey,Dania,Stafford,Dana,Covey,Geoffrey
Bloomfield,Chance,Covey,Kristyn,Bloomfield,Augustus
Covey,Sarina,Stafford,Dana,Covey,Geoffrey
Bloomfield,Mark,Covey,Katherine,Bloomfield,Dale
Covey,Yesenia,Stafford,Dana,Covey,Geoffrey
Bloomfield,Isaac,Covey,Katherine,Bloomfield,Dale
Covey,Symone,Stafford,Dana,Covey,Geoffrey
Bloomfield,Xavier,Covey,Katherine,Bloomfield,Dale
Covey,Natalia,Stafford,Dana,Covey,Geoffrey
Bloomfield,Dakota,Covey,Katherine,Bloomfield,Dale
Covey,Alison,Stafford,Dana,Covey,Geoffrey
Bloomfield,Yobani,Covey,Katherine,Bloomfield,Dale
Covey,Kaina,Stafford,Dana,Covey,Geoffrey
Bloomfield,Mohamad,Covey,Katherine,Bloomfield,Dale
Covey,Hattie,Stafford,Dana,Covey,Geoffrey
Bloomfield,Ismael,Covey,Katherine,Bloomfield,Dale
Covey,Paloma,Stafford,Dana,Covey,Geoffrey
Bloomfield,Colton,Covey,Katherine,Bloomfield,Dale
Covey,Rosalinda,Stafford,Dana,Covey,Geoffrey
Bloomfield,Jimmy,Covey,Katherine,Bloomfield,Dale
Covey,Kalsie,Wolf,Lourdes,Covey,Anfernee
Bloomfield,Nolan,Covey,Katherine,Bloomfield,Dale
Covey,Paula,Wolf,Teresa,Covey,Diego
Rominger,Abraham,Covey,Heidy,Rominger,Kristofer
Covey,Meredith,Wolf,Teresa,Covey,Diego
Rominger,Harrison,Covey,Heidy,Rominger,Kristofer
Covey,Erika,Wolf,Teresa,Covey,Diego
Rominger,Kameron,Covey,Heidy,Rominger,Kristofer
Covey,Monika,Wolf,Teresa,Covey,Diego
Rominger,Adonis,Covey,Heidy,Rominger,Kristofer
Covey,Emmily,Wolf,Teresa,Covey,Diego
Rominger,Ibrahim,Covey,Heidy,Rominger,Kristofer
Covey,Celina,Wolf,Teresa,Covey,Diego
Rominger,Vinh,Covey,Heidy,Rominger,Kristofer
Covey,Sandra,Wolf,Teresa,Covey,Diego
Rominger,Davon,Covey,Ayesha,Rominger,Trevon
Covey,Keiarra,Wolf,Teresa,Covey,Diego
Rominger,Camron,Covey,Ayesha,Rominger,Trevon
Covey,Ciera,Wolf,Teresa,Covey,Diego
Rominger,Riley,Covey,Ayesha,Rominger,Trevon
Covey,Malia,Wolf,Teresa,Covey,Diego
Rominger,Deric,Covey,Ayesha,Rominger,Trevon
Covey,Addison,Wolf,Teresa,Covey,Diego
Rominger,Michael,Covey,Casandra,Rominger,Calib
Bloomfield,Geraldine,Wolf,Chelsie,Bloomfield,Ashton
Rominger,Trenton,Covey,Casandra,Rominger,Calib
Bloomfield,Luz,Wolf,Chelsie,Bloomfield,Ashton
Rominger,Raekwon,Covey,Casandra,Rominger,Calib
Bloomfield,Maia,Wolf,Chelsie,Bloomfield,Ashton
Rominger,Demonte,Covey,Casandra,Rominger,Calib
Bloomfield,Abigayle,Wolf,Chelsie,Bloomfield,Ashton
Rominger,Keagan,Covey,Casandra,Rominger,Calib
Bloomfield,Kathleen,Wolf,Chelsie,Bloomfield,Ashton
Rominger,Vernon,Covey,Casandra,Rominger,Calib
Bloomfield,Cayla,Wolf,Chelsie,Bloomfield,Ashton
Rominger,Ulysses,Covey,Casandra,Rominger,Calib
Bloomfield,Amna,Wolf,Chelsie,Bloomfield,Ashton
Rominger,Rory,Covey,Leana,Rominger,Bruce
Bloomfield,Irene,Wolf,Chelsie,Bloomfield,Ashton
Rominger,Wayne,Covey,Leana,Rominger,Bruce
Bloomfield,Josephine,Wolf,Trista,Bloomfield,Elmer
Rominger,Tyran,Covey,Leana,Rominger,Bruce
Bloomfield,Nadia,Wolf,Trista,Bloomfield,Elmer
Thornton,Ashton,Bloomfield,Deyaneira,Thornton,Mateo
Bloomfield,Anastasia,Covey,Tiana,Bloomfield,Neil
Thornton,Westley,Bloomfield,Deyaneira,Thornton,Mateo
Bloomfield,Rebeca,Covey,Tiana,Bloomfield,Neil
Thornton,Cory,Bloomfield,Corina,Thornton,Bennett
Bloomfield,Georgina,Covey,Sydney,Bloomfield,Luis
Thornton,Landon,Bloomfield,Corina,Thornton,Bennett
Bloomfield,Siera,Covey,Sydney,Bloomfield,Luis
Thornton,Andres,Bloomfield,Joleen,Thornton,Mickey
Bloomfield,Jill,Covey,Kristyn,Bloomfield,Augustus
Thornton,Shmuel,Bloomfield,Joleen,Thornton,Mickey
Bloomfield,Cheyenne,Covey,Kristyn,Bloomfield,Augustus
Thornton,Gene,Bloomfield,Joleen,Thornton,Mickey
Bloomfield,Octavia,Covey,Kristyn,Bloomfield,Augustus
Thornton,Nickalus,Bloomfield,Joleen,Thornton,Mickey
Bloomfield,Sonia,Covey,Kristyn,Bloomfield,Augustus
Thornton,Bennie,Bloomfield,Joleen,Thornton,Mickey
Bloomfield,Selina,Covey,Kristyn,Bloomfield,Augustus
Thornton,Maverick,Bloomfield,Jana,Thornton,Daryl
Bloomfield,Essence,Covey,Kristyn,Bloomfield,Augustus
Thornton,Montana,Bloomfield,Jana,Thornton,Daryl
Bloomfield,Jacquelyn,Covey,Kristyn,Bloomfield,Augustus
Thornton,Jarrod,Bloomfield,Silvia,Thornton,Dominique
Bloomfield,Elaina,Covey,Katherine,Bloomfield,Dale
Thornton,Eric,Bloomfield,Silvia,Thornton,Dominique
Bloomfield,Isabel,Covey,Katherine,Bloomfield,Dale
Thornton,Charlie,Bloomfield,Silvia,Thornton,Dominique
Bloomfield,Suzette,Covey,Katherine,Bloomfield,Dale
Thornton,Jeffery,Bloomfield,Silvia,Thornton,Dominique
Bloomfield,Jami,Covey,Katherine,Bloomfield,Dale
Thornton,Russell,Bloomfield,Silvia,Thornton,Dominique
Bloomfield,Anna,Covey,Katherine,Bloomfield,Dale
Thornton,Mario,Bloomfield,Silvia,Thornton,Dominique
Bloomfield,Zoey,Covey,Katherine,Bloomfield,Dale
Thornton,Francesco,Bloomfield,Carolyn,Thornton,Reuben
Bloomfield,Deja,Covey,Katherine,Bloomfield,Dale
Thornton,Jovon,Bloomfield,Carolyn,Thornton,Reuben
Rominger,Kara,Covey,Heidy,Rominger,Kristofer
Thornton,Bryce,Bloomfield,Carolyn,Thornton,Reuben
Rominger,Kristy,Covey,Heidy,Rominger,Kristofer
Thornton,Hiram,Bloomfield,Carolyn,Thornton,Reuben
Rominger,Bryanna,Covey,Heidy,Rominger,Kristofer
Thornton,Tristen,Bloomfield,Carolyn,Thornton,Reuben
Rominger,Sapphire,Covey,Heidy,Rominger,Kristofer
Thornton,Thomas,Bloomfield,Carolyn,Thornton,Reuben
Rominger,Arianna,Covey,Heidy,Rominger,Kristofer
Thornton,Mohamed,Bloomfield,Carolyn,Thornton,Reuben
Rominger,Miah,Covey,Heidy,Rominger,Kristofer
Thornton,Armani,Bloomfield,Carolyn,Thornton,Reuben
Rominger,Sharae,Covey,Heidy,Rominger,Kristofer
Thornton,Willie,Bloomfield,Carolyn,Thornton,Reuben
Rominger,Brieanna,Covey,Ayesha,Rominger,Trevon
Thornton,Lorenzo,Bloomfield,Adrian,Thornton,Bretton
Rominger,Gabriele,Covey,Ayesha,Rominger,Trevon
Thornton,Darius,Bloomfield,Adrian,Thornton,Bretton
Rominger,Dajanae,Covey,Ayesha,Rominger,Trevon
Thornton,Enrique,Bloomfield,Adrian,Thornton,Bretton
Rominger,Bridget,Covey,Ayesha,Rominger,Trevon
Thornton,Jordon,Bloomfield,Adrian,Thornton,Bretton
Rominger,Irma,Covey,Casandra,Rominger,Calib
Thornton,Adan,Bloomfield,Adrian,Thornton,Bretton
Rominger,Lyndsey,Covey,Casandra,Rominger,Calib
Thornton,Clint,Bloomfield,Adrian,Thornton,Bretton
Rominger,Amy,Covey,Casandra,Rominger,Calib
Thornton,Elliot,Bloomfield,Adrian,Thornton,Bretton
Rominger,Casey,Covey,Casandra,Rominger,Calib
Thornton,Bradlee,Bloomfield,Adrian,Thornton,Bretton
Rominger,Madalyn,Covey,Casandra,Rominger,Calib
Thornton,Terron,Rominger,Eva,Thornton,Sidney
Rominger,Mileena,Covey,Casandra,Rominger,Calib
Thornton,Omar,Rominger,Eva,Thornton,Sidney
Rominger,Marcela,Covey,Casandra,Rominger,Calib
Thornton,Keion,Rominger,Eva,Thornton,Sidney
Rominger,Ann,Covey,Casandra,Rominger,Calib
Thornton,Jeremiah,Rominger,Eva,Thornton,Sidney
Rominger,Carmelita,Covey,Casandra,Rominger,Calib
Thornton,Britton,Rominger,Eva,Thornton,Sidney
Rominger,Ayesha,Covey,Casandra,Rominger,Calib
Thornton,Callahan,Rominger,Eva,Thornton,Sidney
Thornton,Shoshana,Bloomfield,Deyaneira,Thornton,Mateo
Thornton,Keegan,Rominger,Eva,Thornton,Sidney
Thornton,Merissa,Bloomfield,Deyaneira,Thornton,Mateo
Thornton,Bailey,Rominger,Eva,Thornton,Sidney
Thornton,Stormy,Bloomfield,Corina,Thornton,Bennett
Thornton,Collin,Truly,Maegan,Thornton,Amari
Thornton,Jacklyn,Bloomfield,Corina,Thornton,Bennett
Thornton,Geoffrey,Truly,Maegan,Thornton,Amari
Thornton,Divya,Bloomfield,Corina,Thornton,Bennett
Truly,Frederick,Thornton,Anisha,Truly,Brett
Thornton,Rhiannon,Bloomfield,Corina,Thornton,Bennett
Truly,Jeramie,Thornton,Anisha,Truly,Brett
Thornton,Iesha,Bloomfield,Corina,Thornton,Bennett
Truly,Esau,Thornton,Anisha,Truly,Brett
Thornton,Anaya,Bloomfield,Corina,Thornton,Bennett
Truly,Dequan,Thornton,Anisha,Truly,Brett
Thornton,Cori,Bloomfield,Corina,Thornton,Bennett
Truly,Dashane,Thornton,Marlena,Truly,Ronny
Thornton,Lila,Bloomfield,Corina,Thornton,Bennett
Truly,Leonardo,Thornton,Marlena,Truly,Ronny
Thornton,Celeste,Bloomfield,Joleen,Thornton,Mickey
Truly,Deonte,Thornton,Marlena,Truly,Ronny
Thornton,Tiara,Bloomfield,Joleen,Thornton,Mickey
Truly,Abdiel,Thornton,Marlena,Truly,Ronny
Thornton,Lauryn,Bloomfield,Joleen,Thornton,Mickey
Truly,Dallin,Thornton,Marlena,Truly,Ronny
Thornton,Kierra,Bloomfield,Joleen,Thornton,Mickey
Truly,Sebastien,Thornton,Abbie,Truly,Javier
Thornton,Mileena,Bloomfield,Joleen,Thornton,Mickey
Truly,Skyler,Thornton,Abbie,Truly,Javier
Thornton,Raquel,Bloomfield,Jana,Thornton,Daryl
Truly,Alvaro,Thornton,Abbie,Truly,Javier
Thornton,Julia,Bloomfield,Jana,Thornton,Daryl
Truly,Winston,Thornton,Abbie,Truly,Javier
Thornton,Alesia,Bloomfield,Silvia,Thornton,Dominique
Truly,Chadwick,Thornton,Abbie,Truly,Javier
Thornton,Michaela,Bloomfield,Silvia,Thornton,Dominique
Truly,Tylor,Thornton,Abbie,Truly,Javier
Thornton,Esperanza,Bloomfield,Silvia,Thornton,Dominique
Truly,Nour,Thornton,Abbie,Truly,Javier
Thornton,Macie,Bloomfield,Silvia,Thornton,Dominique
Truly,Austen,Thornton,Shiann,Truly,Sergio
Thornton,Onesha,Bloomfield,Silvia,Thornton,Dominique
Truly,Thaddeus,Thornton,Shiann,Truly,Sergio
Thornton,Luz,Bloomfield,Silvia,Thornton,Dominique
Truly,John,Thornton,Shiann,Truly,Sergio
Thornton,Katharine,Bloomfield,Silvia,Thornton,Dominique
Truly,Clay,Thornton,Shiann,Truly,Sergio
Thornton,Abby,Bloomfield,Silvia,Thornton,Dominique
Truly,Barrett,Thornton,Shiann,Truly,Sergio
Thornton,Doris,Bloomfield,Silvia,Thornton,Dominique
Truly,Jacob,Thornton,Xiomara,Truly,Soren
Thornton,Talia,Bloomfield,Carolyn,Thornton,Reuben
Truly,Lars,Thornton,Xiomara,Truly,Soren
Thornton,Breann,Bloomfield,Carolyn,Thornton,Reuben
Truly,Erick,Thornton,Xiomara,Truly,Soren
Thornton,Idaly,Bloomfield,Carolyn,Thornton,Reuben
Truly,Ernesto,Thornton,Xiomara,Truly,Soren
Thornton,Kaylee,Bloomfield,Carolyn,Thornton,Reuben
Truly,Jarod,Thornton,Xiomara,Truly,Soren
Thornton,Marlen,Bloomfield,Carolyn,Thornton,Reuben
Truly,Roy,Thornton,Xiomara,Truly,Soren
Thornton,Passion,Bloomfield,Carolyn,Thornton,Reuben
Truly,Jace,Thornton,Shirley,Truly,Yovani
Thornton,Kristy,Bloomfield,Carolyn,Thornton,Reuben
Truly,Johnny,Thornton,Shirley,Truly,Yovani
Thornton,Banesa,Bloomfield,Carolyn,Thornton,Reuben
Truly,Treshaun,Thornton,Shirley,Truly,Yovani
Thornton,Kristen,Bloomfield,Carolyn,Thornton,Reuben
Truly,Kelson,Thornton,Shirley,Truly,Yovani
Thornton,Amna,Bloomfield,Carolyn,Thornton,Reuben
Truly,Kamau,Thornton,Shirley,Truly,Yovani
Thornton,Sabrina,Bloomfield,Adrian,Thornton,Bretton
Truly,Santos,Thornton,Shirley,Truly,Yovani
Thornton,Elisa,Bloomfield,Adrian,Thornton,Bretton
Truly,Bronson,Thornton,Shirley,Truly,Yovani
Thornton,Adrianna,Bloomfield,Adrian,Thornton,Bretton
Walz,Evan,Thornton,Andrea,Walz,Destin
Thornton,Ashleigh,Bloomfield,Adrian,Thornton,Bretton
Walz,Greyson,Thornton,Andrea,Walz,Destin
Thornton,Eliana,Bloomfield,Adrian,Thornton,Bretton
Walz,Edgardo,Thornton,Andrea,Walz,Destin
Thornton,Selena,Bloomfield,Adrian,Thornton,Bretton
Walz,Carl,Thornton,Andrea,Walz,Destin
Thornton,Holli,Bloomfield,Adrian,Thornton,Bretton
Walz,Frank,Thornton,Kiersten,Walz,Sydney
Thornton,Jocelyne,Bloomfield,Adrian,Thornton,Bretton
Walz,Kirkland,Thornton,Kiersten,Walz,Sydney
Thornton,Natalya,Bloomfield,Adrian,Thornton,Bretton
Walz,Cullen,Thornton,Kiersten,Walz,Sydney
Thornton,Minna,Rominger,Eva,Thornton,Sidney
Walz,Jeffery,Thornton,Kiersten,Walz,Sydney
Thornton,Briana,Rominger,Eva,Thornton,Sidney
Walz,Alvaro,Thornton,Kiersten,Walz,Sydney
Thornton,Colby,Rominger,Eva,Thornton,Sidney
Walz,Benjamen,Thornton,Kiersten,Walz,Sydney
Thornton,Tarah,Rominger,Eva,Thornton,Sidney
Walz,Efren,Thornton,Kiersten,Walz,Sydney
Thornton,Saige,Truly,Maegan,Thornton,Amari
Walz,Simon,Thornton,Kiersten,Walz,Sydney
Thornton,Kierstin,Truly,Maegan,Thornton,Amari
Hart,Jayson,Thornton,Jazmyn,Hart,Leroy
Thornton,Sheri,Truly,Maegan,Thornton,Amari
Hart,Howard,Thornton,Jazmyn,Hart,Leroy
Thornton,Leigh,Truly,Maegan,Thornton,Amari
Hart,Nickolas,Thornton,Jazmyn,Hart,Leroy
Truly,Sherridan,Thornton,Anisha,Truly,Brett
Hart,Jasper,Thornton,Jazmyn,Hart,Leroy
Truly,Imani,Thornton,Anisha,Truly,Brett
Hart,Andy,Thornton,Jazmyn,Hart,Leroy
Truly,Sania,Thornton,Anisha,Truly,Brett
Hart,Aaron,Thornton,Jazmyn,Hart,Leroy
Truly,Paula,Thornton,Anisha,Truly,Brett
Hart,Toby,Thornton,Jazmyn,Hart,Leroy
Truly,Sasha,Thornton,Anisha,Truly,Brett
Hart,Felix,Thornton,Jazmyn,Hart,Leroy
Truly,Kaley,Thornton,Anisha,Truly,Brett
Hart,Quentin,Thornton,Jazmyn,Hart,Leroy
Truly,Marycather,Thornton,Anisha,Truly,Brett
Hart,Joey,Thornton,Jazmyn,Hart,Leroy
Truly,Cristina,Thornton,Anisha,Truly,Brett
Hart,Yakov,Thornton,Jazmyn,Hart,Leroy
Truly,Rita,Thornton,Marlena,Truly,Ronny
Hart,Darius,Thornton,Jodie,Hart,Anfernee
Truly,Amy,Thornton,Marlena,Truly,Ronny
Hart,Dana,Thornton,Jodie,Hart,Anfernee
Truly,Angela,Thornton,Marlena,Truly,Ronny
Hart,John,Thornton,Jodie,Hart,Anfernee
Truly,Lianna,Thornton,Marlena,Truly,Ronny
Hart,Neftaly,Thornton,Jodie,Hart,Anfernee
Truly,Yolanda,Thornton,Marlena,Truly,Ronny
Hart,Saxon,Thornton,Jodie,Hart,Anfernee
Truly,Katharine,Thornton,Marlena,Truly,Ronny
Hart,Devon,Thornton,Jodie,Hart,Anfernee
Truly,Amina,Thornton,Marlena,Truly,Ronny
Hart,Salvatore,Thornton,Jodie,Hart,Anfernee
Truly,Irma,Thornton,Marlena,Truly,Ronny
Hart,Ruben,Thornton,Virginia,Hart,Tyquan
Truly,Kirsten,Thornton,Marlena,Truly,Ronny
Hart,Enrique,Thornton,Virginia,Hart,Tyquan
Truly,Destiana,Thornton,Marlena,Truly,Ronny
Hart,Anthony,Thornton,Virginia,Hart,Tyquan
Truly,Tiona,Thornton,Marlena,Truly,Ronny
Hart,Johnathon,Truly,Caroline,Hart,Coy
Truly,Kelsee,Thornton,Marlena,Truly,Ronny
Hart,Karl,Truly,Caroline,Hart,Coy
Truly,Delanie,Thornton,Marlena,Truly,Ronny
Hart,Ryland,Truly,Caroline,Hart,Coy
Truly,Sadia,Thornton,Marlena,Truly,Ronny
Hart,Delonta,Truly,Alaina,Hart,Diego
Truly,Janelle,Thornton,Marlena,Truly,Ronny
Hart,Pablo,Truly,Alaina,Hart,Diego
Truly,Madeline,Thornton,Abbie,Truly,Javier
Hart,Rowan,Truly,Alaina,Hart,Diego
Truly,Nicolette,Thornton,Abbie,Truly,Javier
Hart,Allan,Truly,Alaina,Hart,Diego
Truly,Aaliyah,Thornton,Abbie,Truly,Javier
Hart,Ryan,Truly,Alaina,Hart,Diego
Truly,Alina,Thornton,Abbie,Truly,Javier
Hart,Darrius,Truly,Alaina,Hart,Diego
Truly,Shayna,Thornton,Abbie,Truly,Javier
Hart,Kahlil,Truly,Alaina,Hart,Diego
Truly,Krystle,Thornton,Abbie,Truly,Javier
Hart,Junior,Truly,Alaina,Hart,Diego
Truly,Drew,Thornton,Abbie,Truly,Javier
Hart,Mohammed,Truly,Alaina,Hart,Diego
Truly,Georgina,Thornton,Abbie,Truly,Javier
Hart,Valentin,Truly,Alaina,Hart,Diego
Truly,Shae,Thornton,Abbie,Truly,Javier
Hart,Slaten,Truly,Alaina,Hart,Diego
Truly,Daniela,Thornton,Abbie,Truly,Javier
Hart,Davon,Truly,Alaina,Hart,Diego
Truly,Jalen,Thornton,Abbie,Truly,Javier
Hart,Rayvon,Truly,Alaina,Hart,Diego
Truly,Mara,Thornton,Abbie,Truly,Javier
Hart,Titus,Truly,Alaina,Hart,Diego
Truly,Harley,Thornton,Abbie,Truly,Javier
Hart,Tarik,Truly,Alaina,Hart,Diego
Truly,Terra,Thornton,Shiann,Truly,Sergio
Hart,Ronny,Truly,Kiara,Hart,Marquise
Truly,Gabriel,Thornton,Shiann,Truly,Sergio
Hart,Demonte,Truly,Kiara,Hart,Marquise
Truly,Lucy,Thornton,Shiann,Truly,Sergio
Hart,Dominick,Truly,Kiara,Hart,Marquise
Truly,Chantel,Thornton,Shiann,Truly,Sergio
Hart,Jose,Truly,Kiara,Hart,Marquise
Truly,Dulce,Thornton,Shiann,Truly,Sergio
Hart,Mckay,Truly,Kiara,Hart,Marquise
Truly,Tianna,Thornton,Xiomara,Truly,Soren
Hart,Tate,Truly,Kiara,Hart,Marquise
Truly,Trisha,Thornton,Xiomara,Truly,Soren
Hart,Alexander,Truly,Kiara,Hart,Marquise
Truly,Gilda,Thornton,Xiomara,Truly,Soren
Walz,Stephanie,Truly,Erin,Walz,Hugo
Truly,Lisette,Thornton,Xiomara,Truly,Soren
Walz,Quincy,Truly,Erin,Walz,Hugo
Truly,Jocelyne,Thornton,Xiomara,Truly,Soren
Walz,Juan,Truly,Erin,Walz,Hugo
Truly,Salena,Thornton,Xiomara,Truly,Soren
Walz,Jeffrey,Truly,Erin,Walz,Hugo
Truly,Susana,Thornton,Xiomara,Truly,Soren
Walz,Terence,Truly,Kenyetta,Walz,Brady
Truly,Joselyn,Thornton,Shirley,Truly,Yovani
Walz,Tyren,Truly,Kenyetta,Walz,Brady
Truly,Annette,Thornton,Shirley,Truly,Yovani
Walz,Darian,Truly,Kenyetta,Walz,Brady
Walz,Baby,Thornton,Andrea,Walz,Destin
Walz,Bradlee,Truly,Kenyetta,Walz,Brady
Walz,Clare,Thornton,Andrea,Walz,Destin
Walz,Kevon,Truly,Kenyetta,Walz,Brady
Walz,Hayley,Thornton,Kiersten,Walz,Sydney
Walz,Jakob,Truly,Kenyetta,Walz,Brady
Walz,Shamaria,Thornton,Kiersten,Walz,Sydney
Walz,Izaiah,Truly,Kenyetta,Walz,Brady
Walz,Julie,Thornton,Kiersten,Walz,Sydney
Walz,Isaias,Truly,Kenyetta,Walz,Brady
Walz,Karlie,Thornton,Kiersten,Walz,Sydney
Walz,Deangelo,Truly,Cameron,Walz,Rafael
Walz,Joyce,Thornton,Kiersten,Walz,Sydney
Walz,Xavier,Truly,Cameron,Walz,Rafael
Walz,Charlene,Thornton,Kiersten,Walz,Sydney
Walz,Derek,Truly,Cameron,Walz,Rafael
Walz,Ashlynn,Thornton,Kiersten,Walz,Sydney
Walz,Dequan,Walz,Geneva,Walz,Diamond
Hart,Mariana,Thornton,Jazmyn,Hart,Leroy
Walz,Kyle,Walz,Geneva,Walz,Diamond
Hart,Addison,Thornton,Jazmyn,Hart,Leroy
Walz,Shmuel,Walz,Christine,Walz,Zaquan
Hart,Karyna,Thornton,Jazmyn,Hart,Leroy
Walz,Francesco,Walz,Christine,Walz,Zaquan
Hart,Renee,Thornton,Jazmyn,Hart,Leroy
Walz,Tyran,Walz,Christine,Walz,Zaquan
Hart,Rosemary,Thornton,Jazmyn,Hart,Leroy
Walz,Braydon,Walz,Christine,Walz,Zaquan
Hart,Kaina,Thornton,Jazmyn,Hart,Leroy
Walz,Kelson,Walz,Torrie,Walz,Davis
Hart,Bree,Thornton,Jazmyn,Hart,Leroy
Walz,Neil,Walz,Torrie,Walz,Davis
Hart,Kristie,Thornton,Jazmyn,Hart,Leroy
Walz,Corey,Walz,Torrie,Walz,Davis
Hart,Nia,Thornton,Jazmyn,Hart,Leroy
Walz,Jarod,Walz,Torrie,Walz,Davis
Hart,Mckayla,Thornton,Jodie,Hart,Anfernee
Walz,Montana,Walz,Torrie,Walz,Davis
Hart,Jazmine,Thornton,Jodie,Hart,Anfernee
Walz,Sebastien,Walz,Ashli,Walz,Vincent
Hart,Justine,Thornton,Jodie,Hart,Anfernee
Walz,Norman,Walz,Ashli,Walz,Vincent
Hart,Johana,Thornton,Jodie,Hart,Anfernee
Walz,Jaylan,Walz,Ashli,Walz,Vincent
Hart,Moesha,Thornton,Jodie,Hart,Anfernee
Walz,Camden,Walz,Ashli,Walz,Vincent
Hart,Tiana,Thornton,Jodie,Hart,Anfernee
Walz,Tanner,Walz,Ashli,Walz,Vincent
Hart,Celia,Thornton,Jodie,Hart,Anfernee
Walz,Jay,Walz,Ashli,Walz,Vincent
Hart,Nathalia,Thornton,Jodie,Hart,Anfernee
Walz,Dominic,Walz,Ashli,Walz,Vincent
Hart,Elisa,Thornton,Virginia,Hart,Tyquan
Walz,Erin,Walz,Felisha,Walz,Chadwick
Hart,Shenelly,Thornton,Virginia,Hart,Tyquan
Walz,Zaire,Walz,Felisha,Walz,Chadwick
Hart,Maia,Truly,Caroline,Hart,Coy
Walz,Jacky,Walz,Felisha,Walz,Chadwick
Hart,Kaila,Truly,Caroline,Hart,Coy
Walz,Rigoberto,Walz,Felisha,Walz,Chadwick
Hart,Kalee,Truly,Caroline,Hart,Coy
Walz,Dylan,Walz,Felisha,Walz,Chadwick
Hart,Abigail,Truly,Caroline,Hart,Coy
Walz,Stephan,Walz,Felisha,Walz,Chadwick
Hart,Grace,Truly,Caroline,Hart,Coy
Walz,Quanterriu,Walz,Felisha,Walz,Chadwick
Hart,Anjelica,Truly,Caroline,Hart,Coy
Walz,Deonte,Walz,Felisha,Walz,Chadwick
Hart,Jayla,Truly,Caroline,Hart,Coy
Walz,Trevin,Walz,Dajanae,Walz,Clifford
Hart,Julianne,Truly,Caroline,Hart,Coy
Walz,Tyson,Walz,Dajanae,Walz,Clifford
Hart,Sharon,Truly,Caroline,Hart,Coy
Pogue,Jovan,Walz,Keisha,Pogue,Calvin
Hart,Essence,Truly,Caroline,Hart,Coy
Pogue,Zaire,Walz,Keisha,Pogue,Calvin
Hart,Ashleigh,Truly,Caroline,Hart,Coy
Pogue,Wade,Walz,Kathleen,Pogue,Milton
Hart,Shaylee,Truly,Alaina,Hart,Diego
Pogue,Guillermo,Walz,Kathleen,Pogue,Milton
Hart,Kaytlyn,Truly,Alaina,Hart,Diego
Pogue,Justice,Walz,Kathleen,Pogue,Milton
Hart,Ebone,Truly,Alaina,Hart,Diego
Pogue,Coy,Walz,Kathleen,Pogue,Milton
Hart,Yvette,Truly,Alaina,Hart,Diego
Pogue,Montel,Walz,Devonna,Pogue,Lamont
Hart,Wendy,Truly,Alaina,Hart,Diego
Pogue,Quayshawn,Walz,Devonna,Pogue,Lamont
Hart,Mari,Truly,Kiara,Hart,Marquise
Pogue,Dominick,Walz,Devonna,Pogue,Lamont
Hart,Katie,Truly,Kiara,Hart,Marquise
Pogue,Ever,Walz,Devonna,Pogue,Lamont
Hart,Jenny,Truly,Kiara,Hart,Marquise
Pogue,Trevin,Walz,Devonna,Pogue,Lamont
Hart,Monika,Truly,Kiara,Hart,Marquise
Pogue,Cristian,Walz,Devonna,Pogue,Lamont
Hart,Caylee,Truly,Kiara,Hart,Marquise
Pogue,Shea,Walz,Devonna,Pogue,Lamont
Hart,Micah,Truly,Kiara,Hart,Marquise
Pogue,Victor,Walz,Janay,Pogue,Kenyon
Hart,Celena,Truly,Kiara,Hart,Marquise
Pogue,Dorian,Walz,Janay,Pogue,Kenyon
Hart,Elissa,Truly,Kiara,Hart,Marquise
Pogue,Dante,Walz,Janay,Pogue,Kenyon
Walz,Joan,Truly,Erin,Walz,Hugo
Pogue,Dandre,Walz,Janay,Pogue,Kenyon
Walz,Ellie,Truly,Erin,Walz,Hugo
Pogue,Easton,Walz,Janay,Pogue,Kenyon
Walz,Unique,Truly,Erin,Walz,Hugo
Pogue,Leo,Walz,Janay,Pogue,Kenyon
Walz,Bridgett,Truly,Erin,Walz,Hugo
Pogue,Zakery,Walz,Janay,Pogue,Kenyon
Walz,Mona,Truly,Erin,Walz,Hugo
Pogue,Rigoberto,Hart,Shae,Pogue,Sedrick
Walz,Johanna,Truly,Erin,Walz,Hugo
Pogue,Andrew,Hart,Shae,Pogue,Sedrick
Walz,Melanie,Truly,Erin,Walz,Hugo
Pogue,Zackary,Hart,Shae,Pogue,Sedrick
Walz,Haleigh,Truly,Kenyetta,Walz,Brady
Pogue,Tarik,Hart,Shae,Pogue,Sedrick
Walz,Denise,Truly,Kenyetta,Walz,Brady
Pogue,Dustin,Hart,Shae,Pogue,Sedrick
Walz,Dana,Truly,Kenyetta,Walz,Brady
Pogue,Bretton,Hart,Shae,Pogue,Sedrick
Walz,Maricarmen,Truly,Kenyetta,Walz,Brady
Pogue,Gilberto,Hart,Shae,Pogue,Sedrick
Walz,Kendyl,Truly,Kenyetta,Walz,Brady
Pogue,Zaquan,Hart,Shae,Pogue,Sedrick
Walz,Heidy,Truly,Kenyetta,Walz,Brady
Pogue,Casey,Hart,Shae,Pogue,Sedrick
Walz,Carissa,Truly,Kenyetta,Walz,Brady
Pogue,Timothy,Hart,Shae,Pogue,Sedrick
Walz,Kaina,Walz,Geneva,Walz,Diamond
Pogue,Joshua,Hart,Shae,Pogue,Sedrick
Walz,Anamarie,Walz,Geneva,Walz,Diamond
Pogue,Deonte,Hart,Shae,Pogue,Sedrick
Walz,Bryanna,Walz,Geneva,Walz,Diamond
Washington,Reese,Hart,Tayler,Washington,Guillermo
Walz,Robin,Walz,Geneva,Walz,Diamond
Washington,Gilbert,Hart,Tayler,Washington,Guillermo
Walz,Rowan,Walz,Christine,Walz,Zaquan
Washington,Steven,Hart,Laken,Washington,Demarcus
Walz,Keanna,Walz,Christine,Walz,Zaquan
Washington,Leonard,Hart,Laken,Washington,Demarcus
Walz,Jessie,Walz,Christine,Walz,Zaquan
Washington,Trentin,Hart,Laken,Washington,Demarcus
Walz,Terra,Walz,Torrie,Walz,Davis
Washington,Eric,Hart,Laken,Washington,Demarcus
Walz,Tatianna,Walz,Torrie,Walz,Davis
Washington,Edgardo,Hart,Laken,Washington,Demarcus
Walz,Analisa,Walz,Torrie,Walz,Davis
Washington,Savion,Hart,Laken,Washington,Demarcus
Walz,Zoe,Walz,Ashli,Walz,Vincent
Washington,Arjun,Hart,Laken,Washington,Demarcus
Walz,Tiffanie,Walz,Ashli,Walz,Vincent
Washington,Kayle,Hart,Laken,Washington,Demarcus
Walz,Hattie,Walz,Ashli,Walz,Vincent
Washington,Ignacio,Hart,Mallory,Washington,Preston
Walz,Michele,Walz,Ashli,Walz,Vincent
Washington,Ashton,Hart,Mallory,Washington,Preston
Walz,Chynna,Walz,Ashli,Walz,Vincent
Washington,Kegan,Hart,Mallory,Washington,Preston
Walz,Mindi,Walz,Ashli,Walz,Vincent
Washington,Ronald,Hart,Mallory,Washington,Preston
Walz,Measia,Walz,Ashli,Walz,Vincent
Washington,Stanley,Hart,Kayle,Washington,Blaine
Walz,Chloie,Walz,Ashli,Walz,Vincent
Washington,Talon,Hart,Kayle,Washington,Blaine
Walz,Skylar,Walz,Ashli,Walz,Vincent
Washington,Warren,Hart,Kayle,Washington,Blaine
Walz,Catherine,Walz,Ashli,Walz,Vincent
Washington,Bronson,Hart,Kayle,Washington,Blaine
Walz,Chelsy,Walz,Ashli,Walz,Vincent
Washington,Tyson,Hart,Kayle,Washington,Blaine
Walz,Jaden,Walz,Ashli,Walz,Vincent
Washington,Myles,Hart,Kayle,Washington,Blaine
Walz,Shane,Walz,Felisha,Walz,Chadwick
Washington,Callum,Hart,Kayle,Washington,Blaine
Walz,Kaitlyn,Walz,Felisha,Walz,Chadwick
Washington,Colbey,Hart,Kayle,Washington,Blaine
Walz,Adrienne,Walz,Dajanae,Walz,Clifford
Washington,Maxwell,Hart,Kayle,Washington,Blaine
Walz,Maison,Walz,Dajanae,Walz,Clifford
Washington,Marquise,Hart,Kayle,Washington,Blaine
Pogue,Camisha,Walz,Keisha,Pogue,Calvin
Washington,Lamar,Hart,Kayle,Washington,Blaine
Pogue,Niki,Walz,Keisha,Pogue,Calvin
Washington,Francis,Hart,Shanna,Washington,Valentin
Pogue,Haleigh,Walz,Keisha,Pogue,Calvin
Washington,Ezequiel,Hart,Shanna,Washington,Valentin
Pogue,Desaree,Walz,Keisha,Pogue,Calvin
Washington,Orion,Hart,Shanna,Washington,Valentin
Pogue,Johnna,Walz,Kathleen,Pogue,Milton
Washington,Casey,Hart,Shanna,Washington,Valentin
Pogue,Vera,Walz,Devonna,Pogue,Lamont
Washington,Heriberto,Hart,Shanna,Washington,Valentin
Pogue,Alessandra,Walz,Devonna,Pogue,Lamont
Washington,Santos,Hart,Shanna,Washington,Valentin
Pogue,Patsy,Walz,Devonna,Pogue,Lamont
Washington,Lazaro,Hart,Shanna,Washington,Valentin
Pogue,Rebeca,Walz,Devonna,Pogue,Lamont
Washington,Demonte,Hart,Shanna,Washington,Valentin
Pogue,Emily,Walz,Devonna,Pogue,Lamont
Washington,Misael,Hart,Shanna,Washington,Valentin
Pogue,Chantal,Walz,Devonna,Pogue,Lamont
Washington,Brian,Hart,Shanna,Washington,Valentin
Pogue,Janie,Walz,Devonna,Pogue,Lamont
Washington,Addison,Hart,Shanna,Washington,Valentin
Pogue,Amy,Walz,Devonna,Pogue,Lamont
Washington,Joshua,Hart,Shanna,Washington,Valentin
Pogue,Caylee,Walz,Devonna,Pogue,Lamont
Conrad,Charles,Deardorff,Kacey,Noriega,Hugo,Boilermaker
Washington,Kelton,Hart,Shanna,Washington,Valentin
Pogue,Ella,Walz,Devonna,Pogue,Lamont
Washington,Mohamad,Hart,Shanna,Washington,Valentin
Pogue,Tracy,Walz,Devonna,Pogue,Lamont
Washington,Peyton,Hart,Shanna,Washington,Valentin
Pogue,Kennedy,Walz,Devonna,Pogue,Lamont
Washington,Austyn,Hart,Shanna,Washington,Valentin
Pogue,Malika,Walz,Janay,Pogue,Kenyon
Washington,Yair,Walz,Makenna,Washington,Antoine
Pogue,Marlena,Walz,Janay,Pogue,Kenyon
Washington,Al,Walz,Makenna,Washington,Antoine
Pogue,Zulema,Walz,Janay,Pogue,Kenyon
Washington,Jalen,Walz,Makenna,Washington,Antoine
Pogue,Krystle,Walz,Janay,Pogue,Kenyon
Washington,Guy,Walz,Yuki,Washington,Stephen
Pogue,Madelyn,Walz,Janay,Pogue,Kenyon
Washington,Kieran,Walz,Yuki,Washington,Stephen
Pogue,Rocio,Walz,Janay,Pogue,Kenyon
Washington,Wylie,Walz,Yuki,Washington,Stephen
Pogue,Anitra,Walz,Janay,Pogue,Kenyon
Washington,Miguel,Walz,Yuki,Washington,Stephen
Pogue,Adriane,Walz,Janay,Pogue,Kenyon
Washington,Jai,Walz,Yuki,Washington,Stephen
Pogue,Tiara,Walz,Janay,Pogue,Kenyon
Washington,Tyran,Walz,Kiara,Washington,Bryce
Pogue,Kristyn,Walz,Janay,Pogue,Kenyon
Washington,Leo,Walz,Kiara,Washington,Bryce
Pogue,Nakia,Hart,Shae,Pogue,Sedrick
Washington,Jacoby,Walz,Kiara,Washington,Bryce
Pogue,Jazmine,Hart,Shae,Pogue,Sedrick
Washington,Michael,Walz,Kiara,Washington,Bryce
Pogue,Selina,Hart,Shae,Pogue,Sedrick
Washington,Bennett,Walz,Kiara,Washington,Bryce
Washington,Chanel,Hart,Tayler,Washington,Guillermo
Washington,Jayson,Walz,Kiara,Washington,Bryce
Washington,Marianna,Hart,Tayler,Washington,Guillermo
Washington,Jamel,Walz,Kiara,Washington,Bryce
Washington,Aleasha,Hart,Tayler,Washington,Guillermo
Washington,Billy,Walz,Kiara,Washington,Bryce
Washington,Chynna,Hart,Tayler,Washington,Guillermo
Washington,Gregory,Walz,Kiara,Washington,Bryce
Washington,London,Hart,Tayler,Washington,Guillermo
Washington,Cody,Walz,Kiara,Washington,Bryce
Washington,Anneliese,Hart,Tayler,Washington,Guillermo
Washington,Ricky,Walz,Kiara,Washington,Bryce
Washington,Roxanne,Hart,Tayler,Washington,Guillermo
Washington,Parker,Walz,Kiara,Washington,Bryce
Washington,Maren,Hart,Laken,Washington,Demarcus
Washington,Coleman,Walz,Leann,Washington,Mathieu
Washington,Adele,Hart,Laken,Washington,Demarcus
Washington,Andy,Walz,Leann,Washington,Mathieu
Washington,Zoe,Hart,Laken,Washington,Demarcus
Washington,Craig,Walz,Leann,Washington,Mathieu
Washington,Kendall,Hart,Laken,Washington,Demarcus
Washington,Yobani,Walz,Leann,Washington,Mathieu
Washington,Paloma,Hart,Laken,Washington,Demarcus
Washington,Edwin,Walz,Leann,Washington,Mathieu
Washington,Bianca,Hart,Mallory,Washington,Preston
Washington,Freeman,Walz,Leann,Washington,Mathieu
Washington,Judy,Hart,Mallory,Washington,Preston
Washington,Kade,Walz,Leann,Washington,Mathieu
Washington,Mykayla,Hart,Mallory,Washington,Preston
Washington,Leland,Walz,Leann,Washington,Mathieu
Washington,Ciara,Hart,Mallory,Washington,Preston
Washington,Alexander,Walz,Leann,Washington,Mathieu
Washington,Ruth,Hart,Mallory,Washington,Preston
Washington,Marvin,Walz,Leann,Washington,Mathieu
Washington,Kristina,Hart,Mallory,Washington,Preston
Washington,Abraham,Walz,Leann,Washington,Mathieu
Washington,Farrah,Hart,Kayle,Washington,Blaine
Washington,Javier,Walz,Leann,Washington,Mathieu
Washington,Lakeisha,Hart,Kayle,Washington,Blaine
Washington,Johnathan,Walz,Leann,Washington,Mathieu
Washington,Viviana,Hart,Kayle,Washington,Blaine
Washington,Kerry,Walz,Leann,Washington,Mathieu
Washington,Jaclyn,Hart,Kayle,Washington,Blaine
Washington,Irfan,Walz,Leann,Washington,Mathieu
Washington,Cherie,Hart,Kayle,Washington,Blaine
Washington,Deandre,Walz,Leann,Washington,Mathieu
Washington,Shelly,Hart,Kayle,Washington,Blaine
Washington,Adalberto,Walz,Leann,Washington,Mathieu
Washington,Keira,Hart,Kayle,Washington,Blaine
Washington,Jackson,Walz,Leann,Washington,Mathieu
Washington,Alexandrea,Hart,Shanna,Washington,Valentin
Washington,Lloyd,Walz,Leann,Washington,Mathieu
Washington,Melissa,Hart,Shanna,Washington,Valentin
