Schweickart,Joseph,Graveline,Lauryn,Schweickart,Clinton
Llewellyn,Kelli,Brown,Jamiya,Llewellyn,Michel
Poindexter,Johnathan,Ochoa,Merideth,Poindexter,Remington
Lawrence,Dakota,Cernan,Angelina,Lawrence,Bernard
Foale,Dante,Coleman,Ashlee,Foale,Ladarius
Hilliard,Katheryn,Jemison,Georgina,Hilliard,Alexis
Olivas,Sammie,Eisenhower,Carina,Olivas,Dana
England,Jamee,Mullane,Karina,England,Bernard
Greene,Jeremiah,Grunsfeld,Celeste,Greene,Jordin
Lind,Esmeralda,Wilson,Nathaly,Lind,Micheal
Lawrence,Salvador,Fillmore,Suzanne,Lawrence,Martin
Oswald,Demi,Culbertson,Tanna,Oswald,Luciano
Higginbotham,Kendrick,Garfield,Jhane,Higginbotham,Landin
Thorne,Tanna,Thomas,Katrina,Thorne,Tristen
Lockhart,Keifer,Michel,Liz,Lockhart,Jacky
Engle,Jami,Ochoa,Katharine,Engle,Camron
Bean,Douglas,Harding,Maureen,Bean,Luciano
Onizuka,Kristy,Patrick,Ariana,Onizuka,Thaddeus
Lockhart,Patrick,Horowitz,Zandria,Lockhart,Salvador
Robinson,Charlotte,Young,Arielle,Robinson,Arthur
Resnik,Mathew,Herrington,Krystan,Resnik,Charlie
Henize,Diana,Creighton,Cierra,Henize,Elmer
Lenoir,Branden,Michel,Madison,Lenoir,Neal
Swanson,Elizabet,McCandless,Madalyn,Swanson,Tristen
Thuot,Darrell,Altman,Roxanne,Thuot,Franklin
Brand,Latasha,Newman,Sienna,Brand,Osvaldo
Schweickart,Dakota,Llewellyn,Kelli,Schweickart,Joseph
Jackson,Briana,Precour,Blaine,Jackson,Jayden
Schweickart,Hunter,Llewellyn,Kelli,Schweickart,Joseph
Kilrain,Brianne,Mitchell,Anamarie,Kilrain,River
Schweickart,Nicolas,Llewellyn,Kelli,Schweickart,Joseph
Fullerton,Jane,Thomas,Bayleigh,Fullerton,Jimmy
Schweickart,Denzel,Llewellyn,Kelli,Schweickart,Joseph
Armstrong,Susan,Gardner,Jami,Armstrong,Henry
Schweickart,Dane,Llewellyn,Kelli,Schweickart,Joseph
Schweickart,Chastity,Llewellyn,Kelli,Schweickart,Joseph
Poindexter,Jules,Lawrence,Dakota,Poindexter,Johnathan
Schweickart,Kortney,Llewellyn,Kelli,Schweickart,Joseph
Foale,Sean,Hilliard,Katheryn,Foale,Dante
Schweickart,Patience,Llewellyn,Kelli,Schweickart,Joseph
Foale,Kristopher,Hilliard,Katheryn,Foale,Dante
Schweickart,Brynn,Llewellyn,Kelli,Schweickart,Joseph
Foale,Shlomo,Hilliard,Katheryn,Foale,Dante
Poindexter,Taylor,Lawrence,Dakota,Poindexter,Johnathan
Foale,Brody,Hilliard,Katheryn,Foale,Dante
Poindexter,Courteney,Lawrence,Dakota,Poindexter,Johnathan
Olivas,Terron,England,Jamee,Olivas,Sammie
Poindexter,Shianne,Lawrence,Dakota,Poindexter,Johnathan
Olivas,Israel,England,Jamee,Olivas,Sammie
Poindexter,Alana,Lawrence,Dakota,Poindexter,Johnathan
Olivas,Rudy,England,Jamee,Olivas,Sammie
Foale,Simone,Hilliard,Katheryn,Foale,Dante
Olivas,Juan,England,Jamee,Olivas,Sammie
Foale,Jenny,Hilliard,Katheryn,Foale,Dante
Olivas,Louis,England,Jamee,Olivas,Sammie
Olivas,Cali,England,Jamee,Olivas,Sammie
Olivas,Sutton,England,Jamee,Olivas,Sammie
Olivas,Hanna,England,Jamee,Olivas,Sammie
Olivas,Harley,England,Jamee,Olivas,Sammie
Olivas,Priscilla,England,Jamee,Olivas,Sammie
Greene,Habram,Lind,Esmeralda,Greene,Jeremiah
Olivas,Brianne,England,Jamee,Olivas,Sammie
Greene,Camden,Lind,Esmeralda,Greene,Jeremiah
Olivas,Kailey,England,Jamee,Olivas,Sammie
Greene,Gerardo,Lind,Esmeralda,Greene,Jeremiah
Olivas,Montana,England,Jamee,Olivas,Sammie
Greene,Dion,Lind,Esmeralda,Greene,Jeremiah
Olivas,Bianca,England,Jamee,Olivas,Sammie
Greene,Alejandro,Lind,Esmeralda,Greene,Jeremiah
Olivas,Mattea,England,Jamee,Olivas,Sammie
Greene,Cesar,Lind,Esmeralda,Greene,Jeremiah
Olivas,Rianna,England,Jamee,Olivas,Sammie
Greene,Willis,Lind,Esmeralda,Greene,Jeremiah
Olivas,Odalys,England,Jamee,Olivas,Sammie
Greene,Perry,Lind,Esmeralda,Greene,Jeremiah
Olivas,Myra,England,Jamee,Olivas,Sammie
Greene,Leonardo,Lind,Esmeralda,Greene,Jeremiah
Greene,Mireya,Lind,Esmeralda,Greene,Jeremiah
Greene,Kendrick,Lind,Esmeralda,Greene,Jeremiah
Greene,Itati,Lind,Esmeralda,Greene,Jeremiah
Lawrence,Ameer,Oswald,Demi,Lawrence,Salvador
Greene,Holli,Lind,Esmeralda,Greene,Jeremiah
Higginbotham,Rigoberto,Thorne,Tanna,Higginbotham,Kendrick
Greene,Jacklyn,Lind,Esmeralda,Greene,Jeremiah
Higginbotham,Spenser,Thorne,Tanna,Higginbotham,Kendrick
Lawrence,Sarah,Oswald,Demi,Lawrence,Salvador
Higginbotham,Devante,Thorne,Tanna,Higginbotham,Kendrick
Lawrence,Devyn,Oswald,Demi,Lawrence,Salvador
Lockhart,Sutton,Engle,Jami,Lockhart,Keifer
Lawrence,Kellie,Oswald,Demi,Lawrence,Salvador
Bean,Jovon,Onizuka,Kristy,Bean,Douglas
Lawrence,Kendal,Oswald,Demi,Lawrence,Salvador
Bean,Isidro,Onizuka,Kristy,Bean,Douglas
Lawrence,Precious,Oswald,Demi,Lawrence,Salvador
Bean,Alfredo,Onizuka,Kristy,Bean,Douglas
Lawrence,Kassandra,Oswald,Demi,Lawrence,Salvador
Bean,Austen,Onizuka,Kristy,Bean,Douglas
Lawrence,Ladaysha,Oswald,Demi,Lawrence,Salvador
Bean,Elvin,Onizuka,Kristy,Bean,Douglas
Higginbotham,Maegan,Thorne,Tanna,Higginbotham,Kendrick
Bean,Tracy,Onizuka,Kristy,Bean,Douglas
Higginbotham,Coralys,Thorne,Tanna,Higginbotham,Kendrick
Lockhart,Jarrett,Robinson,Charlotte,Lockhart,Patrick
Lockhart,Marlen,Engle,Jami,Lockhart,Keifer
Lockhart,Bernardo,Robinson,Charlotte,Lockhart,Patrick
Lockhart,Kaya,Engle,Jami,Lockhart,Keifer
Resnik,Maliki,Henize,Diana,Resnik,Mathew
Lockhart,Shenelly,Engle,Jami,Lockhart,Keifer
Resnik,Ervin,Henize,Diana,Resnik,Mathew
Lockhart,Arielle,Engle,Jami,Lockhart,Keifer
Resnik,Kolton,Henize,Diana,Resnik,Mathew
Lockhart,Gladys,Engle,Jami,Lockhart,Keifer
Resnik,Jerry,Henize,Diana,Resnik,Mathew
Lockhart,Cheryl,Engle,Jami,Lockhart,Keifer
Resnik,Malcolm,Henize,Diana,Resnik,Mathew
Bean,Amy,Onizuka,Kristy,Bean,Douglas
Resnik,Philip,Henize,Diana,Resnik,Mathew
Bean,Elizabet,Onizuka,Kristy,Bean,Douglas
Resnik,Baby,Henize,Diana,Resnik,Mathew
Bean,Keara,Onizuka,Kristy,Bean,Douglas
Lenoir,Chadwick,Swanson,Elizabet,Lenoir,Branden
Bean,Brynn,Onizuka,Kristy,Bean,Douglas
Lenoir,Diego,Swanson,Elizabet,Lenoir,Branden
Bean,Margaret,Onizuka,Kristy,Bean,Douglas
Lenoir,Armando,Swanson,Elizabet,Lenoir,Branden
Bean,Tasha,Onizuka,Kristy,Bean,Douglas
Lenoir,Jade,Swanson,Elizabet,Lenoir,Branden
Bean,Carrie,Onizuka,Kristy,Bean,Douglas
Lenoir,Clay,Swanson,Elizabet,Lenoir,Branden
Bean,Kelli,Onizuka,Kristy,Bean,Douglas
Lenoir,Damon,Swanson,Elizabet,Lenoir,Branden
Bean,Sean,Onizuka,Kristy,Bean,Douglas
Thuot,Kapil,Brand,Latasha,Thuot,Darrell
Bean,Trista,Onizuka,Kristy,Bean,Douglas
Thuot,Jaleel,Brand,Latasha,Thuot,Darrell
Bean,Jazmon,Onizuka,Kristy,Bean,Douglas
Thuot,Noel,Brand,Latasha,Thuot,Darrell
Lockhart,Darcy,Robinson,Charlotte,Lockhart,Patrick
Thuot,Seth,Brand,Latasha,Thuot,Darrell
Resnik,Yasmeen,Henize,Diana,Resnik,Mathew
Thuot,Kalon,Brand,Latasha,Thuot,Darrell
Resnik,Jamie,Henize,Diana,Resnik,Mathew
Thuot,Terance,Brand,Latasha,Thuot,Darrell
Resnik,Jaclyn,Henize,Diana,Resnik,Mathew
Schweickart,Dreshaun,Jackson,Briana,Schweickart,Dakota
Resnik,Bryana,Henize,Diana,Resnik,Mathew
Schweickart,Landin,Jackson,Briana,Schweickart,Dakota
Resnik,Chanelle,Henize,Diana,Resnik,Mathew
Schweickart,Jacques,Kilrain,Brianne,Schweickart,Hunter
Lenoir,Clair,Swanson,Elizabet,Lenoir,Branden
Schweickart,Kylan,Fullerton,Jane,Schweickart,Nicolas
Lenoir,Taylorann,Swanson,Elizabet,Lenoir,Branden
Schweickart,Jamel,Fullerton,Jane,Schweickart,Nicolas
Lenoir,Gabriella,Swanson,Elizabet,Lenoir,Branden
Schweickart,Keagan,Fullerton,Jane,Schweickart,Nicolas
Lenoir,Martha,Swanson,Elizabet,Lenoir,Branden
Schweickart,Quanterriu,Fullerton,Jane,Schweickart,Nicolas
Thuot,Kaitlynn,Brand,Latasha,Thuot,Darrell
Schweickart,Jimmy,Fullerton,Jane,Schweickart,Nicolas
Thuot,Marlee,Brand,Latasha,Thuot,Darrell
Schweickart,Brenton,Fullerton,Jane,Schweickart,Nicolas
Thuot,Brandy,Brand,Latasha,Thuot,Darrell
Schweickart,Quincy,Fullerton,Jane,Schweickart,Nicolas
Thuot,Chelsie,Brand,Latasha,Thuot,Darrell
Schweickart,Hashim,Fullerton,Jane,Schweickart,Nicolas
Thuot,Misty,Brand,Latasha,Thuot,Darrell
Schweickart,Sebastien,Fullerton,Jane,Schweickart,Nicolas
Schweickart,Kallee,Jackson,Briana,Schweickart,Dakota
Schweickart,Eberardo,Fullerton,Jane,Schweickart,Nicolas
Schweickart,Haleigh,Jackson,Briana,Schweickart,Dakota
Schweickart,Cecil,Fullerton,Jane,Schweickart,Nicolas
Schweickart,Makala,Kilrain,Brianne,Schweickart,Hunter
Schweickart,Lauren,Fullerton,Jane,Schweickart,Nicolas
Schweickart,Tamra,Kilrain,Brianne,Schweickart,Hunter
Schweickart,Paris,Armstrong,Susan,Schweickart,Denzel
Schweickart,Magdalena,Armstrong,Susan,Schweickart,Denzel
Schweickart,Jameson,Armstrong,Susan,Schweickart,Denzel
Schweickart,Crystal,Armstrong,Susan,Schweickart,Denzel
Schweickart,Rayquan,Armstrong,Susan,Schweickart,Denzel
Schweickart,Katharine,Armstrong,Susan,Schweickart,Denzel
Schweickart,Gerard,Armstrong,Susan,Schweickart,Denzel
Schweickart,Antonia,Armstrong,Susan,Schweickart,Denzel
Schweickart,Baby,Armstrong,Susan,Schweickart,Denzel
Schweickart,Jaymee,Armstrong,Susan,Schweickart,Denzel
Schweickart,Deontae,Armstrong,Susan,Schweickart,Denzel
Schweickart,Colette,Armstrong,Susan,Schweickart,Denzel
Schweickart,Devonta,Armstrong,Susan,Schweickart,Denzel
Schweickart,Marilyn,Armstrong,Susan,Schweickart,Denzel
Schweickart,Spencer,Armstrong,Susan,Schweickart,Denzel
Schweickart,Sara,Armstrong,Susan,Schweickart,Denzel
Schweickart,Jeremey,Armstrong,Susan,Schweickart,Denzel
Schweickart,Mahogany,Armstrong,Susan,Schweickart,Denzel
Schweickart,Heriberto,Poindexter,Taylor,Schweickart,Dane
Schweickart,Brigid,Armstrong,Susan,Schweickart,Denzel
Schweickart,Tallon,Poindexter,Taylor,Schweickart,Dane
Schweickart,Cortney,Poindexter,Taylor,Schweickart,Dane
Schweickart,Nour,Poindexter,Taylor,Schweickart,Dane
Schweickart,Marina,Poindexter,Taylor,Schweickart,Dane
Schweickart,Deonta,Poindexter,Taylor,Schweickart,Dane
Schweickart,Darcie,Poindexter,Taylor,Schweickart,Dane
Poindexter,Kirk,Schweickart,Chastity,Poindexter,Jules
Poindexter,Whitney,Schweickart,Chastity,Poindexter,Jules
Poindexter,Buford,Schweickart,Chastity,Poindexter,Jules
Poindexter,Darcy,Schweickart,Chastity,Poindexter,Jules
Poindexter,Ismael,Schweickart,Chastity,Poindexter,Jules
Poindexter,Viridiana,Schweickart,Chastity,Poindexter,Jules
Poindexter,Joel,Schweickart,Chastity,Poindexter,Jules
Poindexter,Nina,Schweickart,Chastity,Poindexter,Jules
Poindexter,Dwayne,Schweickart,Chastity,Poindexter,Jules
Poindexter,Annalisa,Schweickart,Chastity,Poindexter,Jules
Poindexter,August,Schweickart,Chastity,Poindexter,Jules
Poindexter,Rianna,Schweickart,Chastity,Poindexter,Jules
Poindexter,Moises,Schweickart,Chastity,Poindexter,Jules
Poindexter,Dorian,Schweickart,Chastity,Poindexter,Jules
Foale,Issac,Schweickart,Kortney,Foale,Sean
Foale,Hilda,Schweickart,Kortney,Foale,Sean
Foale,Brogan,Schweickart,Kortney,Foale,Sean
Foale,Ciara,Schweickart,Kortney,Foale,Sean
Foale,Noe,Schweickart,Kortney,Foale,Sean
Foale,Megan,Schweickart,Patience,Foale,Kristopher
Foale,Parker,Schweickart,Kortney,Foale,Sean
Foale,Joyce,Schweickart,Patience,Foale,Kristopher
Foale,Raymond,Schweickart,Patience,Foale,Kristopher
Foale,Jessa,Schweickart,Patience,Foale,Kristopher
Foale,Brandon,Schweickart,Patience,Foale,Kristopher
Foale,Jaclyn,Schweickart,Patience,Foale,Kristopher
Foale,Angelo,Schweickart,Patience,Foale,Kristopher
Foale,Maison,Schweickart,Brynn,Foale,Shlomo
Foale,Guy,Schweickart,Patience,Foale,Kristopher
Foale,Teagan,Schweickart,Brynn,Foale,Shlomo
Foale,Jake,Schweickart,Patience,Foale,Kristopher
Foale,Randi,Schweickart,Brynn,Foale,Shlomo
Foale,Rene,Schweickart,Patience,Foale,Kristopher
Foale,Shana,Schweickart,Brynn,Foale,Shlomo
Foale,Keith,Schweickart,Brynn,Foale,Shlomo
Foale,Jesica,Schweickart,Brynn,Foale,Shlomo
Foale,Samual,Schweickart,Brynn,Foale,Shlomo
Foale,Kierra,Poindexter,Courteney,Foale,Brody
Foale,Shayne,Poindexter,Courteney,Foale,Brody
Olivas,Dandrea,Poindexter,Shianne,Olivas,Terron
Foale,Kade,Poindexter,Courteney,Foale,Brody
Olivas,Keyshla,Poindexter,Shianne,Olivas,Terron
Foale,Jeramie,Poindexter,Courteney,Foale,Brody
Olivas,Selina,Poindexter,Shianne,Olivas,Terron
Olivas,Perry,Poindexter,Shianne,Olivas,Terron
Olivas,Kaci,Poindexter,Shianne,Olivas,Terron
Olivas,Julian,Poindexter,Shianne,Olivas,Terron
Olivas,Joanna,Poindexter,Alana,Olivas,Israel
Olivas,Taquan,Poindexter,Shianne,Olivas,Terron
Olivas,Macy,Poindexter,Alana,Olivas,Israel
Olivas,Dimitri,Poindexter,Shianne,Olivas,Terron
Olivas,Nayeli,Poindexter,Alana,Olivas,Israel
Olivas,Bennie,Poindexter,Shianne,Olivas,Terron
Olivas,Julie,Poindexter,Alana,Olivas,Israel
Olivas,Jonathan,Poindexter,Shianne,Olivas,Terron
Olivas,Reyna,Poindexter,Alana,Olivas,Israel
Olivas,Walter,Poindexter,Shianne,Olivas,Terron
Olivas,Tania,Poindexter,Alana,Olivas,Israel
Olivas,Hudson,Poindexter,Shianne,Olivas,Terron
Olivas,Shiloh,Poindexter,Alana,Olivas,Israel
Olivas,Truman,Poindexter,Shianne,Olivas,Terron
Olivas,Kaylyn,Foale,Simone,Olivas,Rudy
Olivas,Brent,Poindexter,Shianne,Olivas,Terron
Olivas,Larissa,Foale,Simone,Olivas,Rudy
Olivas,Eddie,Poindexter,Shianne,Olivas,Terron
Olivas,Micah,Foale,Simone,Olivas,Rudy
Olivas,Alejandro,Poindexter,Alana,Olivas,Israel
Olivas,Shenelly,Foale,Simone,Olivas,Rudy
Olivas,Maliki,Poindexter,Alana,Olivas,Israel
Olivas,Giuliana,Foale,Simone,Olivas,Rudy
Olivas,Wylie,Poindexter,Alana,Olivas,Israel
Olivas,Chanel,Foale,Jenny,Olivas,Juan
Olivas,Jevin,Poindexter,Alana,Olivas,Israel
Olivas,Samantha,Foale,Jenny,Olivas,Juan
Olivas,Cruz,Poindexter,Alana,Olivas,Israel
Olivas,Jeanette,Foale,Jenny,Olivas,Juan
Olivas,Roberto,Foale,Simone,Olivas,Rudy
Olivas,Khaliah,Foale,Jenny,Olivas,Juan
Olivas,Jeramie,Foale,Jenny,Olivas,Juan
Olivas,Jaime,Foale,Jenny,Olivas,Juan
Olivas,Raymond,Foale,Jenny,Olivas,Juan
Olivas,Grace,Foale,Jenny,Olivas,Juan
Olivas,Jordin,Foale,Jenny,Olivas,Juan
Olivas,Presley,Foale,Jenny,Olivas,Juan
Olivas,Carson,Foale,Jenny,Olivas,Juan
Olivas,Elida,Foale,Jenny,Olivas,Juan
Olivas,Reese,Foale,Jenny,Olivas,Juan
Olivas,Brieanna,Foale,Jenny,Olivas,Juan
Olivas,Leonard,Foale,Jenny,Olivas,Juan
Olivas,Helen,Foale,Jenny,Olivas,Juan
Olivas,Jorge,Foale,Jenny,Olivas,Juan
Olivas,Tristin,Greene,Mireya,Olivas,Louis
Olivas,Rodney,Foale,Jenny,Olivas,Juan
Olivas,Chardonnay,Greene,Mireya,Olivas,Louis
Olivas,Myron,Greene,Mireya,Olivas,Louis
Olivas,Christine,Greene,Mireya,Olivas,Louis
Olivas,Deonta,Greene,Mireya,Olivas,Louis
Olivas,Sidney,Greene,Mireya,Olivas,Louis
Olivas,Lamont,Greene,Mireya,Olivas,Louis
Olivas,Janesha,Greene,Mireya,Olivas,Louis
Olivas,Trevor,Greene,Mireya,Olivas,Louis
Olivas,Kali,Greene,Mireya,Olivas,Louis
Olivas,Michael,Greene,Mireya,Olivas,Louis
Olivas,Carolina,Greene,Mireya,Olivas,Louis
Olivas,Keifer,Greene,Mireya,Olivas,Louis
Olivas,Suzanne,Greene,Mireya,Olivas,Louis
Olivas,Robert,Greene,Itati,Olivas,Sutton
Olivas,Shawna,Greene,Itati,Olivas,Sutton
Olivas,Tucker,Greene,Itati,Olivas,Sutton
Olivas,Jessa,Greene,Itati,Olivas,Sutton
Olivas,Moshe,Greene,Itati,Olivas,Sutton
Olivas,Arielle,Greene,Holli,Olivas,Harley
Olivas,Ezekiel,Greene,Itati,Olivas,Sutton
Olivas,Natalya,Greene,Holli,Olivas,Harley
Olivas,Alexandro,Greene,Holli,Olivas,Harley
Olivas,Elise,Greene,Holli,Olivas,Harley
Greene,Stefan,Olivas,Cali,Greene,Habram
Olivas,Kaydee,Greene,Holli,Olivas,Harley
Greene,Frederic,Olivas,Cali,Greene,Habram
Olivas,Arianna,Greene,Holli,Olivas,Harley
Greene,Jonathon,Olivas,Cali,Greene,Habram
Olivas,Keisha,Greene,Holli,Olivas,Harley
Greene,Allan,Olivas,Cali,Greene,Habram
Olivas,Shaina,Greene,Holli,Olivas,Harley
Greene,Buford,Olivas,Hanna,Greene,Camden
Greene,Montana,Olivas,Cali,Greene,Habram
Greene,Devontae,Olivas,Hanna,Greene,Camden
Greene,Paulina,Olivas,Cali,Greene,Habram
Greene,Keenan,Olivas,Priscilla,Greene,Gerardo
Greene,Shannon,Olivas,Cali,Greene,Habram
Greene,Payton,Olivas,Priscilla,Greene,Gerardo
Greene,Shoshana,Olivas,Cali,Greene,Habram
Greene,Asher,Olivas,Priscilla,Greene,Gerardo
Greene,Tamia,Olivas,Cali,Greene,Habram
Greene,Justice,Olivas,Priscilla,Greene,Gerardo
Greene,Karla,Olivas,Hanna,Greene,Camden
Greene,Charly,Olivas,Priscilla,Greene,Gerardo
Greene,Janell,Olivas,Priscilla,Greene,Gerardo
Greene,Stephanie,Olivas,Priscilla,Greene,Gerardo
Greene,Kayleigh,Olivas,Priscilla,Greene,Gerardo
Greene,Ignacio,Olivas,Priscilla,Greene,Gerardo
Greene,Lexus,Olivas,Priscilla,Greene,Gerardo
Greene,Austin,Olivas,Brianne,Greene,Dion
Greene,Janae,Olivas,Priscilla,Greene,Gerardo
Greene,Charlie,Olivas,Brianne,Greene,Dion
Greene,Rianna,Olivas,Priscilla,Greene,Gerardo
Greene,Isaac,Olivas,Brianne,Greene,Dion
Greene,Jameisha,Olivas,Priscilla,Greene,Gerardo
Greene,Tyson,Olivas,Brianne,Greene,Dion
Greene,Haylee,Olivas,Priscilla,Greene,Gerardo
Greene,Albert,Olivas,Brianne,Greene,Dion
Greene,Gianna,Olivas,Priscilla,Greene,Gerardo
Greene,Tayler,Olivas,Kailey,Greene,Alejandro
Greene,Tierney,Olivas,Brianne,Greene,Dion
Greene,Javier,Olivas,Kailey,Greene,Alejandro
Greene,Keana,Olivas,Brianne,Greene,Dion
Greene,Arnold,Olivas,Kailey,Greene,Alejandro
Greene,Chardonnay,Olivas,Brianne,Greene,Dion
Greene,Allen,Olivas,Kailey,Greene,Alejandro
Greene,Melinda,Olivas,Brianne,Greene,Dion
Greene,Barry,Olivas,Kailey,Greene,Alejandro
Greene,Emilee,Olivas,Brianne,Greene,Dion
Greene,Dandre,Olivas,Montana,Greene,Cesar
Greene,Mikaela,Olivas,Brianne,Greene,Dion
Greene,Cristian,Olivas,Montana,Greene,Cesar
Greene,Blair,Olivas,Brianne,Greene,Dion
Greene,Francisco,Olivas,Montana,Greene,Cesar
Greene,Zulema,Olivas,Kailey,Greene,Alejandro
Greene,Melvin,Olivas,Montana,Greene,Cesar
Greene,Leeann,Olivas,Kailey,Greene,Alejandro
Greene,Leonel,Olivas,Bianca,Greene,Willis
Greene,Brionna,Olivas,Kailey,Greene,Alejandro
Greene,Quintin,Olivas,Bianca,Greene,Willis
Greene,Dalila,Olivas,Kailey,Greene,Alejandro
Greene,Marcanthon,Olivas,Bianca,Greene,Willis
Greene,Lesli,Olivas,Kailey,Greene,Alejandro
Greene,Jamar,Olivas,Bianca,Greene,Willis
Greene,Dyamond,Olivas,Kailey,Greene,Alejandro
Greene,Rand,Olivas,Bianca,Greene,Willis
Greene,Kasey,Olivas,Kailey,Greene,Alejandro
Greene,Kurt,Olivas,Bianca,Greene,Willis
Greene,Cheyanne,Olivas,Kailey,Greene,Alejandro
Greene,Nigel,Olivas,Mattea,Greene,Perry
Greene,Bianca,Olivas,Kailey,Greene,Alejandro
Greene,Noe,Olivas,Mattea,Greene,Perry
Greene,Grace,Olivas,Montana,Greene,Cesar
Greene,Clinton,Olivas,Mattea,Greene,Perry
Greene,Joelle,Olivas,Montana,Greene,Cesar
Greene,Brogan,Olivas,Mattea,Greene,Perry
Greene,Gabriela,Olivas,Montana,Greene,Cesar
Greene,Killian,Olivas,Mattea,Greene,Perry
Greene,Carlye,Olivas,Montana,Greene,Cesar
Greene,Vicente,Olivas,Rianna,Greene,Leonardo
Greene,Maryann,Olivas,Montana,Greene,Cesar
Greene,David,Olivas,Rianna,Greene,Leonardo
Greene,Kansas,Olivas,Bianca,Greene,Willis
Greene,Micah,Olivas,Rianna,Greene,Leonardo
Greene,Maricela,Olivas,Bianca,Greene,Willis
Greene,Scott,Olivas,Rianna,Greene,Leonardo
Greene,Judith,Olivas,Bianca,Greene,Willis
Greene,Tom,Olivas,Rianna,Greene,Leonardo
Greene,Patsy,Olivas,Bianca,Greene,Willis
Greene,Harry,Olivas,Rianna,Greene,Leonardo
Greene,Dajanae,Olivas,Bianca,Greene,Willis
Greene,Devaughn,Olivas,Odalys,Greene,Kendrick
Greene,Luna,Olivas,Bianca,Greene,Willis
Greene,Lamont,Olivas,Odalys,Greene,Kendrick
Greene,Kacie,Olivas,Bianca,Greene,Willis
Greene,Trevin,Olivas,Odalys,Greene,Kendrick
Greene,Unique,Olivas,Bianca,Greene,Willis
Lawrence,Conor,Olivas,Myra,Lawrence,Ameer
Greene,Ivelisse,Olivas,Mattea,Greene,Perry
Lawrence,Jared,Olivas,Myra,Lawrence,Ameer
Greene,Lesley,Olivas,Mattea,Greene,Perry
Lawrence,George,Olivas,Myra,Lawrence,Ameer
Greene,Irene,Olivas,Mattea,Greene,Perry
Lawrence,Misael,Olivas,Myra,Lawrence,Ameer
Greene,Marissa,Olivas,Mattea,Greene,Perry
Lawrence,Kyler,Olivas,Myra,Lawrence,Ameer
Greene,Ansley,Olivas,Mattea,Greene,Perry
Lawrence,Austen,Olivas,Myra,Lawrence,Ameer
Greene,Caitriona,Olivas,Mattea,Greene,Perry
Higginbotham,Talon,Greene,Jacklyn,Higginbotham,Rigoberto
Greene,Makala,Olivas,Mattea,Greene,Perry
Higginbotham,Elijah,Greene,Jacklyn,Higginbotham,Rigoberto
Greene,Kaelyn,Olivas,Mattea,Greene,Perry
Higginbotham,Terrell,Greene,Jacklyn,Higginbotham,Rigoberto
Greene,Shanna,Olivas,Rianna,Greene,Leonardo
Higginbotham,Marc,Lawrence,Sarah,Higginbotham,Spenser
Greene,Skye,Olivas,Rianna,Greene,Leonardo
Higginbotham,Deondre,Lawrence,Sarah,Higginbotham,Spenser
Greene,Holland,Olivas,Rianna,Greene,Leonardo
Higginbotham,Shan,Lawrence,Devyn,Higginbotham,Devante
Greene,Darrian,Olivas,Rianna,Greene,Leonardo
Higginbotham,Caden,Lawrence,Devyn,Higginbotham,Devante
Greene,Armani,Olivas,Rianna,Greene,Leonardo
Higginbotham,Enrique,Lawrence,Devyn,Higginbotham,Devante
Greene,Yoana,Olivas,Rianna,Greene,Leonardo
Higginbotham,Bradley,Lawrence,Devyn,Higginbotham,Devante
Greene,Jenna,Olivas,Rianna,Greene,Leonardo
Higginbotham,Felipe,Lawrence,Devyn,Higginbotham,Devante
Lawrence,Darby,Olivas,Myra,Lawrence,Ameer
Higginbotham,Tyrone,Lawrence,Devyn,Higginbotham,Devante
Lawrence,Synthia,Olivas,Myra,Lawrence,Ameer
Lockhart,Dakota,Lawrence,Kellie,Lockhart,Sutton
Lawrence,Aubrey,Olivas,Myra,Lawrence,Ameer
Lockhart,Rhett,Lawrence,Kellie,Lockhart,Sutton
Higginbotham,Shirley,Greene,Jacklyn,Higginbotham,Rigoberto
Lockhart,Kapil,Lawrence,Kellie,Lockhart,Sutton
Higginbotham,Mahogany,Greene,Jacklyn,Higginbotham,Rigoberto
Bean,Salvatore,Lawrence,Kendal,Bean,Jovon
Higginbotham,Jaden,Greene,Jacklyn,Higginbotham,Rigoberto
Bean,Junior,Lawrence,Kendal,Bean,Jovon
Higginbotham,Jaycie,Lawrence,Sarah,Higginbotham,Spenser
Bean,Erik,Lawrence,Kendal,Bean,Jovon
Higginbotham,Debbie,Lawrence,Devyn,Higginbotham,Devante
Bean,Oneil,Lawrence,Kendal,Bean,Jovon
Higginbotham,Xiomara,Lawrence,Devyn,Higginbotham,Devante
Bean,Abel,Lawrence,Kendal,Bean,Jovon
Higginbotham,Kailee,Lawrence,Devyn,Higginbotham,Devante
Bean,Alan,Lawrence,Kendal,Bean,Jovon
Higginbotham,Estefania,Lawrence,Devyn,Higginbotham,Devante
Bean,Jeremey,Lawrence,Kendal,Bean,Jovon
Higginbotham,Jackie,Lawrence,Devyn,Higginbotham,Devante
Bean,Clint,Lawrence,Kendal,Bean,Jovon
Lockhart,Sierra,Lawrence,Kellie,Lockhart,Sutton
Bean,Ian,Lawrence,Kendal,Bean,Jovon
Lockhart,Alexus,Lawrence,Kellie,Lockhart,Sutton
Bean,Kahlil,Lawrence,Precious,Bean,Isidro
Lockhart,Kacie,Lawrence,Kellie,Lockhart,Sutton
Bean,Tyreek,Lawrence,Precious,Bean,Isidro
Lockhart,Sarahi,Lawrence,Kellie,Lockhart,Sutton
Bean,Casey,Lawrence,Precious,Bean,Isidro
Lockhart,Bryana,Lawrence,Kellie,Lockhart,Sutton
Bean,Houston,Lawrence,Precious,Bean,Isidro
Bean,Sabreen,Lawrence,Kendal,Bean,Jovon
Bean,Richard,Lawrence,Precious,Bean,Isidro
Bean,Lilly,Lawrence,Kendal,Bean,Jovon
Bean,Joseph,Lawrence,Precious,Bean,Isidro
Bean,Ellie,Lawrence,Kendal,Bean,Jovon
Bean,Garrett,Lawrence,Precious,Bean,Isidro
Bean,Justine,Lawrence,Kendal,Bean,Jovon
Bean,Henry,Lawrence,Kassandra,Bean,Alfredo
Bean,Leticia,Lawrence,Kendal,Bean,Jovon
Bean,Jairus,Lawrence,Kassandra,Bean,Alfredo
Bean,Mattea,Lawrence,Kendal,Bean,Jovon
Bean,Timothy,Lawrence,Kassandra,Bean,Alfredo
Bean,Carolina,Lawrence,Kendal,Bean,Jovon
Bean,Ernesto,Lawrence,Kassandra,Bean,Alfredo
Bean,Khaliah,Lawrence,Precious,Bean,Isidro
Bean,Theodore,Lawrence,Kassandra,Bean,Alfredo
Bean,Nadine,Lawrence,Precious,Bean,Isidro
Bean,Paris,Lawrence,Kassandra,Bean,Alfredo
Bean,Maia,Lawrence,Precious,Bean,Isidro
Bean,Kelson,Lawrence,Kassandra,Bean,Alfredo
Bean,Evelin,Lawrence,Precious,Bean,Isidro
Bean,Wayne,Lawrence,Ladaysha,Bean,Austen
Bean,Graciela,Lawrence,Precious,Bean,Isidro
Bean,Alonso,Lawrence,Ladaysha,Bean,Austen
Bean,Kali,Lawrence,Precious,Bean,Isidro
Bean,Coy,Lawrence,Ladaysha,Bean,Austen
Bean,Isamar,Lawrence,Precious,Bean,Isidro
Bean,Moses,Lawrence,Ladaysha,Bean,Austen
Bean,Octavia,Lawrence,Precious,Bean,Isidro
Bean,Javen,Higginbotham,Maegan,Bean,Elvin
Bean,Cheyanne,Lawrence,Precious,Bean,Isidro
Bean,Nathanael,Higginbotham,Maegan,Bean,Elvin
Bean,Eden,Lawrence,Kassandra,Bean,Alfredo
Bean,Triston,Higginbotham,Maegan,Bean,Elvin
Bean,Kaytlyn,Lawrence,Kassandra,Bean,Alfredo
Bean,Agustin,Higginbotham,Maegan,Bean,Elvin
Bean,Lyric,Lawrence,Kassandra,Bean,Alfredo
Bean,Ted,Higginbotham,Maegan,Bean,Elvin
Bean,Micayla,Lawrence,Kassandra,Bean,Alfredo
Bean,Quanterriu,Higginbotham,Maegan,Bean,Elvin
Bean,Merissa,Lawrence,Kassandra,Bean,Alfredo
Bean,Derrick,Higginbotham,Coralys,Bean,Tracy
Bean,Maura,Lawrence,Kassandra,Bean,Alfredo
Lockhart,Luciano,Lockhart,Marlen,Lockhart,Jarrett
Bean,Martha,Lawrence,Kassandra,Bean,Alfredo
Lockhart,Justice,Lockhart,Marlen,Lockhart,Jarrett
Bean,Kori,Lawrence,Kassandra,Bean,Alfredo
Lockhart,Felipe,Lockhart,Marlen,Lockhart,Jarrett
Bean,Sarahmarie,Lawrence,Ladaysha,Bean,Austen
Lockhart,Cristian,Lockhart,Marlen,Lockhart,Jarrett
Bean,Tabatha,Lawrence,Ladaysha,Bean,Austen
Lockhart,Noe,Lockhart,Marlen,Lockhart,Jarrett
Bean,Symone,Lawrence,Ladaysha,Bean,Austen
Lockhart,Alfonso,Lockhart,Marlen,Lockhart,Jarrett
Bean,Johana,Lawrence,Ladaysha,Bean,Austen
Lockhart,Misael,Lockhart,Marlen,Lockhart,Jarrett
Bean,Mahogany,Lawrence,Ladaysha,Bean,Austen
Lockhart,Wyatt,Lockhart,Marlen,Lockhart,Jarrett
Bean,Bridgette,Lawrence,Ladaysha,Bean,Austen
Lockhart,Wilmer,Lockhart,Kaya,Lockhart,Bernardo
Bean,Dania,Lawrence,Ladaysha,Bean,Austen
Lockhart,Grayson,Lockhart,Kaya,Lockhart,Bernardo
Bean,Aria,Higginbotham,Maegan,Bean,Elvin
Lockhart,Kurtis,Lockhart,Kaya,Lockhart,Bernardo
Bean,Alison,Higginbotham,Maegan,Bean,Elvin
Lockhart,Alden,Lockhart,Kaya,Lockhart,Bernardo
Bean,Kenia,Higginbotham,Maegan,Bean,Elvin
Lockhart,August,Lockhart,Kaya,Lockhart,Bernardo
Bean,Samira,Higginbotham,Maegan,Bean,Elvin
Lockhart,River,Lockhart,Kaya,Lockhart,Bernardo
Bean,Logan,Higginbotham,Maegan,Bean,Elvin
Resnik,Slaten,Lockhart,Shenelly,Resnik,Maliki
Bean,Erika,Higginbotham,Maegan,Bean,Elvin
Resnik,Hashim,Lockhart,Shenelly,Resnik,Maliki
Bean,Rochelle,Higginbotham,Coralys,Bean,Tracy
Resnik,Guadalupe,Lockhart,Shenelly,Resnik,Maliki
Bean,Shannon,Higginbotham,Coralys,Bean,Tracy
Resnik,Bretton,Lockhart,Shenelly,Resnik,Maliki
Lockhart,Caitlan,Lockhart,Marlen,Lockhart,Jarrett
Resnik,Deonta,Lockhart,Shenelly,Resnik,Maliki
Lockhart,Deanne,Lockhart,Marlen,Lockhart,Jarrett
Resnik,Ronnie,Lockhart,Shenelly,Resnik,Maliki
Lockhart,Candace,Lockhart,Marlen,Lockhart,Jarrett
Resnik,Winston,Lockhart,Shenelly,Resnik,Maliki
Lockhart,Jana,Lockhart,Marlen,Lockhart,Jarrett
Resnik,Anibal,Lockhart,Shenelly,Resnik,Maliki
Lockhart,Janesha,Lockhart,Marlen,Lockhart,Jarrett
Resnik,Lamonte,Lockhart,Shenelly,Resnik,Maliki
Lockhart,Pamela,Lockhart,Marlen,Lockhart,Jarrett
Resnik,Willie,Lockhart,Shenelly,Resnik,Maliki
Lockhart,Lizette,Lockhart,Marlen,Lockhart,Jarrett
Resnik,Mckay,Lockhart,Shenelly,Resnik,Maliki
Lockhart,Sophie,Lockhart,Marlen,Lockhart,Jarrett
Resnik,Roger,Lockhart,Arielle,Resnik,Ervin
Lockhart,Charlotte,Lockhart,Marlen,Lockhart,Jarrett
Resnik,Nicholaus,Lockhart,Arielle,Resnik,Ervin
Lockhart,Dasia,Lockhart,Marlen,Lockhart,Jarrett
Resnik,Issac,Lockhart,Gladys,Resnik,Kolton
Lockhart,Yasmeen,Lockhart,Marlen,Lockhart,Jarrett
Resnik,Al,Lockhart,Gladys,Resnik,Kolton
Lockhart,Maryanne,Lockhart,Kaya,Lockhart,Bernardo
Resnik,Moshe,Lockhart,Gladys,Resnik,Kolton
Lockhart,Maisie,Lockhart,Kaya,Lockhart,Bernardo
Resnik,Brandon,Lockhart,Gladys,Resnik,Kolton
Lockhart,Cristal,Lockhart,Kaya,Lockhart,Bernardo
Resnik,Chaim,Lockhart,Gladys,Resnik,Kolton
Lockhart,Jewel,Lockhart,Kaya,Lockhart,Bernardo
Resnik,Kristofer,Lockhart,Cheryl,Resnik,Jerry
Lockhart,Yazmin,Lockhart,Kaya,Lockhart,Bernardo
Resnik,Coy,Lockhart,Cheryl,Resnik,Jerry
Lockhart,Makenna,Lockhart,Kaya,Lockhart,Bernardo
Resnik,Gustavo,Lockhart,Cheryl,Resnik,Jerry
Lockhart,Georgina,Lockhart,Kaya,Lockhart,Bernardo
Resnik,Jamar,Lockhart,Cheryl,Resnik,Jerry
Resnik,Angelica,Lockhart,Shenelly,Resnik,Maliki
Resnik,Yuri,Bean,Amy,Resnik,Malcolm
Resnik,Addison,Lockhart,Shenelly,Resnik,Maliki
Resnik,Khalil,Bean,Amy,Resnik,Malcolm
Resnik,Daniella,Lockhart,Shenelly,Resnik,Maliki
Resnik,Keion,Bean,Amy,Resnik,Malcolm
Resnik,Zabrina,Lockhart,Shenelly,Resnik,Maliki
Resnik,Mike,Bean,Amy,Resnik,Malcolm
Resnik,Kara,Lockhart,Shenelly,Resnik,Maliki
Resnik,Deleon,Bean,Amy,Resnik,Malcolm
Resnik,Lara,Lockhart,Shenelly,Resnik,Maliki
Resnik,Silas,Bean,Amy,Resnik,Malcolm
Resnik,Nathaly,Lockhart,Shenelly,Resnik,Maliki
Resnik,Kenneth,Bean,Amy,Resnik,Malcolm
Resnik,Rosalinda,Lockhart,Arielle,Resnik,Ervin
Resnik,Davin,Bean,Amy,Resnik,Malcolm
Resnik,Rebecca,Lockhart,Arielle,Resnik,Ervin
Resnik,Tyrell,Bean,Elizabet,Resnik,Philip
Resnik,Jean,Lockhart,Arielle,Resnik,Ervin
Resnik,Josue,Bean,Elizabet,Resnik,Philip
Resnik,Karina,Lockhart,Gladys,Resnik,Kolton
Resnik,Augustus,Bean,Elizabet,Resnik,Philip
Resnik,Riley,Lockhart,Cheryl,Resnik,Jerry
Resnik,Harley,Bean,Elizabet,Resnik,Philip
Resnik,Ravin,Lockhart,Cheryl,Resnik,Jerry
Resnik,Clint,Bean,Elizabet,Resnik,Philip
Resnik,Janeth,Lockhart,Cheryl,Resnik,Jerry
Resnik,Steve,Bean,Elizabet,Resnik,Philip
Resnik,Reagan,Lockhart,Cheryl,Resnik,Jerry
Resnik,Braeden,Bean,Elizabet,Resnik,Philip
Resnik,Skye,Lockhart,Cheryl,Resnik,Jerry
Resnik,Conner,Bean,Elizabet,Resnik,Philip
Resnik,Nathalie,Lockhart,Cheryl,Resnik,Jerry
Resnik,Brody,Bean,Elizabet,Resnik,Philip
Resnik,Alina,Lockhart,Cheryl,Resnik,Jerry
Resnik,Coby,Bean,Elizabet,Resnik,Philip
Resnik,Presley,Bean,Amy,Resnik,Malcolm
Resnik,Alexander,Bean,Elizabet,Resnik,Philip
Resnik,Shaylee,Bean,Amy,Resnik,Malcolm
Resnik,Luis,Bean,Keara,Resnik,Baby
Resnik,Reina,Bean,Amy,Resnik,Malcolm
Resnik,Tristen,Bean,Keara,Resnik,Baby
Resnik,Sienna,Bean,Amy,Resnik,Malcolm
Resnik,Gage,Bean,Keara,Resnik,Baby
Resnik,Kirstin,Bean,Amy,Resnik,Malcolm
Resnik,Dimitri,Bean,Keara,Resnik,Baby
Resnik,Suzette,Bean,Amy,Resnik,Malcolm
Lenoir,Grant,Bean,Brynn,Lenoir,Chadwick
Resnik,Rebekah,Bean,Amy,Resnik,Malcolm
Lenoir,Ronald,Bean,Margaret,Lenoir,Diego
Resnik,Lily,Bean,Elizabet,Resnik,Philip
Lenoir,Bretton,Bean,Margaret,Lenoir,Diego
Resnik,Ladaysha,Bean,Keara,Resnik,Baby
Lenoir,Lawrence,Bean,Margaret,Lenoir,Diego
Resnik,Linsey,Bean,Keara,Resnik,Baby
Lenoir,Kaden,Bean,Margaret,Lenoir,Diego
Resnik,Kendall,Bean,Keara,Resnik,Baby
Lenoir,Colbey,Bean,Margaret,Lenoir,Diego
Resnik,Estefania,Bean,Keara,Resnik,Baby
Lenoir,Grady,Bean,Margaret,Lenoir,Diego
Lenoir,Ashton,Bean,Brynn,Lenoir,Chadwick
Lenoir,Corey,Bean,Margaret,Lenoir,Diego
Lenoir,Desaree,Bean,Brynn,Lenoir,Chadwick
Lenoir,Sammie,Bean,Margaret,Lenoir,Diego
Lenoir,Shaniah,Bean,Brynn,Lenoir,Chadwick
Lenoir,Adan,Bean,Margaret,Lenoir,Diego
Lenoir,Lyndsey,Bean,Brynn,Lenoir,Chadwick
Lenoir,Daequan,Bean,Margaret,Lenoir,Diego
Lenoir,Anamarie,Bean,Brynn,Lenoir,Chadwick
Lenoir,Irvin,Bean,Margaret,Lenoir,Diego
Lenoir,Xochitl,Bean,Margaret,Lenoir,Diego
Lenoir,Gavin,Bean,Margaret,Lenoir,Diego
Lenoir,Regina,Bean,Margaret,Lenoir,Diego
Lenoir,Tallon,Bean,Margaret,Lenoir,Diego
Lenoir,Sheri,Bean,Margaret,Lenoir,Diego
Lenoir,Quanterriu,Bean,Margaret,Lenoir,Diego
Lenoir,Tynia,Bean,Margaret,Lenoir,Diego
Lenoir,Bradley,Bean,Margaret,Lenoir,Diego
Lenoir,Jesslyn,Bean,Margaret,Lenoir,Diego
Lenoir,Demonte,Bean,Tasha,Lenoir,Armando
Lenoir,Jennifer,Bean,Tasha,Lenoir,Armando
Lenoir,Nicolas,Bean,Carrie,Lenoir,Jade
Lenoir,Callan,Bean,Tasha,Lenoir,Armando
Lenoir,Esteban,Bean,Carrie,Lenoir,Jade
Lenoir,Reyna,Bean,Tasha,Lenoir,Armando
Lenoir,Ismael,Bean,Carrie,Lenoir,Jade
Lenoir,Jena,Bean,Tasha,Lenoir,Armando
Lenoir,Arturo,Bean,Carrie,Lenoir,Jade
Lenoir,Kasandra,Bean,Tasha,Lenoir,Armando
Lenoir,Erin,Bean,Carrie,Lenoir,Jade
Lenoir,Alesia,Bean,Carrie,Lenoir,Jade
Lenoir,Douglas,Bean,Carrie,Lenoir,Jade
Lenoir,Ashlie,Bean,Carrie,Lenoir,Jade
Lenoir,Brent,Bean,Carrie,Lenoir,Jade
Lenoir,Leeann,Bean,Carrie,Lenoir,Jade
Lenoir,Landin,Bean,Carrie,Lenoir,Jade
Lenoir,Carolyn,Bean,Carrie,Lenoir,Jade
Lenoir,Wade,Bean,Carrie,Lenoir,Jade
Lenoir,Amina,Bean,Carrie,Lenoir,Jade
Lenoir,Van,Bean,Kelli,Lenoir,Clay
Lenoir,Nereida,Bean,Carrie,Lenoir,Jade
Lenoir,Reese,Bean,Kelli,Lenoir,Clay
Lenoir,Sharae,Bean,Carrie,Lenoir,Jade
Lenoir,Buford,Bean,Kelli,Lenoir,Clay
Lenoir,Stefanie,Bean,Carrie,Lenoir,Jade
Lenoir,Victor,Bean,Kelli,Lenoir,Clay
Lenoir,Jacklyn,Bean,Kelli,Lenoir,Clay
Lenoir,Wilfredo,Bean,Sean,Lenoir,Damon
Lenoir,Kaley,Bean,Sean,Lenoir,Damon
Lenoir,Orlando,Bean,Sean,Lenoir,Damon
Lenoir,Nathaly,Bean,Sean,Lenoir,Damon
Lenoir,Clinton,Bean,Sean,Lenoir,Damon
Lenoir,Alice,Bean,Sean,Lenoir,Damon
Lenoir,Antoine,Bean,Sean,Lenoir,Damon
Lenoir,Tory,Bean,Sean,Lenoir,Damon
Lenoir,Jamie,Bean,Sean,Lenoir,Damon
Thuot,Alyson,Bean,Trista,Thuot,Kapil
Lenoir,Elijah,Bean,Sean,Lenoir,Damon
Thuot,Alejandra,Bean,Trista,Thuot,Kapil
Lenoir,Vincent,Bean,Sean,Lenoir,Damon
Thuot,Shanise,Bean,Trista,Thuot,Kapil
Lenoir,Brenden,Bean,Sean,Lenoir,Damon
Thuot,Malinda,Bean,Trista,Thuot,Kapil
Thuot,Raymond,Bean,Trista,Thuot,Kapil
Thuot,Stormy,Bean,Trista,Thuot,Kapil
Thuot,Frederick,Bean,Trista,Thuot,Kapil
Thuot,Laura,Bean,Trista,Thuot,Kapil
Thuot,Adrian,Bean,Trista,Thuot,Kapil
Thuot,Kendall,Bean,Jazmon,Thuot,Jaleel
Thuot,Ashton,Bean,Trista,Thuot,Kapil
Thuot,Alesia,Bean,Jazmon,Thuot,Jaleel
Thuot,Buford,Bean,Trista,Thuot,Kapil
Thuot,Deondra,Bean,Jazmon,Thuot,Jaleel
Thuot,Steven,Bean,Trista,Thuot,Kapil
Thuot,Leanna,Bean,Jazmon,Thuot,Jaleel
Thuot,Tyson,Bean,Jazmon,Thuot,Jaleel
Thuot,Corina,Bean,Jazmon,Thuot,Jaleel
Thuot,Josie,Bean,Jazmon,Thuot,Jaleel
Thuot,Jessa,Bean,Jazmon,Thuot,Jaleel
Thuot,Tyren,Bean,Jazmon,Thuot,Jaleel
Thuot,Janessa,Bean,Jazmon,Thuot,Jaleel
Thuot,Garret,Bean,Jazmon,Thuot,Jaleel
Thuot,Tyra,Lockhart,Darcy,Thuot,Noel
Thuot,Adam,Bean,Jazmon,Thuot,Jaleel
Thuot,Krupa,Lockhart,Darcy,Thuot,Noel
Thuot,Sawyer,Bean,Jazmon,Thuot,Jaleel
Thuot,Rita,Lockhart,Darcy,Thuot,Noel
Thuot,Skyler,Bean,Jazmon,Thuot,Jaleel
Thuot,Tatum,Lockhart,Darcy,Thuot,Noel
Thuot,Troy,Bean,Jazmon,Thuot,Jaleel
Thuot,Kenna,Lockhart,Darcy,Thuot,Noel
Thuot,Austyn,Lockhart,Darcy,Thuot,Noel
Thuot,Iridiana,Lockhart,Darcy,Thuot,Noel
Thuot,Grayson,Lockhart,Darcy,Thuot,Noel
Thuot,Nadia,Lockhart,Darcy,Thuot,Noel
Thuot,Leon,Lockhart,Darcy,Thuot,Noel
Thuot,Dorothy,Lockhart,Darcy,Thuot,Noel
Thuot,Jakob,Lockhart,Darcy,Thuot,Noel
Thuot,Devany,Lockhart,Darcy,Thuot,Noel
Thuot,Damien,Lockhart,Darcy,Thuot,Noel
Thuot,Milena,Lockhart,Darcy,Thuot,Noel
Thuot,Bradley,Lockhart,Darcy,Thuot,Noel
Thuot,Chelsey,Resnik,Yasmeen,Thuot,Seth
Thuot,Don,Lockhart,Darcy,Thuot,Noel
Thuot,Gerardo,Resnik,Yasmeen,Thuot,Seth
Thuot,Simeon,Lockhart,Darcy,Thuot,Noel
Thuot,Payton,Resnik,Yasmeen,Thuot,Seth
Thuot,Ryland,Resnik,Yasmeen,Thuot,Seth
Thuot,Xochitl,Resnik,Jamie,Thuot,Kalon
Thuot,Ignacio,Resnik,Yasmeen,Thuot,Seth
Thuot,Analisa,Resnik,Jamie,Thuot,Kalon
Thuot,River,Resnik,Yasmeen,Thuot,Seth
Thuot,Mckayla,Resnik,Jamie,Thuot,Kalon
Thuot,Brian,Resnik,Yasmeen,Thuot,Seth
Thuot,Mykelle,Resnik,Jamie,Thuot,Kalon
Thuot,Dominique,Resnik,Yasmeen,Thuot,Seth
Thuot,Annemarie,Resnik,Jamie,Thuot,Kalon
Thuot,Bret,Resnik,Yasmeen,Thuot,Seth
Thuot,Rochelle,Resnik,Jaclyn,Thuot,Terance
Thuot,Menachem,Resnik,Jamie,Thuot,Kalon
Thuot,Keira,Resnik,Jaclyn,Thuot,Terance
Thuot,Kasey,Resnik,Jamie,Thuot,Kalon
Thuot,Angelica,Resnik,Jaclyn,Thuot,Terance
Thuot,Chaim,Resnik,Jamie,Thuot,Kalon
Thuot,Sade,Resnik,Jaclyn,Thuot,Terance
Thuot,Daniel,Resnik,Jamie,Thuot,Kalon
Thuot,Jennifer,Resnik,Jaclyn,Thuot,Terance
Thuot,Ezra,Resnik,Jaclyn,Thuot,Terance
Thuot,Pamela,Resnik,Jaclyn,Thuot,Terance
Thuot,Fabian,Resnik,Jaclyn,Thuot,Terance
Thuot,Makena,Resnik,Jaclyn,Thuot,Terance
Thuot,Tristin,Resnik,Jaclyn,Thuot,Terance
Schweickart,Brandy,Resnik,Bryana,Schweickart,Dreshaun
Thuot,Brennan,Resnik,Jaclyn,Thuot,Terance
Schweickart,Ashlynn,Resnik,Bryana,Schweickart,Dreshaun
Thuot,Morgan,Resnik,Jaclyn,Thuot,Terance
Schweickart,Caitlan,Resnik,Bryana,Schweickart,Dreshaun
Thuot,Alan,Resnik,Jaclyn,Thuot,Terance
Schweickart,Natasha,Resnik,Bryana,Schweickart,Dreshaun
Thuot,Seamus,Resnik,Jaclyn,Thuot,Terance
Schweickart,Kenna,Resnik,Bryana,Schweickart,Dreshaun
Thuot,Anthony,Resnik,Jaclyn,Thuot,Terance
Schweickart,Maricela,Resnik,Bryana,Schweickart,Dreshaun
Schweickart,Clinton,Graveline,Lauryn,Llewellyn,Michel,Boilermaker
Schweickart,Leonardo,Resnik,Bryana,Schweickart,Dreshaun
Schweickart,Sherry,Resnik,Chanelle,Schweickart,Landin
Schweickart,Jarod,Resnik,Bryana,Schweickart,Dreshaun
Schweickart,Martha,Resnik,Chanelle,Schweickart,Landin
Schweickart,Edward,Resnik,Bryana,Schweickart,Dreshaun
Schweickart,Tianna,Resnik,Chanelle,Schweickart,Landin
Schweickart,Don,Resnik,Chanelle,Schweickart,Landin
Schweickart,Alondra,Resnik,Chanelle,Schweickart,Landin
Schweickart,Idris,Resnik,Chanelle,Schweickart,Landin
Schweickart,Nichelle,Resnik,Chanelle,Schweickart,Landin
Schweickart,Wade,Resnik,Chanelle,Schweickart,Landin
Schweickart,Aja,Resnik,Chanelle,Schweickart,Landin
Schweickart,Rory,Resnik,Chanelle,Schweickart,Landin
Schweickart,Kennedy,Resnik,Chanelle,Schweickart,Landin
Schweickart,Sawyer,Resnik,Chanelle,Schweickart,Landin
Schweickart,Quinn,Resnik,Chanelle,Schweickart,Landin
Schweickart,Avery,Resnik,Chanelle,Schweickart,Landin
Schweickart,Desteny,Lenoir,Clair,Schweickart,Jacques
Schweickart,Ernest,Resnik,Chanelle,Schweickart,Landin
Schweickart,Amy,Lenoir,Clair,Schweickart,Jacques
Schweickart,Randall,Resnik,Chanelle,Schweickart,Landin
Schweickart,Mandy,Lenoir,Clair,Schweickart,Jacques
Schweickart,Justin,Resnik,Chanelle,Schweickart,Landin
Schweickart,Anisha,Lenoir,Clair,Schweickart,Jacques
Schweickart,Jacoby,Lenoir,Clair,Schweickart,Jacques
Schweickart,Shelley,Lenoir,Taylorann,Schweickart,Kylan
Schweickart,Ricardo,Lenoir,Clair,Schweickart,Jacques
Schweickart,Alexis,Lenoir,Gabriella,Schweickart,Jamel
Schweickart,Gavin,Lenoir,Taylorann,Schweickart,Kylan
Schweickart,Kacey,Lenoir,Gabriella,Schweickart,Jamel
Schweickart,Travon,Lenoir,Taylorann,Schweickart,Kylan
Schweickart,Xochitl,Lenoir,Gabriella,Schweickart,Jamel
Schweickart,Isidro,Lenoir,Gabriella,Schweickart,Jamel
Schweickart,Abbigail,Lenoir,Martha,Schweickart,Keagan
Schweickart,Shemar,Lenoir,Gabriella,Schweickart,Jamel
Schweickart,Jennie,Lenoir,Martha,Schweickart,Keagan
Schweickart,Jarred,Lenoir,Gabriella,Schweickart,Jamel
Schweickart,Lara,Thuot,Kaitlynn,Schweickart,Quanterriu
Schweickart,Freddy,Lenoir,Gabriella,Schweickart,Jamel
Schweickart,Margaret,Thuot,Marlee,Schweickart,Jimmy
Schweickart,Morgan,Lenoir,Gabriella,Schweickart,Jamel
Schweickart,Cynthia,Thuot,Marlee,Schweickart,Jimmy
Schweickart,Luciano,Lenoir,Gabriella,Schweickart,Jamel
Schweickart,Camilla,Thuot,Marlee,Schweickart,Jimmy
Schweickart,Rasheed,Lenoir,Gabriella,Schweickart,Jamel
Schweickart,Makaila,Thuot,Marlee,Schweickart,Jimmy
Schweickart,Kevon,Lenoir,Martha,Schweickart,Keagan
Schweickart,Patsy,Thuot,Marlee,Schweickart,Jimmy
Schweickart,Aaron,Lenoir,Martha,Schweickart,Keagan
Schweickart,Jocelyne,Thuot,Marlee,Schweickart,Jimmy
Schweickart,Cooper,Lenoir,Martha,Schweickart,Keagan
Schweickart,Jayme,Thuot,Marlee,Schweickart,Jimmy
Schweickart,Kaleb,Thuot,Kaitlynn,Schweickart,Quanterriu
Schweickart,Niki,Thuot,Marlee,Schweickart,Jimmy
Schweickart,Dylan,Thuot,Kaitlynn,Schweickart,Quanterriu
Schweickart,Blake,Thuot,Marlee,Schweickart,Jimmy
Schweickart,Maximilian,Thuot,Marlee,Schweickart,Jimmy
Schweickart,Julianna,Thuot,Brandy,Schweickart,Brenton
Schweickart,Mauro,Thuot,Marlee,Schweickart,Jimmy
Schweickart,Krystan,Thuot,Brandy,Schweickart,Brenton
Schweickart,Alex,Thuot,Marlee,Schweickart,Jimmy
Schweickart,Marian,Thuot,Brandy,Schweickart,Brenton
Schweickart,Javen,Thuot,Marlee,Schweickart,Jimmy
Schweickart,Danae,Thuot,Brandy,Schweickart,Brenton
Schweickart,Darian,Thuot,Marlee,Schweickart,Jimmy
Schweickart,Amberly,Thuot,Chelsie,Schweickart,Quincy
Schweickart,Deshaun,Thuot,Marlee,Schweickart,Jimmy
Schweickart,Katherine,Thuot,Chelsie,Schweickart,Quincy
Schweickart,Darien,Thuot,Marlee,Schweickart,Jimmy
Schweickart,Helen,Thuot,Chelsie,Schweickart,Quincy
Schweickart,Manuel,Thuot,Brandy,Schweickart,Brenton
Schweickart,Suzanna,Thuot,Misty,Schweickart,Hashim
Schweickart,Carl,Thuot,Brandy,Schweickart,Brenton
Schweickart,Julie,Thuot,Misty,Schweickart,Hashim
Schweickart,Stephanie,Thuot,Brandy,Schweickart,Brenton
Schweickart,Jaqueline,Thuot,Misty,Schweickart,Hashim
Schweickart,Mathew,Thuot,Brandy,Schweickart,Brenton
Schweickart,Carol,Thuot,Misty,Schweickart,Hashim
Schweickart,Eli,Thuot,Chelsie,Schweickart,Quincy
Schweickart,Alyssa,Thuot,Misty,Schweickart,Hashim
Schweickart,Hassan,Thuot,Chelsie,Schweickart,Quincy
Schweickart,Sarahmarie,Thuot,Misty,Schweickart,Hashim
Schweickart,Hugo,Thuot,Chelsie,Schweickart,Quincy
Schweickart,Mary,Thuot,Misty,Schweickart,Hashim
Schweickart,Hector,Thuot,Chelsie,Schweickart,Quincy
Schweickart,Kristyn,Thuot,Misty,Schweickart,Hashim
Schweickart,Sydney,Thuot,Misty,Schweickart,Hashim
Schweickart,Kendyl,Thuot,Misty,Schweickart,Hashim
Schweickart,Rigoberto,Thuot,Misty,Schweickart,Hashim
Schweickart,Aishah,Thuot,Misty,Schweickart,Hashim
Schweickart,Latrell,Thuot,Misty,Schweickart,Hashim
Schweickart,Ebony,Thuot,Misty,Schweickart,Hashim
Schweickart,Marcello,Thuot,Misty,Schweickart,Hashim
Schweickart,Meagan,Thuot,Misty,Schweickart,Hashim
Schweickart,Kaden,Thuot,Misty,Schweickart,Hashim
Schweickart,Kianna,Foale,Kierra,Schweickart,Sebastien
Schweickart,Alden,Thuot,Misty,Schweickart,Hashim
Schweickart,Keely,Foale,Kierra,Schweickart,Sebastien
Schweickart,Dexter,Thuot,Misty,Schweickart,Hashim
Schweickart,Brittani,Foale,Kierra,Schweickart,Sebastien
Schweickart,Stanley,Foale,Kierra,Schweickart,Sebastien
Schweickart,Keri,Foale,Kierra,Schweickart,Sebastien
Schweickart,Francisco,Foale,Kierra,Schweickart,Sebastien
Schweickart,Tiona,Foale,Kierra,Schweickart,Sebastien
Schweickart,Earl,Foale,Kierra,Schweickart,Sebastien
Schweickart,Imelda,Foale,Kierra,Schweickart,Sebastien
Schweickart,Elliott,Foale,Kierra,Schweickart,Sebastien
Schweickart,Synthia,Foale,Kierra,Schweickart,Sebastien
Schweickart,Demarco,Foale,Kierra,Schweickart,Sebastien
Schweickart,Miriam,Foale,Kierra,Schweickart,Sebastien
Schweickart,Marielle,Foale,Kierra,Schweickart,Sebastien
Schweickart,Kristin,Olivas,Dandrea,Schweickart,Eberardo
Schweickart,Jesse,Foale,Kierra,Schweickart,Sebastien
Schweickart,Jodie,Olivas,Dandrea,Schweickart,Eberardo
Schweickart,Jair,Foale,Kierra,Schweickart,Sebastien
Schweickart,Janay,Olivas,Dandrea,Schweickart,Eberardo
Schweickart,Steve,Foale,Kierra,Schweickart,Sebastien
Schweickart,Jordan,Olivas,Dandrea,Schweickart,Eberardo
Schweickart,Elvin,Olivas,Dandrea,Schweickart,Eberardo
Schweickart,Ashtin,Olivas,Dandrea,Schweickart,Eberardo
Schweickart,Coby,Olivas,Dandrea,Schweickart,Eberardo
Schweickart,Celena,Olivas,Dandrea,Schweickart,Eberardo
Schweickart,Slaten,Olivas,Dandrea,Schweickart,Eberardo
Schweickart,Annie,Olivas,Dandrea,Schweickart,Eberardo
Schweickart,Winston,Olivas,Dandrea,Schweickart,Eberardo
Schweickart,Caitlin,Olivas,Dandrea,Schweickart,Eberardo
Schweickart,Victor,Olivas,Dandrea,Schweickart,Eberardo
Schweickart,Shanice,Olivas,Keyshla,Schweickart,Cecil
Schweickart,Benito,Olivas,Keyshla,Schweickart,Cecil
Schweickart,Jessa,Olivas,Keyshla,Schweickart,Cecil
Schweickart,Jovan,Olivas,Keyshla,Schweickart,Cecil
Schweickart,Sylvia,Olivas,Keyshla,Schweickart,Cecil
Schweickart,Shaun,Olivas,Keyshla,Schweickart,Cecil
Schweickart,Emma,Olivas,Keyshla,Schweickart,Cecil
Schweickart,Camden,Olivas,Keyshla,Schweickart,Cecil
Schweickart,Emily,Olivas,Keyshla,Schweickart,Cecil
Schweickart,Harrison,Olivas,Keyshla,Schweickart,Cecil
Schweickart,Lea,Olivas,Keyshla,Schweickart,Cecil
Schweickart,Britt,Olivas,Keyshla,Schweickart,Cecil
Schweickart,Dallas,Olivas,Keyshla,Schweickart,Cecil
Schweickart,Thaddeus,Olivas,Keyshla,Schweickart,Cecil
Schweickart,Charlene,Olivas,Selina,Schweickart,Lauren
Schweickart,Gustavo,Olivas,Keyshla,Schweickart,Cecil
Schweickart,Demi,Olivas,Selina,Schweickart,Lauren
Schweickart,Corey,Olivas,Keyshla,Schweickart,Cecil
Schweickart,Janae,Olivas,Selina,Schweickart,Lauren
