Grabe,Anthoni,Polansky,Hanna,Grabe,Dante
Barry,Bailee,Adams,Ansley,Barry,Justus
Low,Walker,Olivas,Nadia,Low,Joan
Slayton,Silvia,Conrad,Gloria,Slayton,Kade
Lawrence,Skyler,Gordon,Kourtney,Lawrence,Yobani
Nixon,Astrid,Pflugel,Britni,Nixon,Houston
Massimino,Barry,Thagard,Mollie,Massimino,Jesus
Caldeiro,Casey,Glenn,Alicia,Caldeiro,Brent
Adamson,Zaire,Hire,Jazmyne,Adamson,Barry
Reagan,Rayna,Armstrong,Hope,Reagan,Pedro
Grissom,Aiden,Truly,Paige,Grissom,Bradley
Lovell,Laken,Moore,Precious,Lovell,Jorge
Wilson,Stephen,Chilton,Chloie,Wilson,Nathan
Scott,Sara,Gutierrez,Destini,Scott,Nicholaus
Cleave,Ruben,Hudson,Aleah,Cleave,Mitchel
Kregel,Gabriela,Grinch,Tracy,Kregel,Raphael
Hoffman,Anthoni,Hire,Emilee,Hoffman,Chandler
Thuot,Sydni,Grissom,Kaina,Thuot,Jair
Ashby,Gustavo,Frick,Devany,Ashby,Simon
Thagard,Tatianna,Burbank,Norma,Thagard,Theodore
Garfield,Brett,Roosevelt,Trinity,Garfield,Maximilian
Baker,Shyann,Freeman,Luisa,Baker,Maxwell
Cockrell,Anton,Johnson,Mikyla,Cockrell,Darryl
O'Connor,Mona,Ross,Mariam,O'Connor,Zackary
Washington,Jacob,Hammond,Adrienne,Washington,Jajuan
Engle,Nancy,Low,Eden,Engle,Bret
Jackson,Marcos,Allen,Carson,Jackson,Cruz
Lu,Breeanna,Voss,Avery,Lu,Mauro
Grabe,Corbin,Barry,Bailee,Grabe,Anthoni
Olivas,Aubrey,England,Elizabeth,Olivas,Adam
Grabe,Levi,Barry,Bailee,Grabe,Anthoni
Voss,Joselyn,Fossum,Aimee,Voss,Micheal
Massimino,Giovanni,Caldeiro,Casey,Massimino,Barry
Grabe,Khyla,Barry,Bailee,Grabe,Anthoni
Massimino,Dakotah,Caldeiro,Casey,Massimino,Barry
Grabe,Britni,Barry,Bailee,Grabe,Anthoni
Massimino,Samuel,Caldeiro,Casey,Massimino,Barry
Grabe,Delaney,Barry,Bailee,Grabe,Anthoni
Massimino,Bjorn,Caldeiro,Casey,Massimino,Barry
Grabe,Connie,Barry,Bailee,Grabe,Anthoni
Massimino,Kerry,Caldeiro,Casey,Massimino,Barry
Low,Joy,Slayton,Silvia,Low,Walker
Massimino,Sam,Caldeiro,Casey,Massimino,Barry
Low,Jaymi,Slayton,Silvia,Low,Walker
Massimino,Jarred,Caldeiro,Casey,Massimino,Barry
Low,Karissa,Slayton,Silvia,Low,Walker
Massimino,Daryl,Caldeiro,Casey,Massimino,Barry
Low,Yasmine,Slayton,Silvia,Low,Walker
Adamson,Idris,Reagan,Rayna,Adamson,Zaire
Lawrence,Caylee,Nixon,Astrid,Lawrence,Skyler
Adamson,Cullen,Reagan,Rayna,Adamson,Zaire
Lawrence,Maryanna,Nixon,Astrid,Lawrence,Skyler
Adamson,Walter,Reagan,Rayna,Adamson,Zaire
Lawrence,Jillian,Nixon,Astrid,Lawrence,Skyler
Adamson,Rahim,Reagan,Rayna,Adamson,Zaire
Lawrence,Briana,Nixon,Astrid,Lawrence,Skyler
Adamson,Darryl,Reagan,Rayna,Adamson,Zaire
Lawrence,Ramona,Nixon,Astrid,Lawrence,Skyler
Adamson,Deric,Reagan,Rayna,Adamson,Zaire
Massimino,Serena,Caldeiro,Casey,Massimino,Barry
Adamson,Quinton,Reagan,Rayna,Adamson,Zaire
Massimino,Aubrey,Caldeiro,Casey,Massimino,Barry
Adamson,Alfonso,Reagan,Rayna,Adamson,Zaire
Massimino,Patrice,Caldeiro,Casey,Massimino,Barry
Barry,Justus,Adams,Ansley,Slayton,Kade,Boilermaker
Grissom,Nicolas,Lovell,Laken,Grissom,Aiden
Massimino,Haleigh,Caldeiro,Casey,Massimino,Barry
Grissom,Winston,Lovell,Laken,Grissom,Aiden
Massimino,Jennah,Caldeiro,Casey,Massimino,Barry
Grissom,Hector,Lovell,Laken,Grissom,Aiden
Massimino,Rebekkah,Caldeiro,Casey,Massimino,Barry
Grissom,Brenden,Lovell,Laken,Grissom,Aiden
Massimino,Chandler,Caldeiro,Casey,Massimino,Barry
Grissom,Humberto,Lovell,Laken,Grissom,Aiden
Adamson,Makala,Reagan,Rayna,Adamson,Zaire
Grissom,Benjamen,Lovell,Laken,Grissom,Aiden
Adamson,Josie,Reagan,Rayna,Adamson,Zaire
Wilson,Andre,Scott,Sara,Wilson,Stephen
Adamson,Jeanette,Reagan,Rayna,Adamson,Zaire
Wilson,Maleek,Scott,Sara,Wilson,Stephen
Adamson,Kayleen,Reagan,Rayna,Adamson,Zaire
Wilson,Ibrahim,Scott,Sara,Wilson,Stephen
Adamson,Kaci,Reagan,Rayna,Adamson,Zaire
Wilson,Deangelo,Scott,Sara,Wilson,Stephen
Adamson,Alondra,Reagan,Rayna,Adamson,Zaire
Wilson,Yakov,Scott,Sara,Wilson,Stephen
Grissom,Sky,Lovell,Laken,Grissom,Aiden
Cleave,Brooks,Kregel,Gabriela,Cleave,Ruben
Grissom,Jaycee,Lovell,Laken,Grissom,Aiden
Cleave,Bryson,Kregel,Gabriela,Cleave,Ruben
Grissom,Katerina,Lovell,Laken,Grissom,Aiden
Cleave,Theodore,Kregel,Gabriela,Cleave,Ruben
Grissom,Kendyl,Lovell,Laken,Grissom,Aiden
Cleave,Leon,Kregel,Gabriela,Cleave,Ruben
Grissom,Christa,Lovell,Laken,Grissom,Aiden
Cleave,Mason,Kregel,Gabriela,Cleave,Ruben
Grissom,Chantal,Lovell,Laken,Grissom,Aiden
Cleave,Easton,Kregel,Gabriela,Cleave,Ruben
Grissom,Kaley,Lovell,Laken,Grissom,Aiden
Cleave,Anibal,Kregel,Gabriela,Cleave,Ruben
Grissom,Darby,Lovell,Laken,Grissom,Aiden
Cleave,Cody,Kregel,Gabriela,Cleave,Ruben
Grissom,Perla,Lovell,Laken,Grissom,Aiden
Hoffman,Kenyon,Thuot,Sydni,Hoffman,Anthoni
Grissom,Lea,Lovell,Laken,Grissom,Aiden
Hoffman,Alexandro,Thuot,Sydni,Hoffman,Anthoni
Wilson,Karah,Scott,Sara,Wilson,Stephen
Hoffman,Wanya,Thuot,Sydni,Hoffman,Anthoni
Wilson,Elida,Scott,Sara,Wilson,Stephen
Hoffman,Bryce,Thuot,Sydni,Hoffman,Anthoni
Wilson,Kaitlynn,Scott,Sara,Wilson,Stephen
Hoffman,Conner,Thuot,Sydni,Hoffman,Anthoni
Wilson,Heavenly,Scott,Sara,Wilson,Stephen
Hoffman,Salvatore,Thuot,Sydni,Hoffman,Anthoni
Wilson,Marlee,Scott,Sara,Wilson,Stephen
Ashby,Mickey,Thagard,Tatianna,Ashby,Gustavo
Cleave,Brittney,Kregel,Gabriela,Cleave,Ruben
Garfield,Devante,Baker,Shyann,Garfield,Brett
Cleave,Linda,Kregel,Gabriela,Cleave,Ruben
Garfield,Marvin,Baker,Shyann,Garfield,Brett
Cleave,Andrea,Kregel,Gabriela,Cleave,Ruben
Garfield,Bret,Baker,Shyann,Garfield,Brett
Cleave,Elyse,Kregel,Gabriela,Cleave,Ruben
Garfield,Harry,Baker,Shyann,Garfield,Brett
Cleave,Maddison,Kregel,Gabriela,Cleave,Ruben
Garfield,Jovonte,Baker,Shyann,Garfield,Brett
Cleave,Jacquelyn,Kregel,Gabriela,Cleave,Ruben
Garfield,Chaz,Baker,Shyann,Garfield,Brett
Cleave,Tracy,Kregel,Gabriela,Cleave,Ruben
Garfield,Buford,Baker,Shyann,Garfield,Brett
Cleave,Skyler,Kregel,Gabriela,Cleave,Ruben
Garfield,Isaiah,Baker,Shyann,Garfield,Brett
Cleave,Rachelle,Kregel,Gabriela,Cleave,Ruben
Garfield,Camden,Baker,Shyann,Garfield,Brett
Cleave,Cristal,Kregel,Gabriela,Cleave,Ruben
Garfield,Nathan,Baker,Shyann,Garfield,Brett
Cleave,Nichelle,Kregel,Gabriela,Cleave,Ruben
Garfield,Tyquan,Baker,Shyann,Garfield,Brett
Hoffman,Elisabeth,Thuot,Sydni,Hoffman,Anthoni
Garfield,Fernando,Baker,Shyann,Garfield,Brett
Hoffman,Johanna,Thuot,Sydni,Hoffman,Anthoni
Cockrell,Silas,O'Connor,Mona,Cockrell,Anton
Hoffman,Heavenly,Thuot,Sydni,Hoffman,Anthoni
Cockrell,Sam,O'Connor,Mona,Cockrell,Anton
Hoffman,Krysta,Thuot,Sydni,Hoffman,Anthoni
Washington,Esau,Engle,Nancy,Washington,Jacob
Hoffman,Kayli,Thuot,Sydni,Hoffman,Anthoni
Washington,Jace,Engle,Nancy,Washington,Jacob
Hoffman,Tamisha,Thuot,Sydni,Hoffman,Anthoni
Washington,Peter,Engle,Nancy,Washington,Jacob
Hoffman,Lexy,Thuot,Sydni,Hoffman,Anthoni
Washington,Montel,Engle,Nancy,Washington,Jacob
Ashby,Teresa,Thagard,Tatianna,Ashby,Gustavo
Washington,Moises,Engle,Nancy,Washington,Jacob
Ashby,Porsha,Thagard,Tatianna,Ashby,Gustavo
Washington,Marcello,Engle,Nancy,Washington,Jacob
Ashby,Jalen,Thagard,Tatianna,Ashby,Gustavo
Washington,Richard,Engle,Nancy,Washington,Jacob
Ashby,Alissa,Thagard,Tatianna,Ashby,Gustavo
Washington,Ronny,Engle,Nancy,Washington,Jacob
Garfield,Sarina,Baker,Shyann,Garfield,Brett
Jackson,Caden,Lu,Breeanna,Jackson,Marcos
Garfield,Xiomara,Baker,Shyann,Garfield,Brett
Jackson,Michel,Lu,Breeanna,Jackson,Marcos
Garfield,Madison,Baker,Shyann,Garfield,Brett
Jackson,Dyllon,Lu,Breeanna,Jackson,Marcos
Garfield,Arielle,Baker,Shyann,Garfield,Brett
Jackson,Stephen,Lu,Breeanna,Jackson,Marcos
Garfield,Tori,Baker,Shyann,Garfield,Brett
Grabe,Andy,Olivas,Aubrey,Grabe,Corbin
Garfield,Kirsten,Baker,Shyann,Garfield,Brett
Grabe,Dallas,Olivas,Aubrey,Grabe,Corbin
Cockrell,Jasmin,O'Connor,Mona,Cockrell,Anton
Grabe,Babyboy,Olivas,Aubrey,Grabe,Corbin
Cockrell,Karley,O'Connor,Mona,Cockrell,Anton
Grabe,Sydney,Voss,Joselyn,Grabe,Levi
Washington,Brigid,Engle,Nancy,Washington,Jacob
Grabe,Duncan,Voss,Joselyn,Grabe,Levi
Washington,Maya,Engle,Nancy,Washington,Jacob
Grabe,Roberto,Voss,Joselyn,Grabe,Levi
Washington,Jazmyn,Engle,Nancy,Washington,Jacob
Grabe,Landin,Voss,Joselyn,Grabe,Levi
Washington,Khaila,Engle,Nancy,Washington,Jacob
Grabe,Clint,Voss,Joselyn,Grabe,Levi
Washington,Kelsee,Engle,Nancy,Washington,Jacob
Massimino,Layne,Grabe,Khyla,Massimino,Giovanni
Washington,Roxanne,Engle,Nancy,Washington,Jacob
Massimino,Mark,Grabe,Khyla,Massimino,Giovanni
Washington,Nayeli,Engle,Nancy,Washington,Jacob
Massimino,Mariano,Grabe,Khyla,Massimino,Giovanni
Washington,Daesha,Engle,Nancy,Washington,Jacob
Massimino,Dreshaun,Grabe,Khyla,Massimino,Giovanni
Washington,Precious,Engle,Nancy,Washington,Jacob
Massimino,Peter,Grabe,Britni,Massimino,Dakotah
Washington,Tiffany,Engle,Nancy,Washington,Jacob
Massimino,Tylar,Grabe,Britni,Massimino,Dakotah
Washington,Krysta,Engle,Nancy,Washington,Jacob
Massimino,Thomas,Grabe,Delaney,Massimino,Samuel
Washington,Dixie,Engle,Nancy,Washington,Jacob
Massimino,Rayvon,Grabe,Delaney,Massimino,Samuel
Jackson,Tamara,Lu,Breeanna,Jackson,Marcos
Massimino,Hector,Grabe,Delaney,Massimino,Samuel
Massimino,Benita,Grabe,Khyla,Massimino,Giovanni
Massimino,Dorian,Grabe,Delaney,Massimino,Samuel
Massimino,Patricia,Grabe,Khyla,Massimino,Giovanni
Massimino,Maverick,Grabe,Delaney,Massimino,Samuel
Massimino,Markia,Grabe,Khyla,Massimino,Giovanni
Massimino,Julio,Grabe,Connie,Massimino,Bjorn
Massimino,Skylar,Grabe,Khyla,Massimino,Giovanni
Massimino,Yuri,Grabe,Connie,Massimino,Bjorn
Massimino,Sommer,Grabe,Khyla,Massimino,Giovanni
Massimino,Jarvis,Grabe,Connie,Massimino,Bjorn
Massimino,Emilie,Grabe,Khyla,Massimino,Giovanni
Massimino,Ian,Grabe,Connie,Massimino,Bjorn
Massimino,Sofia,Grabe,Khyla,Massimino,Giovanni
Massimino,Curtis,Grabe,Connie,Massimino,Bjorn
Massimino,Halie,Grabe,Khyla,Massimino,Giovanni
Massimino,August,Grabe,Connie,Massimino,Bjorn
Massimino,Ramona,Grabe,Khyla,Massimino,Giovanni
Massimino,Jaylen,Low,Joy,Massimino,Kerry
Massimino,Milena,Grabe,Khyla,Massimino,Giovanni
Massimino,Dalton,Low,Joy,Massimino,Kerry
Massimino,Tanya,Grabe,Khyla,Massimino,Giovanni
Massimino,Ladarius,Low,Joy,Massimino,Kerry
Massimino,Sheri,Grabe,Britni,Massimino,Dakotah
Massimino,Steve,Low,Jaymi,Massimino,Sam
Massimino,Sandy,Grabe,Britni,Massimino,Dakotah
Massimino,Xzavier,Low,Jaymi,Massimino,Sam
Massimino,Lily,Grabe,Delaney,Massimino,Samuel
Massimino,Estevan,Low,Jaymi,Massimino,Sam
Massimino,Dixie,Grabe,Delaney,Massimino,Samuel
Massimino,Jessie,Low,Jaymi,Massimino,Sam
Massimino,Keosha,Grabe,Delaney,Massimino,Samuel
Massimino,Dante,Low,Jaymi,Massimino,Sam
Massimino,Zoee,Grabe,Delaney,Massimino,Samuel
Massimino,Jeremy,Low,Jaymi,Massimino,Sam
Massimino,Irene,Grabe,Delaney,Massimino,Samuel
Massimino,Jeffrey,Low,Jaymi,Massimino,Sam
Massimino,Lexy,Grabe,Delaney,Massimino,Samuel
Massimino,Misael,Low,Jaymi,Massimino,Sam
Massimino,Micaela,Grabe,Delaney,Massimino,Samuel
Massimino,Jairo,Low,Jaymi,Massimino,Sam
Massimino,Adrian,Grabe,Connie,Massimino,Bjorn
Massimino,Zaquan,Low,Karissa,Massimino,Jarred
Massimino,Joelle,Grabe,Connie,Massimino,Bjorn
Massimino,Niko,Low,Karissa,Massimino,Jarred
Massimino,Gabriela,Grabe,Connie,Massimino,Bjorn
Massimino,Dominick,Low,Karissa,Massimino,Jarred
Massimino,Devany,Grabe,Connie,Massimino,Bjorn
Massimino,Cameron,Low,Karissa,Massimino,Jarred
Massimino,Blanca,Grabe,Connie,Massimino,Bjorn
Massimino,Alexis,Low,Karissa,Massimino,Jarred
Massimino,Brandi,Grabe,Connie,Massimino,Bjorn
Massimino,Tristian,Low,Karissa,Massimino,Jarred
Massimino,Neda,Grabe,Connie,Massimino,Bjorn
Massimino,Eberardo,Low,Karissa,Massimino,Jarred
Massimino,Esperanza,Grabe,Connie,Massimino,Bjorn
Massimino,Jean,Low,Karissa,Massimino,Jarred
Massimino,Nallely,Grabe,Connie,Massimino,Bjorn
Massimino,Mickey,Low,Yasmine,Massimino,Daryl
Massimino,Skyler,Grabe,Connie,Massimino,Bjorn
Massimino,Byron,Low,Yasmine,Massimino,Daryl
Massimino,Mattie,Grabe,Connie,Massimino,Bjorn
Massimino,Nicholaus,Low,Yasmine,Massimino,Daryl
Massimino,Shiloh,Low,Joy,Massimino,Kerry
Massimino,Franklin,Low,Yasmine,Massimino,Daryl
Massimino,Kelly,Low,Joy,Massimino,Kerry
Massimino,Nelson,Low,Yasmine,Massimino,Daryl
Massimino,Chloie,Low,Joy,Massimino,Kerry
Massimino,Toby,Low,Yasmine,Massimino,Daryl
Massimino,Emilee,Low,Jaymi,Massimino,Sam
Massimino,Alden,Low,Yasmine,Massimino,Daryl
Massimino,Ansley,Low,Jaymi,Massimino,Sam
Adamson,Brice,Lawrence,Caylee,Adamson,Idris
Massimino,Miracle,Low,Jaymi,Massimino,Sam
Adamson,Tom,Lawrence,Caylee,Adamson,Idris
Massimino,Stella,Low,Jaymi,Massimino,Sam
Adamson,Brady,Lawrence,Caylee,Adamson,Idris
Massimino,Annika,Low,Jaymi,Massimino,Sam
Adamson,Erik,Lawrence,Caylee,Adamson,Idris
Massimino,Francis,Low,Jaymi,Massimino,Sam
Adamson,Anthony,Lawrence,Caylee,Adamson,Idris
Massimino,Audrey,Low,Jaymi,Massimino,Sam
Adamson,Dallas,Lawrence,Caylee,Adamson,Idris
Massimino,Chana,Low,Jaymi,Massimino,Sam
Adamson,David,Lawrence,Caylee,Adamson,Idris
Massimino,Natalia,Low,Jaymi,Massimino,Sam
Adamson,Albert,Lawrence,Caylee,Adamson,Idris
Massimino,Rosemarie,Low,Jaymi,Massimino,Sam
Adamson,Devontae,Lawrence,Caylee,Adamson,Idris
Massimino,Maranda,Low,Jaymi,Massimino,Sam
Adamson,Freeman,Lawrence,Maryanna,Adamson,Cullen
Massimino,Camisha,Low,Karissa,Massimino,Jarred
Adamson,Warren,Lawrence,Maryanna,Adamson,Cullen
Massimino,Jacklyn,Low,Karissa,Massimino,Jarred
Adamson,Stephen,Lawrence,Maryanna,Adamson,Cullen
Massimino,Julissa,Low,Karissa,Massimino,Jarred
Adamson,Hector,Lawrence,Maryanna,Adamson,Cullen
Massimino,Sienna,Low,Karissa,Massimino,Jarred
Adamson,Andre,Lawrence,Jillian,Adamson,Walter
Massimino,Cortney,Low,Karissa,Massimino,Jarred
Adamson,Ivan,Lawrence,Jillian,Adamson,Walter
Massimino,Clara,Low,Karissa,Massimino,Jarred
Adamson,Chance,Lawrence,Jillian,Adamson,Walter
Massimino,Amberly,Low,Karissa,Massimino,Jarred
Adamson,Riley,Lawrence,Jillian,Adamson,Walter
Massimino,Alysia,Low,Karissa,Massimino,Jarred
Adamson,Jason,Lawrence,Jillian,Adamson,Walter
Massimino,Karyna,Low,Karissa,Massimino,Jarred
Adamson,Jordan,Lawrence,Briana,Adamson,Rahim
Massimino,Ilana,Low,Yasmine,Massimino,Daryl
Adamson,Frederic,Lawrence,Briana,Adamson,Rahim
Massimino,Janesha,Low,Yasmine,Massimino,Daryl
Adamson,Nigel,Lawrence,Briana,Adamson,Rahim
Massimino,Kerri,Low,Yasmine,Massimino,Daryl
Adamson,Casey,Lawrence,Briana,Adamson,Rahim
Massimino,Addison,Low,Yasmine,Massimino,Daryl
Adamson,Harry,Lawrence,Briana,Adamson,Rahim
Massimino,Virginia,Low,Yasmine,Massimino,Daryl
Adamson,Wayne,Lawrence,Briana,Adamson,Rahim
Massimino,Aria,Low,Yasmine,Massimino,Daryl
Adamson,Heriberto,Lawrence,Briana,Adamson,Rahim
Massimino,Shanise,Low,Yasmine,Massimino,Daryl
Adamson,Michal,Lawrence,Briana,Adamson,Rahim
Massimino,Mercedes,Low,Yasmine,Massimino,Daryl
Adamson,Jermaine,Lawrence,Briana,Adamson,Rahim
Adamson,Candy,Lawrence,Caylee,Adamson,Idris
Adamson,Denzell,Lawrence,Briana,Adamson,Rahim
Adamson,Tristan,Lawrence,Caylee,Adamson,Idris
Adamson,Nestor,Lawrence,Briana,Adamson,Rahim
Adamson,Sally,Lawrence,Caylee,Adamson,Idris
Adamson,Isiah,Lawrence,Briana,Adamson,Rahim
Adamson,Rikki,Lawrence,Maryanna,Adamson,Cullen
Adamson,Domonic,Lawrence,Ramona,Adamson,Darryl
Adamson,Colette,Lawrence,Maryanna,Adamson,Cullen
Adamson,Marco,Massimino,Serena,Adamson,Deric
Adamson,Heavenly,Lawrence,Maryanna,Adamson,Cullen
Adamson,Willis,Massimino,Serena,Adamson,Deric
Adamson,Kaina,Lawrence,Maryanna,Adamson,Cullen
Adamson,Dorian,Massimino,Serena,Adamson,Deric
Adamson,Mckenna,Lawrence,Maryanna,Adamson,Cullen
Adamson,Brett,Massimino,Serena,Adamson,Deric
Adamson,Cindy,Lawrence,Maryanna,Adamson,Cullen
Adamson,Dylon,Massimino,Serena,Adamson,Deric
Adamson,Juliette,Lawrence,Maryanna,Adamson,Cullen
Adamson,Eduardo,Massimino,Serena,Adamson,Deric
Adamson,Francisca,Lawrence,Jillian,Adamson,Walter
Adamson,Samuel,Massimino,Serena,Adamson,Deric
Adamson,Kaycee,Lawrence,Jillian,Adamson,Walter
Adamson,Eberardo,Massimino,Aubrey,Adamson,Quinton
Adamson,Kristy,Lawrence,Jillian,Adamson,Walter
Adamson,Howard,Massimino,Aubrey,Adamson,Quinton
Adamson,Janna,Lawrence,Jillian,Adamson,Walter
Adamson,Jimmy,Massimino,Aubrey,Adamson,Quinton
Adamson,Nallely,Lawrence,Jillian,Adamson,Walter
Adamson,Shan,Massimino,Aubrey,Adamson,Quinton
Adamson,Drew,Lawrence,Briana,Adamson,Rahim
Adamson,Kareem,Massimino,Patrice,Adamson,Alfonso
Adamson,Jillian,Lawrence,Briana,Adamson,Rahim
Adamson,Curtis,Massimino,Patrice,Adamson,Alfonso
Adamson,Kyra,Lawrence,Briana,Adamson,Rahim
Adamson,Greyson,Massimino,Patrice,Adamson,Alfonso
Adamson,Jordyn,Lawrence,Briana,Adamson,Rahim
Adamson,Tyrell,Massimino,Patrice,Adamson,Alfonso
Adamson,India,Lawrence,Briana,Adamson,Rahim
Adamson,Jaylin,Massimino,Patrice,Adamson,Alfonso
Adamson,Arlene,Lawrence,Briana,Adamson,Rahim
Adamson,Kade,Massimino,Patrice,Adamson,Alfonso
Adamson,Kaydee,Lawrence,Briana,Adamson,Rahim
Adamson,Ameer,Massimino,Patrice,Adamson,Alfonso
Adamson,Harmony,Lawrence,Briana,Adamson,Rahim
Adamson,Willie,Massimino,Martha,Adamson,Dantae
Adamson,Merideth,Lawrence,Ramona,Adamson,Darryl
Adamson,Rodney,Massimino,Martha,Adamson,Dantae
Adamson,Stephania,Lawrence,Ramona,Adamson,Darryl
Adamson,Yuri,Massimino,Martha,Adamson,Dantae
Adamson,Jenae,Lawrence,Ramona,Adamson,Darryl
Grissom,Nestor,Massimino,Haleigh,Grissom,Nicolas
Adamson,Katia,Lawrence,Ramona,Adamson,Darryl
Grissom,Jan,Massimino,Haleigh,Grissom,Nicolas
Adamson,Celena,Lawrence,Ramona,Adamson,Darryl
Grissom,Chad,Massimino,Haleigh,Grissom,Nicolas
Adamson,Sinai,Lawrence,Ramona,Adamson,Darryl
Grissom,Harry,Massimino,Haleigh,Grissom,Nicolas
Adamson,Devyn,Lawrence,Ramona,Adamson,Darryl
Grissom,Gustavo,Massimino,Jennah,Grissom,Winston
Adamson,Itati,Lawrence,Ramona,Adamson,Darryl
Grissom,Jeb,Massimino,Jennah,Grissom,Winston
Adamson,Regan,Massimino,Serena,Adamson,Deric
Grissom,Keanu,Massimino,Jennah,Grissom,Winston
Adamson,Rani,Massimino,Aubrey,Adamson,Quinton
Grissom,Nolan,Massimino,Jennah,Grissom,Winston
Adamson,Greer,Massimino,Aubrey,Adamson,Quinton
Grissom,Dorian,Massimino,Jennah,Grissom,Winston
Adamson,Alice,Massimino,Aubrey,Adamson,Quinton
Grissom,Sterling,Massimino,Jennah,Grissom,Winston
Adamson,Angle,Massimino,Aubrey,Adamson,Quinton
Grissom,Arjun,Massimino,Jennah,Grissom,Winston
Adamson,Kristina,Massimino,Aubrey,Adamson,Quinton
Grissom,Sahil,Massimino,Jennah,Grissom,Winston
Adamson,Anita,Massimino,Aubrey,Adamson,Quinton
Grissom,Tyquan,Massimino,Jennah,Grissom,Winston
Adamson,Rian,Massimino,Aubrey,Adamson,Quinton
Grissom,Nicholas,Massimino,Rebekkah,Grissom,Hector
Adamson,Tianna,Massimino,Patrice,Adamson,Alfonso
Grissom,Ulysses,Massimino,Rebekkah,Grissom,Hector
Adamson,Melinda,Massimino,Patrice,Adamson,Alfonso
Grissom,Rayvon,Massimino,Rebekkah,Grissom,Hector
Adamson,Tamara,Massimino,Patrice,Adamson,Alfonso
Grissom,Yair,Massimino,Rebekkah,Grissom,Hector
Adamson,Jewel,Massimino,Patrice,Adamson,Alfonso
Grissom,Moses,Massimino,Rebekkah,Grissom,Hector
Adamson,Keri,Massimino,Patrice,Adamson,Alfonso
Grissom,Isiah,Massimino,Rebekkah,Grissom,Hector
Adamson,Savana,Massimino,Martha,Adamson,Dantae
Grissom,Quincy,Massimino,Rebekkah,Grissom,Hector
Adamson,Tiera,Massimino,Martha,Adamson,Dantae
Grissom,Daniel,Massimino,Rebekkah,Grissom,Hector
Adamson,Liliana,Massimino,Martha,Adamson,Dantae
Grissom,Davis,Massimino,Rebekkah,Grissom,Hector
Adamson,Amberly,Massimino,Martha,Adamson,Dantae
Grissom,Hashim,Massimino,Chandler,Grissom,Brenden
Grissom,Audra,Massimino,Haleigh,Grissom,Nicolas
Grissom,Emmitt,Massimino,Chandler,Grissom,Brenden
Grissom,Liz,Massimino,Haleigh,Grissom,Nicolas
Grissom,Jackson,Massimino,Chandler,Grissom,Brenden
Grissom,Patrice,Massimino,Haleigh,Grissom,Nicolas
Grissom,Kerry,Massimino,Chandler,Grissom,Brenden
Grissom,Alina,Massimino,Haleigh,Grissom,Nicolas
Grissom,Maxwell,Massimino,Chandler,Grissom,Brenden
Grissom,Krupa,Massimino,Haleigh,Grissom,Nicolas
Grissom,Ian,Adamson,Makala,Grissom,Humberto
Grissom,Yessica,Massimino,Jennah,Grissom,Winston
Grissom,Zackery,Adamson,Makala,Grissom,Humberto
Grissom,Helena,Massimino,Jennah,Grissom,Winston
Grissom,Jarred,Adamson,Makala,Grissom,Humberto
Grissom,Micah,Massimino,Jennah,Grissom,Winston
Grissom,Alexis,Adamson,Makala,Grissom,Humberto
Grissom,Yasmeen,Massimino,Jennah,Grissom,Winston
Grissom,Mark,Adamson,Makala,Grissom,Humberto
Grissom,Mariangeli,Massimino,Jennah,Grissom,Winston
Grissom,Miguel,Adamson,Makala,Grissom,Humberto
Grissom,Tia,Massimino,Jennah,Grissom,Winston
Grissom,Roberto,Adamson,Makala,Grissom,Humberto
Grissom,Sheridan,Massimino,Jennah,Grissom,Winston
Grissom,Ahmad,Adamson,Makala,Grissom,Humberto
Grissom,Clair,Massimino,Jennah,Grissom,Winston
Grissom,Freddy,Adamson,Makala,Grissom,Humberto
Grissom,Felisha,Massimino,Jennah,Grissom,Winston
Grissom,Andrew,Adamson,Makala,Grissom,Humberto
Grissom,Carmen,Massimino,Jennah,Grissom,Winston
Grissom,Emilio,Adamson,Makala,Grissom,Humberto
Grissom,Liza,Massimino,Jennah,Grissom,Winston
Grissom,Philip,Adamson,Josie,Grissom,Benjamen
Grissom,Catalina,Massimino,Rebekkah,Grissom,Hector
Grissom,Arthur,Adamson,Josie,Grissom,Benjamen
Grissom,Meagan,Massimino,Rebekkah,Grissom,Hector
Grissom,Jai,Adamson,Josie,Grissom,Benjamen
Grissom,Eva,Massimino,Rebekkah,Grissom,Hector
Grissom,Clarence,Adamson,Josie,Grissom,Benjamen
Grissom,Kamri,Massimino,Rebekkah,Grissom,Hector
Wilson,Edward,Adamson,Jeanette,Wilson,Andre
Grissom,Kira,Massimino,Rebekkah,Grissom,Hector
Wilson,Harold,Adamson,Jeanette,Wilson,Andre
Grissom,Kaydee,Massimino,Rebekkah,Grissom,Hector
Wilson,Rahim,Adamson,Jeanette,Wilson,Andre
Grissom,Allyssa,Massimino,Rebekkah,Grissom,Hector
Wilson,Antonio,Adamson,Jeanette,Wilson,Andre
Grissom,Sarahmarie,Massimino,Rebekkah,Grissom,Hector
Wilson,Travon,Adamson,Jeanette,Wilson,Andre
Grissom,Sandy,Massimino,Rebekkah,Grissom,Hector
Wilson,Arian,Adamson,Jeanette,Wilson,Andre
Grissom,Christian,Massimino,Rebekkah,Grissom,Hector
Wilson,Carlos,Adamson,Jeanette,Wilson,Andre
Grissom,Jacklyn,Massimino,Chandler,Grissom,Brenden
Wilson,Hayden,Adamson,Jeanette,Wilson,Andre
Grissom,Carli,Massimino,Chandler,Grissom,Brenden
Wilson,Jan,Adamson,Jeanette,Wilson,Andre
Grissom,Rian,Massimino,Chandler,Grissom,Brenden
Wilson,Darrin,Adamson,Jeanette,Wilson,Andre
Grissom,Erica,Massimino,Chandler,Grissom,Brenden
Wilson,Reynaldo,Adamson,Kayleen,Wilson,Maleek
Grissom,Miriam,Massimino,Chandler,Grissom,Brenden
Wilson,Jules,Adamson,Kayleen,Wilson,Maleek
Grissom,Adrienne,Massimino,Chandler,Grissom,Brenden
Wilson,Paul,Adamson,Kayleen,Wilson,Maleek
Grissom,Mackenna,Adamson,Makala,Grissom,Humberto
Wilson,Jerome,Adamson,Kayleen,Wilson,Maleek
Grissom,Shakia,Adamson,Makala,Grissom,Humberto
Wilson,Nathanael,Adamson,Kayleen,Wilson,Maleek
Grissom,Maranda,Adamson,Makala,Grissom,Humberto
Wilson,Wilson,Adamson,Kayleen,Wilson,Maleek
Grissom,Natalee,Adamson,Makala,Grissom,Humberto
Wilson,Jeffery,Adamson,Kayleen,Wilson,Maleek
Grissom,Erin,Adamson,Makala,Grissom,Humberto
Wilson,Nickolas,Adamson,Kayleen,Wilson,Maleek
Grissom,Reyanna,Adamson,Makala,Grissom,Humberto
Wilson,Deshawn,Adamson,Kaci,Wilson,Ibrahim
Grissom,Jackie,Adamson,Josie,Grissom,Benjamen
Wilson,Clint,Adamson,Kaci,Wilson,Ibrahim
Grissom,Symone,Adamson,Josie,Grissom,Benjamen
Wilson,Jarred,Adamson,Kaci,Wilson,Ibrahim
Grissom,Anjelica,Adamson,Josie,Grissom,Benjamen
Wilson,Austen,Adamson,Kaci,Wilson,Ibrahim
Wilson,Meagan,Adamson,Jeanette,Wilson,Andre
Wilson,Ahmad,Adamson,Kaci,Wilson,Ibrahim
Wilson,Marjorie,Adamson,Jeanette,Wilson,Andre
Wilson,Colton,Adamson,Kaci,Wilson,Ibrahim
Wilson,Alyssa,Adamson,Jeanette,Wilson,Andre
Wilson,Rowan,Adamson,Kaci,Wilson,Ibrahim
Wilson,Tayler,Adamson,Jeanette,Wilson,Andre
Wilson,Stephon,Adamson,Kaci,Wilson,Ibrahim
Wilson,Selena,Adamson,Jeanette,Wilson,Andre
Wilson,Brennon,Adamson,Alondra,Wilson,Deangelo
Wilson,Marivel,Adamson,Jeanette,Wilson,Andre
Wilson,Christen,Adamson,Alondra,Wilson,Deangelo
Wilson,Jaida,Adamson,Jeanette,Wilson,Andre
Wilson,Brendan,Adamson,Alondra,Wilson,Deangelo
Wilson,Samara,Adamson,Jeanette,Wilson,Andre
Wilson,Jovon,Grissom,Sky,Wilson,Yakov
Wilson,Destiney,Adamson,Jeanette,Wilson,Andre
Wilson,Andrew,Grissom,Sky,Wilson,Yakov
Wilson,Synthia,Adamson,Jeanette,Wilson,Andre
Wilson,Alberto,Grissom,Sky,Wilson,Yakov
Wilson,Jaycie,Adamson,Kayleen,Wilson,Maleek
Wilson,Darien,Grissom,Sky,Wilson,Yakov
Wilson,Kallee,Adamson,Kayleen,Wilson,Maleek
Wilson,Chaz,Grissom,Sky,Wilson,Yakov
Wilson,Trisha,Adamson,Kayleen,Wilson,Maleek
Wilson,Shlomo,Grissom,Sky,Wilson,Yakov
Wilson,Angela,Adamson,Kayleen,Wilson,Maleek
Wilson,Kegan,Grissom,Sky,Wilson,Yakov
Wilson,Skye,Adamson,Kayleen,Wilson,Maleek
Wilson,Hashim,Grissom,Sky,Wilson,Yakov
Wilson,Katelyn,Adamson,Kayleen,Wilson,Maleek
Cleave,Jacky,Grissom,Jaycee,Cleave,Brooks
Wilson,Maya,Adamson,Kayleen,Wilson,Maleek
Cleave,Lucas,Grissom,Jaycee,Cleave,Brooks
Wilson,Tarah,Adamson,Kayleen,Wilson,Maleek
Cleave,Gordon,Grissom,Jaycee,Cleave,Brooks
Wilson,Grecia,Adamson,Kayleen,Wilson,Maleek
Cleave,Kamau,Grissom,Jaycee,Cleave,Brooks
Wilson,Denise,Adamson,Kaci,Wilson,Ibrahim
Cleave,Chance,Grissom,Jaycee,Cleave,Brooks
Wilson,Yamilex,Adamson,Kaci,Wilson,Ibrahim
Cleave,Eugene,Grissom,Jaycee,Cleave,Brooks
Wilson,Genevieve,Adamson,Kaci,Wilson,Ibrahim
Cleave,Devon,Grissom,Jaycee,Cleave,Brooks
Wilson,Keila,Adamson,Kaci,Wilson,Ibrahim
Cleave,Bo,Grissom,Jaycee,Cleave,Brooks
Wilson,Reyna,Adamson,Kaci,Wilson,Ibrahim
Cleave,Patric,Grissom,Jaycee,Cleave,Brooks
Wilson,Diane,Adamson,Alondra,Wilson,Deangelo
Cleave,Elliott,Grissom,Jaycee,Cleave,Brooks
Wilson,Ronni,Adamson,Alondra,Wilson,Deangelo
Cleave,Samual,Grissom,Jaycee,Cleave,Brooks
Wilson,Mikayla,Grissom,Sky,Wilson,Yakov
Cleave,Rolando,Grissom,Katerina,Cleave,Bryson
Wilson,Emely,Grissom,Sky,Wilson,Yakov
Cleave,Ezequiel,Grissom,Katerina,Cleave,Bryson
Wilson,Anitra,Grissom,Sky,Wilson,Yakov
Cleave,River,Grissom,Katerina,Cleave,Bryson
Wilson,Esmeralda,Grissom,Sky,Wilson,Yakov
Cleave,Barry,Grissom,Katerina,Cleave,Bryson
Wilson,Ida,Grissom,Sky,Wilson,Yakov
Cleave,Grayson,Grissom,Katerina,Cleave,Bryson
Wilson,Alysia,Grissom,Sky,Wilson,Yakov
Cleave,Preston,Grissom,Katerina,Cleave,Bryson
Wilson,Delaney,Grissom,Sky,Wilson,Yakov
Cleave,Tristan,Grissom,Katerina,Cleave,Bryson
Wilson,Jesica,Grissom,Sky,Wilson,Yakov
Cleave,Aron,Grissom,Katerina,Cleave,Bryson
Wilson,Katarina,Grissom,Sky,Wilson,Yakov
Cleave,Curtis,Grissom,Katerina,Cleave,Bryson
Wilson,Annette,Grissom,Sky,Wilson,Yakov
Cleave,Gregory,Grissom,Kendyl,Cleave,Theodore
Wilson,Justina,Grissom,Sky,Wilson,Yakov
Cleave,Kenneth,Grissom,Kendyl,Cleave,Theodore
Cleave,Stacey,Grissom,Jaycee,Cleave,Brooks
Cleave,Jose,Grissom,Kendyl,Cleave,Theodore
Cleave,Jonae,Grissom,Jaycee,Cleave,Brooks
Cleave,Ali,Grissom,Kendyl,Cleave,Theodore
Cleave,Eleni,Grissom,Jaycee,Cleave,Brooks
Cleave,Julian,Grissom,Kendyl,Cleave,Theodore
Cleave,Mikala,Grissom,Jaycee,Cleave,Brooks
Cleave,Don,Grissom,Kendyl,Cleave,Theodore
Cleave,Shelley,Grissom,Jaycee,Cleave,Brooks
Cleave,Reuben,Grissom,Kendyl,Cleave,Theodore
Cleave,Harlie,Grissom,Jaycee,Cleave,Brooks
Cleave,Kirkland,Grissom,Kendyl,Cleave,Theodore
Cleave,Kelcee,Grissom,Katerina,Cleave,Bryson
Cleave,Tyran,Grissom,Kendyl,Cleave,Theodore
Cleave,Cali,Grissom,Katerina,Cleave,Bryson
Cleave,Forest,Grissom,Christa,Cleave,Leon
Cleave,Theresa,Grissom,Katerina,Cleave,Bryson
Cleave,Bret,Grissom,Christa,Cleave,Leon
Cleave,Armani,Grissom,Katerina,Cleave,Bryson
Cleave,Josejuan,Grissom,Christa,Cleave,Leon
Cleave,Glenda,Grissom,Katerina,Cleave,Bryson
Cleave,Brenden,Grissom,Christa,Cleave,Leon
Cleave,Marlene,Grissom,Katerina,Cleave,Bryson
Cleave,Esau,Grissom,Christa,Cleave,Leon
Cleave,Dallas,Grissom,Katerina,Cleave,Bryson
Cleave,Quanterriu,Grissom,Chantal,Cleave,Mason
Cleave,Gladys,Grissom,Katerina,Cleave,Bryson
Cleave,Guy,Grissom,Chantal,Cleave,Mason
Cleave,Jesslyn,Grissom,Kendyl,Cleave,Theodore
Cleave,Marielle,Grissom,Chantal,Cleave,Mason
Cleave,Brynn,Grissom,Kendyl,Cleave,Theodore
Cleave,Ameer,Grissom,Chantal,Cleave,Mason
Cleave,Megan,Grissom,Christa,Cleave,Leon
Cleave,Rodney,Grissom,Chantal,Cleave,Mason
Cleave,Danielle,Grissom,Christa,Cleave,Leon
Cleave,Mohammad,Grissom,Chantal,Cleave,Mason
Cleave,Janie,Grissom,Christa,Cleave,Leon
Cleave,Spencer,Grissom,Kaley,Cleave,Easton
Cleave,Xena,Grissom,Christa,Cleave,Leon
Cleave,Tyren,Grissom,Kaley,Cleave,Easton
Cleave,Caroline,Grissom,Christa,Cleave,Leon
Cleave,Quintin,Grissom,Kaley,Cleave,Easton
Cleave,Natalee,Grissom,Chantal,Cleave,Mason
Cleave,Reynaldo,Grissom,Kaley,Cleave,Easton
Cleave,Alena,Grissom,Chantal,Cleave,Mason
Cleave,Gabriel,Grissom,Kaley,Cleave,Easton
Cleave,Kayley,Grissom,Chantal,Cleave,Mason
Cleave,Neal,Grissom,Kaley,Cleave,Easton
Cleave,Hayley,Grissom,Chantal,Cleave,Mason
Cleave,Roland,Grissom,Darby,Cleave,Anibal
Cleave,Selena,Grissom,Chantal,Cleave,Mason
Cleave,Yobani,Grissom,Darby,Cleave,Anibal
Cleave,Marcia,Grissom,Chantal,Cleave,Mason
Cleave,David,Grissom,Darby,Cleave,Anibal
Cleave,Jeanna,Grissom,Chantal,Cleave,Mason
Cleave,Tre,Grissom,Darby,Cleave,Anibal
Cleave,Delilah,Grissom,Chantal,Cleave,Mason
Cleave,Hiram,Grissom,Perla,Cleave,Cody
Cleave,Kiersten,Grissom,Chantal,Cleave,Mason
Cleave,German,Grissom,Perla,Cleave,Cody
Cleave,Kenyatta,Grissom,Chantal,Cleave,Mason
Cleave,Mitchell,Grissom,Perla,Cleave,Cody
Cleave,Liza,Grissom,Chantal,Cleave,Mason
Cleave,Arnold,Grissom,Perla,Cleave,Cody
Cleave,Angel,Grissom,Kaley,Cleave,Easton
Hoffman,Junior,Grissom,Lea,Hoffman,Kenyon
Cleave,Stevie,Grissom,Kaley,Cleave,Easton
Hoffman,Deonte,Grissom,Lea,Hoffman,Kenyon
Cleave,Dena,Grissom,Kaley,Cleave,Easton
Hoffman,Terron,Grissom,Lea,Hoffman,Kenyon
Cleave,Emmily,Grissom,Kaley,Cleave,Easton
Hoffman,Daquan,Grissom,Lea,Hoffman,Kenyon
Cleave,Natalya,Grissom,Kaley,Cleave,Easton
Hoffman,Rogelio,Grissom,Lea,Hoffman,Kenyon
Cleave,Bryn,Grissom,Kaley,Cleave,Easton
Hoffman,Diamond,Grissom,Lea,Hoffman,Kenyon
Cleave,Lucia,Grissom,Kaley,Cleave,Easton
Hoffman,Peyton,Grissom,Lea,Hoffman,Kenyon
Cleave,Yajayra,Grissom,Darby,Cleave,Anibal
Hoffman,Dyllon,Grissom,Lea,Hoffman,Kenyon
Cleave,Taryn,Grissom,Darby,Cleave,Anibal
Hoffman,Benny,Grissom,Lea,Hoffman,Kenyon
Cleave,Josie,Grissom,Darby,Cleave,Anibal
Hoffman,Mathieu,Wilson,Karah,Hoffman,Alexandro
Cleave,Bridgette,Grissom,Darby,Cleave,Anibal
Hoffman,Mark,Wilson,Karah,Hoffman,Alexandro
Cleave,Isis,Grissom,Darby,Cleave,Anibal
Hoffman,Emerson,Wilson,Karah,Hoffman,Alexandro
Cleave,Arlene,Grissom,Darby,Cleave,Anibal
Hoffman,Kameron,Wilson,Karah,Hoffman,Alexandro
Cleave,Alicia,Grissom,Darby,Cleave,Anibal
Hoffman,Lauren,Wilson,Karah,Hoffman,Alexandro
Cleave,Kallee,Grissom,Darby,Cleave,Anibal
Hoffman,Anton,Wilson,Elida,Hoffman,Wanya
Cleave,Caylin,Grissom,Darby,Cleave,Anibal
Hoffman,Tylar,Wilson,Elida,Hoffman,Wanya
Cleave,Rebeca,Grissom,Darby,Cleave,Anibal
Hoffman,German,Wilson,Elida,Hoffman,Wanya
Cleave,Clara,Grissom,Perla,Cleave,Cody
Hoffman,Travis,Wilson,Elida,Hoffman,Wanya
Cleave,Lianna,Grissom,Perla,Cleave,Cody
Hoffman,Damien,Wilson,Elida,Hoffman,Wanya
Cleave,Keirra,Grissom,Perla,Cleave,Cody
Hoffman,Braydon,Wilson,Elida,Hoffman,Wanya
Cleave,Moesha,Grissom,Perla,Cleave,Cody
Hoffman,Francesco,Wilson,Kaitlynn,Hoffman,Bryce
Hoffman,Shae,Grissom,Lea,Hoffman,Kenyon
Hoffman,Triston,Wilson,Kaitlynn,Hoffman,Bryce
Hoffman,Camila,Grissom,Lea,Hoffman,Kenyon
Hoffman,Jairo,Wilson,Kaitlynn,Hoffman,Bryce
Hoffman,Xochitl,Grissom,Lea,Hoffman,Kenyon
Hoffman,Brooks,Wilson,Kaitlynn,Hoffman,Bryce
Hoffman,Dylan,Grissom,Lea,Hoffman,Kenyon
Hoffman,Maximillia,Wilson,Kaitlynn,Hoffman,Bryce
Hoffman,Alma,Grissom,Lea,Hoffman,Kenyon
Hoffman,Sebastian,Wilson,Heavenly,Hoffman,Conner
Hoffman,Savannah,Grissom,Lea,Hoffman,Kenyon
Hoffman,Deonta,Wilson,Heavenly,Hoffman,Conner
Hoffman,Lillian,Grissom,Lea,Hoffman,Kenyon
Hoffman,Mohamad,Wilson,Heavenly,Hoffman,Conner
Hoffman,Kiesha,Grissom,Lea,Hoffman,Kenyon
Hoffman,Rigoberto,Wilson,Heavenly,Hoffman,Conner
Hoffman,Nakia,Wilson,Karah,Hoffman,Alexandro
Hoffman,Luke,Wilson,Heavenly,Hoffman,Conner
Hoffman,Cheyann,Wilson,Karah,Hoffman,Alexandro
Hoffman,Jade,Wilson,Heavenly,Hoffman,Conner
Hoffman,Carol,Wilson,Karah,Hoffman,Alexandro
Hoffman,Mickey,Wilson,Heavenly,Hoffman,Conner
Hoffman,Tory,Wilson,Karah,Hoffman,Alexandro
Hoffman,Jacob,Wilson,Heavenly,Hoffman,Conner
Hoffman,Krystan,Wilson,Karah,Hoffman,Alexandro
Hoffman,Zackary,Wilson,Heavenly,Hoffman,Conner
Hoffman,Hattie,Wilson,Karah,Hoffman,Alexandro
Hoffman,Chadwick,Wilson,Marlee,Hoffman,Salvatore
Hoffman,Anamaria,Wilson,Karah,Hoffman,Alexandro
Hoffman,Marcell,Wilson,Marlee,Hoffman,Salvatore
Hoffman,Gabriella,Wilson,Karah,Hoffman,Alexandro
Hoffman,Ryland,Wilson,Marlee,Hoffman,Salvatore
Hoffman,Jamiya,Wilson,Karah,Hoffman,Alexandro
Ashby,Ameer,Cleave,Brittney,Ashby,Mickey
Hoffman,Essence,Wilson,Karah,Hoffman,Alexandro
Ashby,Patric,Cleave,Brittney,Ashby,Mickey
Hoffman,Merideth,Wilson,Elida,Hoffman,Wanya
Garfield,Raymond,Cleave,Linda,Garfield,Devante
Hoffman,Kendall,Wilson,Elida,Hoffman,Wanya
Garfield,Manuel,Cleave,Linda,Garfield,Devante
Hoffman,Patricia,Wilson,Elida,Hoffman,Wanya
Garfield,Andrew,Cleave,Linda,Garfield,Devante
Hoffman,Cambria,Wilson,Elida,Hoffman,Wanya
Garfield,Yvan,Cleave,Linda,Garfield,Devante
Hoffman,Emilee,Wilson,Elida,Hoffman,Wanya
Garfield,Romeo,Cleave,Andrea,Garfield,Marvin
Hoffman,Angelika,Wilson,Elida,Hoffman,Wanya
Garfield,Derek,Cleave,Andrea,Garfield,Marvin
Hoffman,Katlyn,Wilson,Elida,Hoffman,Wanya
Garfield,Garin,Cleave,Andrea,Garfield,Marvin
Hoffman,Aisha,Wilson,Elida,Hoffman,Wanya
Garfield,Christen,Cleave,Elyse,Garfield,Bret
Hoffman,Desaree,Wilson,Elida,Hoffman,Wanya
Garfield,Marcell,Cleave,Maddison,Garfield,Harry
Hoffman,Norma,Wilson,Elida,Hoffman,Wanya
Garfield,Jabari,Cleave,Maddison,Garfield,Harry
Hoffman,Jennifer,Wilson,Elida,Hoffman,Wanya
Garfield,Dana,Cleave,Maddison,Garfield,Harry
Hoffman,Louisa,Wilson,Elida,Hoffman,Wanya
Garfield,Aaron,Cleave,Maddison,Garfield,Harry
Hoffman,Yajaira,Wilson,Kaitlynn,Hoffman,Bryce
Garfield,Nelson,Cleave,Maddison,Garfield,Harry
Hoffman,Dandrea,Wilson,Kaitlynn,Hoffman,Bryce
Garfield,Mariano,Cleave,Maddison,Garfield,Harry
Hoffman,Anjelica,Wilson,Heavenly,Hoffman,Conner
Garfield,Antavius,Cleave,Maddison,Garfield,Harry
Hoffman,Anthony,Wilson,Heavenly,Hoffman,Conner
Garfield,Destin,Cleave,Maddison,Garfield,Harry
Hoffman,Natalia,Wilson,Heavenly,Hoffman,Conner
Garfield,Nicholas,Cleave,Maddison,Garfield,Harry
Hoffman,Amanda,Wilson,Heavenly,Hoffman,Conner
Garfield,Davon,Cleave,Maddison,Garfield,Harry
Hoffman,Skye,Wilson,Heavenly,Hoffman,Conner
Garfield,Quayshawn,Cleave,Jacquelyn,Garfield,Jovonte
Hoffman,Hana,Wilson,Marlee,Hoffman,Salvatore
Garfield,Ryland,Cleave,Jacquelyn,Garfield,Jovonte
Hoffman,Catalina,Wilson,Marlee,Hoffman,Salvatore
Garfield,Armando,Cleave,Jacquelyn,Garfield,Jovonte
Hoffman,Kailee,Wilson,Marlee,Hoffman,Salvatore
Garfield,Asher,Cleave,Jacquelyn,Garfield,Jovonte
Ashby,Tierra,Cleave,Brittney,Ashby,Mickey
Garfield,Johnathan,Cleave,Jacquelyn,Garfield,Jovonte
Ashby,Justice,Cleave,Brittney,Ashby,Mickey
Garfield,Lance,Cleave,Jacquelyn,Garfield,Jovonte
Ashby,Angel,Cleave,Brittney,Ashby,Mickey
Garfield,Gerald,Cleave,Jacquelyn,Garfield,Jovonte
Ashby,Keara,Cleave,Brittney,Ashby,Mickey
Garfield,Emmett,Cleave,Jacquelyn,Garfield,Jovonte
Garfield,Breanna,Cleave,Linda,Garfield,Devante
Garfield,Gordon,Cleave,Jacquelyn,Garfield,Jovonte
Garfield,Carlye,Cleave,Linda,Garfield,Devante
Garfield,Jesus,Cleave,Jacquelyn,Garfield,Jovonte
Garfield,Klee,Cleave,Andrea,Garfield,Marvin
Garfield,Jed,Cleave,Jacquelyn,Garfield,Jovonte
Garfield,Moriah,Cleave,Andrea,Garfield,Marvin
Garfield,Bretton,Cleave,Tracy,Garfield,Chaz
Garfield,Katherine,Cleave,Elyse,Garfield,Bret
Garfield,Peter,Cleave,Tracy,Garfield,Chaz
Garfield,Johanna,Cleave,Elyse,Garfield,Bret
Garfield,Braden,Cleave,Skyler,Garfield,Buford
Garfield,Micayla,Cleave,Maddison,Garfield,Harry
Garfield,Jevon,Cleave,Skyler,Garfield,Buford
Garfield,Annette,Cleave,Maddison,Garfield,Harry
Garfield,Brennen,Cleave,Skyler,Garfield,Buford
Garfield,Angelica,Cleave,Maddison,Garfield,Harry
Garfield,Angel,Cleave,Skyler,Garfield,Buford
Garfield,Joy,Cleave,Maddison,Garfield,Harry
Garfield,Zackery,Cleave,Skyler,Garfield,Buford
Garfield,Irma,Cleave,Maddison,Garfield,Harry
Garfield,Stephan,Cleave,Skyler,Garfield,Buford
Garfield,Riley,Cleave,Maddison,Garfield,Harry
Garfield,Juancarlos,Cleave,Skyler,Garfield,Buford
Garfield,Jane,Cleave,Maddison,Garfield,Harry
Garfield,Dusty,Cleave,Skyler,Garfield,Buford
Garfield,Tiffany,Cleave,Maddison,Garfield,Harry
Garfield,Jacob,Cleave,Skyler,Garfield,Buford
Garfield,Claire,Cleave,Maddison,Garfield,Harry
Garfield,Clarence,Cleave,Skyler,Garfield,Buford
Garfield,Melinda,Cleave,Jacquelyn,Garfield,Jovonte
Garfield,Shelby,Cleave,Skyler,Garfield,Buford
Garfield,Vianey,Cleave,Jacquelyn,Garfield,Jovonte
Garfield,Eddie,Cleave,Skyler,Garfield,Buford
Garfield,Coralys,Cleave,Jacquelyn,Garfield,Jovonte
Garfield,Deleon,Cleave,Rachelle,Garfield,Isaiah
Garfield,Carley,Cleave,Jacquelyn,Garfield,Jovonte
Garfield,Marshall,Cleave,Rachelle,Garfield,Isaiah
Garfield,Anabel,Cleave,Jacquelyn,Garfield,Jovonte
Garfield,Dreshaun,Cleave,Rachelle,Garfield,Isaiah
Garfield,Caitlyn,Cleave,Jacquelyn,Garfield,Jovonte
Garfield,Latrell,Cleave,Cristal,Garfield,Camden
Garfield,Abbey,Cleave,Tracy,Garfield,Chaz
Garfield,Tristan,Cleave,Cristal,Garfield,Camden
Garfield,Reina,Cleave,Tracy,Garfield,Chaz
Garfield,Moises,Cleave,Cristal,Garfield,Camden
Garfield,Kiera,Cleave,Skyler,Garfield,Buford
Garfield,Kelton,Cleave,Cristal,Garfield,Camden
Garfield,Sheila,Cleave,Skyler,Garfield,Buford
Garfield,Emilio,Cleave,Cristal,Garfield,Camden
Garfield,Katia,Cleave,Skyler,Garfield,Buford
Garfield,Mario,Cleave,Cristal,Garfield,Camden
Garfield,Krystal,Cleave,Skyler,Garfield,Buford
Garfield,Bobby,Cleave,Cristal,Garfield,Camden
Garfield,Kellie,Cleave,Skyler,Garfield,Buford
Garfield,Jaleel,Cleave,Nichelle,Garfield,Nathan
Garfield,Anissa,Cleave,Skyler,Garfield,Buford
Garfield,Mauricio,Cleave,Nichelle,Garfield,Nathan
Garfield,Maryssa,Cleave,Skyler,Garfield,Buford
Garfield,Taquan,Cleave,Nichelle,Garfield,Nathan
Garfield,Mikala,Cleave,Rachelle,Garfield,Isaiah
Garfield,Geoffrey,Cleave,Nichelle,Garfield,Nathan
Garfield,Saige,Cleave,Rachelle,Garfield,Isaiah
Garfield,Ramon,Cleave,Nichelle,Garfield,Nathan
Garfield,Kelsey,Cleave,Rachelle,Garfield,Isaiah
Garfield,Johnathon,Hoffman,Elisabeth,Garfield,Tyquan
Garfield,Alice,Cleave,Cristal,Garfield,Camden
Garfield,Cade,Hoffman,Elisabeth,Garfield,Tyquan
Garfield,Giovanna,Cleave,Cristal,Garfield,Camden
Garfield,Darius,Hoffman,Elisabeth,Garfield,Tyquan
Garfield,Roslyn,Cleave,Cristal,Garfield,Camden
Garfield,Brenton,Hoffman,Johanna,Garfield,Fernando
Garfield,Veronica,Cleave,Cristal,Garfield,Camden
Garfield,Chance,Hoffman,Johanna,Garfield,Fernando
Garfield,Dasia,Cleave,Cristal,Garfield,Camden
Garfield,Seamus,Hoffman,Johanna,Garfield,Fernando
Garfield,Janet,Cleave,Cristal,Garfield,Camden
Garfield,Leon,Hoffman,Johanna,Garfield,Fernando
Garfield,Macie,Cleave,Cristal,Garfield,Camden
Cockrell,Pierce,Hoffman,Heavenly,Cockrell,Silas
Garfield,Kamri,Cleave,Cristal,Garfield,Camden
Cockrell,Geordan,Hoffman,Heavenly,Cockrell,Silas
Garfield,Pamela,Cleave,Cristal,Garfield,Camden
Cockrell,Khalid,Hoffman,Heavenly,Cockrell,Silas
Garfield,Promise,Cleave,Nichelle,Garfield,Nathan
Cockrell,Tobias,Hoffman,Heavenly,Cockrell,Silas
Garfield,Judy,Cleave,Nichelle,Garfield,Nathan
Cockrell,Eric,Hoffman,Heavenly,Cockrell,Silas
Garfield,Monet,Cleave,Nichelle,Garfield,Nathan
Cockrell,Ayub,Hoffman,Heavenly,Cockrell,Silas
Garfield,Erica,Cleave,Nichelle,Garfield,Nathan
Cockrell,Trentin,Hoffman,Heavenly,Cockrell,Silas
Garfield,Edith,Cleave,Nichelle,Garfield,Nathan
Cockrell,Rashad,Hoffman,Heavenly,Cockrell,Silas
Garfield,Cameron,Cleave,Nichelle,Garfield,Nathan
Cockrell,Ishmael,Hoffman,Heavenly,Cockrell,Silas
Garfield,Tanisha,Cleave,Nichelle,Garfield,Nathan
Cockrell,Raequan,Hoffman,Heavenly,Cockrell,Silas
Garfield,Aubrey,Hoffman,Elisabeth,Garfield,Tyquan
Cockrell,Terance,Hoffman,Heavenly,Cockrell,Silas
Garfield,Tiona,Hoffman,Elisabeth,Garfield,Tyquan
Cockrell,Casey,Hoffman,Krysta,Cockrell,Sam
Garfield,Ashton,Hoffman,Elisabeth,Garfield,Tyquan
Cockrell,Elvin,Hoffman,Krysta,Cockrell,Sam
Garfield,Keyondra,Hoffman,Johanna,Garfield,Fernando
Cockrell,Wyatt,Hoffman,Krysta,Cockrell,Sam
Garfield,Dina,Hoffman,Johanna,Garfield,Fernando
Cockrell,Kevon,Hoffman,Krysta,Cockrell,Sam
Garfield,Demi,Hoffman,Johanna,Garfield,Fernando
Cockrell,Valentine,Hoffman,Krysta,Cockrell,Sam
Garfield,Jameisha,Hoffman,Johanna,Garfield,Fernando
Washington,Rakeem,Hoffman,Kayli,Washington,Esau
Cockrell,Keirra,Hoffman,Heavenly,Cockrell,Silas
Washington,Jonathon,Hoffman,Tamisha,Washington,Jace
Cockrell,Rebecca,Hoffman,Heavenly,Cockrell,Silas
Washington,Royce,Hoffman,Tamisha,Washington,Jace
Cockrell,Maureen,Hoffman,Heavenly,Cockrell,Silas
Washington,Jason,Hoffman,Tamisha,Washington,Jace
Cockrell,Hilda,Hoffman,Heavenly,Cockrell,Silas
Washington,Kapil,Hoffman,Tamisha,Washington,Jace
Cockrell,Kelley,Hoffman,Heavenly,Cockrell,Silas
Washington,Khalid,Hoffman,Tamisha,Washington,Jace
Cockrell,Shanique,Hoffman,Heavenly,Cockrell,Silas
Washington,Gerald,Hoffman,Tamisha,Washington,Jace
Cockrell,Bianca,Hoffman,Heavenly,Cockrell,Silas
Washington,Rashad,Hoffman,Tamisha,Washington,Jace
Cockrell,Kyle,Hoffman,Heavenly,Cockrell,Silas
Washington,Charly,Hoffman,Tamisha,Washington,Jace
Cockrell,Elaine,Hoffman,Heavenly,Cockrell,Silas
Washington,Yash,Hoffman,Tamisha,Washington,Jace
Cockrell,Jillian,Hoffman,Krysta,Cockrell,Sam
Washington,Randall,Hoffman,Tamisha,Washington,Jace
Cockrell,Mindi,Hoffman,Krysta,Cockrell,Sam
Washington,Quayshawn,Hoffman,Lexy,Washington,Peter
Cockrell,Elizabet,Hoffman,Krysta,Cockrell,Sam
Washington,Britton,Hoffman,Lexy,Washington,Peter
Cockrell,Cheyanne,Hoffman,Krysta,Cockrell,Sam
Washington,Forrest,Hoffman,Lexy,Washington,Peter
Cockrell,Annette,Hoffman,Krysta,Cockrell,Sam
Washington,Terance,Hoffman,Lexy,Washington,Peter
Cockrell,Emely,Hoffman,Krysta,Cockrell,Sam
Washington,Clay,Hoffman,Lexy,Washington,Peter
Cockrell,Katelyn,Hoffman,Krysta,Cockrell,Sam
Washington,Jaron,Hoffman,Lexy,Washington,Peter
Cockrell,Cherokee,Hoffman,Krysta,Cockrell,Sam
Washington,Lauren,Hoffman,Lexy,Washington,Peter
Cockrell,Kara,Hoffman,Krysta,Cockrell,Sam
Washington,Dexter,Hoffman,Lexy,Washington,Peter
Washington,Julianne,Hoffman,Kayli,Washington,Esau
Washington,Buford,Hoffman,Lexy,Washington,Peter
Washington,Hallie,Hoffman,Kayli,Washington,Esau
Washington,Ross,Hoffman,Lexy,Washington,Peter
Washington,Kaylea,Hoffman,Kayli,Washington,Esau
Washington,Raequan,Hoffman,Lexy,Washington,Peter
Washington,Ramona,Hoffman,Kayli,Washington,Esau
Washington,Julian,Hoffman,Lexy,Washington,Peter
Washington,Abbigail,Hoffman,Kayli,Washington,Esau
Washington,Kaleb,Hoffman,Lexy,Washington,Peter
Washington,Blake,Hoffman,Kayli,Washington,Esau
Washington,Danny,Hoffman,Lexy,Washington,Peter
Washington,Kirsten,Hoffman,Tamisha,Washington,Jace
Washington,Latrell,Hoffman,Lexy,Washington,Peter
Washington,Shana,Hoffman,Tamisha,Washington,Jace
Washington,Elliot,Hoffman,Lexy,Washington,Peter
Washington,Valentina,Hoffman,Tamisha,Washington,Jace
Washington,Keegan,Hoffman,Lexy,Washington,Peter
Washington,Dania,Hoffman,Tamisha,Washington,Jace
