Grissom,Rayvon,Ashby,Genevieve,Grissom,Rodney
Tanner,Octavia,Stewart,Breanne,Tanner,Ronnie
Fincke,Jamari,Cameron,Janae,Fincke,Erich
Engle,Mariana,Seddon,Karly,Engle,Alek
Gardner,Tylar,Bassett,Sarina,Gardner,Chance
McNair,Siobhan,McDivitt,Latasha,McNair,Jamie
Patrick,Justus,McCool,Brooklyn,Patrick,Sergio
Linenger,Alexandra,Bursch,Kimberly,Linenger,Anibal
Precour,Freeman,Gordon,Farrah,Precour,Silas
Shaw,Caitlin,Hilmers,Bianca,Shaw,Jamari
McMonagle,Gunner,Stewart,Bryanna,McMonagle,Treshaun
Gregory,Natasha,Anderson,Justina,Gregory,Collin
Young,Brenden,Curbeam,Molli,Young,Dimitri
Gibson,Destany,Pettit,Geneva,Gibson,Tarik
Thorne,Julian,Chawla,Frida,Thorne,Jair
Harding,Wendy,Apt,Sarahmarie,Harding,Ryan
Morgan,Killian,Creamer,Siarra,Morgan,Moses
Griggs,Zabrina,Searfoss,Josie,Griggs,Dwayne
Tani,Craig,Thagard,Brittany,Tani,Daequan
Veach,Chase,Jones,Anissa,Veach,Carlos
Henricks,Diondre,Godwin,Odalys,Henricks,Bradlee
Franklin,Ivelisse,Hart,Chelsea,Franklin,Benny
Nixon,Alexandro,Taylor,Zaria,Nixon,Ramiro
Leestma,Anne,Horowitz,Kayleen,Leestma,Orlando
Coolidge,Shaun,Jackson,Ida,Coolidge,Hugh
Casper,Cody,Nixon,Monet,Casper,Tyson
Beering,Gannon,Deckard,Meaghan,Beering,Isidro
Leestma,Nathalie,Grissom,Breanna,Leestma,Kristofer
Grissom,Orion,Tanner,Octavia,Grissom,Rayvon
Irwin,Kaydee,Morin,Zabrina,Irwin,Quinton
Grissom,Francis,Tanner,Octavia,Grissom,Rayvon
Worden,Rian,Weitz,Elizabet,Worden,Kristian
Grissom,Stephon,Tanner,Octavia,Grissom,Rayvon
Grissom,Becca,Tanner,Octavia,Grissom,Rayvon
Grissom,Grant,Tanner,Octavia,Grissom,Rayvon
Grissom,Mercedes,Tanner,Octavia,Grissom,Rayvon
Grissom,Theodore,Tanner,Octavia,Grissom,Rayvon
Grissom,Raegan,Tanner,Octavia,Grissom,Rayvon
Grissom,Justin,Tanner,Octavia,Grissom,Rayvon
Grissom,Rosemarie,Tanner,Octavia,Grissom,Rayvon
Grissom,Randall,Tanner,Octavia,Grissom,Rayvon
Grissom,Chloie,Tanner,Octavia,Grissom,Rayvon
Grissom,Simeon,Tanner,Octavia,Grissom,Rayvon
Grissom,Yessica,Tanner,Octavia,Grissom,Rayvon
Grissom,Franklin,Tanner,Octavia,Grissom,Rayvon
Grissom,Shae,Tanner,Octavia,Grissom,Rayvon
Fincke,Shlomo,Engle,Mariana,Fincke,Jamari
Grissom,Abigail,Tanner,Octavia,Grissom,Rayvon
Fincke,Lucas,Engle,Mariana,Fincke,Jamari
Grissom,Kristen,Tanner,Octavia,Grissom,Rayvon
Gardner,Jamar,McNair,Siobhan,Gardner,Tylar
Fincke,Autumn,Engle,Mariana,Fincke,Jamari
Gardner,Gabriel,McNair,Siobhan,Gardner,Tylar
Fincke,Clara,Engle,Mariana,Fincke,Jamari
Patrick,Ernesto,Linenger,Alexandra,Patrick,Justus
Fincke,Janet,Engle,Mariana,Fincke,Jamari
Patrick,Coleman,Linenger,Alexandra,Patrick,Justus
Fincke,Kayla,Engle,Mariana,Fincke,Jamari
Precour,Keagan,Shaw,Caitlin,Precour,Freeman
Fincke,Isabella,Engle,Mariana,Fincke,Jamari
Precour,Kalon,Shaw,Caitlin,Precour,Freeman
Gardner,Estefani,McNair,Siobhan,Gardner,Tylar
Precour,Derick,Shaw,Caitlin,Precour,Freeman
Patrick,Niyah,Linenger,Alexandra,Patrick,Justus
Precour,Shamar,Shaw,Caitlin,Precour,Freeman
Patrick,Linsey,Linenger,Alexandra,Patrick,Justus
Precour,Bo,Shaw,Caitlin,Precour,Freeman
Patrick,Amina,Linenger,Alexandra,Patrick,Justus
Precour,Jesse,Shaw,Caitlin,Precour,Freeman
Precour,Maxine,Shaw,Caitlin,Precour,Freeman
Precour,Graham,Shaw,Caitlin,Precour,Freeman
Precour,Dominique,Shaw,Caitlin,Precour,Freeman
McMonagle,Samual,Gregory,Natasha,McMonagle,Gunner
Precour,Janell,Shaw,Caitlin,Precour,Freeman
McMonagle,Benjamin,Gregory,Natasha,McMonagle,Gunner
Precour,Mindi,Shaw,Caitlin,Precour,Freeman
McMonagle,Jaron,Gregory,Natasha,McMonagle,Gunner
Precour,Addison,Shaw,Caitlin,Precour,Freeman
Young,Mohamed,Gibson,Destany,Young,Brenden
McMonagle,Aja,Gregory,Natasha,McMonagle,Gunner
Young,Jashua,Gibson,Destany,Young,Brenden
McMonagle,Jaymee,Gregory,Natasha,McMonagle,Gunner
Young,Bo,Gibson,Destany,Young,Brenden
McMonagle,Isamar,Gregory,Natasha,McMonagle,Gunner
Young,Hunter,Gibson,Destany,Young,Brenden
McMonagle,Tristin,Gregory,Natasha,McMonagle,Gunner
Young,Neal,Gibson,Destany,Young,Brenden
McMonagle,Callan,Gregory,Natasha,McMonagle,Gunner
Thorne,Diamond,Harding,Wendy,Thorne,Julian
McMonagle,Tiffanie,Gregory,Natasha,McMonagle,Gunner
Thorne,Tommy,Harding,Wendy,Thorne,Julian
McMonagle,Ashlie,Gregory,Natasha,McMonagle,Gunner
Thorne,Stefan,Harding,Wendy,Thorne,Julian
Young,Ilana,Gibson,Destany,Young,Brenden
Thorne,Nour,Harding,Wendy,Thorne,Julian
Young,Hana,Gibson,Destany,Young,Brenden
Thorne,Mathieu,Harding,Wendy,Thorne,Julian
Young,Kenyatta,Gibson,Destany,Young,Brenden
Thorne,Garrett,Harding,Wendy,Thorne,Julian
Young,Brianne,Gibson,Destany,Young,Brenden
Thorne,Jermaine,Harding,Wendy,Thorne,Julian
Young,Tristan,Gibson,Destany,Young,Brenden
Thorne,Antonio,Harding,Wendy,Thorne,Julian
Young,Leanna,Gibson,Destany,Young,Brenden
Morgan,Deontae,Griggs,Zabrina,Morgan,Killian
Young,Chardonnay,Gibson,Destany,Young,Brenden
Morgan,Niko,Griggs,Zabrina,Morgan,Killian
Young,Breana,Gibson,Destany,Young,Brenden
Morgan,Kaden,Griggs,Zabrina,Morgan,Killian
Young,Odalys,Gibson,Destany,Young,Brenden
Morgan,Gordon,Griggs,Zabrina,Morgan,Killian
Young,Kenzie,Gibson,Destany,Young,Brenden
Morgan,Moises,Griggs,Zabrina,Morgan,Killian
Young,Alexandria,Gibson,Destany,Young,Brenden
Tani,Eugene,Veach,Chase,Tani,Craig
Young,Mykelle,Gibson,Destany,Young,Brenden
Tani,Rowan,Veach,Chase,Tani,Craig
Thorne,Merissa,Harding,Wendy,Thorne,Julian
Tani,Jaylon,Veach,Chase,Tani,Craig
Thorne,Shanise,Harding,Wendy,Thorne,Julian
Tani,Myles,Veach,Chase,Tani,Craig
Thorne,Luna,Harding,Wendy,Thorne,Julian
Tani,Brendan,Veach,Chase,Tani,Craig
Thorne,Yuki,Harding,Wendy,Thorne,Julian
Tani,Conner,Veach,Chase,Tani,Craig
Thorne,Kiana,Harding,Wendy,Thorne,Julian
Tani,Dylon,Veach,Chase,Tani,Craig
Thorne,Hailey,Harding,Wendy,Thorne,Julian
Tani,Marquis,Veach,Chase,Tani,Craig
Thorne,Lynn,Harding,Wendy,Thorne,Julian
Tani,Fernando,Veach,Chase,Tani,Craig
Thorne,Randi,Harding,Wendy,Thorne,Julian
Henricks,Anibal,Franklin,Ivelisse,Henricks,Diondre
Thorne,Ebone,Harding,Wendy,Thorne,Julian
Henricks,Lloyd,Franklin,Ivelisse,Henricks,Diondre
Thorne,Nathalie,Harding,Wendy,Thorne,Julian
Henricks,Eli,Franklin,Ivelisse,Henricks,Diondre
Morgan,Maia,Griggs,Zabrina,Morgan,Killian
Henricks,Kendall,Franklin,Ivelisse,Henricks,Diondre
Morgan,Kendyl,Griggs,Zabrina,Morgan,Killian
Henricks,Kory,Franklin,Ivelisse,Henricks,Diondre
Morgan,Anneliese,Griggs,Zabrina,Morgan,Killian
Henricks,Antoine,Franklin,Ivelisse,Henricks,Diondre
Tani,Lesli,Veach,Chase,Tani,Craig
Henricks,Conner,Franklin,Ivelisse,Henricks,Diondre
Tani,Jazmyne,Veach,Chase,Tani,Craig
Henricks,Latrell,Franklin,Ivelisse,Henricks,Diondre
Tani,Bryn,Veach,Chase,Tani,Craig
Nixon,Rowan,Leestma,Anne,Nixon,Alexandro
Tani,Ixchel,Veach,Chase,Tani,Craig
Nixon,Yakov,Leestma,Anne,Nixon,Alexandro
Tani,Linsey,Veach,Chase,Tani,Craig
Nixon,Van,Leestma,Anne,Nixon,Alexandro
Tani,Shelly,Veach,Chase,Tani,Craig
Coolidge,Saul,Casper,Cody,Coolidge,Shaun
Tani,Kayle,Veach,Chase,Tani,Craig
Coolidge,Jamir,Casper,Cody,Coolidge,Shaun
Tani,Raegan,Veach,Chase,Tani,Craig
Coolidge,Junior,Casper,Cody,Coolidge,Shaun
Henricks,Aubrie,Franklin,Ivelisse,Henricks,Diondre
Beering,Nicholas,Leestma,Nathalie,Beering,Gannon
Henricks,Aleasha,Franklin,Ivelisse,Henricks,Diondre
Beering,Melvin,Leestma,Nathalie,Beering,Gannon
Henricks,Aerial,Franklin,Ivelisse,Henricks,Diondre
Beering,Jaylan,Leestma,Nathalie,Beering,Gannon
Henricks,Rosa,Franklin,Ivelisse,Henricks,Diondre
Beering,Mckay,Leestma,Nathalie,Beering,Gannon
Henricks,Delaney,Franklin,Ivelisse,Henricks,Diondre
Beering,Jaylen,Leestma,Nathalie,Beering,Gannon
Henricks,Alisa,Franklin,Ivelisse,Henricks,Diondre
Beering,Eugene,Leestma,Nathalie,Beering,Gannon
Henricks,Samira,Franklin,Ivelisse,Henricks,Diondre
Beering,Bobby,Leestma,Nathalie,Beering,Gannon
Nixon,Justice,Leestma,Anne,Nixon,Alexandro
Beering,Jessie,Leestma,Nathalie,Beering,Gannon
Nixon,Taryn,Leestma,Anne,Nixon,Alexandro
Beering,Kasey,Leestma,Nathalie,Beering,Gannon
Nixon,Blanca,Leestma,Anne,Nixon,Alexandro
Beering,Jacques,Leestma,Nathalie,Beering,Gannon
Coolidge,Vera,Casper,Cody,Coolidge,Shaun
Beering,Wyatt,Leestma,Nathalie,Beering,Gannon
Coolidge,Tiona,Casper,Cody,Coolidge,Shaun
Grissom,Esau,Irwin,Kaydee,Grissom,Orion
Coolidge,Mckenzie,Casper,Cody,Coolidge,Shaun
Grissom,Alec,Irwin,Kaydee,Grissom,Orion
Coolidge,Aileen,Casper,Cody,Coolidge,Shaun
Grissom,Kenny,Irwin,Kaydee,Grissom,Orion
Coolidge,Holly,Casper,Cody,Coolidge,Shaun
Grissom,Andrew,Irwin,Kaydee,Grissom,Orion
Beering,Amberly,Leestma,Nathalie,Beering,Gannon
Grissom,Harrison,Irwin,Kaydee,Grissom,Orion
Beering,Gabriele,Leestma,Nathalie,Beering,Gannon
Grissom,Tristen,Irwin,Kaydee,Grissom,Orion
Beering,Hayley,Leestma,Nathalie,Beering,Gannon
Grissom,Garin,Irwin,Kaydee,Grissom,Orion
Beering,Faith,Leestma,Nathalie,Beering,Gannon
Grissom,Dale,Irwin,Kaydee,Grissom,Orion
Beering,Logan,Leestma,Nathalie,Beering,Gannon
Grissom,Olivier,Irwin,Kaydee,Grissom,Orion
Beering,Sadie,Leestma,Nathalie,Beering,Gannon
Grissom,Aleksandr,Worden,Rian,Grissom,Francis
Beering,Dayna,Leestma,Nathalie,Beering,Gannon
Grissom,Clayton,Worden,Rian,Grissom,Francis
Beering,Tarah,Leestma,Nathalie,Beering,Gannon
Grissom,Anfernee,Worden,Rian,Grissom,Francis
Grissom,Kelli,Irwin,Kaydee,Grissom,Orion
Grissom,Adam,Worden,Rian,Grissom,Francis
Grissom,Aisha,Irwin,Kaydee,Grissom,Orion
Grissom,Rodrigo,Fincke,Autumn,Grissom,Stephon
Grissom,Kristy,Irwin,Kaydee,Grissom,Orion
Grissom,Bennett,Fincke,Autumn,Grissom,Stephon
Grissom,Kara,Irwin,Kaydee,Grissom,Orion
Grissom,Jevon,Fincke,Autumn,Grissom,Stephon
Grissom,Kaydee,Irwin,Kaydee,Grissom,Orion
Grissom,Francisco,Fincke,Autumn,Grissom,Stephon
Grissom,Ayanna,Irwin,Kaydee,Grissom,Orion
Grissom,Benny,Fincke,Autumn,Grissom,Stephon
Grissom,Mckayla,Worden,Rian,Grissom,Francis
Grissom,Triston,Fincke,Clara,Grissom,Grant
Grissom,Martha,Worden,Rian,Grissom,Francis
Ronnie,Stewart,Breanne,Engle,Alek
Grissom,Sidney,Fincke,Clara,Grissom,Grant
Grissom,Linnea,Fincke,Autumn,Grissom,Stephon
Grissom,Jairo,Fincke,Clara,Grissom,Grant
Grissom,Eva,Fincke,Autumn,Grissom,Stephon
Grissom,Ronny,Fincke,Clara,Grissom,Grant
Grissom,Cynthia,Fincke,Autumn,Grissom,Stephon
Grissom,Shlomo,Fincke,Clara,Grissom,Grant
Grissom,Taylorann,Fincke,Autumn,Grissom,Stephon
Grissom,Diamond,Fincke,Clara,Grissom,Grant
Grissom,Kaylin,Fincke,Autumn,Grissom,Stephon
Grissom,Brady,Fincke,Janet,Grissom,Theodore
Grissom,Kaci,Fincke,Autumn,Grissom,Stephon
Grissom,Jalil,Fincke,Janet,Grissom,Theodore
Grissom,Sheniqua,Fincke,Autumn,Grissom,Stephon
Grissom,Landen,Fincke,Janet,Grissom,Theodore
Grissom,Sarahmarie,Fincke,Autumn,Grissom,Stephon
Grissom,Jashua,Fincke,Janet,Grissom,Theodore
Grissom,Janelle,Fincke,Autumn,Grissom,Stephon
Grissom,Billy,Fincke,Janet,Grissom,Theodore
Grissom,Kimberly,Fincke,Autumn,Grissom,Stephon
Grissom,Ravon,Fincke,Janet,Grissom,Theodore
Grissom,Jensen,Fincke,Autumn,Grissom,Stephon
Grissom,Leonel,Fincke,Janet,Grissom,Theodore
Grissom,Stevie,Fincke,Autumn,Grissom,Stephon
Grissom,Nestor,Fincke,Janet,Grissom,Theodore
Grissom,Jane,Fincke,Autumn,Grissom,Stephon
Grissom,Kerrick,Fincke,Janet,Grissom,Theodore
Grissom,Devyn,Fincke,Clara,Grissom,Grant
Grissom,Raheem,Fincke,Janet,Grissom,Theodore
Grissom,Jayme,Fincke,Clara,Grissom,Grant
Grissom,Ronnie,Fincke,Kayla,Grissom,Justin
Grissom,Tristin,Fincke,Janet,Grissom,Theodore
Grissom,Malachi,Fincke,Kayla,Grissom,Justin
Grissom,Michel,Fincke,Janet,Grissom,Theodore
Grissom,Branden,Fincke,Kayla,Grissom,Justin
Grissom,Yvette,Fincke,Janet,Grissom,Theodore
Grissom,Jalen,Fincke,Kayla,Grissom,Justin
Grissom,Nia,Fincke,Janet,Grissom,Theodore
Grissom,Kenneth,Fincke,Kayla,Grissom,Justin
Grissom,Saige,Fincke,Janet,Grissom,Theodore
Grissom,Jed,Fincke,Kayla,Grissom,Justin
Grissom,Ciera,Fincke,Janet,Grissom,Theodore
Grissom,Zachary,Fincke,Isabella,Grissom,Randall
Grissom,Kelsi,Fincke,Janet,Grissom,Theodore
Grissom,Kyler,Fincke,Isabella,Grissom,Randall
Grissom,Shayla,Fincke,Janet,Grissom,Theodore
Grissom,Gerald,Fincke,Isabella,Grissom,Randall
Grissom,Neda,Fincke,Janet,Grissom,Theodore
Grissom,Alberto,Fincke,Isabella,Grissom,Randall
Grissom,Sophia,Fincke,Janet,Grissom,Theodore
Grissom,Khalil,Fincke,Isabella,Grissom,Randall
Grissom,Zoi,Fincke,Kayla,Grissom,Justin
Grissom,Kayvon,Gardner,Estefani,Grissom,Simeon
Grissom,Destini,Fincke,Kayla,Grissom,Justin
Grissom,Aspen,Gardner,Estefani,Grissom,Simeon
Grissom,Anne,Fincke,Kayla,Grissom,Justin
Grissom,Errol,Gardner,Estefani,Grissom,Simeon
Grissom,Jaime,Fincke,Kayla,Grissom,Justin
Grissom,Santana,Gardner,Estefani,Grissom,Simeon
Grissom,Marycather,Fincke,Kayla,Grissom,Justin
Grissom,Ryan,Gardner,Estefani,Grissom,Simeon
Grissom,Ceaira,Fincke,Kayla,Grissom,Justin
Grissom,Jessie,Gardner,Estefani,Grissom,Simeon
Grissom,Elaine,Fincke,Kayla,Grissom,Justin
Grissom,Brenton,Gardner,Estefani,Grissom,Simeon
Grissom,Brianna,Fincke,Isabella,Grissom,Randall
Grissom,Ethan,Gardner,Estefani,Grissom,Simeon
Grissom,Arielle,Fincke,Isabella,Grissom,Randall
Grissom,Davin,Gardner,Estefani,Grissom,Simeon
Grissom,Cassidy,Fincke,Isabella,Grissom,Randall
Grissom,Markus,Gardner,Estefani,Grissom,Simeon
Grissom,Aylssa,Gardner,Estefani,Grissom,Simeon
Grissom,Roland,Gardner,Estefani,Grissom,Simeon
Grissom,Janna,Gardner,Estefani,Grissom,Simeon
Grissom,Willis,Patrick,Niyah,Grissom,Franklin
Grissom,Priscilla,Gardner,Estefani,Grissom,Simeon
Grissom,Bill,Patrick,Niyah,Grissom,Franklin
Grissom,Jeanette,Patrick,Niyah,Grissom,Franklin
Grissom,Gordon,Patrick,Niyah,Grissom,Franklin
Grissom,Kiara,Patrick,Niyah,Grissom,Franklin
Grissom,Darien,Patrick,Niyah,Grissom,Franklin
Grissom,Valeria,Patrick,Niyah,Grissom,Franklin
Grissom,Wanya,Patrick,Niyah,Grissom,Franklin
Grissom,Kayle,Patrick,Niyah,Grissom,Franklin
Grissom,Darnell,Patrick,Niyah,Grissom,Franklin
Grissom,Victoria,Patrick,Niyah,Grissom,Franklin
Grissom,Emiliano,Patrick,Niyah,Grissom,Franklin
Grissom,Joan,Patrick,Niyah,Grissom,Franklin
Grissom,Chaim,Patrick,Niyah,Grissom,Franklin
Grissom,Myesha,Patrick,Niyah,Grissom,Franklin
Grissom,Jacky,Patrick,Niyah,Grissom,Franklin
Grissom,Abigayle,Patrick,Niyah,Grissom,Franklin
Fincke,Anders,Grissom,Becca,Fincke,Shlomo
Fincke,Deisy,Grissom,Becca,Fincke,Shlomo
Fincke,Dexter,Grissom,Becca,Fincke,Shlomo
Fincke,Iesha,Grissom,Becca,Fincke,Shlomo
Fincke,Thomas,Grissom,Becca,Fincke,Shlomo
Fincke,Desaree,Grissom,Becca,Fincke,Shlomo
Fincke,Ladarius,Grissom,Becca,Fincke,Shlomo
Fincke,Yuki,Grissom,Mercedes,Fincke,Lucas
Fincke,Aaron,Grissom,Mercedes,Fincke,Lucas
Fincke,Tory,Grissom,Mercedes,Fincke,Lucas
Fincke,Irfan,Grissom,Mercedes,Fincke,Lucas
Fincke,Keara,Grissom,Mercedes,Fincke,Lucas
Fincke,Nathan,Grissom,Mercedes,Fincke,Lucas
Fincke,Klarisa,Grissom,Mercedes,Fincke,Lucas
Fincke,Myles,Grissom,Mercedes,Fincke,Lucas
Fincke,Baily,Grissom,Mercedes,Fincke,Lucas
Fincke,Earl,Grissom,Mercedes,Fincke,Lucas
Fincke,Kiarra,Grissom,Mercedes,Fincke,Lucas
Fincke,Devante,Grissom,Mercedes,Fincke,Lucas
Fincke,Tehya,Grissom,Mercedes,Fincke,Lucas
Fincke,Garrick,Grissom,Mercedes,Fincke,Lucas
Gardner,Cheryl,Grissom,Raegan,Gardner,Jamar
Fincke,Oliver,Grissom,Mercedes,Fincke,Lucas
Gardner,Shiann,Grissom,Raegan,Gardner,Jamar
Gardner,Darrion,Grissom,Raegan,Gardner,Jamar
Gardner,Yajaira,Grissom,Rosemarie,Gardner,Gabriel
Gardner,Curtis,Grissom,Rosemarie,Gardner,Gabriel
Gardner,Lori,Grissom,Rosemarie,Gardner,Gabriel
Gardner,Talon,Grissom,Rosemarie,Gardner,Gabriel
Gardner,Keanna,Grissom,Rosemarie,Gardner,Gabriel
Gardner,Byron,Grissom,Rosemarie,Gardner,Gabriel
Patrick,Tyra,Grissom,Chloie,Patrick,Ernesto
Patrick,Patrick,Grissom,Chloie,Patrick,Ernesto
Patrick,Becca,Grissom,Chloie,Patrick,Ernesto
Patrick,Diamond,Grissom,Chloie,Patrick,Ernesto
Patrick,Sade,Grissom,Chloie,Patrick,Ernesto
Patrick,Michel,Grissom,Chloie,Patrick,Ernesto
Patrick,Yessenia,Grissom,Chloie,Patrick,Ernesto
Patrick,Zaquan,Grissom,Chloie,Patrick,Ernesto
Patrick,Octavia,Grissom,Chloie,Patrick,Ernesto
Patrick,Marcus,Grissom,Chloie,Patrick,Ernesto
Patrick,Myra,Grissom,Chloie,Patrick,Ernesto
Patrick,Misael,Grissom,Yessica,Patrick,Coleman
Precour,Kalsie,Grissom,Shae,Precour,Keagan
Patrick,Jovon,Grissom,Yessica,Patrick,Coleman
Precour,Michaela,Grissom,Shae,Precour,Keagan
Patrick,Mckay,Grissom,Yessica,Patrick,Coleman
Precour,Claudia,Grissom,Shae,Precour,Keagan
Patrick,Zackery,Grissom,Yessica,Patrick,Coleman
Precour,Chana,Grissom,Shae,Precour,Keagan
Precour,Warren,Grissom,Shae,Precour,Keagan
Precour,Torrie,Grissom,Shae,Precour,Keagan
Precour,Brogan,Grissom,Shae,Precour,Keagan
Precour,Kaci,Grissom,Shae,Precour,Keagan
Precour,Liam,Grissom,Shae,Precour,Keagan
Precour,Rachael,Grissom,Shae,Precour,Keagan
Precour,Raequan,Grissom,Shae,Precour,Keagan
Precour,Sandra,Grissom,Shae,Precour,Keagan
Precour,Johnathon,Grissom,Shae,Precour,Keagan
Precour,Micayla,Grissom,Abigail,Precour,Kalon
Precour,Tate,Grissom,Shae,Precour,Keagan
Precour,Emilee,Grissom,Abigail,Precour,Kalon
Precour,Demonte,Grissom,Shae,Precour,Keagan
Precour,Jailene,Grissom,Kristen,Precour,Derick
Precour,Dakotah,Grissom,Abigail,Precour,Kalon
Precour,Karli,Grissom,Kristen,Precour,Derick
Precour,Jonathon,Grissom,Abigail,Precour,Kalon
Precour,Ciarra,Grissom,Kristen,Precour,Derick
Precour,Jesus,Grissom,Kristen,Precour,Derick
Precour,Constance,Grissom,Kristen,Precour,Derick
Precour,Moses,Grissom,Kristen,Precour,Derick
Precour,Celina,Grissom,Kristen,Precour,Derick
Precour,Trevor,Grissom,Kristen,Precour,Derick
Precour,Markia,Patrick,Linsey,Precour,Shamar
Precour,Nolan,Grissom,Kristen,Precour,Derick
Precour,Jessa,Patrick,Linsey,Precour,Shamar
Precour,Charly,Patrick,Linsey,Precour,Shamar
Precour,Shane,Patrick,Linsey,Precour,Shamar
Precour,Reginald,Patrick,Linsey,Precour,Shamar
Precour,Chloe,Patrick,Linsey,Precour,Shamar
Precour,Tobias,Patrick,Linsey,Precour,Shamar
Precour,Kara,Patrick,Linsey,Precour,Shamar
Precour,Izaiah,Patrick,Linsey,Precour,Shamar
Precour,Kathryn,Patrick,Linsey,Precour,Shamar
Precour,Milton,Patrick,Linsey,Precour,Shamar
Precour,Clare,Patrick,Linsey,Precour,Shamar
Precour,Jessee,Patrick,Linsey,Precour,Shamar
Precour,Delanie,Patrick,Linsey,Precour,Shamar
Precour,Eduardo,Patrick,Linsey,Precour,Shamar
Precour,Francisca,Patrick,Linsey,Precour,Shamar
Precour,Alberto,Patrick,Linsey,Precour,Shamar
Precour,Carly,Patrick,Amina,Precour,Bo
Precour,Tracy,Patrick,Linsey,Precour,Shamar
Precour,Ciara,Patrick,Amina,Precour,Bo
Precour,Troy,Patrick,Amina,Precour,Bo
Precour,Octavia,Patrick,Amina,Precour,Bo
Precour,Shlomo,Patrick,Amina,Precour,Bo
Precour,Emerald,Patrick,Amina,Precour,Bo
Precour,Sidney,Patrick,Amina,Precour,Bo
Precour,Mikhaila,McMonagle,Aja,Precour,Jesse
Precour,Darren,Patrick,Amina,Precour,Bo
Precour,Deondra,McMonagle,Aja,Precour,Jesse
Precour,Antavius,Patrick,Amina,Precour,Bo
Precour,Monet,McMonagle,Jaymee,Precour,Graham
Precour,Tristen,Patrick,Amina,Precour,Bo
Precour,Crystal,McMonagle,Jaymee,Precour,Graham
Precour,Zaire,Patrick,Amina,Precour,Bo
Precour,Sophie,McMonagle,Jaymee,Precour,Graham
Precour,Seamus,McMonagle,Aja,Precour,Jesse
Precour,Annie,McMonagle,Jaymee,Precour,Graham
Precour,Rodney,McMonagle,Aja,Precour,Jesse
Precour,Ashlie,McMonagle,Jaymee,Precour,Graham
Precour,Ahmed,McMonagle,Aja,Precour,Jesse
Precour,Bryn,McMonagle,Jaymee,Precour,Graham
Precour,Dequan,McMonagle,Aja,Precour,Jesse
Precour,Libby,McMonagle,Jaymee,Precour,Graham
Precour,Felipe,McMonagle,Aja,Precour,Jesse
Precour,Morgan,McMonagle,Jaymee,Precour,Graham
Precour,Bronson,McMonagle,Aja,Precour,Jesse
Precour,Stormy,McMonagle,Jaymee,Precour,Graham
Precour,Johnny,McMonagle,Aja,Precour,Jesse
Precour,Irma,McMonagle,Jaymee,Precour,Graham
Precour,Blake,McMonagle,Aja,Precour,Jesse
Precour,Carley,McMonagle,Jaymee,Precour,Graham
Precour,Jessie,McMonagle,Aja,Precour,Jesse
McMonagle,Bryanna,Precour,Maxine,McMonagle,Samual
Precour,Esau,McMonagle,Aja,Precour,Jesse
McMonagle,Lesley,Precour,Maxine,McMonagle,Samual
Precour,Dwayne,McMonagle,Aja,Precour,Jesse
McMonagle,Abagail,Precour,Maxine,McMonagle,Samual
Precour,Rey,McMonagle,Jaymee,Precour,Graham
McMonagle,Kassandra,Precour,Maxine,McMonagle,Samual
Precour,Cody,McMonagle,Jaymee,Precour,Graham
McMonagle,Bridget,Precour,Maxine,McMonagle,Samual
Precour,Devonte,McMonagle,Jaymee,Precour,Graham
McMonagle,Mahogany,Precour,Maxine,McMonagle,Samual
Precour,Darius,McMonagle,Jaymee,Precour,Graham
McMonagle,Alexis,Precour,Maxine,McMonagle,Samual
Precour,Randy,McMonagle,Jaymee,Precour,Graham
McMonagle,Sandra,Precour,Maxine,McMonagle,Samual
Precour,Elliot,McMonagle,Jaymee,Precour,Graham
McMonagle,Dajanae,Precour,Dominique,McMonagle,Benjamin
Precour,Henry,McMonagle,Jaymee,Precour,Graham
McMonagle,Hadley,Precour,Dominique,McMonagle,Benjamin
Precour,Julius,McMonagle,Jaymee,Precour,Graham
McMonagle,Gretchen,Precour,Janell,McMonagle,Jaron
Precour,Myles,McMonagle,Jaymee,Precour,Graham
McMonagle,Ellie,Precour,Janell,McMonagle,Jaron
McMonagle,Francis,Precour,Maxine,McMonagle,Samual
McMonagle,Darcie,Precour,Janell,McMonagle,Jaron
McMonagle,Jan,Precour,Maxine,McMonagle,Samual
McMonagle,Olga,Precour,Janell,McMonagle,Jaron
McMonagle,Domenic,Precour,Maxine,McMonagle,Samual
McMonagle,Demi,Precour,Janell,McMonagle,Jaron
McMonagle,Cullen,Precour,Maxine,McMonagle,Samual
McMonagle,Amberly,Precour,Janell,McMonagle,Jaron
McMonagle,Jason,Precour,Dominique,McMonagle,Benjamin
McMonagle,Rhiannon,Precour,Janell,McMonagle,Jaron
McMonagle,Rogelio,Precour,Dominique,McMonagle,Benjamin
McMonagle,Lucia,Precour,Janell,McMonagle,Jaron
McMonagle,Francesco,Precour,Dominique,McMonagle,Benjamin
McMonagle,Renee,Precour,Janell,McMonagle,Jaron
McMonagle,Benito,Precour,Dominique,McMonagle,Benjamin
McMonagle,Tayler,Precour,Janell,McMonagle,Jaron
McMonagle,Terry,Precour,Dominique,McMonagle,Benjamin
Young,Carly,Precour,Mindi,Young,Mohamed
McMonagle,Josue,Precour,Dominique,McMonagle,Benjamin
Young,Estrella,Precour,Addison,Young,Jashua
McMonagle,Kolton,Precour,Janell,McMonagle,Jaron
Young,Justice,Precour,Addison,Young,Jashua
McMonagle,Miguel,Precour,Janell,McMonagle,Jaron
Young,Leeann,Precour,Addison,Young,Jashua
McMonagle,Shaun,Precour,Janell,McMonagle,Jaron
Young,Geneva,Precour,Addison,Young,Jashua
McMonagle,Oliver,Precour,Janell,McMonagle,Jaron
Young,Yoana,Precour,Addison,Young,Jashua
McMonagle,Triston,Precour,Janell,McMonagle,Jaron
Young,Dana,Precour,Addison,Young,Jashua
McMonagle,Yakov,Precour,Janell,McMonagle,Jaron
Young,Savanna,McMonagle,Isamar,Young,Bo
McMonagle,Paris,Precour,Janell,McMonagle,Jaron
Young,Amna,McMonagle,Isamar,Young,Bo
McMonagle,Kahlil,Precour,Janell,McMonagle,Jaron
Young,Maeghan,McMonagle,Isamar,Young,Bo
McMonagle,Ladarius,Precour,Janell,McMonagle,Jaron
Young,Jaclyn,McMonagle,Isamar,Young,Bo
McMonagle,Stephanie,Precour,Janell,McMonagle,Jaron
Young,Cameron,McMonagle,Isamar,Young,Bo
Young,Angel,Precour,Mindi,Young,Mohamed
Young,Sheniqua,McMonagle,Isamar,Young,Bo
Young,Roger,Precour,Mindi,Young,Mohamed
Young,Kaytlin,McMonagle,Tristin,Young,Hunter
Young,Carter,Precour,Mindi,Young,Mohamed
Young,Yasmine,McMonagle,Tristin,Young,Hunter
Young,Carson,Precour,Addison,Young,Jashua
Young,Kailee,McMonagle,Tristin,Young,Hunter
Young,Alfredo,Precour,Addison,Young,Jashua
Young,Kirsten,McMonagle,Tristin,Young,Hunter
Young,Jamir,McMonagle,Isamar,Young,Bo
Young,Jodie,McMonagle,Tristin,Young,Hunter
Young,Joel,McMonagle,Isamar,Young,Bo
Young,Laken,McMonagle,Tristin,Young,Hunter
Young,Jameson,McMonagle,Isamar,Young,Bo
Young,Chyanne,McMonagle,Tristin,Young,Hunter
Young,Damon,McMonagle,Isamar,Young,Bo
Young,Yadira,McMonagle,Tristin,Young,Hunter
Young,Nikolas,McMonagle,Isamar,Young,Bo
Young,Neda,McMonagle,Tristin,Young,Hunter
Young,Craig,McMonagle,Isamar,Young,Bo
Young,Patricia,McMonagle,Tristin,Young,Hunter
Young,Lamonte,McMonagle,Isamar,Young,Bo
Young,Kyla,McMonagle,Tristin,Young,Hunter
Young,Reid,McMonagle,Isamar,Young,Bo
Young,Breanna,McMonagle,Tristin,Young,Hunter
Young,Jaron,McMonagle,Isamar,Young,Bo
Young,Liana,McMonagle,Tristin,Young,Hunter
Young,Mario,McMonagle,Isamar,Young,Bo
Young,April,McMonagle,Callan,Young,Neal
Young,Arthur,McMonagle,Isamar,Young,Bo
Young,Janesha,McMonagle,Callan,Young,Neal
Young,Jaylen,McMonagle,Isamar,Young,Bo
Young,Jennifer,McMonagle,Callan,Young,Neal
Young,Deandre,McMonagle,Isamar,Young,Bo
Young,Karyna,McMonagle,Callan,Young,Neal
Young,Kalon,McMonagle,Isamar,Young,Bo
Young,Janelle,McMonagle,Callan,Young,Neal
Young,Habram,McMonagle,Tristin,Young,Hunter
Young,Meredith,McMonagle,Callan,Young,Neal
Young,Erik,McMonagle,Tristin,Young,Hunter
Young,Julia,McMonagle,Callan,Young,Neal
Young,Sydney,McMonagle,Tristin,Young,Hunter
Young,Coral,McMonagle,Callan,Young,Neal
Young,Osvaldo,McMonagle,Tristin,Young,Hunter
Young,Hattie,McMonagle,Callan,Young,Neal
Young,Westley,McMonagle,Tristin,Young,Hunter
Young,Reyna,McMonagle,Callan,Young,Neal
Young,Elias,McMonagle,Tristin,Young,Hunter
Young,Bertha,McMonagle,Callan,Young,Neal
Young,Rayquan,McMonagle,Tristin,Young,Hunter
Thorne,Roxanne,McMonagle,Tiffanie,Thorne,Diamond
Young,Malachi,McMonagle,Callan,Young,Neal
Thorne,Yessica,McMonagle,Tiffanie,Thorne,Diamond
Young,Cedric,McMonagle,Callan,Young,Neal
Thorne,Callan,McMonagle,Tiffanie,Thorne,Diamond
Young,Clayton,McMonagle,Callan,Young,Neal
Thorne,Tasia,McMonagle,Tiffanie,Thorne,Diamond
Young,Ezequiel,McMonagle,Callan,Young,Neal
Thorne,Ashly,McMonagle,Tiffanie,Thorne,Diamond
Young,Simeon,McMonagle,Callan,Young,Neal
Thorne,Carol,McMonagle,Tiffanie,Thorne,Diamond
Young,Izaiah,McMonagle,Callan,Young,Neal
Thorne,Graciela,McMonagle,Tiffanie,Thorne,Diamond
Young,Deric,McMonagle,Callan,Young,Neal
Thorne,Haiden,McMonagle,Ashlie,Thorne,Tommy
Thorne,Jake,McMonagle,Tiffanie,Thorne,Diamond
Thorne,Charity,McMonagle,Ashlie,Thorne,Tommy
Thorne,Terron,McMonagle,Tiffanie,Thorne,Diamond
Thorne,Karishma,McMonagle,Ashlie,Thorne,Tommy
Thorne,Davis,McMonagle,Tiffanie,Thorne,Diamond
Thorne,Jean,Young,Ilana,Thorne,Stefan
Thorne,Mohamed,McMonagle,Tiffanie,Thorne,Diamond
Thorne,Jacklyn,Young,Ilana,Thorne,Stefan
Thorne,Tyler,McMonagle,Tiffanie,Thorne,Diamond
Thorne,Alysha,Young,Ilana,Thorne,Stefan
Thorne,Yvan,McMonagle,Tiffanie,Thorne,Diamond
Thorne,Marion,Young,Ilana,Thorne,Stefan
Thorne,Darrion,McMonagle,Tiffanie,Thorne,Diamond
Thorne,Fatima,Young,Ilana,Thorne,Stefan
Thorne,Jameson,Young,Ilana,Thorne,Stefan
Thorne,Ebony,Young,Ilana,Thorne,Stefan
Thorne,Taquan,Young,Ilana,Thorne,Stefan
Thorne,Felisha,Young,Ilana,Thorne,Stefan
Thorne,Wesley,Young,Ilana,Thorne,Stefan
Thorne,Mileena,Young,Hana,Thorne,Nour
Thorne,Angelo,Young,Ilana,Thorne,Stefan
Thorne,Breeanna,Young,Hana,Thorne,Nour
Thorne,German,Young,Ilana,Thorne,Stefan
Thorne,Sarah,Young,Hana,Thorne,Nour
Thorne,Gunner,Young,Hana,Thorne,Nour
Thorne,Karissa,Young,Hana,Thorne,Nour
Thorne,Asa,Young,Kenyatta,Thorne,Mathieu
Thorne,Aidan,Young,Hana,Thorne,Nour
Thorne,Brent,Young,Kenyatta,Thorne,Mathieu
Thorne,Kyana,Young,Hana,Thorne,Nour
Thorne,Benito,Young,Kenyatta,Thorne,Mathieu
Thorne,Stefanie,Young,Kenyatta,Thorne,Mathieu
Thorne,Kerry,Young,Kenyatta,Thorne,Mathieu
Thorne,Angelika,Young,Kenyatta,Thorne,Mathieu
Thorne,Ladarius,Young,Kenyatta,Thorne,Mathieu
Thorne,Hailee,Young,Kenyatta,Thorne,Mathieu
Thorne,Trentin,Young,Kenyatta,Thorne,Mathieu
Thorne,Keyshla,Young,Kenyatta,Thorne,Mathieu
Thorne,Aleksandr,Young,Kenyatta,Thorne,Mathieu
Thorne,Katelynn,Young,Kenyatta,Thorne,Mathieu
Thorne,Clayton,Young,Kenyatta,Thorne,Mathieu
Thorne,Abby,Young,Kenyatta,Thorne,Mathieu
Thorne,Darrin,Young,Kenyatta,Thorne,Mathieu
Thorne,Alexandria,Young,Brianne,Thorne,Garrett
Thorne,Dreshaun,Young,Brianne,Thorne,Garrett
Thorne,Kayleigh,Young,Brianne,Thorne,Garrett
Thorne,Anfernee,Young,Tristan,Thorne,Jermaine
Thorne,Linnea,Young,Tristan,Thorne,Jermaine
Thorne,Ernest,Young,Tristan,Thorne,Jermaine
Thorne,Arielle,Young,Tristan,Thorne,Jermaine
Thorne,Junior,Young,Tristan,Thorne,Jermaine
Thorne,Alissa,Young,Tristan,Thorne,Jermaine
Thorne,Brannon,Young,Tristan,Thorne,Jermaine
Thorne,Addison,Young,Leanna,Thorne,Antonio
Thorne,Abel,Young,Tristan,Thorne,Jermaine
Thorne,Jadah,Young,Leanna,Thorne,Antonio
Thorne,Jayce,Young,Tristan,Thorne,Jermaine
Morgan,Keana,Young,Chardonnay,Morgan,Deontae
Thorne,Dan,Young,Tristan,Thorne,Jermaine
Morgan,Krista,Young,Chardonnay,Morgan,Deontae
Thorne,Alfredo,Young,Tristan,Thorne,Jermaine
Morgan,Kaili,Young,Chardonnay,Morgan,Deontae
Thorne,Ronnie,Young,Tristan,Thorne,Jermaine
Morgan,Nikki,Young,Chardonnay,Morgan,Deontae
Thorne,Garin,Young,Tristan,Thorne,Jermaine
Morgan,Janette,Young,Chardonnay,Morgan,Deontae
Thorne,Ignacio,Young,Tristan,Thorne,Jermaine
Morgan,Carlye,Young,Chardonnay,Morgan,Deontae
Thorne,Jarod,Young,Leanna,Thorne,Antonio
Morgan,Tatum,Young,Chardonnay,Morgan,Deontae
Thorne,Edgar,Young,Leanna,Thorne,Antonio
Morgan,Abigail,Young,Chardonnay,Morgan,Deontae
Thorne,Sheldon,Young,Leanna,Thorne,Antonio
Morgan,Yvette,Young,Breana,Morgan,Niko
Morgan,Santos,Young,Chardonnay,Morgan,Deontae
Morgan,Elijah,Young,Breana,Morgan,Niko
Morgan,Reese,Young,Chardonnay,Morgan,Deontae
Morgan,Alex,Young,Breana,Morgan,Niko
Morgan,Evan,Young,Chardonnay,Morgan,Deontae
Morgan,Maryann,Young,Breana,Morgan,Niko
Morgan,Ervin,Young,Chardonnay,Morgan,Deontae
Morgan,Kamri,Young,Breana,Morgan,Niko
Morgan,Kendrick,Young,Chardonnay,Morgan,Deontae
Morgan,Yadira,Young,Breana,Morgan,Niko
Morgan,Anfernee,Young,Chardonnay,Morgan,Deontae
Morgan,Tierra,Young,Odalys,Morgan,Kaden
Morgan,Rahim,Young,Chardonnay,Morgan,Deontae
Morgan,Amy,Young,Odalys,Morgan,Kaden
Morgan,Hugh,Young,Chardonnay,Morgan,Deontae
Morgan,Lesly,Young,Kenzie,Morgan,Gordon
Morgan,Brodie,Young,Chardonnay,Morgan,Deontae
Morgan,Amna,Young,Kenzie,Morgan,Gordon
Morgan,Kirkland,Young,Breana,Morgan,Niko
Morgan,Maranda,Young,Kenzie,Morgan,Gordon
Morgan,Tallon,Young,Breana,Morgan,Niko
Morgan,Kierra,Young,Kenzie,Morgan,Gordon
Morgan,Ramon,Young,Breana,Morgan,Niko
Morgan,Helena,Young,Alexandria,Morgan,Moises
Morgan,Kyler,Young,Breana,Morgan,Niko
Morgan,Emiley,Young,Alexandria,Morgan,Moises
Morgan,Kory,Young,Breana,Morgan,Niko
Morgan,Ali,Young,Alexandria,Morgan,Moises
Morgan,Kai,Young,Breana,Morgan,Niko
Morgan,Ayanna,Young,Alexandria,Morgan,Moises
Morgan,Chaim,Young,Breana,Morgan,Niko
Morgan,Patsy,Young,Alexandria,Morgan,Moises
Morgan,Jed,Young,Odalys,Morgan,Kaden
Morgan,Maisie,Young,Alexandria,Morgan,Moises
Morgan,Deonte,Young,Odalys,Morgan,Kaden
Morgan,Mykayla,Young,Alexandria,Morgan,Moises
Morgan,Raheem,Young,Odalys,Morgan,Kaden
Tani,Addison,Young,Mykelle,Tani,Eugene
Morgan,Phillip,Young,Odalys,Morgan,Kaden
Tani,Sonia,Young,Mykelle,Tani,Eugene
Morgan,Peter,Young,Kenzie,Morgan,Gordon
Tani,Nora,Young,Mykelle,Tani,Eugene
Morgan,Brannon,Young,Kenzie,Morgan,Gordon
Tani,Tynia,Thorne,Merissa,Tani,Rowan
Morgan,Nadav,Young,Kenzie,Morgan,Gordon
Tani,Karla,Thorne,Merissa,Tani,Rowan
Morgan,Saxon,Young,Kenzie,Morgan,Gordon
Tani,Mindi,Thorne,Merissa,Tani,Rowan
Morgan,Marc,Young,Kenzie,Morgan,Gordon
Tani,Tanisha,Thorne,Merissa,Tani,Rowan
Morgan,Mickey,Young,Alexandria,Morgan,Moises
Tani,Ashlyn,Thorne,Merissa,Tani,Rowan
Morgan,Tyler,Young,Alexandria,Morgan,Moises
Tani,Elisabeth,Thorne,Merissa,Tani,Rowan
Morgan,Deion,Young,Alexandria,Morgan,Moises
Tani,Diane,Thorne,Merissa,Tani,Rowan
Morgan,Andrew,Young,Alexandria,Morgan,Moises
Tani,Iridiana,Thorne,Merissa,Tani,Rowan
Morgan,Maliki,Young,Alexandria,Morgan,Moises
Tani,Audrey,Thorne,Merissa,Tani,Rowan
Morgan,Shea,Young,Alexandria,Morgan,Moises
Tani,Alex,Thorne,Merissa,Tani,Rowan
Morgan,Devonta,Young,Alexandria,Morgan,Moises
Tani,Alisa,Thorne,Shanise,Tani,Jaylon
Morgan,Keanu,Young,Alexandria,Morgan,Moises
Tani,Liliana,Thorne,Shanise,Tani,Jaylon
Morgan,Demarco,Young,Alexandria,Morgan,Moises
Tani,Corina,Thorne,Shanise,Tani,Jaylon
Tani,Kirk,Young,Mykelle,Tani,Eugene
Tani,Judy,Thorne,Shanise,Tani,Jaylon
Tani,Quintyn,Young,Mykelle,Tani,Eugene
Tani,Lynette,Thorne,Luna,Tani,Myles
Tani,Nickalus,Thorne,Merissa,Tani,Rowan
Tani,Johanna,Thorne,Luna,Tani,Myles
Tani,Paris,Thorne,Merissa,Tani,Rowan
Tani,Savanah,Thorne,Luna,Tani,Myles
Tani,Vicente,Thorne,Merissa,Tani,Rowan
Tani,Brandi,Thorne,Luna,Tani,Myles
Tani,Jevon,Thorne,Merissa,Tani,Rowan
Tani,Chanel,Thorne,Luna,Tani,Myles
Tani,Enrique,Thorne,Merissa,Tani,Rowan
Tani,Klee,Thorne,Luna,Tani,Myles
Tani,Javon,Thorne,Merissa,Tani,Rowan
Tani,Aundrea,Thorne,Yuki,Tani,Brendan
Tani,Van,Thorne,Merissa,Tani,Rowan
Tani,Jillian,Thorne,Yuki,Tani,Brendan
Tani,Jose,Thorne,Merissa,Tani,Rowan
Tani,Rhiannon,Thorne,Yuki,Tani,Brendan
Tani,Davin,Thorne,Merissa,Tani,Rowan
Tani,Estrella,Thorne,Yuki,Tani,Brendan
Tani,Peter,Thorne,Merissa,Tani,Rowan
Tani,Minnie,Thorne,Yuki,Tani,Brendan
Tani,Tarik,Thorne,Shanise,Tani,Jaylon
Tani,Alyson,Thorne,Yuki,Tani,Brendan
Tani,Aiden,Thorne,Shanise,Tani,Jaylon
Tani,Shamaria,Thorne,Yuki,Tani,Brendan
Tani,Triston,Thorne,Shanise,Tani,Jaylon
Tani,Zoi,Thorne,Yuki,Tani,Brendan
Tani,Delonta,Thorne,Shanise,Tani,Jaylon
Tani,Maura,Thorne,Yuki,Tani,Brendan
Tani,Marlon,Thorne,Shanise,Tani,Jaylon
Tani,Kenia,Thorne,Yuki,Tani,Brendan
Tani,Callahan,Thorne,Shanise,Tani,Jaylon
Tani,Estefany,Thorne,Kiana,Tani,Conner
Tani,Jovonte,Thorne,Luna,Tani,Myles
Tani,Sapphire,Thorne,Kiana,Tani,Conner
Tani,Devan,Thorne,Luna,Tani,Myles
Tani,Daija,Thorne,Kiana,Tani,Conner
Tani,Freeman,Thorne,Luna,Tani,Myles
Tani,Brianne,Thorne,Hailey,Tani,Dylon
Tani,Ladarius,Thorne,Luna,Tani,Myles
Tani,Meghan,Thorne,Hailey,Tani,Dylon
Tani,Frankie,Thorne,Luna,Tani,Myles
Tani,Dajah,Thorne,Hailey,Tani,Dylon
Tani,Ulysses,Thorne,Luna,Tani,Myles
Tani,Alexandrea,Thorne,Hailey,Tani,Dylon
Tani,Carter,Thorne,Luna,Tani,Myles
Tani,Alondra,Thorne,Hailey,Tani,Dylon
Tani,Jonathan,Thorne,Yuki,Tani,Brendan
Tani,Mattea,Thorne,Lynn,Tani,Marquis
Tani,Terence,Thorne,Yuki,Tani,Brendan
Tani,Sky,Thorne,Lynn,Tani,Marquis
Tani,Abraham,Thorne,Kiana,Tani,Conner
Tani,Pamela,Thorne,Lynn,Tani,Marquis
Tani,Jessee,Thorne,Kiana,Tani,Conner
Tani,Melanie,Thorne,Lynn,Tani,Marquis
Tani,Miles,Thorne,Kiana,Tani,Conner
Tani,Kinsey,Thorne,Lynn,Tani,Marquis
Tani,Jair,Thorne,Hailey,Tani,Dylon
Tani,Sarafina,Thorne,Randi,Tani,Fernando
Tani,Josiah,Thorne,Hailey,Tani,Dylon
Tani,Alysa,Thorne,Randi,Tani,Fernando
Tani,Earl,Thorne,Lynn,Tani,Marquis
Tani,Doris,Thorne,Randi,Tani,Fernando
Tani,Tre,Thorne,Lynn,Tani,Marquis
Tani,Claire,Thorne,Randi,Tani,Fernando
Tani,Deante,Thorne,Lynn,Tani,Marquis
Henricks,Itzel,Thorne,Ebone,Henricks,Anibal
Tani,Rayquan,Thorne,Lynn,Tani,Marquis
Henricks,Destiney,Thorne,Ebone,Henricks,Anibal
Tani,Clay,Thorne,Lynn,Tani,Marquis
Henricks,Aesha,Thorne,Ebone,Henricks,Anibal
Tani,Tyson,Thorne,Lynn,Tani,Marquis
Henricks,Cindy,Thorne,Nathalie,Henricks,Lloyd
Tani,Coy,Thorne,Lynn,Tani,Marquis
Henricks,Ilana,Thorne,Nathalie,Henricks,Lloyd
Tani,Tyrell,Thorne,Lynn,Tani,Marquis
Henricks,Emilia,Thorne,Nathalie,Henricks,Lloyd
Tani,Aidan,Thorne,Randi,Tani,Fernando
Henricks,Shaye,Thorne,Nathalie,Henricks,Lloyd
Tani,Domenic,Thorne,Randi,Tani,Fernando
Henricks,Bree,Thorne,Nathalie,Henricks,Lloyd
Tani,Jerryd,Thorne,Randi,Tani,Fernando
Henricks,Samara,Thorne,Nathalie,Henricks,Lloyd
Tani,Richard,Thorne,Randi,Tani,Fernando
Henricks,Joyce,Thorne,Nathalie,Henricks,Lloyd
Henricks,Taquan,Thorne,Ebone,Henricks,Anibal
Henricks,Adrienne,Thorne,Nathalie,Henricks,Lloyd
Henricks,Mike,Thorne,Ebone,Henricks,Anibal
Henricks,Alycia,Thorne,Nathalie,Henricks,Lloyd
Henricks,Brad,Thorne,Ebone,Henricks,Anibal
Henricks,Tasha,Morgan,Maia,Henricks,Eli
Henricks,Sean,Thorne,Ebone,Henricks,Anibal
Henricks,Alaina,Morgan,Maia,Henricks,Eli
Henricks,Glenn,Thorne,Ebone,Henricks,Anibal
Henricks,Lisa,Morgan,Maia,Henricks,Eli
Henricks,Benito,Thorne,Nathalie,Henricks,Lloyd
Henricks,Theresa,Morgan,Maia,Henricks,Eli
Henricks,Marshall,Thorne,Nathalie,Henricks,Lloyd
Henricks,Tatyana,Morgan,Maia,Henricks,Eli
Henricks,Jayce,Thorne,Nathalie,Henricks,Lloyd
Henricks,Regan,Morgan,Kendyl,Henricks,Kendall
Henricks,Clayton,Thorne,Nathalie,Henricks,Lloyd
Henricks,Renee,Morgan,Kendyl,Henricks,Kendall
Henricks,Blaine,Thorne,Nathalie,Henricks,Lloyd
Henricks,Kayleen,Morgan,Kendyl,Henricks,Kendall
Henricks,Freddy,Thorne,Nathalie,Henricks,Lloyd
Henricks,Jazmon,Morgan,Kendyl,Henricks,Kendall
Henricks,Deanthony,Thorne,Nathalie,Henricks,Lloyd
Henricks,Camille,Morgan,Kendyl,Henricks,Kendall
Henricks,Jaylon,Thorne,Nathalie,Henricks,Lloyd
Henricks,Jabria,Morgan,Kendyl,Henricks,Kendall
Henricks,Kenny,Thorne,Nathalie,Henricks,Lloyd
Henricks,Ciara,Morgan,Kendyl,Henricks,Kendall
Henricks,Javen,Morgan,Maia,Henricks,Eli
Henricks,Kaleigh,Morgan,Anneliese,Henricks,Kory
Henricks,Tate,Morgan,Maia,Henricks,Eli
Henricks,Brittani,Morgan,Anneliese,Henricks,Kory
Henricks,Heriberto,Morgan,Maia,Henricks,Eli
Henricks,Mckinzie,Morgan,Anneliese,Henricks,Kory
Henricks,Mohammad,Morgan,Maia,Henricks,Eli
Henricks,Randi,Tani,Jazmyne,Henricks,Conner
Henricks,Kapil,Morgan,Maia,Henricks,Eli
Henricks,Savana,Tani,Jazmyne,Henricks,Conner
Henricks,Jeremy,Morgan,Maia,Henricks,Eli
Henricks,Gina,Tani,Jazmyne,Henricks,Conner
Henricks,Jamar,Morgan,Maia,Henricks,Eli
Henricks,Chantel,Tani,Jazmyne,Henricks,Conner
Henricks,Brogan,Morgan,Kendyl,Henricks,Kendall
Henricks,Desteny,Tani,Jazmyne,Henricks,Conner
Henricks,Markus,Morgan,Kendyl,Henricks,Kendall
Henricks,Kailee,Tani,Jazmyne,Henricks,Conner
Henricks,Camron,Morgan,Kendyl,Henricks,Kendall
Henricks,Ciera,Tani,Jazmyne,Henricks,Conner
Henricks,Kasey,Morgan,Kendyl,Henricks,Kendall
Henricks,Estefany,Tani,Jazmyne,Henricks,Conner
Henricks,Jeb,Morgan,Anneliese,Henricks,Kory
Henricks,Rocio,Tani,Jazmyne,Henricks,Conner
Henricks,Keifer,Morgan,Anneliese,Henricks,Kory
Henricks,Paris,Tani,Jazmyne,Henricks,Conner
Henricks,Nelson,Tani,Lesli,Henricks,Antoine
Henricks,Darby,Tani,Bryn,Henricks,Latrell
Henricks,Cedric,Tani,Lesli,Henricks,Antoine
Henricks,Shamaria,Tani,Bryn,Henricks,Latrell
Henricks,Addison,Tani,Lesli,Henricks,Antoine
Henricks,Lakeisha,Tani,Bryn,Henricks,Latrell
Henricks,Romeo,Tani,Lesli,Henricks,Antoine
Henricks,Casie,Tani,Bryn,Henricks,Latrell
Henricks,Cade,Tani,Jazmyne,Henricks,Conner
Nixon,Reyanna,Tani,Ixchel,Nixon,Rowan
Henricks,Alfonso,Tani,Jazmyne,Henricks,Conner
Nixon,Nallely,Tani,Ixchel,Nixon,Rowan
Henricks,Isaiah,Tani,Jazmyne,Henricks,Conner
Nixon,Malia,Tani,Ixchel,Nixon,Rowan
Henricks,Dallin,Tani,Jazmyne,Henricks,Conner
Nixon,Joanne,Tani,Linsey,Nixon,Yakov
Henricks,Lionel,Tani,Jazmyne,Henricks,Conner
Nixon,Deja,Tani,Linsey,Nixon,Yakov
Henricks,Parker,Tani,Jazmyne,Henricks,Conner
Nixon,Spencer,Tani,Linsey,Nixon,Yakov
Henricks,Arthur,Tani,Jazmyne,Henricks,Conner
Nixon,Mckenna,Tani,Linsey,Nixon,Yakov
Henricks,Dominique,Tani,Jazmyne,Henricks,Conner
Nixon,Lara,Tani,Linsey,Nixon,Yakov
Henricks,Gerald,Tani,Jazmyne,Henricks,Conner
Nixon,Allysa,Tani,Linsey,Nixon,Yakov
Henricks,Collin,Tani,Bryn,Henricks,Latrell
Nixon,Maire,Tani,Linsey,Nixon,Yakov
Henricks,Michael,Tani,Bryn,Henricks,Latrell
Nixon,Asha,Tani,Linsey,Nixon,Yakov
Henricks,Britt,Tani,Bryn,Henricks,Latrell
Nixon,Lori,Tani,Linsey,Nixon,Yakov
Nixon,Reginald,Tani,Ixchel,Nixon,Rowan
Nixon,Bailee,Tani,Linsey,Nixon,Yakov
Nixon,Derrick,Tani,Linsey,Nixon,Yakov
Nixon,Marcela,Tani,Linsey,Nixon,Yakov
Nixon,Quintyn,Tani,Linsey,Nixon,Yakov
Nixon,Camille,Tani,Linsey,Nixon,Yakov
Nixon,Skyler,Tani,Linsey,Nixon,Yakov
Nixon,Jayla,Tani,Shelly,Nixon,Van
Nixon,Anthoni,Tani,Linsey,Nixon,Yakov
Nixon,Cristina,Tani,Shelly,Nixon,Van
Nixon,Zachery,Tani,Linsey,Nixon,Yakov
Nixon,Kate,Tani,Shelly,Nixon,Van
Nixon,Geordan,Tani,Linsey,Nixon,Yakov
Nixon,Kori,Tani,Shelly,Nixon,Van
Nixon,Kieran,Tani,Shelly,Nixon,Van
Nixon,Kaytlyn,Tani,Shelly,Nixon,Van
Nixon,Rodney,Tani,Shelly,Nixon,Van
Coolidge,Danika,Tani,Kayle,Coolidge,Saul
Nixon,Baby,Tani,Shelly,Nixon,Van
Coolidge,Hana,Tani,Kayle,Coolidge,Saul
Nixon,Richard,Tani,Shelly,Nixon,Van
Coolidge,Shuntara,Tani,Kayle,Coolidge,Saul
Coolidge,Arjun,Tani,Kayle,Coolidge,Saul
Coolidge,Kayle,Tani,Kayle,Coolidge,Saul
Coolidge,Wade,Tani,Kayle,Coolidge,Saul
Coolidge,Maggie,Tani,Kayle,Coolidge,Saul
Coolidge,Maxwell,Tani,Kayle,Coolidge,Saul
Coolidge,Calandra,Tani,Kayle,Coolidge,Saul
Coolidge,Noe,Tani,Kayle,Coolidge,Saul
Coolidge,Camisha,Tani,Kayle,Coolidge,Saul
Coolidge,Gunnar,Tani,Kayle,Coolidge,Saul
Coolidge,Tawny,Tani,Kayle,Coolidge,Saul
Coolidge,Issac,Tani,Kayle,Coolidge,Saul
Coolidge,Alesha,Tani,Kayle,Coolidge,Saul
Coolidge,Kai,Tani,Kayle,Coolidge,Saul
Coolidge,Tiffany,Tani,Kayle,Coolidge,Saul
Coolidge,Orlando,Tani,Kayle,Coolidge,Saul
Coolidge,Keiarra,Tani,Raegan,Coolidge,Jamir
Coolidge,Lorenzo,Tani,Raegan,Coolidge,Jamir
Coolidge,Drew,Tani,Raegan,Coolidge,Jamir
Coolidge,Devon,Tani,Raegan,Coolidge,Jamir
Coolidge,Annalisa,Tani,Raegan,Coolidge,Jamir
Coolidge,Jordan,Tani,Raegan,Coolidge,Jamir
Coolidge,Cierra,Tani,Raegan,Coolidge,Jamir
Coolidge,Drake,Tani,Raegan,Coolidge,Jamir
Coolidge,Kaylee,Tani,Raegan,Coolidge,Jamir
Coolidge,Abdiel,Henricks,Aubrie,Coolidge,Junior
Coolidge,Myesha,Tani,Raegan,Coolidge,Jamir
Coolidge,Keenan,Henricks,Aubrie,Coolidge,Junior
Coolidge,Austin,Tani,Raegan,Coolidge,Jamir
Coolidge,Alonzo,Henricks,Aubrie,Coolidge,Junior
Coolidge,Rayven,Tani,Raegan,Coolidge,Jamir
Coolidge,Richard,Henricks,Aubrie,Coolidge,Junior
Coolidge,Cecelia,Tani,Raegan,Coolidge,Jamir
Coolidge,Jermaine,Henricks,Aubrie,Coolidge,Junior
Coolidge,Blake,Tani,Raegan,Coolidge,Jamir
