Evans,Tobias,Still,Bethany,Evans,Rory
Pflugel,Tiffanie,Hire,Emely,Pflugel,Erick
Engle,Braxton,Grinch,Isabelle,Engle,Damon
Lopez,Myesha,Nagel,Suleyma,Lopez,Tracy
McMonagle,Addison,Fincke,Sarah,McMonagle,Josie
Hudson,Jazmin,Archambault,Mayra,Hudson,Nestor
Tyler,Campbell,Cernan,Lily,Tyler,Tom
Adamson,Christina,Godwin,Abbie,Adamson,Jalil
Fabian,Reynaldo,Gregory,Lenora,Fabian,Ariel
Pierce,Ashlynn,Grout,Natalya,Pierce,Larry
Arthur,Tyran,Lovell,Sky,Arthur,Sebastien
Zamka,Carolyn,Caldwell,Kailee,Zamka,Rhett
Veach,Bronson,Hartsfield,Symphony,Veach,Chance
Dunbar,Lexi,Hilmers,Yahaira,Dunbar,Omar
Hartsfield,Nicholas,Linenger,Iman,Hartsfield,Claudio
Massimino,Kelsie,Grant,Breanna,Massimino,Jamal
Cockrell,Corey,Eisenhower,Susana,Cockrell,Everett
Voss,Annabel,Shriver,Patricia,Voss,Kai
Melnick,Kirk,Harding,Eva,Melnick,Braxton
Edwards,Sunny,Hammond,Tiffanie,Edwards,Wade
McArthur,Bailey,Harrison,Joleen,McArthur,Jaylen
Griggs,Camisha,McBride,Maryanne,Griggs,Roland
Pierce,Wylie,Monroe,Avery,Pierce,Bennie
Sturckow,Rebeca,Henricks,Madalyn,Sturckow,Jamie
Jemison,Rigoberto,Duffy,Thalia,Jemison,Rolando
Dunbar,Keisha,Anderson,Alice,Dunbar,Steven
Lousma,Kurtis,Smith,Kierra,Lousma,Benny
Truman,Britney,Bursch,Peyton,Truman,Tysen
Deckard,Giovanni,Cameron,Madelyne,Deckard,Zane
Caldeiro,Khaila,Duke,Bridget,Caldeiro,Tyren
Evans,Damion,Pflugel,Tiffanie,Evans,Tobias
Evans,Janna,Pflugel,Tiffanie,Evans,Tobias
Evans,Jacoby,Pflugel,Tiffanie,Evans,Tobias
Evans,Breana,Pflugel,Tiffanie,Evans,Tobias
Evans,Omar,Pflugel,Tiffanie,Evans,Tobias
Evans,Diamond,Pflugel,Tiffanie,Evans,Tobias
Evans,Braydon,Pflugel,Tiffanie,Evans,Tobias
Evans,Alisia,Pflugel,Tiffanie,Evans,Tobias
Evans,Pedro,Pflugel,Tiffanie,Evans,Tobias
Evans,Rianna,Pflugel,Tiffanie,Evans,Tobias
Evans,Isiah,Pflugel,Tiffanie,Evans,Tobias
Evans,Yajayra,Pflugel,Tiffanie,Evans,Tobias
Engle,Salvatore,Lopez,Myesha,Engle,Braxton
Evans,Heidy,Pflugel,Tiffanie,Evans,Tobias
Engle,Brandon,Lopez,Myesha,Engle,Braxton
Evans,Nallely,Pflugel,Tiffanie,Evans,Tobias
McMonagle,Deandre,Hudson,Jazmin,McMonagle,Addison
Evans,Brittani,Pflugel,Tiffanie,Evans,Tobias
McMonagle,Donovan,Hudson,Jazmin,McMonagle,Addison
Evans,Yoana,Pflugel,Tiffanie,Evans,Tobias
McMonagle,Maverick,Hudson,Jazmin,McMonagle,Addison
Engle,Rocio,Lopez,Myesha,Engle,Braxton
McMonagle,Don,Hudson,Jazmin,McMonagle,Addison
Engle,Brionna,Lopez,Myesha,Engle,Braxton
McMonagle,Robert,Hudson,Jazmin,McMonagle,Addison
Engle,Yasmine,Lopez,Myesha,Engle,Braxton
McMonagle,Guillermo,Hudson,Jazmin,McMonagle,Addison
Engle,Emerald,Lopez,Myesha,Engle,Braxton
McMonagle,Efrain,Hudson,Jazmin,McMonagle,Addison
McMonagle,Jena,Hudson,Jazmin,McMonagle,Addison
McMonagle,Rhett,Hudson,Jazmin,McMonagle,Addison
McMonagle,Cindy,Hudson,Jazmin,McMonagle,Addison
Tyler,Blake,Adamson,Christina,Tyler,Campbell
McMonagle,Blaze,Hudson,Jazmin,McMonagle,Addison
Tyler,Marcus,Adamson,Christina,Tyler,Campbell
McMonagle,Farrah,Hudson,Jazmin,McMonagle,Addison
Tyler,Rashad,Adamson,Christina,Tyler,Campbell
McMonagle,Michal,Hudson,Jazmin,McMonagle,Addison
Tyler,Khalil,Adamson,Christina,Tyler,Campbell
Tyler,Casey,Adamson,Christina,Tyler,Campbell
Fabian,Kelson,Pierce,Ashlynn,Fabian,Reynaldo
Tyler,Joyce,Adamson,Christina,Tyler,Campbell
Fabian,Johnathan,Pierce,Ashlynn,Fabian,Reynaldo
Tyler,Anita,Adamson,Christina,Tyler,Campbell
Fabian,Jermaine,Pierce,Ashlynn,Fabian,Reynaldo
Tyler,Mercedes,Adamson,Christina,Tyler,Campbell
Fabian,Javonte,Pierce,Ashlynn,Fabian,Reynaldo
Tyler,Anja,Adamson,Christina,Tyler,Campbell
Fabian,Kristofer,Pierce,Ashlynn,Fabian,Reynaldo
Tyler,Odalys,Adamson,Christina,Tyler,Campbell
Arthur,Nicholaus,Zamka,Carolyn,Arthur,Tyran
Tyler,Brianne,Adamson,Christina,Tyler,Campbell
Arthur,Clinton,Zamka,Carolyn,Arthur,Tyran
Tyler,Sunny,Adamson,Christina,Tyler,Campbell
Arthur,Austin,Zamka,Carolyn,Arthur,Tyran
Fabian,Latasha,Pierce,Ashlynn,Fabian,Reynaldo
Arthur,Kelton,Zamka,Carolyn,Arthur,Tyran
Fabian,Cheyanne,Pierce,Ashlynn,Fabian,Reynaldo
Arthur,Gregory,Zamka,Carolyn,Arthur,Tyran
Fabian,Monet,Pierce,Ashlynn,Fabian,Reynaldo
Arthur,Draven,Zamka,Carolyn,Arthur,Tyran
Fabian,Maia,Pierce,Ashlynn,Fabian,Reynaldo
Arthur,Harley,Zamka,Carolyn,Arthur,Tyran
Fabian,Chasity,Pierce,Ashlynn,Fabian,Reynaldo
Arthur,Ernesto,Zamka,Carolyn,Arthur,Tyran
Fabian,Tiona,Pierce,Ashlynn,Fabian,Reynaldo
Arthur,Eddie,Zamka,Carolyn,Arthur,Tyran
Fabian,Malia,Pierce,Ashlynn,Fabian,Reynaldo
Veach,Vinh,Dunbar,Lexi,Veach,Bronson
Fabian,Alicia,Pierce,Ashlynn,Fabian,Reynaldo
Veach,Trentin,Dunbar,Lexi,Veach,Bronson
Fabian,Maribel,Pierce,Ashlynn,Fabian,Reynaldo
Hartsfield,Kelson,Massimino,Kelsie,Hartsfield,Nicholas
Arthur,Zoee,Zamka,Carolyn,Arthur,Tyran
Hartsfield,Braxton,Massimino,Kelsie,Hartsfield,Nicholas
Arthur,Janelle,Zamka,Carolyn,Arthur,Tyran
Hartsfield,Dallin,Massimino,Kelsie,Hartsfield,Nicholas
Arthur,Kourtney,Zamka,Carolyn,Arthur,Tyran
Hartsfield,Davon,Massimino,Kelsie,Hartsfield,Nicholas
Arthur,Sommer,Zamka,Carolyn,Arthur,Tyran
Cockrell,Drake,Voss,Annabel,Cockrell,Corey
Arthur,Nichole,Zamka,Carolyn,Arthur,Tyran
Cockrell,Tyran,Voss,Annabel,Cockrell,Corey
Arthur,Mary,Zamka,Carolyn,Arthur,Tyran
Cockrell,James,Voss,Annabel,Cockrell,Corey
Arthur,Savanna,Zamka,Carolyn,Arthur,Tyran
Cockrell,Josue,Voss,Annabel,Cockrell,Corey
Arthur,Brecken,Zamka,Carolyn,Arthur,Tyran
Melnick,Nicholas,Edwards,Sunny,Melnick,Kirk
Arthur,Alannah,Zamka,Carolyn,Arthur,Tyran
Melnick,Daniel,Edwards,Sunny,Melnick,Kirk
Veach,Allie,Dunbar,Lexi,Veach,Bronson
Melnick,Jeffrey,Edwards,Sunny,Melnick,Kirk
Veach,Faith,Dunbar,Lexi,Veach,Bronson
Melnick,Cedric,Edwards,Sunny,Melnick,Kirk
Veach,Ellie,Dunbar,Lexi,Veach,Bronson
Melnick,Tate,Edwards,Sunny,Melnick,Kirk
Hartsfield,Rebeca,Massimino,Kelsie,Hartsfield,Nicholas
Melnick,Tyquan,Edwards,Sunny,Melnick,Kirk
Hartsfield,April,Massimino,Kelsie,Hartsfield,Nicholas
Melnick,Francis,Edwards,Sunny,Melnick,Kirk
Cockrell,Janet,Voss,Annabel,Cockrell,Corey
McArthur,Amir,Griggs,Camisha,McArthur,Bailey
Cockrell,Robin,Voss,Annabel,Cockrell,Corey
McArthur,Michel,Griggs,Camisha,McArthur,Bailey
Melnick,Lacey,Edwards,Sunny,Melnick,Kirk
McArthur,Braeden,Griggs,Camisha,McArthur,Bailey
Melnick,Ixchel,Edwards,Sunny,Melnick,Kirk
McArthur,Orlando,Griggs,Camisha,McArthur,Bailey
Melnick,Savannah,Edwards,Sunny,Melnick,Kirk
McArthur,Brodie,Griggs,Camisha,McArthur,Bailey
Melnick,Reilly,Edwards,Sunny,Melnick,Kirk
Pierce,Nicholas,Sturckow,Rebeca,Pierce,Wylie
Melnick,Mariah,Edwards,Sunny,Melnick,Kirk
Pierce,Jonathan,Sturckow,Rebeca,Pierce,Wylie
Melnick,Morgan,Edwards,Sunny,Melnick,Kirk
Pierce,Connor,Sturckow,Rebeca,Pierce,Wylie
Melnick,Aleah,Edwards,Sunny,Melnick,Kirk
Pierce,Ward,Sturckow,Rebeca,Pierce,Wylie
Melnick,Heidi,Edwards,Sunny,Melnick,Kirk
Pierce,Nikolas,Sturckow,Rebeca,Pierce,Wylie
Melnick,Julianne,Edwards,Sunny,Melnick,Kirk
Pierce,Mohamad,Sturckow,Rebeca,Pierce,Wylie
Melnick,Janie,Edwards,Sunny,Melnick,Kirk
Pierce,Ayub,Sturckow,Rebeca,Pierce,Wylie
Melnick,Amy,Edwards,Sunny,Melnick,Kirk
Pierce,Gavin,Sturckow,Rebeca,Pierce,Wylie
McArthur,Anissa,Griggs,Camisha,McArthur,Bailey
Jemison,Johan,Dunbar,Keisha,Jemison,Rigoberto
McArthur,Reyanna,Griggs,Camisha,McArthur,Bailey
Jemison,Wade,Dunbar,Keisha,Jemison,Rigoberto
McArthur,Alyson,Griggs,Camisha,McArthur,Bailey
Jemison,Ty,Dunbar,Keisha,Jemison,Rigoberto
McArthur,Paula,Griggs,Camisha,McArthur,Bailey
Jemison,Devyn,Dunbar,Keisha,Jemison,Rigoberto
McArthur,Caitlan,Griggs,Camisha,McArthur,Bailey
Jemison,Brock,Dunbar,Keisha,Jemison,Rigoberto
Pierce,Yahaira,Sturckow,Rebeca,Pierce,Wylie
Jemison,Dustin,Dunbar,Keisha,Jemison,Rigoberto
Pierce,Kyana,Sturckow,Rebeca,Pierce,Wylie
Jemison,Alexander,Dunbar,Keisha,Jemison,Rigoberto
Pierce,Jenae,Sturckow,Rebeca,Pierce,Wylie
Jemison,Brent,Dunbar,Keisha,Jemison,Rigoberto
Pierce,Nell,Sturckow,Rebeca,Pierce,Wylie
Jemison,Sahil,Dunbar,Keisha,Jemison,Rigoberto
Jemison,Rachelle,Dunbar,Keisha,Jemison,Rigoberto
Jemison,Braxton,Dunbar,Keisha,Jemison,Rigoberto
Jemison,Madeline,Dunbar,Keisha,Jemison,Rigoberto
Jemison,Mathieu,Dunbar,Keisha,Jemison,Rigoberto
Jemison,Loren,Dunbar,Keisha,Jemison,Rigoberto
Jemison,Claudio,Dunbar,Keisha,Jemison,Rigoberto
Jemison,Jasmine,Dunbar,Keisha,Jemison,Rigoberto
Jemison,Dangelo,Dunbar,Keisha,Jemison,Rigoberto
Jemison,Celia,Dunbar,Keisha,Jemison,Rigoberto
Lousma,Efrain,Truman,Britney,Lousma,Kurtis
Jemison,Darby,Dunbar,Keisha,Jemison,Rigoberto
Lousma,Zachery,Truman,Britney,Lousma,Kurtis
Jemison,Kate,Dunbar,Keisha,Jemison,Rigoberto
Lousma,Andreas,Truman,Britney,Lousma,Kurtis
Lousma,Katelin,Truman,Britney,Lousma,Kurtis
Lousma,Ricky,Truman,Britney,Lousma,Kurtis
Deckard,Camisha,Caldeiro,Khaila,Deckard,Giovanni
Lousma,Tevin,Truman,Britney,Lousma,Kurtis
Deckard,Ciara,Caldeiro,Khaila,Deckard,Giovanni
Lousma,Darrion,Truman,Britney,Lousma,Kurtis
Deckard,Mandy,Caldeiro,Khaila,Deckard,Giovanni
Deckard,Joshua,Caldeiro,Khaila,Deckard,Giovanni
Deckard,Shawn,Caldeiro,Khaila,Deckard,Giovanni
Deckard,Jai,Caldeiro,Khaila,Deckard,Giovanni
Deckard,Suzanne,Caldeiro,Khaila,Deckard,Giovanni
Rory,Still,Bethany,Engle,Damon
Deckard,Jordon,Caldeiro,Khaila,Deckard,Giovanni
Evans,Maria,Engle,Rocio,Evans,Damion
Deckard,Colin,Caldeiro,Khaila,Deckard,Giovanni
Evans,Skylar,Engle,Rocio,Evans,Damion
Deckard,Oren,Caldeiro,Khaila,Deckard,Giovanni
Evans,Denise,Engle,Rocio,Evans,Damion
Deckard,Christen,Caldeiro,Khaila,Deckard,Giovanni
Evans,Emiley,Engle,Rocio,Evans,Damion
Evans,Dana,Engle,Rocio,Evans,Damion
Evans,Emmalee,Engle,Rocio,Evans,Damion
Evans,Jamir,Engle,Rocio,Evans,Damion
Evans,Keyondra,Engle,Rocio,Evans,Damion
Evans,Jordon,Engle,Rocio,Evans,Damion
Evans,Fatima,Engle,Rocio,Evans,Damion
Evans,Irvin,Engle,Rocio,Evans,Damion
Evans,Danielle,Engle,Rocio,Evans,Damion
Evans,Johnathon,Engle,Rocio,Evans,Damion
Evans,Rylee,Engle,Rocio,Evans,Damion
Evans,Clinton,Engle,Rocio,Evans,Damion
Evans,Chanelle,Engle,Rocio,Evans,Damion
Evans,Sheldon,Engle,Rocio,Evans,Damion
Evans,Lesley,Engle,Brionna,Evans,Jacoby
Evans,Eugene,Engle,Rocio,Evans,Damion
Evans,Michelle,Engle,Brionna,Evans,Jacoby
Evans,Lucas,Engle,Rocio,Evans,Damion
Evans,Ashley,Engle,Brionna,Evans,Jacoby
Evans,Khalid,Engle,Brionna,Evans,Jacoby
Evans,Blaze,Engle,Brionna,Evans,Jacoby
Evans,Rakeem,Engle,Brionna,Evans,Jacoby
Evans,Anna,Engle,Brionna,Evans,Jacoby
Evans,Dalton,Engle,Brionna,Evans,Jacoby
Evans,Angelika,Engle,Brionna,Evans,Jacoby
Evans,Jonah,Engle,Brionna,Evans,Jacoby
Evans,Kelley,Engle,Brionna,Evans,Jacoby
Evans,Sterling,Engle,Brionna,Evans,Jacoby
Evans,Estefani,Engle,Brionna,Evans,Jacoby
Evans,Brennan,Engle,Brionna,Evans,Jacoby
Evans,Joanna,Engle,Yasmine,Evans,Omar
Evans,Alex,Engle,Brionna,Evans,Jacoby
Evans,Emilee,Engle,Yasmine,Evans,Omar
Evans,Colbey,Engle,Brionna,Evans,Jacoby
Evans,Chantal,Engle,Yasmine,Evans,Omar
Evans,Jasper,Engle,Yasmine,Evans,Omar
Evans,Violet,Engle,Yasmine,Evans,Omar
Evans,Sebastien,Engle,Yasmine,Evans,Omar
Evans,Sierra,Engle,Yasmine,Evans,Omar
Evans,Quintyn,Engle,Yasmine,Evans,Omar
Evans,Tiara,Engle,Yasmine,Evans,Omar
Evans,Dreshaun,Engle,Yasmine,Evans,Omar
Evans,Aliyah,Engle,Yasmine,Evans,Omar
Evans,Darryl,Engle,Yasmine,Evans,Omar
Evans,Marilyn,Engle,Yasmine,Evans,Omar
Evans,Wyatt,Engle,Yasmine,Evans,Omar
Evans,Zahra,Engle,Yasmine,Evans,Omar
Evans,Manuel,Engle,Yasmine,Evans,Omar
Evans,Bryn,Engle,Yasmine,Evans,Omar
Evans,Braeden,Engle,Yasmine,Evans,Omar
Evans,Ivory,Engle,Yasmine,Evans,Omar
Evans,Norman,Engle,Emerald,Evans,Braydon
Evans,Shania,Engle,Yasmine,Evans,Omar
Evans,Leon,Engle,Emerald,Evans,Braydon
Evans,Mariangeli,Engle,Emerald,Evans,Braydon
Evans,Dexter,Engle,Emerald,Evans,Braydon
Evans,Lizette,Engle,Emerald,Evans,Braydon
Evans,Dyllon,Engle,Emerald,Evans,Braydon
Evans,Ellen,Engle,Emerald,Evans,Braydon
Evans,Kaden,Engle,Emerald,Evans,Braydon
Evans,Marcela,Engle,Emerald,Evans,Braydon
Evans,Perry,Engle,Emerald,Evans,Braydon
Evans,Ciara,Engle,Emerald,Evans,Braydon
Evans,Andres,Engle,Emerald,Evans,Braydon
Evans,Elyse,Engle,Emerald,Evans,Braydon
Evans,Casey,Engle,Emerald,Evans,Braydon
Evans,Leticia,Engle,Emerald,Evans,Braydon
Evans,Abdiel,Engle,Emerald,Evans,Braydon
Evans,Noel,Engle,Emerald,Evans,Braydon
Evans,Babyboy,McMonagle,Jena,Evans,Pedro
Evans,Aundrea,Engle,Emerald,Evans,Braydon
Evans,Jabari,McMonagle,Jena,Evans,Pedro
Evans,Shamaria,Engle,Emerald,Evans,Braydon
Evans,Keon,McMonagle,Jena,Evans,Pedro
Evans,Esperanza,Engle,Emerald,Evans,Braydon
Evans,Asher,McMonagle,Jena,Evans,Pedro
Evans,Lexus,McMonagle,Jena,Evans,Pedro
Evans,Cesar,McMonagle,Jena,Evans,Pedro
Evans,Caitriona,McMonagle,Jena,Evans,Pedro
Evans,Trevor,McMonagle,Jena,Evans,Pedro
Evans,Mallory,McMonagle,Jena,Evans,Pedro
Evans,Cecil,McMonagle,Jena,Evans,Pedro
Evans,Meagan,McMonagle,Jena,Evans,Pedro
Evans,Dorian,McMonagle,Cindy,Evans,Isiah
Evans,Cheyann,McMonagle,Cindy,Evans,Isiah
Evans,Moshe,McMonagle,Cindy,Evans,Isiah
Evans,Anaya,McMonagle,Cindy,Evans,Isiah
Evans,Heriberto,McMonagle,Cindy,Evans,Isiah
Evans,Mari,McMonagle,Cindy,Evans,Isiah
Evans,Leroy,McMonagle,Cindy,Evans,Isiah
Evans,Linsey,McMonagle,Cindy,Evans,Isiah
Evans,Payton,McMonagle,Cindy,Evans,Isiah
Evans,Octavia,McMonagle,Cindy,Evans,Isiah
Evans,Junior,McMonagle,Cindy,Evans,Isiah
Evans,Kenyetta,McMonagle,Cindy,Evans,Isiah
Evans,Aron,McMonagle,Cindy,Evans,Isiah
Evans,Queen,McMonagle,Cindy,Evans,Isiah
Engle,Kirk,Evans,Janna,Engle,Salvatore
Evans,Iris,McMonagle,Cindy,Evans,Isiah
Engle,Philip,Evans,Janna,Engle,Salvatore
Evans,Taelor,McMonagle,Cindy,Evans,Isiah
Engle,Bo,Evans,Janna,Engle,Salvatore
Evans,Kyla,McMonagle,Cindy,Evans,Isiah
Engle,Quentin,Evans,Janna,Engle,Salvatore
Evans,Shekinah,McMonagle,Cindy,Evans,Isiah
Engle,Kevin,Evans,Janna,Engle,Salvatore
Evans,Jamee,McMonagle,Cindy,Evans,Isiah
Engle,Buford,Evans,Janna,Engle,Salvatore
Evans,Mariah,McMonagle,Cindy,Evans,Isiah
Engle,Jade,Evans,Janna,Engle,Salvatore
Engle,Kaila,Evans,Janna,Engle,Salvatore
Engle,Tylor,Evans,Janna,Engle,Salvatore
Engle,Kallee,Evans,Janna,Engle,Salvatore
Engle,Guadalupe,Evans,Janna,Engle,Salvatore
Engle,Karlee,Evans,Janna,Engle,Salvatore
Engle,Randall,Evans,Janna,Engle,Salvatore
Engle,Natalya,Evans,Janna,Engle,Salvatore
Engle,Jashua,Evans,Janna,Engle,Salvatore
Engle,Kayla,Evans,Janna,Engle,Salvatore
Engle,Jed,Evans,Breana,Engle,Brandon
Engle,Miracle,Evans,Janna,Engle,Salvatore
Engle,Ronny,Evans,Breana,Engle,Brandon
Engle,Hadley,Evans,Janna,Engle,Salvatore
McMonagle,Jacky,Evans,Diamond,McMonagle,Deandre
Engle,Zoee,Evans,Janna,Engle,Salvatore
McMonagle,Randy,Evans,Diamond,McMonagle,Deandre
Engle,Serenity,Evans,Janna,Engle,Salvatore
McMonagle,Alfred,Evans,Diamond,McMonagle,Deandre
Engle,Kiana,Evans,Breana,Engle,Brandon
McMonagle,Nour,Evans,Diamond,McMonagle,Deandre
Engle,Irma,Evans,Breana,Engle,Brandon
McMonagle,Lorenzo,Evans,Diamond,McMonagle,Deandre
Engle,Keira,Evans,Breana,Engle,Brandon
McMonagle,Hunter,Evans,Diamond,McMonagle,Deandre
Engle,Jordan,Evans,Breana,Engle,Brandon
McMonagle,Jeb,Evans,Diamond,McMonagle,Deandre
Engle,Jazmon,Evans,Breana,Engle,Brandon
McMonagle,Johnathen,Evans,Diamond,McMonagle,Deandre
Engle,Selina,Evans,Breana,Engle,Brandon
McMonagle,Jaylan,Evans,Diamond,McMonagle,Deandre
Engle,Bayleigh,Evans,Breana,Engle,Brandon
McMonagle,Andy,Evans,Alisia,McMonagle,Donovan
McMonagle,Shelbi,Evans,Diamond,McMonagle,Deandre
McMonagle,Alvaro,Evans,Alisia,McMonagle,Donovan
McMonagle,Elizabet,Evans,Diamond,McMonagle,Deandre
McMonagle,Dominique,Evans,Alisia,McMonagle,Donovan
McMonagle,Makena,Evans,Diamond,McMonagle,Deandre
McMonagle,Bradlee,Evans,Rianna,McMonagle,Maverick
McMonagle,Deyaneira,Evans,Diamond,McMonagle,Deandre
McMonagle,Daron,Evans,Rianna,McMonagle,Maverick
McMonagle,Shayla,Evans,Diamond,McMonagle,Deandre
McMonagle,Sunny,Evans,Rianna,McMonagle,Maverick
McMonagle,Susana,Evans,Diamond,McMonagle,Deandre
McMonagle,Elijah,Evans,Yajayra,McMonagle,Don
McMonagle,Kelly,Evans,Diamond,McMonagle,Deandre
McMonagle,Kurtis,Evans,Yajayra,McMonagle,Don
McMonagle,Mandy,Evans,Diamond,McMonagle,Deandre
McMonagle,Tylor,Evans,Yajayra,McMonagle,Don
McMonagle,Desteny,Evans,Alisia,McMonagle,Donovan
McMonagle,San,Evans,Heidy,McMonagle,Robert
McMonagle,Ayesha,Evans,Alisia,McMonagle,Donovan
McMonagle,Christophe,Evans,Heidy,McMonagle,Robert
McMonagle,Karley,Evans,Alisia,McMonagle,Donovan
McMonagle,Kyler,Evans,Heidy,McMonagle,Robert
McMonagle,Nathalie,Evans,Alisia,McMonagle,Donovan
McMonagle,Rodolfo,Evans,Heidy,McMonagle,Robert
McMonagle,Devon,Evans,Alisia,McMonagle,Donovan
McMonagle,Jayce,Evans,Nallely,McMonagle,Guillermo
McMonagle,Margarita,Evans,Rianna,McMonagle,Maverick
McMonagle,Bryant,Evans,Nallely,McMonagle,Guillermo
McMonagle,Asia,Evans,Rianna,McMonagle,Maverick
McMonagle,Cade,Evans,Nallely,McMonagle,Guillermo
McMonagle,Jessenia,Evans,Yajayra,McMonagle,Don
McMonagle,Davon,Evans,Brittani,McMonagle,Efrain
McMonagle,Kirsten,Evans,Yajayra,McMonagle,Don
McMonagle,Corey,Evans,Brittani,McMonagle,Efrain
McMonagle,Kassidy,Evans,Yajayra,McMonagle,Don
McMonagle,Darrin,Evans,Brittani,McMonagle,Efrain
McMonagle,Caroline,Evans,Yajayra,McMonagle,Don
McMonagle,Adam,Evans,Brittani,McMonagle,Efrain
McMonagle,Tania,Evans,Yajayra,McMonagle,Don
McMonagle,Andreas,Evans,Brittani,McMonagle,Efrain
McMonagle,Essence,Evans,Yajayra,McMonagle,Don
McMonagle,Rafael,Evans,Brittani,McMonagle,Efrain
McMonagle,Tori,Evans,Heidy,McMonagle,Robert
McMonagle,Colton,Evans,Brittani,McMonagle,Efrain
McMonagle,Desiree,Evans,Heidy,McMonagle,Robert
McMonagle,Jalen,Evans,Yoana,McMonagle,Rhett
McMonagle,Alyssa,Evans,Heidy,McMonagle,Robert
McMonagle,Coleman,Evans,Yoana,McMonagle,Rhett
McMonagle,Calli,Evans,Heidy,McMonagle,Robert
McMonagle,Jaylon,Evans,Yoana,McMonagle,Rhett
McMonagle,Victoria,Evans,Heidy,McMonagle,Robert
McMonagle,Reuben,Evans,Yoana,McMonagle,Rhett
McMonagle,Jazmin,Evans,Nallely,McMonagle,Guillermo
McMonagle,Tate,Evans,Yoana,McMonagle,Rhett
McMonagle,Willow,Evans,Nallely,McMonagle,Guillermo
McMonagle,Zev,Evans,Yoana,McMonagle,Rhett
McMonagle,Celena,Evans,Nallely,McMonagle,Guillermo
McMonagle,Sterling,Evans,Yoana,McMonagle,Rhett
McMonagle,Caitriona,Evans,Nallely,McMonagle,Guillermo
McMonagle,Gregory,Evans,Yoana,McMonagle,Rhett
McMonagle,Cassandra,Evans,Nallely,McMonagle,Guillermo
McMonagle,Dion,Evans,Yoana,McMonagle,Rhett
McMonagle,Bridgette,Evans,Nallely,McMonagle,Guillermo
McMonagle,Keenan,Evans,Yoana,McMonagle,Rhett
McMonagle,Jazmyne,Evans,Nallely,McMonagle,Guillermo
Tyler,Kenny,McMonagle,Blaze,Tyler,Blake
McMonagle,Amy,Evans,Brittani,McMonagle,Efrain
Tyler,Alfredo,McMonagle,Blaze,Tyler,Blake
McMonagle,Cassie,Evans,Brittani,McMonagle,Efrain
Tyler,Aaron,McMonagle,Blaze,Tyler,Blake
McMonagle,Taryn,Evans,Brittani,McMonagle,Efrain
Tyler,Isaias,McMonagle,Blaze,Tyler,Blake
McMonagle,Yazmin,Evans,Brittani,McMonagle,Efrain
Tyler,Deshaun,McMonagle,Blaze,Tyler,Blake
McMonagle,Sapphire,Evans,Brittani,McMonagle,Efrain
Tyler,Walker,McMonagle,Blaze,Tyler,Blake
McMonagle,Christina,Evans,Brittani,McMonagle,Efrain
Tyler,Demarcus,McMonagle,Blaze,Tyler,Blake
McMonagle,Tiffany,Evans,Brittani,McMonagle,Efrain
Tyler,Hayden,McMonagle,Blaze,Tyler,Blake
McMonagle,Marissa,Evans,Brittani,McMonagle,Efrain
Tyler,Dorian,McMonagle,Farrah,Tyler,Marcus
McMonagle,Karly,Evans,Brittani,McMonagle,Efrain
Tyler,Valentin,McMonagle,Farrah,Tyler,Marcus
McMonagle,Raegan,Evans,Brittani,McMonagle,Efrain
Tyler,Sebastian,McMonagle,Farrah,Tyler,Marcus
McMonagle,Kaylea,Evans,Brittani,McMonagle,Efrain
Tyler,Salvatore,McMonagle,Farrah,Tyler,Marcus
McMonagle,Ashtin,Evans,Brittani,McMonagle,Efrain
Tyler,Elijah,McMonagle,Farrah,Tyler,Marcus
McMonagle,Graciela,Evans,Brittani,McMonagle,Efrain
Tyler,Eugene,McMonagle,Michal,Tyler,Rashad
McMonagle,Aubrie,Evans,Yoana,McMonagle,Rhett
Tyler,Freddy,McMonagle,Michal,Tyler,Rashad
McMonagle,Karissa,Evans,Yoana,McMonagle,Rhett
Tyler,Richie,McMonagle,Michal,Tyler,Rashad
McMonagle,Brenda,Evans,Yoana,McMonagle,Rhett
Tyler,Tysheem,McMonagle,Michal,Tyler,Rashad
McMonagle,Caitlan,Evans,Yoana,McMonagle,Rhett
Tyler,Beau,McMonagle,Michal,Tyler,Rashad
McMonagle,Kelli,Evans,Yoana,McMonagle,Rhett
Tyler,Maximillia,McMonagle,Michal,Tyler,Rashad
McMonagle,Kenya,Evans,Yoana,McMonagle,Rhett
Tyler,Britt,McMonagle,Michal,Tyler,Rashad
McMonagle,Devin,Evans,Yoana,McMonagle,Rhett
Tyler,David,McMonagle,Michal,Tyler,Rashad
McMonagle,Violet,Evans,Yoana,McMonagle,Rhett
Tyler,Mauricio,McMonagle,Michal,Tyler,Rashad
Tyler,Tayla,McMonagle,Blaze,Tyler,Blake
Tyler,Bronson,McMonagle,Michal,Tyler,Rashad
Tyler,Ashlie,McMonagle,Blaze,Tyler,Blake
Tyler,Ruben,Fabian,Latasha,Tyler,Khalil
Tyler,Maddison,McMonagle,Blaze,Tyler,Blake
Tyler,Devontae,Fabian,Latasha,Tyler,Khalil
Tyler,Ciera,McMonagle,Blaze,Tyler,Blake
Tyler,Neil,Fabian,Latasha,Tyler,Khalil
Tyler,Precious,McMonagle,Blaze,Tyler,Blake
Fabian,Nico,Tyler,Casey,Fabian,Kelson
Tyler,Anissa,McMonagle,Blaze,Tyler,Blake
Fabian,Eric,Tyler,Casey,Fabian,Kelson
Tyler,Aylssa,McMonagle,Farrah,Tyler,Marcus
Fabian,Jeffery,Tyler,Casey,Fabian,Kelson
Tyler,Celia,McMonagle,Farrah,Tyler,Marcus
Fabian,Kelsey,Tyler,Casey,Fabian,Kelson
Tyler,Madison,McMonagle,Farrah,Tyler,Marcus
Fabian,Killian,Tyler,Casey,Fabian,Kelson
Tyler,Makenzie,McMonagle,Farrah,Tyler,Marcus
Fabian,Johan,Tyler,Casey,Fabian,Kelson
Tyler,Haiden,McMonagle,Farrah,Tyler,Marcus
Fabian,Deanthony,Tyler,Joyce,Fabian,Johnathan
Tyler,Kaitlin,McMonagle,Farrah,Tyler,Marcus
Fabian,Draven,Tyler,Joyce,Fabian,Johnathan
Tyler,Johana,McMonagle,Farrah,Tyler,Marcus
Fabian,Deandre,Tyler,Joyce,Fabian,Johnathan
Tyler,Jordan,McMonagle,Farrah,Tyler,Marcus
Fabian,Alberto,Tyler,Joyce,Fabian,Johnathan
Tyler,Alaina,McMonagle,Farrah,Tyler,Marcus
Fabian,Anthoni,Tyler,Joyce,Fabian,Johnathan
Tyler,Jaida,McMonagle,Farrah,Tyler,Marcus
Fabian,Mohammad,Tyler,Joyce,Fabian,Johnathan
Tyler,Caitriona,McMonagle,Farrah,Tyler,Marcus
Fabian,Wanya,Tyler,Joyce,Fabian,Johnathan
Tyler,Kortney,McMonagle,Michal,Tyler,Rashad
Fabian,Vernon,Tyler,Joyce,Fabian,Johnathan
Tyler,Anitra,McMonagle,Michal,Tyler,Rashad
Fabian,Timothy,Tyler,Joyce,Fabian,Johnathan
Tyler,Lesly,McMonagle,Michal,Tyler,Rashad
Fabian,Hector,Tyler,Joyce,Fabian,Johnathan
Tyler,Katharine,McMonagle,Michal,Tyler,Rashad
Fabian,Roberto,Tyler,Joyce,Fabian,Johnathan
Tyler,Kassidy,McMonagle,Michal,Tyler,Rashad
Fabian,Jordon,Tyler,Joyce,Fabian,Johnathan
Tyler,Delilah,McMonagle,Michal,Tyler,Rashad
Fabian,Braden,Tyler,Anita,Fabian,Jermaine
Tyler,Emerald,Fabian,Latasha,Tyler,Khalil
Fabian,Jared,Tyler,Anita,Fabian,Jermaine
Tyler,Camelia,Fabian,Latasha,Tyler,Khalil
Fabian,Allan,Tyler,Anita,Fabian,Jermaine
Tyler,Sapphire,Fabian,Latasha,Tyler,Khalil
Fabian,Ramiro,Tyler,Anita,Fabian,Jermaine
Tyler,Makaila,Fabian,Latasha,Tyler,Khalil
Fabian,Rex,Tyler,Anita,Fabian,Jermaine
Tyler,Estefany,Fabian,Latasha,Tyler,Khalil
Fabian,Tevin,Tyler,Anita,Fabian,Jermaine
Fabian,Kourtney,Tyler,Casey,Fabian,Kelson
Fabian,Bryce,Tyler,Anita,Fabian,Jermaine
Fabian,Presley,Tyler,Casey,Fabian,Kelson
Fabian,Humberto,Tyler,Anita,Fabian,Jermaine
Fabian,Clare,Tyler,Joyce,Fabian,Johnathan
Fabian,Ward,Tyler,Anita,Fabian,Jermaine
Fabian,Harley,Tyler,Joyce,Fabian,Johnathan
Fabian,Anders,Tyler,Anita,Fabian,Jermaine
Fabian,Paula,Tyler,Joyce,Fabian,Johnathan
Fabian,Peyton,Tyler,Anita,Fabian,Jermaine
Fabian,Demi,Tyler,Joyce,Fabian,Johnathan
Fabian,Gerald,Tyler,Anita,Fabian,Jermaine
Fabian,Zoi,Tyler,Joyce,Fabian,Johnathan
Fabian,Ethan,Tyler,Anita,Fabian,Jermaine
Fabian,Ashleigh,Tyler,Joyce,Fabian,Johnathan
Fabian,Zane,Tyler,Mercedes,Fabian,Javonte
Fabian,Emmily,Tyler,Anita,Fabian,Jermaine
Fabian,Connor,Tyler,Mercedes,Fabian,Javonte
Fabian,Anjelica,Tyler,Anita,Fabian,Jermaine
Fabian,Micah,Tyler,Mercedes,Fabian,Javonte
Fabian,Anisha,Tyler,Anita,Fabian,Jermaine
Fabian,Abraham,Tyler,Mercedes,Fabian,Javonte
Fabian,Lyric,Tyler,Anita,Fabian,Jermaine
Fabian,Tarik,Tyler,Mercedes,Fabian,Javonte
Fabian,Juliana,Tyler,Anita,Fabian,Jermaine
Fabian,Isiah,Tyler,Mercedes,Fabian,Javonte
Fabian,Kassidy,Tyler,Anita,Fabian,Jermaine
Fabian,Ignacio,Tyler,Mercedes,Fabian,Javonte
Fabian,Christie,Tyler,Anita,Fabian,Jermaine
Fabian,Harrison,Tyler,Mercedes,Fabian,Javonte
Fabian,Brionna,Tyler,Mercedes,Fabian,Javonte
Fabian,Seth,Tyler,Anja,Fabian,Kristofer
Fabian,Allyson,Tyler,Mercedes,Fabian,Javonte
Fabian,Alejandro,Tyler,Anja,Fabian,Kristofer
Fabian,Jaden,Tyler,Mercedes,Fabian,Javonte
Fabian,Davin,Tyler,Anja,Fabian,Kristofer
Fabian,Joanna,Tyler,Mercedes,Fabian,Javonte
Fabian,Julius,Tyler,Anja,Fabian,Kristofer
Fabian,Krupa,Tyler,Mercedes,Fabian,Javonte
Arthur,Joe,Tyler,Odalys,Arthur,Nicholaus
Fabian,Stefanie,Tyler,Mercedes,Fabian,Javonte
Arthur,Devonta,Tyler,Odalys,Arthur,Nicholaus
Fabian,Marcia,Tyler,Mercedes,Fabian,Javonte
Arthur,Treshaun,Tyler,Odalys,Arthur,Nicholaus
Fabian,Anthony,Tyler,Mercedes,Fabian,Javonte
Arthur,Josie,Tyler,Odalys,Arthur,Nicholaus
Fabian,Elizabeth,Tyler,Mercedes,Fabian,Javonte
Arthur,Tyrell,Tyler,Odalys,Arthur,Nicholaus
Fabian,Ashanti,Tyler,Mercedes,Fabian,Javonte
Arthur,Moises,Tyler,Odalys,Arthur,Nicholaus
Fabian,Bayleigh,Tyler,Mercedes,Fabian,Javonte
Arthur,Noah,Tyler,Odalys,Arthur,Nicholaus
Fabian,Courteney,Tyler,Anja,Fabian,Kristofer
Arthur,Jon,Tyler,Odalys,Arthur,Nicholaus
Fabian,Bree,Tyler,Anja,Fabian,Kristofer
Arthur,Andres,Tyler,Brianne,Arthur,Clinton
Fabian,Kelli,Tyler,Anja,Fabian,Kristofer
Arthur,Zachariah,Tyler,Brianne,Arthur,Clinton
Arthur,Glenda,Tyler,Odalys,Arthur,Nicholaus
Arthur,Aidan,Tyler,Brianne,Arthur,Clinton
Arthur,Bridget,Tyler,Odalys,Arthur,Nicholaus
Arthur,Byron,Tyler,Brianne,Arthur,Clinton
Arthur,Karen,Tyler,Odalys,Arthur,Nicholaus
Arthur,Damon,Tyler,Brianne,Arthur,Clinton
Arthur,Antoinette,Tyler,Odalys,Arthur,Nicholaus
Arthur,Chaim,Tyler,Brianne,Arthur,Clinton
Arthur,Deanna,Tyler,Odalys,Arthur,Nicholaus
Arthur,Junior,Tyler,Brianne,Arthur,Clinton
Arthur,Lyric,Tyler,Odalys,Arthur,Nicholaus
Arthur,Tristian,Tyler,Sunny,Arthur,Austin
Arthur,Dayna,Tyler,Odalys,Arthur,Nicholaus
Arthur,Jesus,Tyler,Sunny,Arthur,Austin
Arthur,Kortney,Tyler,Brianne,Arthur,Clinton
Arthur,Mitchel,Tyler,Sunny,Arthur,Austin
Arthur,Mireya,Tyler,Brianne,Arthur,Clinton
Arthur,Tyreek,Tyler,Sunny,Arthur,Austin
Arthur,Katerina,Tyler,Brianne,Arthur,Clinton
Arthur,Mohammed,Fabian,Cheyanne,Arthur,Kelton
Arthur,Marianna,Tyler,Brianne,Arthur,Clinton
Arthur,Sutton,Fabian,Monet,Arthur,Gregory
Arthur,Kenya,Tyler,Brianne,Arthur,Clinton
Arthur,Isiah,Fabian,Monet,Arthur,Gregory
Arthur,Chanel,Tyler,Brianne,Arthur,Clinton
Arthur,Kayvon,Fabian,Monet,Arthur,Gregory
Arthur,Yoana,Tyler,Brianne,Arthur,Clinton
Arthur,Bennett,Fabian,Maia,Arthur,Draven
Arthur,Adriane,Tyler,Brianne,Arthur,Clinton
Arthur,Darryl,Fabian,Maia,Arthur,Draven
Arthur,Chasity,Tyler,Sunny,Arthur,Austin
Arthur,Jarrett,Fabian,Maia,Arthur,Draven
Arthur,Jayla,Tyler,Sunny,Arthur,Austin
Arthur,Garrett,Fabian,Maia,Arthur,Draven
Arthur,Estefani,Tyler,Sunny,Arthur,Austin
Arthur,Michel,Fabian,Maia,Arthur,Draven
Arthur,Ruth,Fabian,Cheyanne,Arthur,Kelton
Arthur,Clay,Fabian,Maia,Arthur,Draven
Arthur,Mindi,Fabian,Cheyanne,Arthur,Kelton
Arthur,Anfernee,Fabian,Maia,Arthur,Draven
Arthur,Anika,Fabian,Monet,Arthur,Gregory
Arthur,Claudio,Fabian,Maia,Arthur,Draven
Arthur,Lyndsey,Fabian,Monet,Arthur,Gregory
Arthur,David,Fabian,Chasity,Arthur,Harley
Arthur,Yasmine,Fabian,Maia,Arthur,Draven
Arthur,Dashane,Fabian,Chasity,Arthur,Harley
Arthur,Lianna,Fabian,Maia,Arthur,Draven
Arthur,Savion,Fabian,Tiona,Arthur,Ernesto
Arthur,Kayleigh,Fabian,Maia,Arthur,Draven
Arthur,Ryen,Fabian,Malia,Arthur,Eddie
Arthur,Emma,Fabian,Maia,Arthur,Draven
Veach,Sean,Fabian,Alicia,Veach,Vinh
Arthur,Kerri,Fabian,Maia,Arthur,Draven
Veach,Kendall,Fabian,Alicia,Veach,Vinh
Arthur,Angela,Fabian,Maia,Arthur,Draven
Veach,Dontae,Fabian,Alicia,Veach,Vinh
Arthur,Fabiola,Fabian,Maia,Arthur,Draven
Veach,Addison,Fabian,Alicia,Veach,Vinh
Arthur,Shelley,Fabian,Chasity,Arthur,Harley
Veach,Rene,Fabian,Alicia,Veach,Vinh
Arthur,Morgan,Fabian,Tiona,Arthur,Ernesto
Veach,Sammie,Fabian,Maribel,Veach,Trentin
Arthur,Tiffany,Fabian,Tiona,Arthur,Ernesto
Veach,Brennon,Fabian,Maribel,Veach,Trentin
Arthur,Myra,Fabian,Tiona,Arthur,Ernesto
Veach,Erin,Fabian,Maribel,Veach,Trentin
Arthur,Cassie,Fabian,Malia,Arthur,Eddie
Veach,Guillermo,Fabian,Maribel,Veach,Trentin
Arthur,Jennifer,Fabian,Malia,Arthur,Eddie
Veach,August,Fabian,Maribel,Veach,Trentin
Arthur,Faith,Fabian,Malia,Arthur,Eddie
Hartsfield,Eberardo,Arthur,Zoee,Hartsfield,Kelson
Arthur,Joy,Fabian,Malia,Arthur,Eddie
Hartsfield,Mickey,Arthur,Zoee,Hartsfield,Kelson
Veach,Heather,Fabian,Alicia,Veach,Vinh
Hartsfield,Deandre,Arthur,Zoee,Hartsfield,Kelson
Veach,Harley,Fabian,Alicia,Veach,Vinh
Hartsfield,Jeremey,Arthur,Zoee,Hartsfield,Kelson
Veach,Lyric,Fabian,Alicia,Veach,Vinh
Hartsfield,Anibal,Arthur,Zoee,Hartsfield,Kelson
Veach,Karena,Fabian,Alicia,Veach,Vinh
Hartsfield,Rene,Arthur,Zoee,Hartsfield,Kelson
Veach,Elizabet,Fabian,Maribel,Veach,Trentin
Hartsfield,Tristian,Arthur,Zoee,Hartsfield,Kelson
Veach,Zabrina,Fabian,Maribel,Veach,Trentin
Hartsfield,Forest,Arthur,Zoee,Hartsfield,Kelson
Veach,Marjorie,Fabian,Maribel,Veach,Trentin
Hartsfield,Phillip,Arthur,Zoee,Hartsfield,Kelson
Veach,Queen,Fabian,Maribel,Veach,Trentin
Hartsfield,Jarod,Arthur,Zoee,Hartsfield,Kelson
Veach,Karina,Fabian,Maribel,Veach,Trentin
Hartsfield,Kareem,Arthur,Janelle,Hartsfield,Braxton
Veach,Onesha,Fabian,Maribel,Veach,Trentin
Hartsfield,Mohammed,Arthur,Janelle,Hartsfield,Braxton
Veach,Luisa,Fabian,Maribel,Veach,Trentin
Hartsfield,Wylie,Arthur,Janelle,Hartsfield,Braxton
Veach,Isabel,Fabian,Maribel,Veach,Trentin
Hartsfield,Jeb,Arthur,Janelle,Hartsfield,Braxton
Veach,Chandler,Fabian,Maribel,Veach,Trentin
Hartsfield,Zackery,Arthur,Janelle,Hartsfield,Braxton
Veach,Deserae,Fabian,Maribel,Veach,Trentin
Hartsfield,Lashawn,Arthur,Janelle,Hartsfield,Braxton
Veach,Keyondra,Fabian,Maribel,Veach,Trentin
Hartsfield,Aleksandr,Arthur,Janelle,Hartsfield,Braxton
Hartsfield,Charlene,Arthur,Zoee,Hartsfield,Kelson
Hartsfield,Alonzo,Arthur,Janelle,Hartsfield,Braxton
Hartsfield,Diane,Arthur,Zoee,Hartsfield,Kelson
Hartsfield,Fredy,Arthur,Janelle,Hartsfield,Braxton
Hartsfield,Katy,Arthur,Zoee,Hartsfield,Kelson
Hartsfield,Jovan,Arthur,Janelle,Hartsfield,Braxton
Hartsfield,Stormy,Arthur,Zoee,Hartsfield,Kelson
Hartsfield,Khalid,Arthur,Sommer,Hartsfield,Davon
Hartsfield,Maricela,Arthur,Zoee,Hartsfield,Kelson
Hartsfield,Silas,Arthur,Sommer,Hartsfield,Davon
Hartsfield,Sarahmarie,Arthur,Zoee,Hartsfield,Kelson
Hartsfield,Calvin,Arthur,Sommer,Hartsfield,Davon
Hartsfield,Shamaria,Arthur,Zoee,Hartsfield,Kelson
Hartsfield,Keshaun,Arthur,Sommer,Hartsfield,Davon
Hartsfield,Logan,Arthur,Zoee,Hartsfield,Kelson
Hartsfield,Aiden,Arthur,Sommer,Hartsfield,Davon
Hartsfield,Kiana,Arthur,Zoee,Hartsfield,Kelson
Hartsfield,Tyren,Arthur,Sommer,Hartsfield,Davon
Hartsfield,Greer,Arthur,Zoee,Hartsfield,Kelson
Hartsfield,Yair,Arthur,Sommer,Hartsfield,Davon
Hartsfield,Caitlan,Arthur,Janelle,Hartsfield,Braxton
Cockrell,Howard,Arthur,Nichole,Cockrell,Drake
Hartsfield,Samira,Arthur,Janelle,Hartsfield,Braxton
Cockrell,Ibrahim,Arthur,Nichole,Cockrell,Drake
Hartsfield,Gabriela,Arthur,Janelle,Hartsfield,Braxton
Cockrell,David,Arthur,Nichole,Cockrell,Drake
Hartsfield,Katie,Arthur,Janelle,Hartsfield,Braxton
Cockrell,Adonis,Arthur,Nichole,Cockrell,Drake
Hartsfield,Kylie,Arthur,Janelle,Hartsfield,Braxton
Cockrell,Latrell,Arthur,Nichole,Cockrell,Drake
Hartsfield,Selina,Arthur,Janelle,Hartsfield,Braxton
Cockrell,Rudy,Arthur,Nichole,Cockrell,Drake
Hartsfield,Reina,Arthur,Janelle,Hartsfield,Braxton
Cockrell,Nigel,Arthur,Nichole,Cockrell,Drake
Hartsfield,Courtney,Arthur,Janelle,Hartsfield,Braxton
Cockrell,Elliot,Arthur,Nichole,Cockrell,Drake
Hartsfield,Anahi,Arthur,Kourtney,Hartsfield,Dallin
Cockrell,Tommy,Arthur,Nichole,Cockrell,Drake
Hartsfield,Joyce,Arthur,Kourtney,Hartsfield,Dallin
Cockrell,Michael,Arthur,Nichole,Cockrell,Drake
Hartsfield,Anna,Arthur,Kourtney,Hartsfield,Dallin
Cockrell,Preston,Arthur,Mary,Cockrell,Tyran
Hartsfield,Sinai,Arthur,Sommer,Hartsfield,Davon
Cockrell,Jevin,Arthur,Mary,Cockrell,Tyran
Hartsfield,Shelby,Arthur,Sommer,Hartsfield,Davon
Cockrell,Nour,Arthur,Mary,Cockrell,Tyran
Hartsfield,Nia,Arthur,Sommer,Hartsfield,Davon
Cockrell,Keenan,Arthur,Mary,Cockrell,Tyran
Hartsfield,Marycather,Arthur,Sommer,Hartsfield,Davon
Cockrell,Connor,Arthur,Savanna,Cockrell,James
Hartsfield,Cori,Arthur,Sommer,Hartsfield,Davon
Cockrell,Adalberto,Arthur,Savanna,Cockrell,James
Hartsfield,Yasmin,Arthur,Sommer,Hartsfield,Davon
Cockrell,Forrest,Arthur,Savanna,Cockrell,James
Hartsfield,Sylvia,Arthur,Sommer,Hartsfield,Davon
Cockrell,Andy,Arthur,Savanna,Cockrell,James
Cockrell,Krysta,Arthur,Nichole,Cockrell,Drake
Cockrell,Marlon,Arthur,Savanna,Cockrell,James
Cockrell,Mary,Arthur,Nichole,Cockrell,Drake
Cockrell,Colbey,Arthur,Savanna,Cockrell,James
Cockrell,Carolina,Arthur,Nichole,Cockrell,Drake
Cockrell,Alonso,Arthur,Savanna,Cockrell,James
Cockrell,Linsey,Arthur,Nichole,Cockrell,Drake
Cockrell,Fredrick,Arthur,Savanna,Cockrell,James
Cockrell,Sinai,Arthur,Nichole,Cockrell,Drake
Cockrell,Stanley,Arthur,Brecken,Cockrell,Josue
Cockrell,Halee,Arthur,Nichole,Cockrell,Drake
Cockrell,Erich,Arthur,Brecken,Cockrell,Josue
Cockrell,Zandria,Arthur,Nichole,Cockrell,Drake
Cockrell,Theodore,Arthur,Brecken,Cockrell,Josue
Cockrell,Keosha,Arthur,Nichole,Cockrell,Drake
Cockrell,Colby,Arthur,Brecken,Cockrell,Josue
Cockrell,Kathryn,Arthur,Mary,Cockrell,Tyran
Cockrell,Bernard,Arthur,Brecken,Cockrell,Josue
Cockrell,Maryann,Arthur,Mary,Cockrell,Tyran
Cockrell,Dashane,Arthur,Brecken,Cockrell,Josue
Cockrell,Camelia,Arthur,Mary,Cockrell,Tyran
Melnick,Jonah,Arthur,Alannah,Melnick,Nicholas
Cockrell,Marcia,Arthur,Mary,Cockrell,Tyran
Melnick,Sheldon,Arthur,Alannah,Melnick,Nicholas
Cockrell,Maryanna,Arthur,Mary,Cockrell,Tyran
Melnick,Josue,Arthur,Alannah,Melnick,Nicholas
Cockrell,Krupa,Arthur,Mary,Cockrell,Tyran
Melnick,Gage,Arthur,Alannah,Melnick,Nicholas
Cockrell,Kaylea,Arthur,Mary,Cockrell,Tyran
Melnick,Daequan,Arthur,Alannah,Melnick,Nicholas
Cockrell,Tristin,Arthur,Mary,Cockrell,Tyran
Melnick,Beau,Arthur,Alannah,Melnick,Nicholas
Cockrell,Torrie,Arthur,Mary,Cockrell,Tyran
Melnick,Jamison,Arthur,Alannah,Melnick,Nicholas
Cockrell,Hailee,Arthur,Mary,Cockrell,Tyran
Melnick,Jaquan,Arthur,Alannah,Melnick,Nicholas
Cockrell,Adriane,Arthur,Mary,Cockrell,Tyran
Melnick,Shan,Arthur,Alannah,Melnick,Nicholas
Cockrell,Farrah,Arthur,Savanna,Cockrell,James
Melnick,Edgar,Veach,Allie,Melnick,Daniel
Cockrell,Mikhaila,Arthur,Savanna,Cockrell,James
Melnick,Nelson,Veach,Faith,Melnick,Jeffrey
Cockrell,Maisie,Arthur,Savanna,Cockrell,James
Melnick,Steve,Veach,Faith,Melnick,Jeffrey
Cockrell,Rebecca,Arthur,Savanna,Cockrell,James
Melnick,Landen,Veach,Faith,Melnick,Jeffrey
Cockrell,Maeghan,Arthur,Savanna,Cockrell,James
Melnick,Ladarius,Veach,Faith,Melnick,Jeffrey
Cockrell,Naomi,Arthur,Savanna,Cockrell,James
Melnick,Ricky,Veach,Faith,Melnick,Jeffrey
Cockrell,Lillie,Arthur,Savanna,Cockrell,James
Melnick,Curtis,Veach,Faith,Melnick,Jeffrey
Cockrell,Nell,Arthur,Savanna,Cockrell,James
Melnick,Tevin,Veach,Faith,Melnick,Jeffrey
Cockrell,Heaven,Arthur,Savanna,Cockrell,James
Melnick,Craig,Veach,Faith,Melnick,Jeffrey
Cockrell,Analisa,Arthur,Savanna,Cockrell,James
Melnick,Callahan,Veach,Faith,Melnick,Jeffrey
Cockrell,Natalia,Arthur,Savanna,Cockrell,James
Melnick,Ayub,Veach,Faith,Melnick,Jeffrey
Cockrell,Xochitl,Arthur,Brecken,Cockrell,Josue
Melnick,Damien,Veach,Ellie,Melnick,Cedric
Cockrell,Haven,Arthur,Brecken,Cockrell,Josue
Melnick,Jeremiah,Veach,Ellie,Melnick,Cedric
Cockrell,Kelsy,Arthur,Brecken,Cockrell,Josue
Melnick,Wilfredo,Veach,Ellie,Melnick,Cedric
Melnick,Tori,Arthur,Alannah,Melnick,Nicholas
Melnick,Ulysses,Veach,Ellie,Melnick,Cedric
Melnick,Corina,Arthur,Alannah,Melnick,Nicholas
Melnick,Jonathan,Veach,Ellie,Melnick,Cedric
Melnick,Teresa,Arthur,Alannah,Melnick,Nicholas
Melnick,Hakeem,Veach,Ellie,Melnick,Cedric
Melnick,Amanda,Arthur,Alannah,Melnick,Nicholas
Melnick,Aaron,Veach,Ellie,Melnick,Cedric
Melnick,Glenda,Arthur,Alannah,Melnick,Nicholas
Melnick,Grant,Veach,Ellie,Melnick,Cedric
Melnick,Esperanza,Arthur,Alannah,Melnick,Nicholas
Melnick,Deshawn,Veach,Ellie,Melnick,Cedric
Melnick,Jadah,Arthur,Alannah,Melnick,Nicholas
Melnick,Forest,Hartsfield,Rebeca,Melnick,Tate
Melnick,Maire,Arthur,Alannah,Melnick,Nicholas
Melnick,Terance,Hartsfield,Rebeca,Melnick,Tate
Melnick,Krista,Arthur,Alannah,Melnick,Nicholas
Melnick,Idris,Hartsfield,Rebeca,Melnick,Tate
Melnick,Catherine,Arthur,Alannah,Melnick,Nicholas
Melnick,Colin,Hartsfield,April,Melnick,Tyquan
Melnick,Lillian,Veach,Allie,Melnick,Daniel
Melnick,Efren,Hartsfield,April,Melnick,Tyquan
Melnick,Sierra,Veach,Allie,Melnick,Daniel
Melnick,Shane,Hartsfield,April,Melnick,Tyquan
Melnick,Yessenia,Veach,Allie,Melnick,Daniel
Melnick,Gregory,Hartsfield,April,Melnick,Tyquan
Melnick,Deanna,Veach,Allie,Melnick,Daniel
Melnick,Lashawn,Hartsfield,April,Melnick,Tyquan
Melnick,Alexi,Veach,Allie,Melnick,Daniel
Melnick,Kapil,Cockrell,Janet,Melnick,Francis
Melnick,Kristy,Veach,Allie,Melnick,Daniel
Melnick,Jamar,Cockrell,Janet,Melnick,Francis
Melnick,Maegan,Veach,Allie,Melnick,Daniel
Melnick,Nikolas,Cockrell,Janet,Melnick,Francis
Melnick,Anne,Veach,Allie,Melnick,Daniel
Melnick,Derrick,Cockrell,Janet,Melnick,Francis
Melnick,Breana,Veach,Faith,Melnick,Jeffrey
Melnick,Chase,Cockrell,Janet,Melnick,Francis
Melnick,Anaya,Veach,Faith,Melnick,Jeffrey
Melnick,Leroy,Cockrell,Janet,Melnick,Francis
Melnick,Lyndsey,Veach,Faith,Melnick,Jeffrey
Melnick,Hiram,Cockrell,Janet,Melnick,Francis
Melnick,Viviana,Veach,Faith,Melnick,Jeffrey
McArthur,Randy,Cockrell,Robin,McArthur,Amir
Melnick,Kayley,Veach,Faith,Melnick,Jeffrey
McArthur,Marlon,Cockrell,Robin,McArthur,Amir
Melnick,Joleen,Veach,Faith,Melnick,Jeffrey
McArthur,Keshaun,Cockrell,Robin,McArthur,Amir
Melnick,Latasha,Veach,Faith,Melnick,Jeffrey
McArthur,Abdiel,Cockrell,Robin,McArthur,Amir
Melnick,Marli,Veach,Faith,Melnick,Jeffrey
McArthur,Davin,Cockrell,Robin,McArthur,Amir
Melnick,Yuki,Veach,Faith,Melnick,Jeffrey
McArthur,Craig,Cockrell,Robin,McArthur,Amir
Melnick,Khaliah,Veach,Ellie,Melnick,Cedric
McArthur,Sebastien,Cockrell,Robin,McArthur,Amir
Melnick,Janay,Veach,Ellie,Melnick,Cedric
McArthur,Nickalus,Cockrell,Robin,McArthur,Amir
Melnick,Yajaira,Veach,Ellie,Melnick,Cedric
McArthur,Dion,Melnick,Lacey,McArthur,Michel
Melnick,Yoana,Veach,Ellie,Melnick,Cedric
McArthur,Reuben,Melnick,Lacey,McArthur,Michel
Melnick,Tyler,Veach,Ellie,Melnick,Cedric
McArthur,Victor,Melnick,Lacey,McArthur,Michel
Melnick,Haylee,Veach,Ellie,Melnick,Cedric
McArthur,Christen,Melnick,Lacey,McArthur,Michel
Melnick,Isamar,Veach,Ellie,Melnick,Cedric
McArthur,Irfan,Melnick,Lacey,McArthur,Michel
Melnick,Adrianne,Hartsfield,Rebeca,Melnick,Tate
McArthur,Austin,Melnick,Lacey,McArthur,Michel
Melnick,Haiden,Hartsfield,Rebeca,Melnick,Tate
McArthur,Shelby,Melnick,Ixchel,McArthur,Braeden
Melnick,Camilla,Hartsfield,Rebeca,Melnick,Tate
McArthur,Dallin,Melnick,Ixchel,McArthur,Braeden
Melnick,Fabiola,Hartsfield,Rebeca,Melnick,Tate
McArthur,Anfernee,Melnick,Ixchel,McArthur,Braeden
Melnick,Kaylin,Hartsfield,Rebeca,Melnick,Tate
McArthur,Carl,Melnick,Ixchel,McArthur,Braeden
Melnick,Tiffani,Hartsfield,Rebeca,Melnick,Tate
McArthur,Antavius,Melnick,Savannah,McArthur,Orlando
Melnick,Sheila,Hartsfield,April,Melnick,Tyquan
McArthur,Calvin,Melnick,Savannah,McArthur,Orlando
Melnick,Catalina,Hartsfield,April,Melnick,Tyquan
McArthur,Luis,Melnick,Savannah,McArthur,Orlando
Melnick,Mary,Hartsfield,April,Melnick,Tyquan
McArthur,Micheal,Melnick,Savannah,McArthur,Orlando
Melnick,Anika,Hartsfield,April,Melnick,Tyquan
McArthur,Deshawn,Melnick,Savannah,McArthur,Orlando
Melnick,Anitra,Hartsfield,April,Melnick,Tyquan
McArthur,Mickey,Melnick,Savannah,McArthur,Orlando
Melnick,Colette,Cockrell,Janet,Melnick,Francis
McArthur,Alexis,Melnick,Savannah,McArthur,Orlando
Melnick,Krupa,Cockrell,Janet,Melnick,Francis
McArthur,Camron,Melnick,Savannah,McArthur,Orlando
Melnick,Josie,Cockrell,Janet,Melnick,Francis
McArthur,Jed,Melnick,Savannah,McArthur,Orlando
Melnick,Kaylea,Cockrell,Janet,Melnick,Francis
McArthur,Taylor,Melnick,Savannah,McArthur,Orlando
Melnick,Magdalena,Cockrell,Janet,Melnick,Francis
McArthur,Deante,Melnick,Savannah,McArthur,Orlando
McArthur,Angelica,Cockrell,Robin,McArthur,Amir
McArthur,Landen,Melnick,Reilly,McArthur,Brodie
McArthur,Niyah,Cockrell,Robin,McArthur,Amir
McArthur,Trey,Melnick,Reilly,McArthur,Brodie
McArthur,Allison,Cockrell,Robin,McArthur,Amir
McArthur,Daryl,Melnick,Reilly,McArthur,Brodie
McArthur,Sommer,Cockrell,Robin,McArthur,Amir
McArthur,Bernardo,Melnick,Reilly,McArthur,Brodie
McArthur,Carra,Cockrell,Robin,McArthur,Amir
McArthur,Rogelio,Melnick,Reilly,McArthur,Brodie
McArthur,Shyanne,Cockrell,Robin,McArthur,Amir
McArthur,Kieran,Melnick,Reilly,McArthur,Brodie
McArthur,Jessika,Cockrell,Robin,McArthur,Amir
McArthur,Nestor,Melnick,Reilly,McArthur,Brodie
McArthur,Mariana,Cockrell,Robin,McArthur,Amir
McArthur,Marielle,Melnick,Reilly,McArthur,Brodie
McArthur,Tiffani,Melnick,Lacey,McArthur,Michel
McArthur,Neal,Melnick,Reilly,McArthur,Brodie
McArthur,Christie,Melnick,Lacey,McArthur,Michel
McArthur,Sterling,Melnick,Reilly,McArthur,Brodie
McArthur,Jazmin,Melnick,Ixchel,McArthur,Braeden
McArthur,Jon,Melnick,Reilly,McArthur,Brodie
McArthur,Mariela,Melnick,Ixchel,McArthur,Braeden
McArthur,Erik,Melnick,Reilly,McArthur,Brodie
McArthur,Jenniffer,Melnick,Ixchel,McArthur,Braeden
McArthur,Bo,Melnick,Reilly,McArthur,Brodie
McArthur,Anitra,Melnick,Ixchel,McArthur,Braeden
McArthur,Avery,Melnick,Reilly,McArthur,Brodie
McArthur,Kerry,Melnick,Ixchel,McArthur,Braeden
Pierce,Dedrick,Melnick,Mariah,Pierce,Nicholas
McArthur,Jaqueline,Melnick,Savannah,McArthur,Orlando
Pierce,Jacques,Melnick,Mariah,Pierce,Nicholas
McArthur,Alexi,Melnick,Savannah,McArthur,Orlando
Pierce,Jay,Melnick,Mariah,Pierce,Nicholas
McArthur,Hadley,Melnick,Savannah,McArthur,Orlando
Pierce,Harrison,Melnick,Mariah,Pierce,Nicholas
McArthur,Shaniah,Melnick,Savannah,McArthur,Orlando
Pierce,Junior,Melnick,Mariah,Pierce,Nicholas
McArthur,Aliyah,Melnick,Savannah,McArthur,Orlando
Pierce,Jordan,Melnick,Mariah,Pierce,Nicholas
McArthur,Cortney,Melnick,Savannah,McArthur,Orlando
