Chawla,Jessee,Garriott,Chase,Chawla,Jeff
Slayton,Candy,Cleave,Jaycie,Slayton,Ladarius
Bolden,Landon,Kerwin,Kendra,Bolden,Domonic
Weber,Allyson,Schirra,Dyamond,Weber,Dequan
Truman,Bryson,Nowak,Terra,Truman,Tyler
Fullerton,Dajanae,Kelly,Jayme,Fullerton,Bryan
Dunbar,Philip,Nowak,Jazmyn,Dunbar,Kurtis
Mitchell,Yazmin,Cernan,Blair,Mitchell,Adrian
Reagan,Weston,McBride,Marissa,Reagan,Irvin
Low,Marie,Lousma,Tamisha,Low,Dangelo
Phillips,Juan,Grinch,Chantelle,Phillips,Brice
Ford,Imelda,Crippen,Justine,Ford,Irvin
Anderson,Terrance,Pffaff,Kaelyn,Anderson,Bryan
Oefelein,Abagail,Woodward,Avery,Oefelein,Javon
Wisoff,Jeffrey,McBride,Jennifer,Wisoff,Aidan
Walker,Haiden,Cleveland,Makenzi,Walker,Johnathon
Barry,Daequan,Gregory,Keisha,Barry,Tallon
O'Leary,Talia,Brand,Lyric,O'Leary,Shmuel
Deardorff,Shemar,Duke,Estela,Deardorff,Jeremy
Woodward,Chelsea,McNair,Kori,Woodward,Kelson
Morgan,Zackery,Noriega,Jill,Morgan,Riley
Shaw,Alexandria,Arthur,Kristin,Shaw,Orion
Chapman,Wyatt,Fabian,Rani,Chapman,Seth
Kerwin,Niyah,Thorne,Shanyce,Kerwin,Fernando
Meade,Jordin,Gernhardt,Stacey,Meade,Isaiah
Vanderhooven,Viridiana,Jemison,Mckenna,Vanderhooven,Gonzalo
Chawla,Jayce,Slayton,Candy,Chawla,Jessee
Gruber,Kayli,Poindexter,Nancy,Gruber,Tyreek
Chawla,Fabian,Slayton,Candy,Chawla,Jessee
Sturckow,Dylan,Jett,Aaliyah,Sturckow,Damien
Chawla,Alvin,Slayton,Candy,Chawla,Jessee
Cox,Anja,Reagan,Ladaysha,Cox,Daniel
Chawla,Willie,Slayton,Candy,Chawla,Jessee
Veach,Angelina,Freeman,Clair,Veach,Nigel
Chawla,Kameron,Slayton,Candy,Chawla,Jessee
Chawla,Alexi,Slayton,Candy,Chawla,Jessee
Chawla,Walter,Slayton,Candy,Chawla,Jessee
Bolden,Clarissa,Weber,Allyson,Bolden,Landon
Bolden,Darnell,Weber,Allyson,Bolden,Landon
Bolden,Maxine,Weber,Allyson,Bolden,Landon
Bolden,Dillon,Weber,Allyson,Bolden,Landon
Bolden,Madilyn,Weber,Allyson,Bolden,Landon
Bolden,Romeo,Weber,Allyson,Bolden,Landon
Bolden,Stella,Weber,Allyson,Bolden,Landon
Bolden,Adonis,Weber,Allyson,Bolden,Landon
Truman,Jaclyn,Fullerton,Dajanae,Truman,Bryson
Bolden,Jeffery,Weber,Allyson,Bolden,Landon
Truman,Jacquelin,Fullerton,Dajanae,Truman,Bryson
Truman,Kaden,Fullerton,Dajanae,Truman,Bryson
Truman,Julia,Fullerton,Dajanae,Truman,Bryson
Truman,Dana,Fullerton,Dajanae,Truman,Bryson
Truman,Trinity,Fullerton,Dajanae,Truman,Bryson
Truman,Marlon,Fullerton,Dajanae,Truman,Bryson
Dunbar,Zoi,Mitchell,Yazmin,Dunbar,Philip
Truman,Frankie,Fullerton,Dajanae,Truman,Bryson
Dunbar,Shelley,Mitchell,Yazmin,Dunbar,Philip
Truman,Quintin,Fullerton,Dajanae,Truman,Bryson
Dunbar,Kelli,Mitchell,Yazmin,Dunbar,Philip
Truman,Colin,Fullerton,Dajanae,Truman,Bryson
Reagan,Lesli,Low,Marie,Reagan,Weston
Truman,Abdiel,Fullerton,Dajanae,Truman,Bryson
Reagan,Britney,Low,Marie,Reagan,Weston
Truman,Ray,Fullerton,Dajanae,Truman,Bryson
Reagan,Janna,Low,Marie,Reagan,Weston
Truman,Ameer,Fullerton,Dajanae,Truman,Bryson
Reagan,Maddison,Low,Marie,Reagan,Weston
Dunbar,Joshua,Mitchell,Yazmin,Dunbar,Philip
Phillips,Breona,Ford,Imelda,Phillips,Juan
Dunbar,Alexandro,Mitchell,Yazmin,Dunbar,Philip
Phillips,Nathaly,Ford,Imelda,Phillips,Juan
Reagan,Frank,Low,Marie,Reagan,Weston
Phillips,Ariel,Ford,Imelda,Phillips,Juan
Reagan,Shan,Low,Marie,Reagan,Weston
Phillips,Alexus,Ford,Imelda,Phillips,Juan
Reagan,Alfonso,Low,Marie,Reagan,Weston
Phillips,Ansley,Ford,Imelda,Phillips,Juan
Reagan,Zaire,Low,Marie,Reagan,Weston
Phillips,Odalys,Ford,Imelda,Phillips,Juan
Reagan,Jarred,Low,Marie,Reagan,Weston
Phillips,Kaela,Ford,Imelda,Phillips,Juan
Reagan,Gordon,Low,Marie,Reagan,Weston
Phillips,Savanah,Ford,Imelda,Phillips,Juan
Reagan,Lee,Low,Marie,Reagan,Weston
Phillips,Casandra,Ford,Imelda,Phillips,Juan
Reagan,Toby,Low,Marie,Reagan,Weston
Anderson,Jocelyne,Oefelein,Abagail,Anderson,Terrance
Phillips,Scott,Ford,Imelda,Phillips,Juan
Anderson,Alejandra,Oefelein,Abagail,Anderson,Terrance
Phillips,Keith,Ford,Imelda,Phillips,Juan
Anderson,Heidi,Oefelein,Abagail,Anderson,Terrance
Phillips,Terance,Ford,Imelda,Phillips,Juan
Anderson,Carli,Oefelein,Abagail,Anderson,Terrance
Phillips,Jermaine,Ford,Imelda,Phillips,Juan
Wisoff,Kaytlyn,Walker,Haiden,Wisoff,Jeffrey
Phillips,Rex,Ford,Imelda,Phillips,Juan
Wisoff,Kara,Walker,Haiden,Wisoff,Jeffrey
Phillips,August,Ford,Imelda,Phillips,Juan
Wisoff,Debra,Walker,Haiden,Wisoff,Jeffrey
Phillips,Johan,Ford,Imelda,Phillips,Juan
Wisoff,Kaci,Walker,Haiden,Wisoff,Jeffrey
Phillips,Jai,Ford,Imelda,Phillips,Juan
Barry,Krupa,O'Leary,Talia,Barry,Daequan
Phillips,Trey,Ford,Imelda,Phillips,Juan
Barry,Sydney,O'Leary,Talia,Barry,Daequan
Anderson,Matthew,Oefelein,Abagail,Anderson,Terrance
Barry,Irma,O'Leary,Talia,Barry,Daequan
Anderson,Lucas,Oefelein,Abagail,Anderson,Terrance
Barry,Elissa,O'Leary,Talia,Barry,Daequan
Wisoff,Ezekiel,Walker,Haiden,Wisoff,Jeffrey
Barry,Bethany,O'Leary,Talia,Barry,Daequan
Wisoff,Ulysses,Walker,Haiden,Wisoff,Jeffrey
Barry,Adele,O'Leary,Talia,Barry,Daequan
Wisoff,Domonic,Walker,Haiden,Wisoff,Jeffrey
Barry,Chana,O'Leary,Talia,Barry,Daequan
Wisoff,Brock,Walker,Haiden,Wisoff,Jeffrey
Barry,Logan,O'Leary,Talia,Barry,Daequan
Wisoff,Alfonso,Walker,Haiden,Wisoff,Jeffrey
Deardorff,Paige,Woodward,Chelsea,Deardorff,Shemar
Wisoff,Rudy,Walker,Haiden,Wisoff,Jeffrey
Deardorff,Sade,Woodward,Chelsea,Deardorff,Shemar
Barry,Fredy,O'Leary,Talia,Barry,Daequan
Deardorff,Natasha,Woodward,Chelsea,Deardorff,Shemar
Barry,Mark,O'Leary,Talia,Barry,Daequan
Deardorff,Brandi,Woodward,Chelsea,Deardorff,Shemar
Barry,Lawrence,O'Leary,Talia,Barry,Daequan
Deardorff,Kaya,Woodward,Chelsea,Deardorff,Shemar
Barry,Rashad,O'Leary,Talia,Barry,Daequan
Deardorff,Melisa,Woodward,Chelsea,Deardorff,Shemar
Barry,Sammie,O'Leary,Talia,Barry,Daequan
Deardorff,Stevie,Woodward,Chelsea,Deardorff,Shemar
Deardorff,Yovani,Woodward,Chelsea,Deardorff,Shemar
Deardorff,Sidney,Woodward,Chelsea,Deardorff,Shemar
Deardorff,Latrell,Woodward,Chelsea,Deardorff,Shemar
Morgan,Karley,Shaw,Alexandria,Morgan,Zackery
Deardorff,Gustavo,Woodward,Chelsea,Deardorff,Shemar
Morgan,Roxanne,Shaw,Alexandria,Morgan,Zackery
Deardorff,Bo,Woodward,Chelsea,Deardorff,Shemar
Morgan,Latoya,Shaw,Alexandria,Morgan,Zackery
Deardorff,Damien,Woodward,Chelsea,Deardorff,Shemar
Morgan,Jazmyn,Shaw,Alexandria,Morgan,Zackery
Deardorff,Stevan,Woodward,Chelsea,Deardorff,Shemar
Morgan,Courtney,Shaw,Alexandria,Morgan,Zackery
Morgan,Brenton,Shaw,Alexandria,Morgan,Zackery
Morgan,Melody,Shaw,Alexandria,Morgan,Zackery
Morgan,Kalon,Shaw,Alexandria,Morgan,Zackery
Morgan,Tiffanie,Shaw,Alexandria,Morgan,Zackery
Morgan,Anfernee,Shaw,Alexandria,Morgan,Zackery
Morgan,Jana,Shaw,Alexandria,Morgan,Zackery
Morgan,Corbin,Shaw,Alexandria,Morgan,Zackery
Morgan,Elsa,Shaw,Alexandria,Morgan,Zackery
Morgan,Joe,Shaw,Alexandria,Morgan,Zackery
Chapman,Allison,Kerwin,Niyah,Chapman,Wyatt
Morgan,Kyler,Shaw,Alexandria,Morgan,Zackery
Chapman,Ebone,Kerwin,Niyah,Chapman,Wyatt
Morgan,Bennie,Shaw,Alexandria,Morgan,Zackery
Chapman,Karah,Kerwin,Niyah,Chapman,Wyatt
Morgan,Xavier,Shaw,Alexandria,Morgan,Zackery
Meade,Patience,Vanderhooven,Viridiana,Meade,Jordin
Morgan,Mathieu,Shaw,Alexandria,Morgan,Zackery
Chawla,Violet,Gruber,Kayli,Chawla,Jayce
Chapman,Garrick,Kerwin,Niyah,Chapman,Wyatt
Chawla,Elisa,Gruber,Kayli,Chawla,Jayce
Chapman,Armando,Kerwin,Niyah,Chapman,Wyatt
Chawla,Lourdes,Sturckow,Dylan,Chawla,Fabian
Chapman,Spencer,Kerwin,Niyah,Chapman,Wyatt
Chawla,Shirley,Sturckow,Dylan,Chawla,Fabian
Chapman,Mason,Kerwin,Niyah,Chapman,Wyatt
Chawla,Shyann,Sturckow,Dylan,Chawla,Fabian
Chapman,Roman,Kerwin,Niyah,Chapman,Wyatt
Chawla,Latoya,Sturckow,Dylan,Chawla,Fabian
Chapman,Stephanie,Kerwin,Niyah,Chapman,Wyatt
Chawla,Xena,Sturckow,Dylan,Chawla,Fabian
Meade,German,Vanderhooven,Viridiana,Meade,Jordin
Chawla,Lillie,Cox,Anja,Chawla,Alvin
Meade,Garrick,Vanderhooven,Viridiana,Meade,Jordin
Chawla,Rylee,Cox,Anja,Chawla,Alvin
Meade,Francis,Vanderhooven,Viridiana,Meade,Jordin
Chawla,Shaina,Cox,Anja,Chawla,Alvin
Meade,Dante,Vanderhooven,Viridiana,Meade,Jordin
Chawla,Mercedes,Cox,Anja,Chawla,Alvin
Chawla,Steven,Gruber,Kayli,Chawla,Jayce
Chawla,Baby,Cox,Anja,Chawla,Alvin
Chawla,Terry,Sturckow,Dylan,Chawla,Fabian
Chawla,Mckinzie,Cox,Anja,Chawla,Alvin
Chawla,Antonio,Sturckow,Dylan,Chawla,Fabian
Chawla,Idaly,Cox,Anja,Chawla,Alvin
Chawla,Langston,Cox,Anja,Chawla,Alvin
Chawla,Laquisha,Cox,Anja,Chawla,Alvin
Chawla,Jackson,Cox,Anja,Chawla,Alvin
Chawla,Kendra,Veach,Angelina,Chawla,Willie
Chawla,Rolando,Cox,Anja,Chawla,Alvin
Chawla,Susana,Veach,Angelina,Chawla,Willie
Chawla,Leo,Cox,Anja,Chawla,Alvin
Chawla,Nereida,Veach,Angelina,Chawla,Willie
Chawla,Kyle,Cox,Anja,Chawla,Alvin
Chawla,Lizbeth,Veach,Angelina,Chawla,Willie
Chawla,Addison,Cox,Anja,Chawla,Alvin
Chawla,Athena,Veach,Angelina,Chawla,Willie
Chawla,Bryson,Cox,Anja,Chawla,Alvin
Chawla,Dulce,Veach,Angelina,Chawla,Willie
Chawla,Colbey,Cox,Anja,Chawla,Alvin
Chawla,Alyssa,Veach,Angelina,Chawla,Willie
Chawla,Luke,Cox,Anja,Chawla,Alvin
Chawla,Kirstin,Veach,Angelina,Chawla,Willie
Chawla,Ivan,Veach,Angelina,Chawla,Willie
Chawla,Darrian,Veach,Angelina,Chawla,Willie
Chawla,Seth,Veach,Angelina,Chawla,Willie
Chawla,Kalee,Veach,Angelina,Chawla,Willie
Chawla,Dane,Veach,Angelina,Chawla,Willie
Chawla,Brandi,Bolden,Clarissa,Chawla,Kameron
Chawla,Tony,Veach,Angelina,Chawla,Willie
Chawla,Holli,Bolden,Clarissa,Chawla,Kameron
Chawla,Quinn,Veach,Angelina,Chawla,Willie
Chawla,Essence,Bolden,Clarissa,Chawla,Kameron
Chawla,Justice,Veach,Angelina,Chawla,Willie
Chawla,Allysa,Bolden,Clarissa,Chawla,Kameron
Chawla,Charlie,Veach,Angelina,Chawla,Willie
Chawla,Esther,Bolden,Clarissa,Chawla,Kameron
Chawla,Bernardo,Veach,Angelina,Chawla,Willie
Chawla,Amari,Bolden,Clarissa,Chawla,Kameron
Chawla,Ahmad,Bolden,Clarissa,Chawla,Kameron
Chawla,Marisa,Bolden,Clarissa,Chawla,Kameron
Chawla,Devonte,Bolden,Clarissa,Chawla,Kameron
Bolden,Frida,Chawla,Alexi,Bolden,Darnell
Chawla,River,Bolden,Clarissa,Chawla,Kameron
Bolden,Lara,Chawla,Alexi,Bolden,Darnell
Chawla,Dandre,Bolden,Clarissa,Chawla,Kameron
Bolden,Mikala,Chawla,Alexi,Bolden,Darnell
Chawla,Troy,Bolden,Clarissa,Chawla,Kameron
Bolden,Tamisha,Chawla,Alexi,Bolden,Darnell
Chawla,Garin,Bolden,Clarissa,Chawla,Kameron
Bolden,Allana,Chawla,Alexi,Bolden,Darnell
Chawla,Gerardo,Bolden,Clarissa,Chawla,Kameron
Bolden,Ciarra,Chawla,Alexi,Bolden,Darnell
Chawla,Riley,Bolden,Clarissa,Chawla,Kameron
Bolden,Alexa,Chawla,Alexi,Bolden,Darnell
Chawla,Calib,Bolden,Maxine,Chawla,Walter
Bolden,Geneva,Chawla,Alexi,Bolden,Darnell
Chawla,Maximilian,Bolden,Maxine,Chawla,Walter
Bolden,Rayven,Chawla,Alexi,Bolden,Darnell
Chawla,Marques,Bolden,Maxine,Chawla,Walter
Bolden,Clare,Chawla,Alexi,Bolden,Darnell
Bolden,Antoine,Chawla,Alexi,Bolden,Darnell
Bolden,Helen,Chawla,Alexi,Bolden,Darnell
Bolden,Kevon,Chawla,Alexi,Bolden,Darnell
Bolden,Reilly,Chawla,Alexi,Bolden,Darnell
Bolden,Cristopher,Chawla,Alexi,Bolden,Darnell
Bolden,Cara,Truman,Jaclyn,Bolden,Dillon
Bolden,Zackery,Chawla,Alexi,Bolden,Darnell
Bolden,Bianca,Truman,Jacquelin,Bolden,Romeo
Bolden,Willie,Chawla,Alexi,Bolden,Darnell
Bolden,Promise,Truman,Jacquelin,Bolden,Romeo
Bolden,Pierce,Chawla,Alexi,Bolden,Darnell
Bolden,Michal,Truman,Jacquelin,Bolden,Romeo
Bolden,Kerrick,Chawla,Alexi,Bolden,Darnell
Bolden,Lilian,Truman,Jacquelin,Bolden,Romeo
Bolden,Gideon,Truman,Jaclyn,Bolden,Dillon
Bolden,Lyric,Truman,Jacquelin,Bolden,Romeo
Bolden,Tomas,Truman,Jaclyn,Bolden,Dillon
Bolden,Kasandra,Truman,Jacquelin,Bolden,Romeo
Bolden,Jair,Truman,Jaclyn,Bolden,Dillon
Bolden,Rhiannon,Truman,Jacquelin,Bolden,Romeo
Bolden,Devante,Truman,Jaclyn,Bolden,Dillon
Bolden,Laurel,Truman,Jacquelin,Bolden,Romeo
Chawla,Jeff,Garriott,Chase,Slayton,Ladarius,Boilermaker
Bolden,Jawaun,Truman,Jacquelin,Bolden,Romeo
Bolden,Shaina,Truman,Julia,Bolden,Adonis
Bolden,Cody,Truman,Jacquelin,Bolden,Romeo
Bolden,Shianne,Truman,Julia,Bolden,Adonis
Bolden,Kelson,Truman,Jacquelin,Bolden,Romeo
Bolden,Tristan,Truman,Julia,Bolden,Adonis
Bolden,Anton,Truman,Julia,Bolden,Adonis
Bolden,Tayla,Truman,Julia,Bolden,Adonis
Bolden,Ladarius,Truman,Julia,Bolden,Adonis
Bolden,Abbigail,Truman,Julia,Bolden,Adonis
Bolden,Alexander,Truman,Julia,Bolden,Adonis
Bolden,Ivory,Truman,Julia,Bolden,Adonis
Bolden,Toby,Truman,Julia,Bolden,Adonis
Bolden,Jillian,Truman,Trinity,Bolden,Jeffery
Bolden,Jaime,Truman,Julia,Bolden,Adonis
Bolden,Maison,Truman,Trinity,Bolden,Jeffery
Bolden,Damian,Truman,Julia,Bolden,Adonis
Bolden,Harlie,Truman,Trinity,Bolden,Jeffery
Bolden,Joel,Truman,Julia,Bolden,Adonis
Bolden,Irma,Truman,Trinity,Bolden,Jeffery
Bolden,Travis,Truman,Julia,Bolden,Adonis
Truman,Dominique,Bolden,Stella,Truman,Dana
Bolden,Sheldon,Truman,Julia,Bolden,Adonis
Truman,Marysol,Bolden,Stella,Truman,Dana
Bolden,Billy,Truman,Julia,Bolden,Adonis
Truman,Irene,Bolden,Stella,Truman,Dana
Bolden,Shan,Truman,Julia,Bolden,Adonis
Truman,Mara,Bolden,Stella,Truman,Dana
Bolden,Trevor,Truman,Julia,Bolden,Adonis
Truman,Brielle,Bolden,Stella,Truman,Dana
Bolden,Colbey,Truman,Julia,Bolden,Adonis
Truman,Taryn,Bolden,Stella,Truman,Dana
Bolden,Jon,Truman,Trinity,Bolden,Jeffery
Truman,Cassie,Bolden,Stella,Truman,Dana
Bolden,Deonte,Truman,Trinity,Bolden,Jeffery
Truman,Francis,Bolden,Stella,Truman,Dana
Truman,Nathanael,Bolden,Madilyn,Truman,Kaden
Truman,Gianna,Bolden,Stella,Truman,Dana
Truman,Nestor,Bolden,Madilyn,Truman,Kaden
Truman,Lisette,Dunbar,Zoi,Truman,Marlon
Truman,Micah,Bolden,Madilyn,Truman,Kaden
Truman,Tawny,Dunbar,Zoi,Truman,Marlon
Truman,Savion,Bolden,Stella,Truman,Dana
Truman,Callan,Dunbar,Zoi,Truman,Marlon
Truman,Taylor,Bolden,Stella,Truman,Dana
Truman,Kacie,Dunbar,Zoi,Truman,Marlon
Truman,Jashua,Bolden,Stella,Truman,Dana
Truman,Maegen,Dunbar,Zoi,Truman,Marlon
Truman,Trae,Dunbar,Zoi,Truman,Marlon
Truman,Anamarie,Dunbar,Zoi,Truman,Marlon
Truman,Idris,Dunbar,Zoi,Truman,Marlon
Truman,Ruby,Dunbar,Zoi,Truman,Marlon
Truman,Shareef,Dunbar,Zoi,Truman,Marlon
Truman,Ayanna,Dunbar,Zoi,Truman,Marlon
Truman,Keith,Dunbar,Zoi,Truman,Marlon
Truman,Alondra,Dunbar,Shelley,Truman,Frankie
Truman,Lee,Dunbar,Zoi,Truman,Marlon
Truman,Lynda,Dunbar,Shelley,Truman,Frankie
Truman,Ryland,Dunbar,Zoi,Truman,Marlon
Truman,Dajanae,Dunbar,Shelley,Truman,Frankie
Truman,Amir,Dunbar,Zoi,Truman,Marlon
Truman,Destini,Dunbar,Shelley,Truman,Frankie
Truman,Kegan,Dunbar,Zoi,Truman,Marlon
Truman,Aylssa,Dunbar,Shelley,Truman,Frankie
Truman,Dayton,Dunbar,Shelley,Truman,Frankie
Truman,Angel,Dunbar,Shelley,Truman,Frankie
Truman,Sterling,Dunbar,Shelley,Truman,Frankie
Truman,Breeanna,Dunbar,Shelley,Truman,Frankie
Truman,Rahim,Dunbar,Shelley,Truman,Frankie
Truman,Abigail,Dunbar,Shelley,Truman,Frankie
Truman,Chadwick,Dunbar,Shelley,Truman,Frankie
Truman,Bria,Dunbar,Shelley,Truman,Frankie
Truman,Tyrone,Dunbar,Shelley,Truman,Frankie
Truman,Janet,Dunbar,Kelli,Truman,Quintin
Truman,Greyson,Dunbar,Shelley,Truman,Frankie
Truman,Candy,Dunbar,Kelli,Truman,Quintin
Truman,Justyn,Dunbar,Shelley,Truman,Frankie
Truman,Bobbie,Dunbar,Kelli,Truman,Quintin
Truman,Wayne,Dunbar,Kelli,Truman,Quintin
Truman,Breann,Dunbar,Kelli,Truman,Quintin
Truman,Alonzo,Dunbar,Kelli,Truman,Quintin
Truman,Cheyenne,Dunbar,Kelli,Truman,Quintin
Truman,Ryen,Dunbar,Kelli,Truman,Quintin
Truman,Margarita,Dunbar,Kelli,Truman,Quintin
Truman,Darrin,Reagan,Lesli,Truman,Colin
Truman,Cheyann,Dunbar,Kelli,Truman,Quintin
Truman,Neal,Reagan,Lesli,Truman,Colin
Truman,Carley,Dunbar,Kelli,Truman,Quintin
Truman,Denzell,Reagan,Lesli,Truman,Colin
Truman,Rikki,Dunbar,Kelli,Truman,Quintin
Truman,Marcell,Reagan,Lesli,Truman,Colin
Truman,Deborah,Dunbar,Kelli,Truman,Quintin
Truman,Adonis,Reagan,Lesli,Truman,Colin
Truman,Cynthia,Dunbar,Kelli,Truman,Quintin
Truman,Louis,Reagan,Lesli,Truman,Colin
Truman,Caitlyn,Reagan,Lesli,Truman,Colin
Truman,Myles,Reagan,Lesli,Truman,Colin
Truman,Alexis,Reagan,Lesli,Truman,Colin
Truman,Kahlil,Reagan,Lesli,Truman,Colin
Truman,Tasha,Reagan,Lesli,Truman,Colin
Truman,Harold,Reagan,Lesli,Truman,Colin
Truman,Rianna,Reagan,Lesli,Truman,Colin
Truman,Conor,Reagan,Britney,Truman,Abdiel
Truman,Sofia,Reagan,Britney,Truman,Abdiel
Truman,Philip,Reagan,Britney,Truman,Abdiel
Truman,Leanna,Reagan,Britney,Truman,Abdiel
Truman,Skyler,Reagan,Britney,Truman,Abdiel
Truman,Ann,Reagan,Britney,Truman,Abdiel
Truman,Ethan,Reagan,Britney,Truman,Abdiel
Truman,Promise,Reagan,Britney,Truman,Abdiel
Truman,Devontae,Reagan,Britney,Truman,Abdiel
Truman,Aesha,Reagan,Britney,Truman,Abdiel
Truman,Talon,Reagan,Britney,Truman,Abdiel
Truman,Katelyn,Reagan,Janna,Truman,Ray
Truman,Salvatore,Reagan,Britney,Truman,Abdiel
Truman,Laken,Reagan,Janna,Truman,Ray
Truman,Nolan,Reagan,Britney,Truman,Abdiel
Truman,Aleisha,Reagan,Janna,Truman,Ray
Truman,Jalil,Reagan,Janna,Truman,Ray
Truman,Kiera,Reagan,Janna,Truman,Ray
Truman,Harley,Reagan,Janna,Truman,Ray
Truman,Ariana,Reagan,Janna,Truman,Ray
Truman,Patrick,Reagan,Janna,Truman,Ray
Truman,Tabitha,Reagan,Janna,Truman,Ray
Truman,Tylar,Reagan,Janna,Truman,Ray
Truman,Keishla,Reagan,Janna,Truman,Ray
Truman,Troy,Reagan,Janna,Truman,Ray
Truman,Synthia,Reagan,Janna,Truman,Ray
Truman,Marvin,Reagan,Maddison,Truman,Ameer
Truman,Krystal,Reagan,Maddison,Truman,Ameer
Truman,Jeff,Reagan,Maddison,Truman,Ameer
Dunbar,Aishah,Phillips,Breona,Dunbar,Joshua
Dunbar,Enrique,Phillips,Breona,Dunbar,Joshua
Dunbar,Xochitl,Phillips,Breona,Dunbar,Joshua
Dunbar,Nour,Phillips,Nathaly,Dunbar,Alexandro
Dunbar,Lindsay,Phillips,Breona,Dunbar,Joshua
Dunbar,Luis,Phillips,Nathaly,Dunbar,Alexandro
Dunbar,Desaree,Phillips,Nathaly,Dunbar,Alexandro
Dunbar,Kristopher,Phillips,Nathaly,Dunbar,Alexandro
Dunbar,Samara,Phillips,Nathaly,Dunbar,Alexandro
Dunbar,Kaden,Phillips,Nathaly,Dunbar,Alexandro
Reagan,Elisa,Phillips,Ariel,Reagan,Frank
Dunbar,Felix,Phillips,Nathaly,Dunbar,Alexandro
Reagan,Haylie,Phillips,Ariel,Reagan,Frank
Dunbar,Stephon,Phillips,Nathaly,Dunbar,Alexandro
Reagan,Giselle,Phillips,Alexus,Reagan,Shan
Dunbar,Derrick,Phillips,Nathaly,Dunbar,Alexandro
Reagan,Shae,Phillips,Alexus,Reagan,Shan
Reagan,Caden,Phillips,Ariel,Reagan,Frank
Reagan,Cecelia,Phillips,Alexus,Reagan,Shan
Reagan,Raul,Phillips,Ariel,Reagan,Frank
Reagan,Raven,Phillips,Ansley,Reagan,Alfonso
Reagan,Antonio,Phillips,Ariel,Reagan,Frank
Reagan,Monica,Phillips,Ansley,Reagan,Alfonso
Reagan,Randall,Phillips,Ariel,Reagan,Frank
Reagan,Josephine,Phillips,Ansley,Reagan,Alfonso
Reagan,Kevon,Phillips,Ariel,Reagan,Frank
Reagan,Alexandria,Phillips,Odalys,Reagan,Zaire
Reagan,Coy,Phillips,Ariel,Reagan,Frank
Reagan,Brianne,Phillips,Odalys,Reagan,Zaire
Reagan,Ignacio,Phillips,Ariel,Reagan,Frank
Reagan,Ali,Phillips,Odalys,Reagan,Zaire
Reagan,Westley,Phillips,Ariel,Reagan,Frank
Reagan,Alissa,Phillips,Odalys,Reagan,Zaire
Reagan,Kellen,Phillips,Ariel,Reagan,Frank
Reagan,Trinity,Phillips,Odalys,Reagan,Zaire
Reagan,Manuel,Phillips,Ariel,Reagan,Frank
Reagan,Marisa,Phillips,Odalys,Reagan,Zaire
Reagan,Isiah,Phillips,Alexus,Reagan,Shan
Reagan,Isadora,Phillips,Odalys,Reagan,Zaire
Reagan,Camron,Phillips,Alexus,Reagan,Shan
Reagan,Yvonne,Phillips,Odalys,Reagan,Zaire
Reagan,Jalil,Phillips,Ansley,Reagan,Alfonso
Reagan,Breanna,Phillips,Odalys,Reagan,Zaire
Reagan,Victor,Phillips,Ansley,Reagan,Alfonso
Reagan,Sonia,Phillips,Odalys,Reagan,Zaire
Reagan,Tobias,Phillips,Ansley,Reagan,Alfonso
Reagan,Keyondra,Phillips,Odalys,Reagan,Zaire
Reagan,Keegan,Phillips,Ansley,Reagan,Alfonso
Reagan,Bryanna,Phillips,Odalys,Reagan,Zaire
Reagan,Mario,Phillips,Ansley,Reagan,Alfonso
Reagan,Jailene,Phillips,Kaela,Reagan,Jarred
Reagan,Dakota,Phillips,Odalys,Reagan,Zaire
Reagan,Angela,Phillips,Kaela,Reagan,Jarred
Reagan,Kendrick,Phillips,Odalys,Reagan,Zaire
Reagan,Bridget,Phillips,Kaela,Reagan,Jarred
Reagan,Ron,Phillips,Odalys,Reagan,Zaire
Reagan,Aubrie,Phillips,Kaela,Reagan,Jarred
Reagan,Nour,Phillips,Odalys,Reagan,Zaire
Reagan,Daphne,Phillips,Kaela,Reagan,Jarred
Reagan,Joe,Phillips,Odalys,Reagan,Zaire
Reagan,Becca,Phillips,Kaela,Reagan,Jarred
Reagan,Blaine,Phillips,Odalys,Reagan,Zaire
Reagan,Eliana,Phillips,Kaela,Reagan,Jarred
Reagan,Reece,Phillips,Odalys,Reagan,Zaire
Reagan,Elaina,Phillips,Kaela,Reagan,Jarred
Reagan,Quayshawn,Phillips,Odalys,Reagan,Zaire
Reagan,Colette,Phillips,Savanah,Reagan,Gordon
Reagan,Norman,Phillips,Kaela,Reagan,Jarred
Reagan,Paulina,Phillips,Savanah,Reagan,Gordon
Reagan,Denver,Phillips,Kaela,Reagan,Jarred
Reagan,Alexa,Phillips,Savanah,Reagan,Gordon
Reagan,Brogan,Phillips,Kaela,Reagan,Jarred
Reagan,Lexy,Phillips,Savanah,Reagan,Gordon
Reagan,Shamar,Phillips,Kaela,Reagan,Jarred
Reagan,Alena,Phillips,Casandra,Reagan,Lee
Reagan,William,Phillips,Kaela,Reagan,Jarred
Reagan,Maura,Phillips,Casandra,Reagan,Lee
Reagan,Dennis,Phillips,Kaela,Reagan,Jarred
Reagan,Danae,Phillips,Casandra,Reagan,Lee
Reagan,Myron,Phillips,Kaela,Reagan,Jarred
Reagan,Maryanna,Phillips,Casandra,Reagan,Lee
Reagan,Calib,Phillips,Kaela,Reagan,Jarred
Reagan,Reagan,Anderson,Jocelyne,Reagan,Toby
Reagan,Devante,Phillips,Kaela,Reagan,Jarred
Reagan,Zoey,Anderson,Jocelyne,Reagan,Toby
Reagan,Freeman,Phillips,Kaela,Reagan,Jarred
Reagan,Cindy,Anderson,Jocelyne,Reagan,Toby
Reagan,Esteban,Phillips,Kaela,Reagan,Jarred
Phillips,Carissa,Anderson,Alejandra,Phillips,Scott
Reagan,Jeffery,Phillips,Kaela,Reagan,Jarred
Phillips,Hattie,Anderson,Alejandra,Phillips,Scott
Reagan,Elmer,Phillips,Savanah,Reagan,Gordon
Phillips,Joy,Anderson,Alejandra,Phillips,Scott
Reagan,Denzel,Phillips,Savanah,Reagan,Gordon
Phillips,Mandi,Anderson,Alejandra,Phillips,Scott
Reagan,Noel,Phillips,Savanah,Reagan,Gordon
Phillips,Marelyn,Anderson,Alejandra,Phillips,Scott
Reagan,Kegan,Phillips,Savanah,Reagan,Gordon
Phillips,Amelia,Anderson,Heidi,Phillips,Keith
Reagan,Terry,Phillips,Savanah,Reagan,Gordon
Phillips,Janie,Anderson,Heidi,Phillips,Keith
Reagan,Levi,Phillips,Savanah,Reagan,Gordon
Phillips,Adrian,Anderson,Heidi,Phillips,Keith
Reagan,Mike,Phillips,Savanah,Reagan,Gordon
Phillips,Felisha,Anderson,Carli,Phillips,Terance
Reagan,Denzell,Phillips,Savanah,Reagan,Gordon
Phillips,Rhiannon,Anderson,Carli,Phillips,Terance
Reagan,Abel,Phillips,Savanah,Reagan,Gordon
Phillips,Myranda,Anderson,Carli,Phillips,Terance
Reagan,Clarence,Phillips,Casandra,Reagan,Lee
Phillips,Colby,Anderson,Carli,Phillips,Terance
Reagan,Coby,Phillips,Casandra,Reagan,Lee
Phillips,Beverly,Anderson,Carli,Phillips,Terance
Reagan,Alexander,Phillips,Casandra,Reagan,Lee
Phillips,Sheila,Wisoff,Kaytlyn,Phillips,Jermaine
Reagan,Darnell,Phillips,Casandra,Reagan,Lee
Phillips,Dandrea,Wisoff,Kaytlyn,Phillips,Jermaine
Reagan,Dantae,Anderson,Jocelyne,Reagan,Toby
Phillips,Bryana,Wisoff,Kaytlyn,Phillips,Jermaine
Reagan,Gavin,Anderson,Jocelyne,Reagan,Toby
Phillips,Dayna,Wisoff,Kaytlyn,Phillips,Jermaine
Reagan,Alexis,Anderson,Jocelyne,Reagan,Toby
Phillips,Cristina,Wisoff,Kaytlyn,Phillips,Jermaine
Reagan,Cullen,Anderson,Jocelyne,Reagan,Toby
Phillips,Larissa,Wisoff,Kaytlyn,Phillips,Jermaine
Phillips,Shayne,Anderson,Alejandra,Phillips,Scott
Phillips,Deisy,Wisoff,Kaytlyn,Phillips,Jermaine
Phillips,Anders,Anderson,Alejandra,Phillips,Scott
Phillips,Madeleine,Wisoff,Kaytlyn,Phillips,Jermaine
Phillips,Dashane,Anderson,Alejandra,Phillips,Scott
Phillips,Sean,Wisoff,Kaytlyn,Phillips,Jermaine
Phillips,Ameer,Anderson,Alejandra,Phillips,Scott
Phillips,Ivelisse,Wisoff,Kaytlyn,Phillips,Jermaine
Phillips,Jonah,Anderson,Alejandra,Phillips,Scott
Phillips,Chynna,Wisoff,Kaytlyn,Phillips,Jermaine
Phillips,Xavier,Anderson,Alejandra,Phillips,Scott
Phillips,Kylee,Wisoff,Kaytlyn,Phillips,Jermaine
Phillips,Kerrick,Anderson,Alejandra,Phillips,Scott
Phillips,Krupa,Wisoff,Kara,Phillips,Rex
Phillips,Ethan,Anderson,Alejandra,Phillips,Scott
Phillips,Heather,Wisoff,Kara,Phillips,Rex
Phillips,Cade,Anderson,Heidi,Phillips,Keith
Phillips,Debbie,Wisoff,Kara,Phillips,Rex
Phillips,Rory,Anderson,Heidi,Phillips,Keith
Phillips,Lillian,Wisoff,Kara,Phillips,Rex
Phillips,Johnathen,Anderson,Heidi,Phillips,Keith
Phillips,Jacklyn,Wisoff,Kara,Phillips,Rex
Phillips,Joseph,Anderson,Heidi,Phillips,Keith
Phillips,Glenda,Wisoff,Debra,Phillips,August
Phillips,Austyn,Anderson,Heidi,Phillips,Keith
Phillips,Juliana,Wisoff,Debra,Phillips,August
Phillips,Gary,Anderson,Heidi,Phillips,Keith
Phillips,Jennah,Wisoff,Debra,Phillips,August
Phillips,Clayton,Anderson,Carli,Phillips,Terance
Phillips,Laken,Wisoff,Debra,Phillips,August
Phillips,Terry,Anderson,Carli,Phillips,Terance
Phillips,Yasmeen,Wisoff,Debra,Phillips,August
Phillips,Kaden,Anderson,Carli,Phillips,Terance
Phillips,Jesica,Wisoff,Debra,Phillips,August
Phillips,Shareef,Anderson,Carli,Phillips,Terance
Phillips,Brittany,Wisoff,Debra,Phillips,August
Phillips,Montana,Anderson,Carli,Phillips,Terance
Phillips,Kelsi,Wisoff,Kaci,Phillips,Johan
Phillips,Terrell,Anderson,Carli,Phillips,Terance
Phillips,Esther,Wisoff,Kaci,Phillips,Johan
Phillips,Vinh,Anderson,Carli,Phillips,Terance
Phillips,Sasha,Wisoff,Kaci,Phillips,Johan
Phillips,Daequan,Anderson,Carli,Phillips,Terance
Phillips,Casey,Wisoff,Kaci,Phillips,Johan
Phillips,Lars,Anderson,Carli,Phillips,Terance
Phillips,Joan,Wisoff,Kaci,Phillips,Johan
Phillips,Ahmad,Anderson,Carli,Phillips,Terance
Phillips,Dorian,Barry,Krupa,Phillips,Jai
Phillips,Mauro,Anderson,Carli,Phillips,Terance
Phillips,Kelsie,Barry,Krupa,Phillips,Jai
Phillips,Gunnar,Anderson,Carli,Phillips,Terance
Anderson,Toni,Barry,Irma,Anderson,Matthew
Phillips,Santana,Wisoff,Kaytlyn,Phillips,Jermaine
Anderson,Samara,Barry,Irma,Anderson,Matthew
Phillips,Brennen,Wisoff,Kaytlyn,Phillips,Jermaine
Anderson,Sky,Barry,Irma,Anderson,Matthew
Phillips,Hudson,Wisoff,Kaytlyn,Phillips,Jermaine
Anderson,Aishah,Barry,Irma,Anderson,Matthew
Phillips,Raymond,Wisoff,Kaytlyn,Phillips,Jermaine
Anderson,Jonae,Barry,Irma,Anderson,Matthew
Phillips,Alan,Wisoff,Kaytlyn,Phillips,Jermaine
Anderson,Gabriella,Barry,Irma,Anderson,Matthew
Phillips,Asher,Wisoff,Kara,Phillips,Rex
Anderson,Yvonne,Barry,Elissa,Anderson,Lucas
Phillips,Aidan,Wisoff,Kara,Phillips,Rex
Anderson,Ashlyn,Barry,Elissa,Anderson,Lucas
Phillips,Camden,Wisoff,Kara,Phillips,Rex
Anderson,Avery,Barry,Elissa,Anderson,Lucas
Phillips,Riley,Wisoff,Debra,Phillips,August
Anderson,Yasmine,Barry,Elissa,Anderson,Lucas
Phillips,Jackson,Wisoff,Debra,Phillips,August
Anderson,Sally,Barry,Elissa,Anderson,Lucas
Phillips,Quanterriu,Wisoff,Debra,Phillips,August
Wisoff,Shiloh,Barry,Bethany,Wisoff,Ezekiel
Phillips,Bailey,Wisoff,Debra,Phillips,August
Wisoff,Bridget,Barry,Bethany,Wisoff,Ezekiel
Phillips,Jaylin,Wisoff,Debra,Phillips,August
Wisoff,Emily,Barry,Bethany,Wisoff,Ezekiel
Phillips,Anton,Wisoff,Kaci,Phillips,Johan
Wisoff,Nichole,Barry,Bethany,Wisoff,Ezekiel
Phillips,Danny,Wisoff,Kaci,Phillips,Johan
Wisoff,Kirsten,Barry,Bethany,Wisoff,Ezekiel
Phillips,Benjamen,Wisoff,Kaci,Phillips,Johan
Wisoff,Luna,Barry,Bethany,Wisoff,Ezekiel
Phillips,Kory,Wisoff,Kaci,Phillips,Johan
Wisoff,Rian,Barry,Bethany,Wisoff,Ezekiel
Phillips,Cole,Wisoff,Kaci,Phillips,Johan
Wisoff,Elisa,Barry,Bethany,Wisoff,Ezekiel
Phillips,Amari,Wisoff,Kaci,Phillips,Johan
Wisoff,Tiffany,Barry,Bethany,Wisoff,Ezekiel
Phillips,Alejandro,Wisoff,Kaci,Phillips,Johan
Wisoff,Savannah,Barry,Bethany,Wisoff,Ezekiel
Phillips,Rhett,Wisoff,Kaci,Phillips,Johan
Wisoff,Shiann,Barry,Adele,Wisoff,Ulysses
Phillips,Talon,Wisoff,Kaci,Phillips,Johan
Wisoff,Aylin,Barry,Adele,Wisoff,Ulysses
Phillips,Alfred,Wisoff,Kaci,Phillips,Johan
Wisoff,Alexandria,Barry,Adele,Wisoff,Ulysses
Phillips,Dale,Wisoff,Kaci,Phillips,Johan
Wisoff,Carson,Barry,Adele,Wisoff,Ulysses
Phillips,Nolan,Wisoff,Kaci,Phillips,Johan
Wisoff,Jaquana,Barry,Adele,Wisoff,Ulysses
Phillips,Kyler,Wisoff,Kaci,Phillips,Johan
Wisoff,Kortney,Barry,Chana,Wisoff,Domonic
Phillips,Pedro,Wisoff,Kaci,Phillips,Johan
Wisoff,Desaree,Barry,Chana,Wisoff,Domonic
Phillips,Douglas,Barry,Krupa,Phillips,Jai
Wisoff,Mahogany,Barry,Chana,Wisoff,Domonic
Phillips,Leon,Barry,Krupa,Phillips,Jai
Wisoff,Melisa,Barry,Chana,Wisoff,Domonic
Phillips,Rafael,Barry,Krupa,Phillips,Jai
Wisoff,Linnea,Barry,Logan,Wisoff,Brock
Phillips,Dayton,Barry,Sydney,Phillips,Trey
Wisoff,Jenny,Barry,Logan,Wisoff,Brock
Phillips,Marielle,Barry,Sydney,Phillips,Trey
Wisoff,Ivana,Barry,Logan,Wisoff,Brock
Phillips,Marquise,Barry,Sydney,Phillips,Trey
Wisoff,Sade,Deardorff,Paige,Wisoff,Alfonso
Anderson,Rakeem,Barry,Irma,Anderson,Matthew
Wisoff,Felisha,Deardorff,Paige,Wisoff,Alfonso
Anderson,Brad,Barry,Irma,Anderson,Matthew
Wisoff,Karina,Deardorff,Paige,Wisoff,Alfonso
Anderson,Britt,Barry,Irma,Anderson,Matthew
Wisoff,Riley,Deardorff,Paige,Wisoff,Alfonso
Anderson,Anthony,Barry,Irma,Anderson,Matthew
Wisoff,Emely,Deardorff,Sade,Wisoff,Rudy
Anderson,Juan,Barry,Irma,Anderson,Matthew
Wisoff,Isis,Deardorff,Sade,Wisoff,Rudy
Anderson,Sebastian,Barry,Elissa,Anderson,Lucas
Wisoff,Chantelle,Deardorff,Sade,Wisoff,Rudy
Anderson,Raymond,Barry,Elissa,Anderson,Lucas
Barry,Breann,Deardorff,Natasha,Barry,Fredy
Anderson,Menachem,Barry,Elissa,Anderson,Lucas
Barry,Ciara,Deardorff,Natasha,Barry,Fredy
Anderson,Destin,Barry,Elissa,Anderson,Lucas
Barry,Blaine,Deardorff,Brandi,Barry,Mark
Anderson,Britton,Barry,Elissa,Anderson,Lucas
Barry,Destiney,Deardorff,Kaya,Barry,Lawrence
Anderson,Chase,Barry,Elissa,Anderson,Lucas
Barry,Celia,Deardorff,Kaya,Barry,Lawrence
Anderson,Braxton,Barry,Elissa,Anderson,Lucas
Barry,Jesslyn,Deardorff,Kaya,Barry,Lawrence
Anderson,Kyle,Barry,Elissa,Anderson,Lucas
Barry,Carra,Deardorff,Kaya,Barry,Lawrence
Wisoff,Niko,Barry,Bethany,Wisoff,Ezekiel
Barry,Emmalee,Deardorff,Kaya,Barry,Lawrence
Wisoff,Armani,Barry,Bethany,Wisoff,Ezekiel
Barry,Genesis,Deardorff,Melisa,Barry,Rashad
Wisoff,Isidro,Barry,Bethany,Wisoff,Ezekiel
Barry,Shauna,Deardorff,Melisa,Barry,Rashad
Wisoff,Ezequiel,Barry,Bethany,Wisoff,Ezekiel
Barry,Francis,Deardorff,Melisa,Barry,Rashad
Wisoff,Demetrius,Barry,Bethany,Wisoff,Ezekiel
Barry,Charlene,Deardorff,Melisa,Barry,Rashad
Wisoff,Marquis,Barry,Bethany,Wisoff,Ezekiel
Barry,Devyn,Deardorff,Melisa,Barry,Rashad
Wisoff,Chaim,Barry,Bethany,Wisoff,Ezekiel
Barry,Tia,Deardorff,Melisa,Barry,Rashad
Wisoff,Destin,Barry,Bethany,Wisoff,Ezekiel
Barry,Kinsey,Deardorff,Melisa,Barry,Rashad
Wisoff,Kristofer,Barry,Bethany,Wisoff,Ezekiel
Barry,Mollie,Deardorff,Stevie,Barry,Sammie
Wisoff,Tyree,Barry,Adele,Wisoff,Ulysses
Barry,Kaylah,Deardorff,Stevie,Barry,Sammie
Wisoff,Ever,Barry,Adele,Wisoff,Ulysses
Deardorff,Aesha,Morgan,Karley,Deardorff,Yovani
Wisoff,Frederick,Barry,Adele,Wisoff,Ulysses
Deardorff,Suzanna,Morgan,Karley,Deardorff,Yovani
Wisoff,Tayler,Barry,Adele,Wisoff,Ulysses
Deardorff,Sasha,Morgan,Karley,Deardorff,Yovani
Wisoff,Branden,Barry,Adele,Wisoff,Ulysses
Deardorff,Yesenia,Morgan,Karley,Deardorff,Yovani
Wisoff,Joshua,Barry,Adele,Wisoff,Ulysses
Deardorff,Susan,Morgan,Karley,Deardorff,Yovani
Wisoff,Marlon,Barry,Adele,Wisoff,Ulysses
Deardorff,Justine,Morgan,Karley,Deardorff,Yovani
Wisoff,Lamar,Barry,Adele,Wisoff,Ulysses
Deardorff,Shanique,Morgan,Karley,Deardorff,Yovani
Wisoff,Sergio,Barry,Adele,Wisoff,Ulysses
Deardorff,Ivory,Morgan,Roxanne,Deardorff,Latrell
Wisoff,Jordan,Barry,Chana,Wisoff,Domonic
Deardorff,Deandrea,Morgan,Roxanne,Deardorff,Latrell
Wisoff,Quintyn,Barry,Chana,Wisoff,Domonic
Deardorff,Cierra,Morgan,Roxanne,Deardorff,Latrell
Wisoff,Tysen,Barry,Chana,Wisoff,Domonic
Deardorff,Keira,Morgan,Roxanne,Deardorff,Latrell
Wisoff,Eduardo,Barry,Logan,Wisoff,Brock
Deardorff,Kennedy,Morgan,Latoya,Deardorff,Gustavo
Wisoff,Treshaun,Barry,Logan,Wisoff,Brock
Deardorff,Jessa,Morgan,Latoya,Deardorff,Gustavo
Wisoff,Jacori,Deardorff,Paige,Wisoff,Alfonso
Deardorff,Felisha,Morgan,Latoya,Deardorff,Gustavo
Wisoff,Colbey,Deardorff,Paige,Wisoff,Alfonso
Deardorff,Rocio,Morgan,Latoya,Deardorff,Gustavo
Wisoff,Ryland,Deardorff,Paige,Wisoff,Alfonso
Deardorff,Karena,Morgan,Latoya,Deardorff,Gustavo
Wisoff,Jairus,Deardorff,Paige,Wisoff,Alfonso
Deardorff,Zahra,Morgan,Latoya,Deardorff,Gustavo
Wisoff,Stevan,Deardorff,Paige,Wisoff,Alfonso
Deardorff,Aireona,Morgan,Jazmyn,Deardorff,Bo
Wisoff,Esau,Deardorff,Paige,Wisoff,Alfonso
Deardorff,Kiarra,Morgan,Courtney,Deardorff,Damien
Wisoff,Santana,Deardorff,Paige,Wisoff,Alfonso
Deardorff,Hailee,Morgan,Courtney,Deardorff,Damien
Wisoff,Kendrick,Deardorff,Paige,Wisoff,Alfonso
Deardorff,Shannon,Morgan,Courtney,Deardorff,Damien
Wisoff,Efren,Deardorff,Paige,Wisoff,Alfonso
Deardorff,Chelsie,Morgan,Melody,Deardorff,Stevan
Wisoff,Quayshawn,Deardorff,Paige,Wisoff,Alfonso
Deardorff,Claudia,Morgan,Melody,Deardorff,Stevan
Wisoff,Jasen,Deardorff,Sade,Wisoff,Rudy
Deardorff,Joanne,Morgan,Melody,Deardorff,Stevan
Wisoff,Reynaldo,Deardorff,Sade,Wisoff,Rudy
Deardorff,Deserae,Morgan,Melody,Deardorff,Stevan
Barry,Noel,Deardorff,Natasha,Barry,Fredy
Deardorff,Mileena,Morgan,Melody,Deardorff,Stevan
Barry,Philip,Deardorff,Natasha,Barry,Fredy
Deardorff,Liliana,Morgan,Melody,Deardorff,Stevan
Barry,Jonah,Deardorff,Natasha,Barry,Fredy
Deardorff,Kassandra,Morgan,Melody,Deardorff,Stevan
Barry,Garrick,Deardorff,Brandi,Barry,Mark
Deardorff,Yasmeen,Morgan,Melody,Deardorff,Stevan
Barry,Johnathan,Deardorff,Brandi,Barry,Mark
Deardorff,Kate,Morgan,Melody,Deardorff,Stevan
Barry,Yovani,Deardorff,Brandi,Barry,Mark
Deardorff,Keanna,Morgan,Melody,Deardorff,Stevan
Barry,George,Deardorff,Brandi,Barry,Mark
Deardorff,Annalisa,Morgan,Melody,Deardorff,Stevan
Barry,Jesus,Deardorff,Brandi,Barry,Mark
Deardorff,Maura,Morgan,Melody,Deardorff,Stevan
Barry,Keon,Deardorff,Kaya,Barry,Lawrence
Morgan,Mona,Deardorff,Sidney,Morgan,Brenton
Barry,Cade,Deardorff,Kaya,Barry,Lawrence
Morgan,Kaili,Deardorff,Sidney,Morgan,Brenton
Barry,Shaun,Deardorff,Kaya,Barry,Lawrence
Morgan,Larissa,Deardorff,Sidney,Morgan,Brenton
Barry,Ever,Deardorff,Kaya,Barry,Lawrence
Morgan,Vivien,Deardorff,Sidney,Morgan,Brenton
Barry,Rudy,Deardorff,Kaya,Barry,Lawrence
Morgan,Essence,Chapman,Allison,Morgan,Kalon
Barry,Simeon,Deardorff,Melisa,Barry,Rashad
Morgan,Gabrielle,Chapman,Allison,Morgan,Kalon
Barry,Ladarius,Deardorff,Melisa,Barry,Rashad
Morgan,Darby,Chapman,Allison,Morgan,Kalon
Barry,Damian,Deardorff,Melisa,Barry,Rashad
Morgan,Tamera,Chapman,Allison,Morgan,Kalon
Barry,Jaquan,Deardorff,Melisa,Barry,Rashad
Morgan,Kayli,Chapman,Allison,Morgan,Kalon
Barry,Antoine,Deardorff,Melisa,Barry,Rashad
Morgan,Camisha,Chapman,Allison,Morgan,Kalon
Barry,Ishmael,Deardorff,Melisa,Barry,Rashad
Morgan,Kealani,Chapman,Allison,Morgan,Kalon
Barry,Parker,Deardorff,Melisa,Barry,Rashad
Morgan,Lizette,Chapman,Ebone,Morgan,Anfernee
Barry,Sawyer,Deardorff,Melisa,Barry,Rashad
Morgan,Shelby,Chapman,Ebone,Morgan,Anfernee
Barry,Maleek,Deardorff,Melisa,Barry,Rashad
Morgan,Kimberlee,Chapman,Ebone,Morgan,Anfernee
Barry,Anibal,Deardorff,Melisa,Barry,Rashad
Morgan,Monica,Chapman,Ebone,Morgan,Anfernee
Barry,Mckay,Deardorff,Melisa,Barry,Rashad
Morgan,Julianna,Chapman,Ebone,Morgan,Anfernee
Barry,Deshawn,Deardorff,Stevie,Barry,Sammie
Morgan,Bonnie,Chapman,Karah,Morgan,Corbin
Barry,Rolando,Deardorff,Stevie,Barry,Sammie
Morgan,Patricia,Meade,Patience,Morgan,Joe
Barry,Nico,Deardorff,Stevie,Barry,Sammie
Morgan,Tianna,Meade,Patience,Morgan,Joe
Barry,Jayson,Deardorff,Stevie,Barry,Sammie
Morgan,Rian,Meade,Patience,Morgan,Joe
Barry,Lauren,Deardorff,Stevie,Barry,Sammie
Morgan,Arianna,Chawla,Violet,Morgan,Kyler
Deardorff,Conrad,Morgan,Karley,Deardorff,Yovani
Morgan,Rayven,Chawla,Violet,Morgan,Kyler
Deardorff,Tommy,Morgan,Karley,Deardorff,Yovani
Morgan,Destini,Chawla,Violet,Morgan,Kyler
Deardorff,Kaleb,Morgan,Karley,Deardorff,Yovani
Morgan,Georgia,Chawla,Violet,Morgan,Kyler
Deardorff,Devante,Morgan,Karley,Deardorff,Yovani
Morgan,Mikhaila,Chawla,Violet,Morgan,Kyler
Deardorff,Emilio,Morgan,Karley,Deardorff,Yovani
Morgan,Shiann,Chawla,Violet,Morgan,Kyler
Deardorff,Ian,Morgan,Roxanne,Deardorff,Latrell
Morgan,Kalee,Chawla,Violet,Morgan,Kyler
Deardorff,Jarvis,Morgan,Roxanne,Deardorff,Latrell
Morgan,Sunny,Chawla,Violet,Morgan,Kyler
Deardorff,Neil,Morgan,Roxanne,Deardorff,Latrell
Morgan,Cheyann,Chawla,Elisa,Morgan,Bennie
Deardorff,Samual,Morgan,Roxanne,Deardorff,Latrell
Morgan,Breanna,Chawla,Lourdes,Morgan,Xavier
Deardorff,Rahim,Morgan,Roxanne,Deardorff,Latrell
Morgan,Destiney,Chawla,Lourdes,Morgan,Xavier
Deardorff,Tylor,Morgan,Latoya,Deardorff,Gustavo
Morgan,Bobbie,Chawla,Lourdes,Morgan,Xavier
Deardorff,Tyrell,Morgan,Latoya,Deardorff,Gustavo
Morgan,Giselle,Chawla,Lourdes,Morgan,Xavier
Deardorff,Benjamen,Morgan,Latoya,Deardorff,Gustavo
Morgan,Sheridan,Chawla,Lourdes,Morgan,Xavier
Deardorff,Cooper,Morgan,Latoya,Deardorff,Gustavo
Morgan,Bridgette,Chawla,Lourdes,Morgan,Xavier
Deardorff,Collin,Morgan,Latoya,Deardorff,Gustavo
Morgan,Ashlyn,Chawla,Lourdes,Morgan,Xavier
Deardorff,Rodrigo,Morgan,Jazmyn,Deardorff,Bo
Morgan,Claudia,Chawla,Lourdes,Morgan,Xavier
Deardorff,Kellen,Morgan,Jazmyn,Deardorff,Bo
Morgan,Jaida,Chawla,Shirley,Morgan,Mathieu
Deardorff,Emerson,Morgan,Courtney,Deardorff,Damien
Morgan,Blaze,Chawla,Shirley,Morgan,Mathieu
Deardorff,Anfernee,Morgan,Courtney,Deardorff,Damien
Morgan,Kirsten,Chawla,Shirley,Morgan,Mathieu
Deardorff,Van,Morgan,Melody,Deardorff,Stevan
Morgan,Breeanna,Chawla,Shirley,Morgan,Mathieu
Deardorff,Emiliano,Morgan,Melody,Deardorff,Stevan
Morgan,Carli,Chawla,Shirley,Morgan,Mathieu
Deardorff,Davon,Morgan,Melody,Deardorff,Stevan
Morgan,Chyanne,Chawla,Shirley,Morgan,Mathieu
Deardorff,Dana,Morgan,Melody,Deardorff,Stevan
Morgan,Simone,Chawla,Shirley,Morgan,Mathieu
Deardorff,Zev,Morgan,Melody,Deardorff,Stevan
Chapman,Margaret,Morgan,Tiffanie,Chapman,Garrick
Deardorff,Sterling,Morgan,Melody,Deardorff,Stevan
Chapman,Sapphire,Morgan,Tiffanie,Chapman,Garrick
Deardorff,Davin,Morgan,Melody,Deardorff,Stevan
Chapman,Delilah,Morgan,Tiffanie,Chapman,Garrick
Deardorff,Jasen,Morgan,Melody,Deardorff,Stevan
Chapman,Nathaly,Morgan,Tiffanie,Chapman,Garrick
Morgan,Jarrod,Deardorff,Sidney,Morgan,Brenton
Chapman,Lilian,Morgan,Jana,Chapman,Armando
Morgan,Griffin,Deardorff,Sidney,Morgan,Brenton
Chapman,Xian,Morgan,Jana,Chapman,Armando
Morgan,Westley,Deardorff,Sidney,Morgan,Brenton
Chapman,Lauryn,Morgan,Jana,Chapman,Armando
Morgan,Michal,Deardorff,Sidney,Morgan,Brenton
Chapman,Alannah,Morgan,Jana,Chapman,Armando
Morgan,Bobby,Deardorff,Sidney,Morgan,Brenton
Chapman,Janice,Morgan,Jana,Chapman,Armando
Morgan,Weston,Deardorff,Sidney,Morgan,Brenton
Chapman,Mckayla,Morgan,Jana,Chapman,Armando
Morgan,Nathaniel,Chapman,Allison,Morgan,Kalon
Chapman,Angel,Morgan,Jana,Chapman,Armando
Morgan,Reed,Chapman,Allison,Morgan,Kalon
Chapman,Chantel,Morgan,Jana,Chapman,Armando
Morgan,Nour,Chapman,Allison,Morgan,Kalon
Chapman,Marcia,Morgan,Jana,Chapman,Armando
Morgan,Maliki,Chapman,Allison,Morgan,Kalon
Chapman,Mikayla,Morgan,Jana,Chapman,Armando
Morgan,Brodie,Chapman,Allison,Morgan,Kalon
Chapman,Tabatha,Morgan,Elsa,Chapman,Spencer
Morgan,Julius,Chapman,Allison,Morgan,Kalon
Chapman,Yesenia,Morgan,Elsa,Chapman,Spencer
Morgan,Deonta,Chapman,Allison,Morgan,Kalon
Chapman,Molli,Morgan,Elsa,Chapman,Spencer
Morgan,Leroy,Chapman,Ebone,Morgan,Anfernee
Chapman,Francisca,Morgan,Elsa,Chapman,Spencer
Morgan,Anthoni,Chapman,Ebone,Morgan,Anfernee
Chapman,Torrie,Chawla,Shyann,Chapman,Mason
Morgan,Savion,Chapman,Ebone,Morgan,Anfernee
Chapman,Tasia,Chawla,Shyann,Chapman,Mason
Morgan,Zachary,Chapman,Ebone,Morgan,Anfernee
Chapman,Corina,Chawla,Shyann,Chapman,Mason
Morgan,Joan,Chapman,Karah,Morgan,Corbin
Chapman,Celia,Chawla,Shyann,Chapman,Mason
Morgan,Henry,Chapman,Karah,Morgan,Corbin
Chapman,Linnea,Chawla,Latoya,Chapman,Roman
Morgan,Keaton,Chapman,Karah,Morgan,Corbin
Chapman,Xiomara,Chawla,Latoya,Chapman,Roman
Morgan,Davis,Chapman,Karah,Morgan,Corbin
Chapman,Carlie,Chawla,Latoya,Chapman,Roman
Morgan,Justin,Chapman,Karah,Morgan,Corbin
Chapman,Karla,Chawla,Latoya,Chapman,Roman
Morgan,Deonte,Chapman,Karah,Morgan,Corbin
Chapman,Valeria,Chawla,Latoya,Chapman,Roman
Morgan,Eric,Meade,Patience,Morgan,Joe
Chapman,Mari,Chawla,Latoya,Chapman,Roman
Morgan,Saul,Meade,Patience,Morgan,Joe
Chapman,Sonya,Chawla,Latoya,Chapman,Roman
Morgan,Mickey,Chawla,Violet,Morgan,Kyler
Chapman,Sarafina,Chawla,Latoya,Chapman,Roman
Morgan,Dana,Chawla,Violet,Morgan,Kyler
Chapman,Bailee,Chawla,Latoya,Chapman,Roman
Morgan,Jamie,Chawla,Violet,Morgan,Kyler
Chapman,Summer,Chawla,Latoya,Chapman,Roman
Morgan,Max,Chawla,Violet,Morgan,Kyler
Chapman,Gilda,Chawla,Latoya,Chapman,Roman
Morgan,Malachi,Chawla,Violet,Morgan,Kyler
Chapman,Sophie,Chawla,Latoya,Chapman,Roman
Morgan,Nigel,Chawla,Violet,Morgan,Kyler
Chapman,Camisha,Chawla,Latoya,Chapman,Roman
Morgan,Vernon,Chawla,Violet,Morgan,Kyler
Chapman,Shelly,Chawla,Latoya,Chapman,Roman
Morgan,Brent,Chawla,Violet,Morgan,Kyler
Chapman,Courtney,Chawla,Xena,Chapman,Stephanie
Morgan,Kevin,Chawla,Violet,Morgan,Kyler
Chapman,Lesley,Chawla,Xena,Chapman,Stephanie
Morgan,Nestor,Chawla,Elisa,Morgan,Bennie
Chapman,Selina,Chawla,Xena,Chapman,Stephanie
Morgan,Jake,Chawla,Elisa,Morgan,Bennie
Chapman,Leeann,Chawla,Xena,Chapman,Stephanie
Morgan,Dashane,Chawla,Lourdes,Morgan,Xavier
Chapman,Katarina,Chawla,Xena,Chapman,Stephanie
Morgan,Jan,Chawla,Lourdes,Morgan,Xavier
Chapman,Sherry,Chawla,Xena,Chapman,Stephanie
Morgan,Carl,Chawla,Lourdes,Morgan,Xavier
Chapman,Tessa,Chawla,Xena,Chapman,Stephanie
Morgan,Eberardo,Chawla,Lourdes,Morgan,Xavier
Chapman,Tiffanie,Chawla,Xena,Chapman,Stephanie
Morgan,Romello,Chawla,Shirley,Morgan,Mathieu
Chapman,Ali,Chawla,Xena,Chapman,Stephanie
Morgan,Rogelio,Chawla,Shirley,Morgan,Mathieu
Chapman,Juliet,Chawla,Xena,Chapman,Stephanie
Morgan,Zachery,Chawla,Shirley,Morgan,Mathieu
Chapman,Jabria,Chawla,Xena,Chapman,Stephanie
Morgan,Frederick,Chawla,Shirley,Morgan,Mathieu
Chapman,Maeghan,Chawla,Xena,Chapman,Stephanie
Morgan,Bryan,Chawla,Shirley,Morgan,Mathieu
Chapman,Elisa,Chawla,Xena,Chapman,Stephanie
Morgan,Javier,Chawla,Shirley,Morgan,Mathieu
Chapman,Xandria,Chawla,Xena,Chapman,Stephanie
