Deardorff,Giovanni,Caldwell,Alma,Deardorff,Anthoni
Burbank,Fiona,Givens,Hailey,Burbank,Dexter
Gorie,Mauricio,Whitson,Louisa,Gorie,Jair
Schirra,Kayley,Lovell,Jaymee,Schirra,Arian
Thomas,Jake,White,Janet,Thomas,Tanner
Scobee,Stephany,Franklin,Daphne,Scobee,Karl
Lousma,Jeb,Coats,Maegan,Lousma,Kerrick
Gemar,Sade,Schwartz,Geneva,Gemar,Anthony
Garfield,Sidney,Schmitt,Miracle,Garfield,Alexander
Carr,Keyshla,Loria,Jasmin,Carr,Tylar
Williams,Marc,Cleveland,Beverly,Williams,Kenny
Apt,Shanyce,Harris,Renee,Apt,Alexis
Casper,Frankie,Aldrin,Martha,Casper,Liam
Burbank,Stella,Spring,Maura,Burbank,Michael
Chamitoff,Arian,Cutter,Teresa,Chamitoff,Romeo
Lucid,Ryann,Tanner,Krysta,Lucid,Gregory
McNair,Houston,Collins,Kathryn,McNair,Xzavier
Stefanyshyn,Keri,Reagan,Alysa,Stefanyshyn,Brian
Fabian,Ruben,Roosevelt,Jadah,Fabian,Corbin
Cunningham,Shelby,Hartsfield,Caitlan,Cunningham,Bradly
Hilmers,Kelton,Carter,Linda,Hilmers,Kamau
Aldrin,Mariangeli,Pflugel,Simone,Aldrin,Jevin
Tanner,Franklin,Irwin,Alena,Tanner,Alfonso
Magnus,Gabriel,Mattingly,Diamond,Magnus,Patric
Wisoff,Brody,Cleave,Crystal,Wisoff,Andy
Gardner,Helena,Jett,Marisela,Gardner,Ever
Bolden,Sebastien,Tanner,Julianna,Bolden,Jessie
Deardorff,Dyamond,Burbank,Fiona,Deardorff,Giovanni
McMonagle,Yuri,Harrison,Hayley,McMonagle,Ahmed
Deardorff,Kaytlyn,Burbank,Fiona,Deardorff,Giovanni
Linenger,Mitchell,Apt,Maddison,Linenger,Edgar
Deardorff,Jazmon,Burbank,Fiona,Deardorff,Giovanni
Barry,Gideon,Fincke,Crystal,Barry,Liam
Deardorff,Reina,Burbank,Fiona,Deardorff,Giovanni
Deardorff,Humberto,Burbank,Fiona,Deardorff,Giovanni
Deardorff,Renee,Burbank,Fiona,Deardorff,Giovanni
Deardorff,Joey,Burbank,Fiona,Deardorff,Giovanni
Deardorff,Courteney,Burbank,Fiona,Deardorff,Giovanni
Deardorff,Elmer,Burbank,Fiona,Deardorff,Giovanni
Deardorff,Jenny,Burbank,Fiona,Deardorff,Giovanni
Deardorff,Hiram,Burbank,Fiona,Deardorff,Giovanni
Deardorff,Tamara,Burbank,Fiona,Deardorff,Giovanni
Deardorff,Tylor,Burbank,Fiona,Deardorff,Giovanni
Gorie,Jeffrey,Schirra,Kayley,Gorie,Mauricio
Deardorff,Tyrone,Burbank,Fiona,Deardorff,Giovanni
Gorie,Genna,Schirra,Kayley,Gorie,Mauricio
Deardorff,Darian,Burbank,Fiona,Deardorff,Giovanni
Gorie,Devyn,Schirra,Kayley,Gorie,Mauricio
Deardorff,Kieran,Burbank,Fiona,Deardorff,Giovanni
Thomas,Odalys,Scobee,Stephany,Thomas,Jake
Gorie,Lazaro,Schirra,Kayley,Gorie,Mauricio
Thomas,Cherokee,Scobee,Stephany,Thomas,Jake
Gorie,Wilson,Schirra,Kayley,Gorie,Mauricio
Lousma,Katelynn,Gemar,Sade,Lousma,Jeb
Gorie,Xzavier,Schirra,Kayley,Gorie,Mauricio
Lousma,Haley,Gemar,Sade,Lousma,Jeb
Gorie,Jacoby,Schirra,Kayley,Gorie,Mauricio
Lousma,Carlie,Gemar,Sade,Lousma,Jeb
Thomas,Dayton,Scobee,Stephany,Thomas,Jake
Lousma,Kylee,Gemar,Sade,Lousma,Jeb
Thomas,Jameson,Scobee,Stephany,Thomas,Jake
Lousma,Aesha,Gemar,Sade,Lousma,Jeb
Lousma,Efren,Gemar,Sade,Lousma,Jeb
Lousma,Aubrie,Gemar,Sade,Lousma,Jeb
Lousma,Miguel,Gemar,Sade,Lousma,Jeb
Garfield,Noel,Carr,Keyshla,Garfield,Sidney
Lousma,Ricky,Gemar,Sade,Lousma,Jeb
Garfield,Bree,Carr,Keyshla,Garfield,Sidney
Lousma,Graham,Gemar,Sade,Lousma,Jeb
Garfield,Angelica,Carr,Keyshla,Garfield,Sidney
Lousma,Devin,Gemar,Sade,Lousma,Jeb
Garfield,Tabitha,Carr,Keyshla,Garfield,Sidney
Lousma,Griffin,Gemar,Sade,Lousma,Jeb
Garfield,Olga,Carr,Keyshla,Garfield,Sidney
Lousma,Bryson,Gemar,Sade,Lousma,Jeb
Garfield,Melinda,Carr,Keyshla,Garfield,Sidney
Lousma,Jalil,Gemar,Sade,Lousma,Jeb
Garfield,Makena,Carr,Keyshla,Garfield,Sidney
Lousma,Quintin,Gemar,Sade,Lousma,Jeb
Garfield,Payton,Carr,Keyshla,Garfield,Sidney
Garfield,Anthony,Carr,Keyshla,Garfield,Sidney
Garfield,Skye,Carr,Keyshla,Garfield,Sidney
Garfield,Angel,Carr,Keyshla,Garfield,Sidney
Garfield,Brenna,Carr,Keyshla,Garfield,Sidney
Williams,Fredy,Apt,Shanyce,Williams,Marc
Garfield,Alesia,Carr,Keyshla,Garfield,Sidney
Casper,Derek,Burbank,Stella,Casper,Frankie
Garfield,Chloie,Carr,Keyshla,Garfield,Sidney
Casper,Nour,Burbank,Stella,Casper,Frankie
Garfield,Savannah,Carr,Keyshla,Garfield,Sidney
Casper,Alex,Burbank,Stella,Casper,Frankie
Garfield,Madeleine,Carr,Keyshla,Garfield,Sidney
Casper,Roy,Burbank,Stella,Casper,Frankie
Garfield,Angle,Carr,Keyshla,Garfield,Sidney
Casper,Jajuan,Burbank,Stella,Casper,Frankie
Garfield,Vera,Carr,Keyshla,Garfield,Sidney
Casper,Kaden,Burbank,Stella,Casper,Frankie
Williams,Bryanna,Apt,Shanyce,Williams,Marc
Chamitoff,Roberto,Lucid,Ryann,Chamitoff,Arian
Williams,Anitra,Apt,Shanyce,Williams,Marc
Chamitoff,Kelvin,Lucid,Ryann,Chamitoff,Arian
Casper,Kacie,Burbank,Stella,Casper,Frankie
Chamitoff,Fred,Lucid,Ryann,Chamitoff,Arian
Casper,Aylssa,Burbank,Stella,Casper,Frankie
Chamitoff,Jayden,Lucid,Ryann,Chamitoff,Arian
Chamitoff,Jacklyn,Lucid,Ryann,Chamitoff,Arian
Chamitoff,Patrick,Lucid,Ryann,Chamitoff,Arian
Chamitoff,Bridgette,Lucid,Ryann,Chamitoff,Arian
Chamitoff,Ramiro,Lucid,Ryann,Chamitoff,Arian
Chamitoff,Kiesha,Lucid,Ryann,Chamitoff,Arian
Chamitoff,Brenton,Lucid,Ryann,Chamitoff,Arian
Chamitoff,Chana,Lucid,Ryann,Chamitoff,Arian
Chamitoff,Rigoberto,Lucid,Ryann,Chamitoff,Arian
Chamitoff,Breanne,Lucid,Ryann,Chamitoff,Arian
McNair,Migel,Stefanyshyn,Keri,McNair,Houston
Chamitoff,Domonique,Lucid,Ryann,Chamitoff,Arian
McNair,Robert,Stefanyshyn,Keri,McNair,Houston
Chamitoff,Yajaira,Lucid,Ryann,Chamitoff,Arian
McNair,Tyrone,Stefanyshyn,Keri,McNair,Houston
Chamitoff,Kenna,Lucid,Ryann,Chamitoff,Arian
McNair,Keaton,Stefanyshyn,Keri,McNair,Houston
Chamitoff,Asha,Lucid,Ryann,Chamitoff,Arian
McNair,Peyton,Stefanyshyn,Keri,McNair,Houston
Chamitoff,Kallee,Lucid,Ryann,Chamitoff,Arian
Fabian,Caleb,Cunningham,Shelby,Fabian,Ruben
Chamitoff,Brianne,Lucid,Ryann,Chamitoff,Arian
Fabian,Skyler,Cunningham,Shelby,Fabian,Ruben
McNair,Marivel,Stefanyshyn,Keri,McNair,Houston
Fabian,Trevor,Cunningham,Shelby,Fabian,Ruben
Fabian,Jami,Cunningham,Shelby,Fabian,Ruben
Fabian,Patrick,Cunningham,Shelby,Fabian,Ruben
Fabian,Sarafina,Cunningham,Shelby,Fabian,Ruben
Fabian,Francisco,Cunningham,Shelby,Fabian,Ruben
Fabian,Autumn,Cunningham,Shelby,Fabian,Ruben
Fabian,Valentin,Cunningham,Shelby,Fabian,Ruben
Fabian,Sabrina,Cunningham,Shelby,Fabian,Ruben
Hilmers,Kerrick,Aldrin,Mariangeli,Hilmers,Kelton
Fabian,Samantha,Cunningham,Shelby,Fabian,Ruben
Hilmers,Russell,Aldrin,Mariangeli,Hilmers,Kelton
Fabian,Carley,Cunningham,Shelby,Fabian,Ruben
Hilmers,Kirkland,Aldrin,Mariangeli,Hilmers,Kelton
Fabian,Meaghan,Cunningham,Shelby,Fabian,Ruben
Tanner,Britton,Magnus,Gabriel,Tanner,Franklin
Fabian,Lesley,Cunningham,Shelby,Fabian,Ruben
Tanner,Dominique,Magnus,Gabriel,Tanner,Franklin
Fabian,Marjorie,Cunningham,Shelby,Fabian,Ruben
Tanner,Tevin,Magnus,Gabriel,Tanner,Franklin
Fabian,Cori,Cunningham,Shelby,Fabian,Ruben
Tanner,Evan,Magnus,Gabriel,Tanner,Franklin
Fabian,Melissa,Cunningham,Shelby,Fabian,Ruben
Tanner,Matthew,Magnus,Gabriel,Tanner,Franklin
Fabian,Graciela,Cunningham,Shelby,Fabian,Ruben
Tanner,Pablo,Magnus,Gabriel,Tanner,Franklin
Hilmers,Selena,Aldrin,Mariangeli,Hilmers,Kelton
Tanner,Peyton,Magnus,Gabriel,Tanner,Franklin
Hilmers,Sneha,Aldrin,Mariangeli,Hilmers,Kelton
Tanner,Tallon,Magnus,Gabriel,Tanner,Franklin
Hilmers,Monika,Aldrin,Mariangeli,Hilmers,Kelton
Tanner,Rex,Magnus,Gabriel,Tanner,Franklin
Tanner,Arlene,Magnus,Gabriel,Tanner,Franklin
Tanner,Kerrick,Magnus,Gabriel,Tanner,Franklin
Tanner,Makala,Magnus,Gabriel,Tanner,Franklin
Tanner,Sammie,Magnus,Gabriel,Tanner,Franklin
Tanner,Lynda,Magnus,Gabriel,Tanner,Franklin
Wisoff,Jamel,Gardner,Helena,Wisoff,Brody
Tanner,Jennie,Magnus,Gabriel,Tanner,Franklin
Wisoff,Hiram,Gardner,Helena,Wisoff,Brody
Tanner,Kiesha,Magnus,Gabriel,Tanner,Franklin
Wisoff,Rene,Gardner,Helena,Wisoff,Brody
Tanner,Chardonnay,Magnus,Gabriel,Tanner,Franklin
Wisoff,Santos,Gardner,Helena,Wisoff,Brody
Tanner,Anisha,Magnus,Gabriel,Tanner,Franklin
Bolden,Barry,Deardorff,Dyamond,Bolden,Sebastien
Wisoff,Sade,Gardner,Helena,Wisoff,Brody
Bolden,Cory,Deardorff,Dyamond,Bolden,Sebastien
Wisoff,Katerina,Gardner,Helena,Wisoff,Brody
Bolden,Freeman,Deardorff,Dyamond,Bolden,Sebastien
Wisoff,April,Gardner,Helena,Wisoff,Brody
Bolden,Erin,Deardorff,Dyamond,Bolden,Sebastien
Wisoff,Kaitlin,Gardner,Helena,Wisoff,Brody
Bolden,Ruben,Deardorff,Dyamond,Bolden,Sebastien
Wisoff,Rebeca,Gardner,Helena,Wisoff,Brody
Bolden,Juancarlos,Deardorff,Dyamond,Bolden,Sebastien
Bolden,Jaqueline,Deardorff,Dyamond,Bolden,Sebastien
Bolden,Mitchell,Deardorff,Dyamond,Bolden,Sebastien
Bolden,Stefanie,Deardorff,Dyamond,Bolden,Sebastien
Bolden,Killian,Deardorff,Dyamond,Bolden,Sebastien
Bolden,Zandria,Deardorff,Dyamond,Bolden,Sebastien
Bolden,Austen,Deardorff,Dyamond,Bolden,Sebastien
Bolden,Shanise,Deardorff,Dyamond,Bolden,Sebastien
McMonagle,Errol,Deardorff,Kaytlyn,McMonagle,Yuri
Bolden,Sky,Deardorff,Dyamond,Bolden,Sebastien
McMonagle,Dominic,Deardorff,Kaytlyn,McMonagle,Yuri
Bolden,Gilda,Deardorff,Dyamond,Bolden,Sebastien
McMonagle,Hayden,Deardorff,Kaytlyn,McMonagle,Yuri
McMonagle,Maryann,Deardorff,Kaytlyn,McMonagle,Yuri
McMonagle,Jevin,Deardorff,Kaytlyn,McMonagle,Yuri
McMonagle,Frida,Deardorff,Kaytlyn,McMonagle,Yuri
McMonagle,Alec,Deardorff,Kaytlyn,McMonagle,Yuri
McMonagle,London,Deardorff,Kaytlyn,McMonagle,Yuri
Linenger,Xavier,Deardorff,Jazmon,Linenger,Mitchell
Linenger,Alana,Deardorff,Jazmon,Linenger,Mitchell
Linenger,Brice,Deardorff,Jazmon,Linenger,Mitchell
Linenger,Divya,Deardorff,Jazmon,Linenger,Mitchell
Linenger,Jair,Deardorff,Jazmon,Linenger,Mitchell
Linenger,Kiarra,Deardorff,Jazmon,Linenger,Mitchell
Linenger,Jajuan,Deardorff,Jazmon,Linenger,Mitchell
Linenger,Aerial,Deardorff,Jazmon,Linenger,Mitchell
Barry,Jarrod,Deardorff,Reina,Barry,Gideon
Linenger,Anissa,Deardorff,Jazmon,Linenger,Mitchell
Barry,Brennan,Deardorff,Reina,Barry,Gideon
Linenger,Reagan,Deardorff,Jazmon,Linenger,Mitchell
Barry,Justice,Deardorff,Reina,Barry,Gideon
Linenger,Iridiana,Deardorff,Jazmon,Linenger,Mitchell
Barry,Marcanthon,Deardorff,Reina,Barry,Gideon
Barry,Symphony,Deardorff,Reina,Barry,Gideon
Deardorff,Braydon,Gorie,Jeffrey,Deardorff,Humberto
Barry,Gwendolyn,Deardorff,Reina,Barry,Gideon
Deardorff,River,Gorie,Jeffrey,Deardorff,Humberto
Barry,Reyna,Deardorff,Reina,Barry,Gideon
Deardorff,Dylan,Gorie,Jeffrey,Deardorff,Humberto
Deardorff,Toni,Gorie,Jeffrey,Deardorff,Humberto
Deardorff,Toby,Gorie,Jeffrey,Deardorff,Humberto
Deardorff,Joanna,Gorie,Jeffrey,Deardorff,Humberto
Deardorff,Dean,Gorie,Jeffrey,Deardorff,Humberto
Deardorff,Malika,Gorie,Jeffrey,Deardorff,Humberto
Deardorff,Harold,Gorie,Jeffrey,Deardorff,Humberto
Deardorff,Berenice,Gorie,Jeffrey,Deardorff,Humberto
Deardorff,Andres,Gorie,Genna,Deardorff,Joey
Deardorff,Daija,Gorie,Jeffrey,Deardorff,Humberto
Deardorff,Mariano,Gorie,Genna,Deardorff,Joey
Deardorff,Estefania,Gorie,Jeffrey,Deardorff,Humberto
Deardorff,Austyn,Gorie,Genna,Deardorff,Joey
Deardorff,Torrie,Gorie,Jeffrey,Deardorff,Humberto
Deardorff,Cory,Gorie,Genna,Deardorff,Joey
Deardorff,Chantelle,Gorie,Genna,Deardorff,Joey
Deardorff,Adonis,Gorie,Genna,Deardorff,Joey
Deardorff,Jane,Gorie,Genna,Deardorff,Joey
Deardorff,Bryan,Gorie,Genna,Deardorff,Joey
Deardorff,Irma,Gorie,Genna,Deardorff,Joey
Deardorff,Roger,Gorie,Devyn,Deardorff,Elmer
Deardorff,Shawna,Gorie,Genna,Deardorff,Joey
Deardorff,Abel,Gorie,Devyn,Deardorff,Elmer
Deardorff,Catalina,Gorie,Genna,Deardorff,Joey
Deardorff,Fernando,Gorie,Devyn,Deardorff,Elmer
Deardorff,Misty,Gorie,Genna,Deardorff,Joey
Deardorff,Karl,Gorie,Devyn,Deardorff,Elmer
Deardorff,Carra,Gorie,Genna,Deardorff,Joey
Deardorff,Nicholaus,Gorie,Devyn,Deardorff,Elmer
Deardorff,Janette,Gorie,Devyn,Deardorff,Elmer
Deardorff,Markus,Gorie,Devyn,Deardorff,Elmer
Deardorff,Ivy,Gorie,Devyn,Deardorff,Elmer
Deardorff,Peter,Gorie,Devyn,Deardorff,Elmer
Deardorff,Alena,Gorie,Devyn,Deardorff,Elmer
Deardorff,Yovani,Gorie,Devyn,Deardorff,Elmer
Deardorff,Crystal,Gorie,Devyn,Deardorff,Elmer
Deardorff,Jayson,Thomas,Odalys,Deardorff,Hiram
Deardorff,Kylee,Gorie,Devyn,Deardorff,Elmer
Deardorff,Payton,Thomas,Odalys,Deardorff,Hiram
Deardorff,Ariana,Thomas,Odalys,Deardorff,Hiram
Deardorff,Ladarius,Thomas,Odalys,Deardorff,Hiram
Deardorff,Maegen,Thomas,Odalys,Deardorff,Hiram
Deardorff,Layne,Lousma,Katelynn,Deardorff,Tyrone
Deardorff,Mia,Thomas,Odalys,Deardorff,Hiram
Deardorff,David,Lousma,Katelynn,Deardorff,Tyrone
Deardorff,Joceline,Thomas,Odalys,Deardorff,Hiram
Deardorff,Trae,Lousma,Katelynn,Deardorff,Tyrone
Deardorff,Rebecca,Thomas,Odalys,Deardorff,Hiram
Deardorff,Kamau,Lousma,Haley,Deardorff,Darian
Deardorff,Cristina,Thomas,Odalys,Deardorff,Hiram
Deardorff,Damian,Lousma,Haley,Deardorff,Darian
Deardorff,Terri,Thomas,Odalys,Deardorff,Hiram
Deardorff,Deion,Lousma,Carlie,Deardorff,Kieran
Deardorff,Kansas,Thomas,Odalys,Deardorff,Hiram
Deardorff,Mauricio,Lousma,Carlie,Deardorff,Kieran
Deardorff,Lexus,Thomas,Odalys,Deardorff,Hiram
Gorie,Jeremiah,Deardorff,Renee,Gorie,Lazaro
Deardorff,Khyla,Thomas,Odalys,Deardorff,Hiram
Gorie,Eddie,Deardorff,Courteney,Gorie,Wilson
Deardorff,Kirstie,Thomas,Odalys,Deardorff,Hiram
Gorie,Ray,Deardorff,Courteney,Gorie,Wilson
Deardorff,Casie,Thomas,Cherokee,Deardorff,Tylor
Gorie,Wesley,Deardorff,Courteney,Gorie,Wilson
Deardorff,Tanisha,Thomas,Cherokee,Deardorff,Tylor
Gorie,Gavin,Deardorff,Jenny,Gorie,Xzavier
Deardorff,Maria,Thomas,Cherokee,Deardorff,Tylor
Gorie,Tony,Deardorff,Tamara,Gorie,Jacoby
Deardorff,Deborah,Lousma,Katelynn,Deardorff,Tyrone
Gorie,Damon,Deardorff,Tamara,Gorie,Jacoby
Deardorff,Theresa,Lousma,Haley,Deardorff,Darian
Gorie,Emmitt,Deardorff,Tamara,Gorie,Jacoby
Deardorff,Cheyanne,Lousma,Haley,Deardorff,Darian
Gorie,Rogelio,Deardorff,Tamara,Gorie,Jacoby
Deardorff,Jazmyn,Lousma,Carlie,Deardorff,Kieran
Gorie,Lorenzo,Deardorff,Tamara,Gorie,Jacoby
Deardorff,Caylin,Lousma,Carlie,Deardorff,Kieran
Gorie,Ryan,Deardorff,Tamara,Gorie,Jacoby
Deardorff,Brielle,Lousma,Carlie,Deardorff,Kieran
Gorie,Patrick,Deardorff,Tamara,Gorie,Jacoby
Gorie,Delilah,Deardorff,Renee,Gorie,Lazaro
Gorie,Jarrod,Deardorff,Tamara,Gorie,Jacoby
Gorie,Khaila,Deardorff,Renee,Gorie,Lazaro
Thomas,Savion,Lousma,Kylee,Thomas,Dayton
Gorie,Michal,Deardorff,Courteney,Gorie,Wilson
Thomas,Spenser,Lousma,Kylee,Thomas,Dayton
Gorie,Raegan,Deardorff,Courteney,Gorie,Wilson
Thomas,Marquis,Lousma,Kylee,Thomas,Dayton
Gorie,Kaylin,Deardorff,Jenny,Gorie,Xzavier
Thomas,Mickey,Lousma,Kylee,Thomas,Dayton
Gorie,Joselin,Deardorff,Jenny,Gorie,Xzavier
Thomas,Keagan,Lousma,Kylee,Thomas,Dayton
Gorie,Jenniffer,Deardorff,Tamara,Gorie,Jacoby
Thomas,Devante,Lousma,Kylee,Thomas,Dayton
Gorie,Jori,Deardorff,Tamara,Gorie,Jacoby
Thomas,Conor,Lousma,Kylee,Thomas,Dayton
Gorie,Brenda,Deardorff,Tamara,Gorie,Jacoby
Thomas,Lloyd,Lousma,Kylee,Thomas,Dayton
Gorie,Debra,Deardorff,Tamara,Gorie,Jacoby
Thomas,Stewart,Lousma,Kylee,Thomas,Dayton
Gorie,Kelley,Deardorff,Tamara,Gorie,Jacoby
Thomas,Nigel,Lousma,Kylee,Thomas,Dayton
Gorie,Corinne,Deardorff,Tamara,Gorie,Jacoby
Thomas,Samual,Lousma,Aesha,Thomas,Jameson
Gorie,Giovanna,Deardorff,Tamara,Gorie,Jacoby
Thomas,Eli,Lousma,Aesha,Thomas,Jameson
Gorie,Kalee,Deardorff,Tamara,Gorie,Jacoby
Thomas,Shemar,Lousma,Aesha,Thomas,Jameson
Gorie,Rachel,Deardorff,Tamara,Gorie,Jacoby
Thomas,Damien,Lousma,Aesha,Thomas,Jameson
Gorie,Lynette,Deardorff,Tamara,Gorie,Jacoby
Lousma,Pedro,Garfield,Noel,Lousma,Efren
Thomas,Yessenia,Lousma,Kylee,Thomas,Dayton
Lousma,Deonta,Garfield,Noel,Lousma,Efren
Thomas,Katlyn,Lousma,Kylee,Thomas,Dayton
Lousma,Enrique,Garfield,Noel,Lousma,Efren
Thomas,Anneliese,Lousma,Kylee,Thomas,Dayton
Lousma,Nikolas,Garfield,Noel,Lousma,Efren
Thomas,Leah,Lousma,Kylee,Thomas,Dayton
Lousma,Miles,Garfield,Noel,Lousma,Efren
Thomas,Liliana,Lousma,Kylee,Thomas,Dayton
Lousma,Josue,Garfield,Noel,Lousma,Efren
Thomas,Marianne,Lousma,Kylee,Thomas,Dayton
Lousma,Trevon,Garfield,Noel,Lousma,Efren
Thomas,Lila,Lousma,Kylee,Thomas,Dayton
Lousma,Ali,Garfield,Bree,Lousma,Miguel
Thomas,Elizabeth,Lousma,Kylee,Thomas,Dayton
Lousma,Maximillia,Garfield,Angelica,Lousma,Ricky
Thomas,Marli,Lousma,Kylee,Thomas,Dayton
Lousma,Dominic,Garfield,Angelica,Lousma,Ricky
Thomas,Analisa,Lousma,Aesha,Thomas,Jameson
Lousma,Kayvon,Garfield,Angelica,Lousma,Ricky
Thomas,Amy,Lousma,Aesha,Thomas,Jameson
Lousma,Tobias,Garfield,Angelica,Lousma,Ricky
Thomas,Simone,Lousma,Aesha,Thomas,Jameson
Lousma,Brennon,Garfield,Angelica,Lousma,Ricky
Lousma,Danika,Garfield,Noel,Lousma,Efren
Lousma,Shaquille,Garfield,Tabitha,Lousma,Graham
Lousma,Emilia,Garfield,Noel,Lousma,Efren
Lousma,Shemar,Garfield,Tabitha,Lousma,Graham
Lousma,Sara,Garfield,Noel,Lousma,Efren
Lousma,Colin,Garfield,Tabitha,Lousma,Graham
Lousma,Phoebe,Garfield,Noel,Lousma,Efren
Lousma,Dominick,Garfield,Tabitha,Lousma,Graham
Lousma,Khaila,Garfield,Noel,Lousma,Efren
Lousma,Bret,Garfield,Tabitha,Lousma,Graham
Lousma,Callie,Garfield,Bree,Lousma,Miguel
Lousma,Tony,Garfield,Olga,Lousma,Devin
Lousma,Monica,Garfield,Bree,Lousma,Miguel
Lousma,Jaron,Garfield,Olga,Lousma,Devin
Lousma,Edith,Garfield,Bree,Lousma,Miguel
Lousma,Jayce,Garfield,Olga,Lousma,Devin
Lousma,Alexandria,Garfield,Bree,Lousma,Miguel
Lousma,Allan,Garfield,Makena,Lousma,Bryson
Lousma,Mckenna,Garfield,Angelica,Lousma,Ricky
Lousma,Sedrick,Garfield,Makena,Lousma,Bryson
Lousma,Kendal,Garfield,Angelica,Lousma,Ricky
Lousma,Conrad,Garfield,Makena,Lousma,Bryson
Lousma,Tianna,Garfield,Angelica,Lousma,Ricky
Lousma,Jayden,Garfield,Makena,Lousma,Bryson
Lousma,Judy,Garfield,Angelica,Lousma,Ricky
Lousma,Quincy,Garfield,Makena,Lousma,Bryson
Lousma,Alisha,Garfield,Angelica,Lousma,Ricky
Lousma,Raymond,Garfield,Makena,Lousma,Bryson
Lousma,Amari,Garfield,Tabitha,Lousma,Graham
Lousma,Eduardo,Garfield,Makena,Lousma,Bryson
Lousma,Niki,Garfield,Tabitha,Lousma,Graham
Lousma,Jackson,Garfield,Payton,Lousma,Jalil
Lousma,Estefany,Garfield,Tabitha,Lousma,Graham
Lousma,Esau,Garfield,Payton,Lousma,Jalil
Lousma,Roslyn,Garfield,Tabitha,Lousma,Graham
Lousma,Kenneth,Garfield,Payton,Lousma,Jalil
Lousma,Katia,Garfield,Tabitha,Lousma,Graham
Lousma,Jan,Garfield,Skye,Lousma,Quintin
Lousma,Ashlynn,Garfield,Olga,Lousma,Devin
Lousma,Yakov,Garfield,Skye,Lousma,Quintin
Lousma,Tiara,Garfield,Olga,Lousma,Devin
Lousma,Isidro,Garfield,Skye,Lousma,Quintin
Lousma,Breana,Garfield,Melinda,Lousma,Griffin
Lousma,Mauricio,Garfield,Skye,Lousma,Quintin
Lousma,Alyssa,Garfield,Melinda,Lousma,Griffin
Lousma,Rafael,Garfield,Skye,Lousma,Quintin
Lousma,Trista,Garfield,Melinda,Lousma,Griffin
Lousma,Brady,Garfield,Skye,Lousma,Quintin
Lousma,Calandra,Garfield,Makena,Lousma,Bryson
Lousma,Tallon,Garfield,Skye,Lousma,Quintin
Lousma,Promise,Garfield,Makena,Lousma,Bryson
Garfield,Dyllon,Lousma,Aubrie,Garfield,Anthony
Lousma,Caroline,Garfield,Makena,Lousma,Bryson
Garfield,Bradley,Lousma,Aubrie,Garfield,Anthony
Lousma,Melissa,Garfield,Payton,Lousma,Jalil
Garfield,Migel,Williams,Bryanna,Garfield,Angel
Lousma,Elisa,Garfield,Payton,Lousma,Jalil
Garfield,Devonta,Williams,Bryanna,Garfield,Angel
Lousma,Wendy,Garfield,Payton,Lousma,Jalil
Garfield,Brendon,Williams,Bryanna,Garfield,Angel
Lousma,Mattea,Garfield,Skye,Lousma,Quintin
Garfield,Jajuan,Williams,Bryanna,Garfield,Angel
Lousma,Adriana,Garfield,Skye,Lousma,Quintin
Garfield,Joe,Williams,Bryanna,Garfield,Angel
Lousma,Ashanti,Garfield,Skye,Lousma,Quintin
Garfield,Cullen,Williams,Bryanna,Garfield,Angel
Lousma,Christie,Garfield,Skye,Lousma,Quintin
Garfield,Jovonte,Williams,Bryanna,Garfield,Angel
Garfield,Lauren,Lousma,Aubrie,Garfield,Anthony
Garfield,Jasen,Williams,Bryanna,Garfield,Angel
Garfield,Lillie,Lousma,Aubrie,Garfield,Anthony
Garfield,Kristopher,Williams,Bryanna,Garfield,Angel
Garfield,Fabiola,Lousma,Aubrie,Garfield,Anthony
Garfield,Leon,Williams,Bryanna,Garfield,Angel
Garfield,Lesley,Lousma,Aubrie,Garfield,Anthony
Garfield,Moshe,Williams,Bryanna,Garfield,Angel
Garfield,Susana,Lousma,Aubrie,Garfield,Anthony
Garfield,Buford,Williams,Bryanna,Garfield,Angel
Garfield,Ashlee,Williams,Bryanna,Garfield,Angel
Williams,Steven,Garfield,Brenna,Williams,Fredy
Garfield,Katheryn,Williams,Bryanna,Garfield,Angel
Williams,Peter,Garfield,Brenna,Williams,Fredy
Garfield,Ariana,Williams,Bryanna,Garfield,Angel
Williams,Samual,Garfield,Brenna,Williams,Fredy
Garfield,Dajah,Williams,Bryanna,Garfield,Angel
Casper,Osvaldo,Garfield,Alesia,Casper,Derek
Garfield,Dandrea,Williams,Bryanna,Garfield,Angel
Casper,Bill,Garfield,Alesia,Casper,Derek
Garfield,Hadley,Williams,Bryanna,Garfield,Angel
Casper,Anton,Garfield,Alesia,Casper,Derek
Garfield,Rita,Williams,Bryanna,Garfield,Angel
Casper,Carter,Garfield,Alesia,Casper,Derek
Garfield,Gianna,Williams,Bryanna,Garfield,Angel
Casper,Spencer,Garfield,Alesia,Casper,Derek
Williams,Skye,Garfield,Brenna,Williams,Fredy
Casper,Kody,Garfield,Alesia,Casper,Derek
Williams,Felisha,Garfield,Brenna,Williams,Fredy
Casper,Clarence,Garfield,Alesia,Casper,Derek
Williams,Chastity,Garfield,Brenna,Williams,Fredy
Casper,Brennan,Garfield,Alesia,Casper,Derek
Casper,Gerardo,Garfield,Alesia,Casper,Derek
Casper,Ward,Garfield,Alesia,Casper,Derek
Casper,Viridiana,Garfield,Alesia,Casper,Derek
Casper,Israel,Garfield,Chloie,Casper,Nour
Casper,Gabriele,Garfield,Alesia,Casper,Derek
Casper,Luke,Garfield,Chloie,Casper,Nour
Casper,Kaitlyn,Garfield,Alesia,Casper,Derek
Casper,Mariano,Garfield,Chloie,Casper,Nour
Casper,Glenda,Garfield,Chloie,Casper,Nour
Casper,Sheldon,Garfield,Chloie,Casper,Nour
Casper,Raquel,Garfield,Chloie,Casper,Nour
Casper,Justice,Garfield,Chloie,Casper,Nour
Casper,Blanca,Garfield,Chloie,Casper,Nour
Casper,Santana,Garfield,Chloie,Casper,Nour
Casper,Kenia,Garfield,Chloie,Casper,Nour
Casper,Kai,Garfield,Chloie,Casper,Nour
Casper,Nicolle,Garfield,Savannah,Casper,Alex
Casper,Diondre,Garfield,Savannah,Casper,Alex
Casper,Jocelyn,Garfield,Madeleine,Casper,Roy
Casper,Vinh,Garfield,Savannah,Casper,Alex
Casper,Nereida,Garfield,Madeleine,Casper,Roy
Casper,Ray,Garfield,Madeleine,Casper,Roy
Casper,Cailin,Garfield,Madeleine,Casper,Roy
Casper,Tristian,Garfield,Madeleine,Casper,Roy
Casper,Bianca,Garfield,Madeleine,Casper,Roy
Casper,Keenan,Garfield,Madeleine,Casper,Roy
Casper,Neda,Garfield,Madeleine,Casper,Roy
Casper,Dane,Garfield,Madeleine,Casper,Roy
Casper,Greer,Garfield,Angle,Casper,Jajuan
Casper,Tyquan,Garfield,Madeleine,Casper,Roy
Casper,Clare,Garfield,Angle,Casper,Jajuan
Casper,Asher,Garfield,Angle,Casper,Jajuan
Casper,Yaritza,Garfield,Angle,Casper,Jajuan
Casper,Tre,Garfield,Angle,Casper,Jajuan
Casper,Kylie,Garfield,Angle,Casper,Jajuan
Casper,Coy,Garfield,Angle,Casper,Jajuan
Casper,Deanna,Garfield,Angle,Casper,Jajuan
Casper,Micah,Garfield,Angle,Casper,Jajuan
Casper,Ramona,Garfield,Angle,Casper,Jajuan
Casper,Christian,Garfield,Angle,Casper,Jajuan
Casper,Susan,Garfield,Angle,Casper,Jajuan
Casper,Isaac,Garfield,Angle,Casper,Jajuan
Casper,Sophie,Garfield,Angle,Casper,Jajuan
Casper,Quinn,Garfield,Angle,Casper,Jajuan
Casper,Madalyn,Garfield,Angle,Casper,Jajuan
Casper,Julian,Garfield,Angle,Casper,Jajuan
Casper,Baylee,Garfield,Vera,Casper,Kaden
Casper,Gonzalo,Garfield,Angle,Casper,Jajuan
Casper,Thalia,Garfield,Vera,Casper,Kaden
Casper,Draven,Garfield,Angle,Casper,Jajuan
Chamitoff,Cayla,Williams,Anitra,Chamitoff,Roberto
Casper,Bradly,Garfield,Vera,Casper,Kaden
Chamitoff,Connie,Williams,Anitra,Chamitoff,Roberto
Chamitoff,Kamau,Williams,Anitra,Chamitoff,Roberto
Chamitoff,Charity,Casper,Kacie,Chamitoff,Kelvin
Chamitoff,Santana,Williams,Anitra,Chamitoff,Roberto
Chamitoff,Emmalee,Casper,Kacie,Chamitoff,Kelvin
Chamitoff,Melvin,Williams,Anitra,Chamitoff,Roberto
Chamitoff,Ansley,Casper,Kacie,Chamitoff,Kelvin
Chamitoff,Jair,Williams,Anitra,Chamitoff,Roberto
Chamitoff,Angela,Casper,Kacie,Chamitoff,Kelvin
Chamitoff,Gordon,Casper,Kacie,Chamitoff,Kelvin
Chamitoff,Valeria,Casper,Kacie,Chamitoff,Kelvin
Chamitoff,Jaylon,Casper,Kacie,Chamitoff,Kelvin
Chamitoff,Molly,Casper,Kacie,Chamitoff,Kelvin
Chamitoff,Aiden,Casper,Kacie,Chamitoff,Kelvin
Chamitoff,Kaylah,Casper,Aylssa,Chamitoff,Fred
Chamitoff,Ramon,Casper,Kacie,Chamitoff,Kelvin
Chamitoff,Gianna,Casper,Aylssa,Chamitoff,Fred
Chamitoff,Daxton,Casper,Kacie,Chamitoff,Kelvin
Chamitoff,Kristin,Casper,Aylssa,Chamitoff,Fred
Chamitoff,Jovan,Casper,Kacie,Chamitoff,Kelvin
Chamitoff,Maura,Casper,Aylssa,Chamitoff,Fred
Chamitoff,Josie,Casper,Kacie,Chamitoff,Kelvin
Chamitoff,Yessenia,Casper,Aylssa,Chamitoff,Fred
Chamitoff,Rodrigo,Casper,Aylssa,Chamitoff,Fred
Chamitoff,Payton,Casper,Aylssa,Chamitoff,Fred
Chamitoff,Sutton,Casper,Aylssa,Chamitoff,Fred
Chamitoff,Cameron,Casper,Aylssa,Chamitoff,Fred
Chamitoff,Roy,Casper,Aylssa,Chamitoff,Fred
Chamitoff,Trista,McNair,Marivel,Chamitoff,Jayden
Chamitoff,Glenn,Casper,Aylssa,Chamitoff,Fred
Chamitoff,Lillian,McNair,Marivel,Chamitoff,Jayden
Chamitoff,Arthur,McNair,Marivel,Chamitoff,Jayden
Chamitoff,Tabitha,McNair,Marivel,Chamitoff,Jayden
Chamitoff,Jawaun,McNair,Marivel,Chamitoff,Jayden
Chamitoff,Malika,Fabian,Jami,Chamitoff,Patrick
Chamitoff,Isaias,McNair,Marivel,Chamitoff,Jayden
Chamitoff,Tonya,Fabian,Jami,Chamitoff,Patrick
Chamitoff,Barry,Fabian,Jami,Chamitoff,Patrick
Chamitoff,Precious,Fabian,Sarafina,Chamitoff,Ramiro
Chamitoff,Julius,Fabian,Sarafina,Chamitoff,Ramiro
Chamitoff,Phoebe,Fabian,Autumn,Chamitoff,Brenton
Chamitoff,Deric,Fabian,Sarafina,Chamitoff,Ramiro
Chamitoff,Dianne,Fabian,Autumn,Chamitoff,Brenton
Chamitoff,Britton,Fabian,Sarafina,Chamitoff,Ramiro
Chamitoff,Callie,Fabian,Autumn,Chamitoff,Brenton
Chamitoff,Peter,Fabian,Sarafina,Chamitoff,Ramiro
Chamitoff,Ilana,Fabian,Autumn,Chamitoff,Brenton
Chamitoff,Emilio,Fabian,Sarafina,Chamitoff,Ramiro
Chamitoff,Demi,Fabian,Autumn,Chamitoff,Brenton
Chamitoff,Heriberto,Fabian,Autumn,Chamitoff,Brenton
Chamitoff,Janie,Fabian,Autumn,Chamitoff,Brenton
Chamitoff,Jeremy,Fabian,Autumn,Chamitoff,Brenton
Chamitoff,Kelci,Fabian,Autumn,Chamitoff,Brenton
Chamitoff,Tyquan,Fabian,Autumn,Chamitoff,Brenton
Chamitoff,Diana,Fabian,Autumn,Chamitoff,Brenton
Chamitoff,Deshaun,Fabian,Autumn,Chamitoff,Brenton
Chamitoff,Zoee,Fabian,Autumn,Chamitoff,Brenton
Chamitoff,Efren,Fabian,Autumn,Chamitoff,Brenton
Chamitoff,Itzel,Fabian,Autumn,Chamitoff,Brenton
Chamitoff,Rey,Fabian,Sabrina,Chamitoff,Rigoberto
Chamitoff,Diamond,Fabian,Autumn,Chamitoff,Brenton
Chamitoff,Colby,Fabian,Sabrina,Chamitoff,Rigoberto
Chamitoff,Marianna,Fabian,Sabrina,Chamitoff,Rigoberto
McNair,Ezequiel,Chamitoff,Jacklyn,McNair,Migel
McNair,Tianna,Chamitoff,Jacklyn,McNair,Migel
McNair,Noah,Chamitoff,Jacklyn,McNair,Migel
McNair,Shianne,Chamitoff,Jacklyn,McNair,Migel
McNair,Tad,Chamitoff,Jacklyn,McNair,Migel
McNair,Kianna,Chamitoff,Jacklyn,McNair,Migel
McNair,Nathaniel,Chamitoff,Jacklyn,McNair,Migel
McNair,Juanita,Chamitoff,Bridgette,McNair,Robert
McNair,Ron,Chamitoff,Jacklyn,McNair,Migel
McNair,Dajanae,Chamitoff,Bridgette,McNair,Robert
McNair,Kirkland,Chamitoff,Jacklyn,McNair,Migel
McNair,Sinai,Chamitoff,Bridgette,McNair,Robert
McNair,Melvin,Chamitoff,Jacklyn,McNair,Migel
McNair,Minna,Chamitoff,Bridgette,McNair,Robert
McNair,Grady,Chamitoff,Jacklyn,McNair,Migel
McNair,Delaney,Chamitoff,Bridgette,McNair,Robert
McNair,Aiden,Chamitoff,Bridgette,McNair,Robert
McNair,Chase,Chamitoff,Kiesha,McNair,Tyrone
McNair,Cecil,Chamitoff,Bridgette,McNair,Robert
McNair,Mariam,Chamitoff,Kiesha,McNair,Tyrone
McNair,Cameron,Chamitoff,Bridgette,McNair,Robert
McNair,Summer,Chamitoff,Kiesha,McNair,Tyrone
McNair,Juancarlos,Chamitoff,Kiesha,McNair,Tyrone
McNair,Riley,Chamitoff,Kiesha,McNair,Tyrone
McNair,Terron,Chamitoff,Kiesha,McNair,Tyrone
McNair,Clair,Chamitoff,Kiesha,McNair,Tyrone
McNair,Leonel,Chamitoff,Kiesha,McNair,Tyrone
McNair,Brigitte,Chamitoff,Chana,McNair,Keaton
McNair,Alvin,Chamitoff,Chana,McNair,Keaton
McNair,Khaila,Chamitoff,Chana,McNair,Keaton
McNair,Demarcus,Chamitoff,Breanne,McNair,Peyton
McNair,Gilda,Chamitoff,Breanne,McNair,Peyton
McNair,Jacky,Chamitoff,Breanne,McNair,Peyton
McNair,Daija,Chamitoff,Breanne,McNair,Peyton
McNair,Savion,Chamitoff,Breanne,McNair,Peyton
McNair,Jaclyn,Chamitoff,Breanne,McNair,Peyton
McNair,Jamar,Chamitoff,Breanne,McNair,Peyton
McNair,Anjelica,Chamitoff,Breanne,McNair,Peyton
McNair,Bronson,Chamitoff,Breanne,McNair,Peyton
McNair,Camisha,Chamitoff,Breanne,McNair,Peyton
Fabian,Terrance,Chamitoff,Domonique,Fabian,Caleb
McNair,Isis,Chamitoff,Breanne,McNair,Peyton
Fabian,Keith,Chamitoff,Domonique,Fabian,Caleb
McNair,Devin,Chamitoff,Breanne,McNair,Peyton
Fabian,Tucker,Chamitoff,Domonique,Fabian,Caleb
McNair,Anneliese,Chamitoff,Breanne,McNair,Peyton
Fabian,Camron,Chamitoff,Domonique,Fabian,Caleb
McNair,Tristan,Chamitoff,Breanne,McNair,Peyton
Fabian,Jai,Chamitoff,Domonique,Fabian,Caleb
McNair,Lynda,Chamitoff,Breanne,McNair,Peyton
Fabian,Jack,Chamitoff,Domonique,Fabian,Caleb
McNair,Yahaira,Chamitoff,Breanne,McNair,Peyton
Fabian,Johnny,Chamitoff,Yajaira,Fabian,Skyler
McNair,Shuntara,Chamitoff,Breanne,McNair,Peyton
Fabian,Jalil,Chamitoff,Yajaira,Fabian,Skyler
Fabian,Cambria,Chamitoff,Domonique,Fabian,Caleb
Fabian,Kelson,Chamitoff,Yajaira,Fabian,Skyler
Fabian,Vivian,Chamitoff,Domonique,Fabian,Caleb
Fabian,Raequan,Chamitoff,Yajaira,Fabian,Skyler
Fabian,Emmily,Chamitoff,Domonique,Fabian,Caleb
Fabian,Marcell,Chamitoff,Yajaira,Fabian,Skyler
Fabian,Marycather,Chamitoff,Domonique,Fabian,Caleb
Fabian,Roland,Chamitoff,Yajaira,Fabian,Skyler
Fabian,Francis,Chamitoff,Domonique,Fabian,Caleb
Fabian,Isaac,Chamitoff,Kenna,Fabian,Trevor
Fabian,Taelor,Chamitoff,Domonique,Fabian,Caleb
Fabian,Luis,Chamitoff,Kenna,Fabian,Trevor
Fabian,Miah,Chamitoff,Domonique,Fabian,Caleb
Fabian,Garrison,Chamitoff,Kenna,Fabian,Trevor
Fabian,Kaylynn,Chamitoff,Domonique,Fabian,Caleb
Fabian,Graham,Chamitoff,Kenna,Fabian,Trevor
Fabian,Lynette,Chamitoff,Domonique,Fabian,Caleb
Fabian,Kaleb,Chamitoff,Asha,Fabian,Patrick
Fabian,Callan,Chamitoff,Yajaira,Fabian,Skyler
Fabian,Jeffery,Chamitoff,Asha,Fabian,Patrick
Fabian,Benita,Chamitoff,Yajaira,Fabian,Skyler
Fabian,Amari,Chamitoff,Asha,Fabian,Patrick
Fabian,Angela,Chamitoff,Yajaira,Fabian,Skyler
Fabian,Marshall,Chamitoff,Asha,Fabian,Patrick
Fabian,Kerri,Chamitoff,Yajaira,Fabian,Skyler
Fabian,Theodore,Chamitoff,Asha,Fabian,Patrick
Fabian,Rian,Chamitoff,Yajaira,Fabian,Skyler
Fabian,Harold,Chamitoff,Asha,Fabian,Patrick
Fabian,Savana,Chamitoff,Yajaira,Fabian,Skyler
Fabian,Easton,Chamitoff,Asha,Fabian,Patrick
Fabian,Shea,Chamitoff,Yajaira,Fabian,Skyler
Fabian,Keifer,Chamitoff,Kallee,Fabian,Francisco
Fabian,Ashlynn,Chamitoff,Yajaira,Fabian,Skyler
Fabian,Reece,Chamitoff,Kallee,Fabian,Francisco
Fabian,Aerial,Chamitoff,Yajaira,Fabian,Skyler
Fabian,Sutton,Chamitoff,Kallee,Fabian,Francisco
Fabian,Ceaira,Chamitoff,Kenna,Fabian,Trevor
Fabian,Saxon,Chamitoff,Kallee,Fabian,Francisco
Fabian,Haleigh,Chamitoff,Kenna,Fabian,Trevor
Fabian,Jamie,Chamitoff,Brianne,Fabian,Valentin
Fabian,Carmela,Chamitoff,Asha,Fabian,Patrick
Fabian,Howard,Chamitoff,Brianne,Fabian,Valentin
Fabian,Iridiana,Chamitoff,Asha,Fabian,Patrick
Fabian,Layne,Chamitoff,Brianne,Fabian,Valentin
Fabian,Daniela,Chamitoff,Asha,Fabian,Patrick
Hilmers,Eberardo,Fabian,Samantha,Hilmers,Kerrick
Fabian,Molly,Chamitoff,Asha,Fabian,Patrick
Hilmers,Harley,Fabian,Samantha,Hilmers,Kerrick
Fabian,Celena,Chamitoff,Asha,Fabian,Patrick
Hilmers,Marquise,Fabian,Samantha,Hilmers,Kerrick
Fabian,Ramona,Chamitoff,Asha,Fabian,Patrick
Hilmers,Terrence,Fabian,Samantha,Hilmers,Kerrick
Fabian,Kirstie,Chamitoff,Asha,Fabian,Patrick
Hilmers,Shayne,Fabian,Carley,Hilmers,Russell
Fabian,Jean,Chamitoff,Asha,Fabian,Patrick
Hilmers,Marcanthon,Fabian,Carley,Hilmers,Russell
Fabian,Amber,Chamitoff,Kallee,Fabian,Francisco
Hilmers,Hugh,Fabian,Carley,Hilmers,Russell
Fabian,Alesha,Chamitoff,Kallee,Fabian,Francisco
Hilmers,Orion,Fabian,Carley,Hilmers,Russell
Fabian,Hanna,Chamitoff,Kallee,Fabian,Francisco
Hilmers,Saxon,Fabian,Carley,Hilmers,Russell
Fabian,Iesha,Chamitoff,Kallee,Fabian,Francisco
Hilmers,Garrick,Fabian,Carley,Hilmers,Russell
Fabian,Iridian,Chamitoff,Kallee,Fabian,Francisco
Hilmers,Sheldon,Fabian,Carley,Hilmers,Russell
Fabian,Tristin,Chamitoff,Kallee,Fabian,Francisco
Hilmers,Jevin,Fabian,Carley,Hilmers,Russell
Fabian,Mattea,Chamitoff,Kallee,Fabian,Francisco
Hilmers,Walker,Fabian,Meaghan,Hilmers,Kirkland
Fabian,Sydni,Chamitoff,Brianne,Fabian,Valentin
Hilmers,Braeden,Fabian,Meaghan,Hilmers,Kirkland
Fabian,Xandria,Chamitoff,Brianne,Fabian,Valentin
Hilmers,Romello,Fabian,Meaghan,Hilmers,Kirkland
Fabian,Celina,Chamitoff,Brianne,Fabian,Valentin
Hilmers,Sammie,Fabian,Meaghan,Hilmers,Kirkland
Fabian,Chloie,Chamitoff,Brianne,Fabian,Valentin
Hilmers,Wylie,Fabian,Meaghan,Hilmers,Kirkland
Fabian,Skylar,Chamitoff,Brianne,Fabian,Valentin
Hilmers,Billy,Fabian,Meaghan,Hilmers,Kirkland
Fabian,Marcela,Chamitoff,Brianne,Fabian,Valentin
Hilmers,Francis,Fabian,Meaghan,Hilmers,Kirkland
Fabian,Chastity,Chamitoff,Brianne,Fabian,Valentin
Tanner,Carlos,Fabian,Lesley,Tanner,Britton
Fabian,Kinsey,Chamitoff,Brianne,Fabian,Valentin
Tanner,Samuel,Fabian,Lesley,Tanner,Britton
Fabian,Justina,Chamitoff,Brianne,Fabian,Valentin
Tanner,Dallin,Fabian,Lesley,Tanner,Britton
Hilmers,Jayda,Fabian,Samantha,Hilmers,Kerrick
Tanner,Devonte,Fabian,Lesley,Tanner,Britton
Hilmers,Dajah,Fabian,Carley,Hilmers,Russell
Tanner,Johnathon,Fabian,Lesley,Tanner,Britton
Hilmers,Aliyah,Fabian,Carley,Hilmers,Russell
Tanner,Tyran,Fabian,Lesley,Tanner,Britton
Hilmers,Bridget,Fabian,Carley,Hilmers,Russell
Tanner,Patric,Fabian,Lesley,Tanner,Britton
Hilmers,Dyamond,Fabian,Carley,Hilmers,Russell
Tanner,Joan,Fabian,Lesley,Tanner,Britton
Hilmers,Kirsten,Fabian,Carley,Hilmers,Russell
Tanner,Cristobal,Fabian,Marjorie,Tanner,Dominique
Hilmers,Savanna,Fabian,Carley,Hilmers,Russell
Tanner,Francis,Fabian,Marjorie,Tanner,Dominique
Hilmers,Calandra,Fabian,Carley,Hilmers,Russell
Tanner,Rashad,Fabian,Marjorie,Tanner,Dominique
Hilmers,Ashlyn,Fabian,Carley,Hilmers,Russell
Tanner,Joe,Fabian,Marjorie,Tanner,Dominique
Hilmers,Carmen,Fabian,Carley,Hilmers,Russell
Tanner,Daniel,Fabian,Marjorie,Tanner,Dominique
Hilmers,Kelli,Fabian,Carley,Hilmers,Russell
Tanner,Truman,Fabian,Marjorie,Tanner,Dominique
Hilmers,Cameron,Fabian,Carley,Hilmers,Russell
Tanner,Steve,Fabian,Marjorie,Tanner,Dominique
Hilmers,Makenzi,Fabian,Meaghan,Hilmers,Kirkland
Tanner,Justyn,Fabian,Marjorie,Tanner,Dominique
Hilmers,Kyra,Fabian,Meaghan,Hilmers,Kirkland
Tanner,Juan,Fabian,Marjorie,Tanner,Dominique
Hilmers,Keara,Fabian,Meaghan,Hilmers,Kirkland
Tanner,Isaias,Fabian,Marjorie,Tanner,Dominique
Hilmers,Anthony,Fabian,Meaghan,Hilmers,Kirkland
Tanner,Callum,Fabian,Marjorie,Tanner,Dominique
Hilmers,Paulina,Fabian,Meaghan,Hilmers,Kirkland
Tanner,Dantae,Fabian,Cori,Tanner,Tevin
Hilmers,Meagan,Fabian,Meaghan,Hilmers,Kirkland
Tanner,Sterling,Fabian,Cori,Tanner,Tevin
Tanner,Maxine,Fabian,Lesley,Tanner,Britton
Tanner,Jimmy,Fabian,Cori,Tanner,Tevin
Tanner,Deja,Fabian,Lesley,Tanner,Britton
Tanner,Gonzalo,Fabian,Cori,Tanner,Tevin
Tanner,Deondra,Fabian,Lesley,Tanner,Britton
Tanner,Brandon,Fabian,Cori,Tanner,Tevin
Tanner,Phoebe,Fabian,Lesley,Tanner,Britton
Tanner,Riley,Fabian,Cori,Tanner,Tevin
Tanner,Eryn,Fabian,Marjorie,Tanner,Dominique
Tanner,Michal,Fabian,Cori,Tanner,Tevin
Tanner,Tynia,Fabian,Marjorie,Tanner,Dominique
Tanner,Alfred,Fabian,Cori,Tanner,Tevin
Tanner,Dianne,Fabian,Marjorie,Tanner,Dominique
Tanner,Rasheed,Fabian,Cori,Tanner,Tevin
Tanner,Jocelyne,Fabian,Marjorie,Tanner,Dominique
Tanner,Jesse,Fabian,Cori,Tanner,Tevin
Tanner,Casandra,Fabian,Marjorie,Tanner,Dominique
Tanner,Deonte,Fabian,Cori,Tanner,Tevin
Tanner,Kate,Fabian,Marjorie,Tanner,Dominique
Tanner,Terron,Fabian,Cori,Tanner,Tevin
Tanner,Ivory,Fabian,Cori,Tanner,Tevin
Tanner,Langston,Fabian,Melissa,Tanner,Evan
Tanner,Devonna,Fabian,Cori,Tanner,Tevin
Tanner,Jamar,Fabian,Melissa,Tanner,Evan
Tanner,Jill,Fabian,Cori,Tanner,Tevin
Tanner,Jean,Fabian,Melissa,Tanner,Evan
Tanner,Markia,Fabian,Cori,Tanner,Tevin
Tanner,Logan,Fabian,Melissa,Tanner,Evan
Tanner,Laquisha,Fabian,Cori,Tanner,Tevin
Tanner,Gerald,Fabian,Melissa,Tanner,Evan
Tanner,Katerina,Fabian,Melissa,Tanner,Evan
Tanner,Ryen,Fabian,Melissa,Tanner,Evan
Tanner,Hayley,Fabian,Melissa,Tanner,Evan
Tanner,Dallas,Fabian,Melissa,Tanner,Evan
Tanner,Alison,Fabian,Melissa,Tanner,Evan
Tanner,Christophe,Fabian,Melissa,Tanner,Evan
Tanner,Mykelle,Fabian,Melissa,Tanner,Evan
Tanner,Keanu,Fabian,Melissa,Tanner,Evan
Tanner,Candy,Fabian,Melissa,Tanner,Evan
Tanner,Javion,Fabian,Melissa,Tanner,Evan
Tanner,Leana,Fabian,Graciela,Tanner,Matthew
Tanner,Triston,Fabian,Melissa,Tanner,Evan
Tanner,Saige,Fabian,Graciela,Tanner,Matthew
Tanner,Migel,Fabian,Melissa,Tanner,Evan
Tanner,Katarina,Fabian,Graciela,Tanner,Matthew
Tanner,Tyson,Fabian,Melissa,Tanner,Evan
Tanner,Serenity,Fabian,Graciela,Tanner,Matthew
Tanner,Wyatt,Fabian,Melissa,Tanner,Evan
Tanner,Norma,Fabian,Graciela,Tanner,Matthew
Tanner,Lee,Fabian,Melissa,Tanner,Evan
Tanner,Shelley,Fabian,Graciela,Tanner,Matthew
Tanner,Devin,Fabian,Graciela,Tanner,Matthew
Tanner,Sonya,Fabian,Graciela,Tanner,Matthew
Tanner,Josue,Fabian,Graciela,Tanner,Matthew
Tanner,Alexandria,Fabian,Graciela,Tanner,Matthew
Tanner,Damien,Fabian,Graciela,Tanner,Matthew
Tanner,Debbie,Fabian,Graciela,Tanner,Matthew
Tanner,Neil,Fabian,Graciela,Tanner,Matthew
Tanner,Makenzie,Fabian,Graciela,Tanner,Matthew
Tanner,Derek,Fabian,Graciela,Tanner,Matthew
Tanner,Cassidy,Hilmers,Selena,Tanner,Pablo
Tanner,Coby,Fabian,Graciela,Tanner,Matthew
Tanner,Merideth,Hilmers,Selena,Tanner,Pablo
Tanner,Marcos,Hilmers,Selena,Tanner,Pablo
Tanner,Montana,Hilmers,Selena,Tanner,Pablo
Tanner,Buford,Hilmers,Selena,Tanner,Pablo
Tanner,Dakota,Hilmers,Selena,Tanner,Pablo
Tanner,Jakob,Hilmers,Selena,Tanner,Pablo
Tanner,Kiersten,Hilmers,Selena,Tanner,Pablo
Tanner,Zane,Hilmers,Selena,Tanner,Pablo
Tanner,Brecken,Hilmers,Selena,Tanner,Pablo
Tanner,Jalen,Hilmers,Selena,Tanner,Pablo
Tanner,Cherie,Hilmers,Selena,Tanner,Pablo
Tanner,Josie,Hilmers,Selena,Tanner,Pablo
Tanner,Tamisha,Hilmers,Sneha,Tanner,Peyton
Tanner,Colt,Hilmers,Selena,Tanner,Pablo
Tanner,Virginia,Hilmers,Sneha,Tanner,Peyton
Tanner,Mathieu,Hilmers,Selena,Tanner,Pablo
Tanner,Nichelle,Hilmers,Sneha,Tanner,Peyton
Tanner,Fernando,Hilmers,Selena,Tanner,Pablo
Tanner,Mari,Hilmers,Sneha,Tanner,Peyton
Tanner,Byron,Hilmers,Selena,Tanner,Pablo
Tanner,Mindy,Hilmers,Sneha,Tanner,Peyton
Tanner,Mariano,Hilmers,Sneha,Tanner,Peyton
Tanner,Brook,Hilmers,Monika,Tanner,Tallon
Tanner,Bret,Hilmers,Sneha,Tanner,Peyton
Tanner,Lenora,Hilmers,Monika,Tanner,Tallon
Tanner,Vicente,Hilmers,Sneha,Tanner,Peyton
Tanner,Maryanna,Hilmers,Monika,Tanner,Tallon
Tanner,Quayshawn,Hilmers,Sneha,Tanner,Peyton
Tanner,Aleisha,Wisoff,Sade,Tanner,Rex
Tanner,Larry,Hilmers,Sneha,Tanner,Peyton
Tanner,Mattea,Wisoff,Sade,Tanner,Rex
Tanner,Elliott,Hilmers,Sneha,Tanner,Peyton
Tanner,Kori,Wisoff,Sade,Tanner,Rex
Tanner,Layne,Hilmers,Sneha,Tanner,Peyton
Tanner,Nell,Wisoff,Sade,Tanner,Rex
Tanner,Ahmad,Hilmers,Sneha,Tanner,Peyton
Tanner,Abagail,Wisoff,Sade,Tanner,Rex
Tanner,Brody,Hilmers,Sneha,Tanner,Peyton
Tanner,Jazmyne,Wisoff,Katerina,Tanner,Kerrick
Tanner,Yvan,Hilmers,Sneha,Tanner,Peyton
Tanner,Kayla,Wisoff,Katerina,Tanner,Kerrick
Tanner,Edgardo,Hilmers,Sneha,Tanner,Peyton
Tanner,Karley,Wisoff,Katerina,Tanner,Kerrick
Tanner,Quanterriu,Hilmers,Sneha,Tanner,Peyton
Tanner,Tracy,Wisoff,Katerina,Tanner,Kerrick
Tanner,Daequan,Hilmers,Sneha,Tanner,Peyton
Tanner,Kayland,Wisoff,Katerina,Tanner,Kerrick
Tanner,Maximillia,Hilmers,Monika,Tanner,Tallon
Tanner,Kaylee,Wisoff,Katerina,Tanner,Kerrick
Tanner,River,Hilmers,Monika,Tanner,Tallon
Tanner,Jadah,Wisoff,April,Tanner,Sammie
Tanner,Izaiah,Hilmers,Monika,Tanner,Tallon
Tanner,Dania,Wisoff,April,Tanner,Sammie
Tanner,Antonio,Hilmers,Monika,Tanner,Tallon
Tanner,Holli,Wisoff,April,Tanner,Sammie
Tanner,Nolan,Hilmers,Monika,Tanner,Tallon
Tanner,Aja,Wisoff,April,Tanner,Sammie
Tanner,Jarred,Hilmers,Monika,Tanner,Tallon
Tanner,Chantelle,Wisoff,April,Tanner,Sammie
Tanner,Lars,Hilmers,Monika,Tanner,Tallon
Tanner,Paige,Wisoff,April,Tanner,Sammie
Tanner,Stanley,Wisoff,Sade,Tanner,Rex
Wisoff,Zoee,Tanner,Arlene,Wisoff,Jamel
Tanner,Jeremey,Wisoff,Sade,Tanner,Rex
Wisoff,Alexandrea,Tanner,Arlene,Wisoff,Jamel
Tanner,Alan,Wisoff,Sade,Tanner,Rex
Wisoff,Guadalupe,Tanner,Arlene,Wisoff,Jamel
Tanner,Daquan,Wisoff,Sade,Tanner,Rex
Wisoff,Symphony,Tanner,Arlene,Wisoff,Jamel
Tanner,Donald,Wisoff,Sade,Tanner,Rex
Wisoff,Evangelina,Tanner,Arlene,Wisoff,Jamel
Tanner,Trevor,Wisoff,Sade,Tanner,Rex
Wisoff,Elaine,Tanner,Arlene,Wisoff,Jamel
Tanner,Kaden,Wisoff,Sade,Tanner,Rex
Wisoff,Anitra,Tanner,Arlene,Wisoff,Jamel
Tanner,Torey,Wisoff,Sade,Tanner,Rex
Wisoff,Dajanae,Tanner,Arlene,Wisoff,Jamel
Tanner,Samual,Wisoff,Katerina,Tanner,Kerrick
Wisoff,Lyndsey,Tanner,Makala,Wisoff,Hiram
Tanner,Collin,Wisoff,Katerina,Tanner,Kerrick
Wisoff,Joyce,Tanner,Makala,Wisoff,Hiram
Tanner,Cody,Wisoff,Katerina,Tanner,Kerrick
Wisoff,Robin,Tanner,Makala,Wisoff,Hiram
Tanner,Brad,Wisoff,Katerina,Tanner,Kerrick
Wisoff,Dylan,Tanner,Lynda,Wisoff,Rene
Tanner,Ladarius,Wisoff,Katerina,Tanner,Kerrick
Wisoff,Corina,Tanner,Lynda,Wisoff,Rene
Tanner,Enoch,Wisoff,Katerina,Tanner,Kerrick
Wisoff,Aileen,Tanner,Lynda,Wisoff,Rene
Tanner,Aron,Wisoff,Katerina,Tanner,Kerrick
Wisoff,Felisha,Tanner,Lynda,Wisoff,Rene
Tanner,Abdiel,Wisoff,Katerina,Tanner,Kerrick
Wisoff,Mercedes,Tanner,Lynda,Wisoff,Rene
Tanner,Terence,Wisoff,Katerina,Tanner,Kerrick
Wisoff,Nadia,Tanner,Lynda,Wisoff,Rene
Tanner,Mauricio,Wisoff,Katerina,Tanner,Kerrick
Wisoff,Savanna,Tanner,Lynda,Wisoff,Rene
Tanner,Barrett,Wisoff,April,Tanner,Sammie
Wisoff,Latosha,Tanner,Lynda,Wisoff,Rene
Tanner,Bruce,Wisoff,April,Tanner,Sammie
Wisoff,Aleasha,Tanner,Jennie,Wisoff,Santos
Tanner,Rodolfo,Wisoff,April,Tanner,Sammie
Wisoff,Krysta,Tanner,Jennie,Wisoff,Santos
Tanner,Dustin,Wisoff,April,Tanner,Sammie
Wisoff,Candice,Tanner,Jennie,Wisoff,Santos
Tanner,Clay,Wisoff,April,Tanner,Sammie
Wisoff,Carlie,Tanner,Jennie,Wisoff,Santos
Tanner,Everett,Wisoff,April,Tanner,Sammie
Wisoff,Alisha,Tanner,Jennie,Wisoff,Santos
Wisoff,Aspen,Tanner,Arlene,Wisoff,Jamel
Wisoff,Kyle,Tanner,Jennie,Wisoff,Santos
Wisoff,Yuri,Tanner,Arlene,Wisoff,Jamel
Wisoff,Marina,Tanner,Jennie,Wisoff,Santos
Wisoff,Gerardo,Tanner,Arlene,Wisoff,Jamel
Wisoff,Johana,Tanner,Jennie,Wisoff,Santos
Wisoff,Andreas,Tanner,Arlene,Wisoff,Jamel
Wisoff,Tehya,Tanner,Jennie,Wisoff,Santos
Wisoff,Deon,Tanner,Arlene,Wisoff,Jamel
Bolden,Xiomara,Tanner,Kiesha,Bolden,Barry
Wisoff,Keion,Tanner,Arlene,Wisoff,Jamel
Bolden,Kaili,Tanner,Kiesha,Bolden,Barry
Wisoff,Shaquille,Tanner,Arlene,Wisoff,Jamel
Bolden,Lenora,Tanner,Kiesha,Bolden,Barry
Wisoff,Shemar,Tanner,Arlene,Wisoff,Jamel
Bolden,Jade,Tanner,Kiesha,Bolden,Barry
Wisoff,Valentin,Tanner,Arlene,Wisoff,Jamel
Bolden,Cassandra,Tanner,Kiesha,Bolden,Barry
Wisoff,Freeman,Tanner,Makala,Wisoff,Hiram
Bolden,Carissa,Tanner,Kiesha,Bolden,Barry
