Grabe,Ty,Garriott,Kinsey,Grabe,Keagan
Hobaugh,Desteny,Fincke,Stacie,Hobaugh,Branden
England,Brayden,Morgan,Sylvia,England,Anton
Caldeiro,Patricia,Nagel,Mayra,Caldeiro,Houston
Fincke,Josie,Henricks,Chelsey,Fincke,Ignacio
Beering,Anabel,Mattingly,Hannah,Beering,Devan
Franklin,Elvin,Edwards,Aishah,Franklin,Demetrius
Mastracchio,Miriam,Polansky,Aubree,Mastracchio,Colby
Sega,Zackary,Barry,Anisha,Sega,Myron
Fullerton,Mariangeli,Gemar,Darrian,Fullerton,Stefan
Cutter,Lee,Pffaff,Kristina,Cutter,Devontae
Engle,Tiffany,Bull,Krystan,Engle,Graham
Grout,Eli,Kavandi,Mckinzie,Grout,Frankie
Foale,Carina,Covey,Amber,Foale,Keifer
Barry,Nickolas,Creamer,Viviana,Barry,Brian
Slayton,Amelia,Tanner,Kierra,Slayton,Antonio
Hayes,Kelton,Nowak,Shenelly,Hayes,Chad
Truly,Brandy,Walz,Bree,Truly,Wyatt
Hayes,Kameron,Altman,Nia,Hayes,Ben
Nagel,Sapphire,Cunningham,Kaley,Nagel,Yair
Grissom,Tyler,Borman,Annabel,Grissom,Karl
Veach,Brieanna,Buchanan,Alondra,Veach,Enrique
Carpenter,Shane,Deckard,Brigitte,Carpenter,Ulysses
Kelly,Shyla,Bursch,Shekinah,Kelly,Nicolas
Grabe,Terrence,Hobaugh,Desteny,Grabe,Ty
Foale,Johnna,Ochoa,Monique,Foale,Hugh
Grabe,Danny,Hobaugh,Desteny,Grabe,Ty
Foreman,Tianna,Thuot,Ashli,Foreman,Marquise
Grabe,Ezra,Hobaugh,Desteny,Grabe,Ty
Sega,Audra,Chiao,Dorian,Sega,Hiram
England,Marquise,Caldeiro,Patricia,England,Brayden
Lousma,Carli,Walker,Dallas,Lousma,Lee
England,Moises,Caldeiro,Patricia,England,Brayden
Creighton,Tyeisha,Bolden,Jaycee,Creighton,Taquan
England,Jose,Caldeiro,Patricia,England,Brayden
Gemar,Hallie,Kennedy,Krysta,Gemar,Bryant
England,Jarrod,Caldeiro,Patricia,England,Brayden
Grabe,Kimberly,Hobaugh,Desteny,Grabe,Ty
England,Cristian,Caldeiro,Patricia,England,Brayden
Grabe,Mandy,Hobaugh,Desteny,Grabe,Ty
Fincke,Emmett,Beering,Anabel,Fincke,Josie
Grabe,Angela,Hobaugh,Desteny,Grabe,Ty
Fincke,Liam,Beering,Anabel,Fincke,Josie
Grabe,Yolanda,Hobaugh,Desteny,Grabe,Ty
Fincke,Carl,Beering,Anabel,Fincke,Josie
England,Krystle,Caldeiro,Patricia,England,Brayden
Fincke,Levi,Beering,Anabel,Fincke,Josie
England,Madison,Caldeiro,Patricia,England,Brayden
Fincke,Tate,Beering,Anabel,Fincke,Josie
England,Nyasia,Caldeiro,Patricia,England,Brayden
Fincke,Daequan,Beering,Anabel,Fincke,Josie
England,Megan,Caldeiro,Patricia,England,Brayden
Fincke,Ward,Beering,Anabel,Fincke,Josie
England,Tanna,Caldeiro,Patricia,England,Brayden
Fincke,Charles,Beering,Anabel,Fincke,Josie
Fincke,Sierra,Beering,Anabel,Fincke,Josie
Fincke,Corey,Beering,Anabel,Fincke,Josie
Fincke,Patience,Beering,Anabel,Fincke,Josie
Fincke,Jamari,Beering,Anabel,Fincke,Josie
Fincke,Raven,Beering,Anabel,Fincke,Josie
Fincke,Bill,Beering,Anabel,Fincke,Josie
Fincke,Marisa,Beering,Anabel,Fincke,Josie
Franklin,Clinton,Mastracchio,Miriam,Franklin,Elvin
Fincke,Ellie,Beering,Anabel,Fincke,Josie
Sega,Levi,Fullerton,Mariangeli,Sega,Zackary
Fincke,Kiarra,Beering,Anabel,Fincke,Josie
Sega,Hayden,Fullerton,Mariangeli,Sega,Zackary
Fincke,Ixchel,Beering,Anabel,Fincke,Josie
Sega,Gage,Fullerton,Mariangeli,Sega,Zackary
Franklin,Shaylee,Mastracchio,Miriam,Franklin,Elvin
Sega,Diego,Fullerton,Mariangeli,Sega,Zackary
Franklin,Cori,Mastracchio,Miriam,Franklin,Elvin
Sega,Avery,Fullerton,Mariangeli,Sega,Zackary
Sega,Magdalena,Fullerton,Mariangeli,Sega,Zackary
Cutter,Cecil,Engle,Tiffany,Cutter,Lee
Sega,Hailey,Fullerton,Mariangeli,Sega,Zackary
Cutter,Jordan,Engle,Tiffany,Cutter,Lee
Sega,Leanna,Fullerton,Mariangeli,Sega,Zackary
Cutter,Austin,Engle,Tiffany,Cutter,Lee
Sega,Geneva,Fullerton,Mariangeli,Sega,Zackary
Cutter,Jaquan,Engle,Tiffany,Cutter,Lee
Sega,Bridgett,Fullerton,Mariangeli,Sega,Zackary
Grout,Daequan,Foale,Carina,Grout,Eli
Sega,Yasmin,Fullerton,Mariangeli,Sega,Zackary
Grout,Kasey,Foale,Carina,Grout,Eli
Sega,Kelsey,Fullerton,Mariangeli,Sega,Zackary
Grout,Giovanni,Foale,Carina,Grout,Eli
Sega,Sade,Fullerton,Mariangeli,Sega,Zackary
Grout,Jawaun,Foale,Carina,Grout,Eli
Sega,Charlene,Fullerton,Mariangeli,Sega,Zackary
Grout,Tyler,Foale,Carina,Grout,Eli
Sega,Kaylee,Fullerton,Mariangeli,Sega,Zackary
Grout,Nour,Foale,Carina,Grout,Eli
Sega,Minnie,Fullerton,Mariangeli,Sega,Zackary
Barry,Shlomo,Slayton,Amelia,Barry,Nickolas
Sega,Annika,Fullerton,Mariangeli,Sega,Zackary
Barry,Daron,Slayton,Amelia,Barry,Nickolas
Sega,Alexi,Fullerton,Mariangeli,Sega,Zackary
Barry,Brent,Slayton,Amelia,Barry,Nickolas
Sega,Anika,Fullerton,Mariangeli,Sega,Zackary
Barry,Julio,Slayton,Amelia,Barry,Nickolas
Sega,Keely,Fullerton,Mariangeli,Sega,Zackary
Barry,Maxwell,Slayton,Amelia,Barry,Nickolas
Cutter,Lilian,Engle,Tiffany,Cutter,Lee
Hayes,Kahlil,Truly,Brandy,Hayes,Kelton
Grout,Jennah,Foale,Carina,Grout,Eli
Hayes,Neftaly,Truly,Brandy,Hayes,Kelton
Grout,Delaney,Foale,Carina,Grout,Eli
Hayes,Claudio,Truly,Brandy,Hayes,Kelton
Grout,Sage,Foale,Carina,Grout,Eli
Hayes,Howard,Truly,Brandy,Hayes,Kelton
Grout,Macie,Foale,Carina,Grout,Eli
Hayes,Jaylan,Truly,Brandy,Hayes,Kelton
Grout,Juanita,Foale,Carina,Grout,Eli
Hayes,Tracy,Truly,Brandy,Hayes,Kelton
Grout,Marlene,Foale,Carina,Grout,Eli
Hayes,Leo,Truly,Brandy,Hayes,Kelton
Grout,Debbie,Foale,Carina,Grout,Eli
Hayes,Rayquan,Nagel,Sapphire,Hayes,Kameron
Grout,Shana,Foale,Carina,Grout,Eli
Hayes,Lawrence,Nagel,Sapphire,Hayes,Kameron
Grout,Kathryn,Foale,Carina,Grout,Eli
Hayes,Kasey,Nagel,Sapphire,Hayes,Kameron
Grout,Amari,Foale,Carina,Grout,Eli
Grissom,Kieran,Veach,Brieanna,Grissom,Tyler
Grout,Shyann,Foale,Carina,Grout,Eli
Grissom,Dantae,Veach,Brieanna,Grissom,Tyler
Grout,Laura,Foale,Carina,Grout,Eli
Grissom,Jacques,Veach,Brieanna,Grissom,Tyler
Grout,Connie,Foale,Carina,Grout,Eli
Grissom,Kyler,Veach,Brieanna,Grissom,Tyler
Grout,Stacy,Foale,Carina,Grout,Eli
Carpenter,Rodolfo,Kelly,Shyla,Carpenter,Shane
Barry,Harley,Slayton,Amelia,Barry,Nickolas
Carpenter,Trae,Kelly,Shyla,Carpenter,Shane
Barry,Samira,Slayton,Amelia,Barry,Nickolas
Carpenter,Myron,Kelly,Shyla,Carpenter,Shane
Barry,Jazmin,Slayton,Amelia,Barry,Nickolas
Carpenter,Kenneth,Kelly,Shyla,Carpenter,Shane
Barry,Jordyn,Slayton,Amelia,Barry,Nickolas
Carpenter,Rodney,Kelly,Shyla,Carpenter,Shane
Barry,Amina,Slayton,Amelia,Barry,Nickolas
Carpenter,Corey,Kelly,Shyla,Carpenter,Shane
Barry,Destany,Slayton,Amelia,Barry,Nickolas
Carpenter,Jalil,Kelly,Shyla,Carpenter,Shane
Barry,Peyton,Slayton,Amelia,Barry,Nickolas
Carpenter,Hugo,Kelly,Shyla,Carpenter,Shane
Barry,Erin,Slayton,Amelia,Barry,Nickolas
Carpenter,Brody,Kelly,Shyla,Carpenter,Shane
Barry,Chaya,Slayton,Amelia,Barry,Nickolas
Grabe,Reuben,Foale,Johnna,Grabe,Terrence
Barry,Alissa,Slayton,Amelia,Barry,Nickolas
Grabe,Alexis,Foale,Johnna,Grabe,Terrence
Barry,Joceline,Slayton,Amelia,Barry,Nickolas
Grabe,Warren,Foale,Johnna,Grabe,Terrence
Barry,Christie,Slayton,Amelia,Barry,Nickolas
Grabe,Yair,Foale,Johnna,Grabe,Terrence
Hayes,Phoebe,Truly,Brandy,Hayes,Kelton
Grabe,Bernard,Foale,Johnna,Grabe,Terrence
Hayes,Chantel,Truly,Brandy,Hayes,Kelton
Grabe,Gunnar,Foale,Johnna,Grabe,Terrence
Hayes,Roxana,Truly,Brandy,Hayes,Kelton
Grabe,Bo,Foale,Johnna,Grabe,Terrence
Hayes,Jaquana,Truly,Brandy,Hayes,Kelton
Grabe,Levi,Foale,Johnna,Grabe,Terrence
Hayes,Kenzie,Truly,Brandy,Hayes,Kelton
Grabe,Jacques,Foale,Johnna,Grabe,Terrence
Hayes,Jazmyn,Truly,Brandy,Hayes,Kelton
Grabe,Addison,Foale,Johnna,Grabe,Terrence
Hayes,Janell,Truly,Brandy,Hayes,Kelton
Grabe,Kellen,Foale,Johnna,Grabe,Terrence
Hayes,Abbie,Truly,Brandy,Hayes,Kelton
Grabe,Dangelo,Foale,Johnna,Grabe,Terrence
Hayes,Octavia,Nagel,Sapphire,Hayes,Kameron
Grabe,Wilfredo,Foreman,Tianna,Grabe,Danny
Hayes,Grace,Nagel,Sapphire,Hayes,Kameron
Grabe,Russell,Foreman,Tianna,Grabe,Danny
Hayes,Rayna,Nagel,Sapphire,Hayes,Kameron
Grabe,Diego,Foreman,Tianna,Grabe,Danny
Grissom,Alysha,Veach,Brieanna,Grissom,Tyler
Grabe,Coy,Foreman,Tianna,Grabe,Danny
Grissom,India,Veach,Brieanna,Grissom,Tyler
Grabe,Leonardo,Foreman,Tianna,Grabe,Danny
Carpenter,Lakeisha,Kelly,Shyla,Carpenter,Shane
Grabe,Mauro,Sega,Audra,Grabe,Ezra
Carpenter,Jaquana,Kelly,Shyla,Carpenter,Shane
Grabe,Harold,Sega,Audra,Grabe,Ezra
Carpenter,Hanna,Kelly,Shyla,Carpenter,Shane
Grabe,Colt,Sega,Audra,Grabe,Ezra
Carpenter,Graciela,Kelly,Shyla,Carpenter,Shane
Grabe,Justice,Sega,Audra,Grabe,Ezra
Carpenter,Vivien,Kelly,Shyla,Carpenter,Shane
Grabe,Asa,Sega,Audra,Grabe,Ezra
Carpenter,Keana,Kelly,Shyla,Carpenter,Shane
England,Colt,Lousma,Carli,England,Marquise
Carpenter,Deanne,Kelly,Shyla,Carpenter,Shane
England,John,Lousma,Carli,England,Marquise
Carpenter,Shae,Kelly,Shyla,Carpenter,Shane
England,Bradlee,Lousma,Carli,England,Marquise
Carpenter,Stevie,Kelly,Shyla,Carpenter,Shane
England,Enrique,Lousma,Carli,England,Marquise
Grabe,Sheridan,Foale,Johnna,Grabe,Terrence
England,Maurice,Lousma,Carli,England,Marquise
Grabe,Frida,Foale,Johnna,Grabe,Terrence
England,Jaime,Creighton,Tyeisha,England,Moises
Grabe,Karla,Foale,Johnna,Grabe,Terrence
England,Jamal,Creighton,Tyeisha,England,Moises
Grabe,Krystan,Foale,Johnna,Grabe,Terrence
England,Kelson,Creighton,Tyeisha,England,Moises
Grabe,Claire,Foale,Johnna,Grabe,Terrence
England,Jaylan,Creighton,Tyeisha,England,Moises
Grabe,Kiara,Foale,Johnna,Grabe,Terrence
England,Asa,Creighton,Tyeisha,England,Moises
Grabe,Joanne,Foale,Johnna,Grabe,Terrence
England,Emilio,Creighton,Tyeisha,England,Moises
Grabe,Michaela,Foreman,Tianna,Grabe,Danny
England,Howard,Creighton,Tyeisha,England,Moises
Grabe,Deserae,Foreman,Tianna,Grabe,Danny
England,Seamus,Creighton,Tyeisha,England,Moises
Grabe,Ashley,Foreman,Tianna,Grabe,Danny
England,Stephen,Creighton,Tyeisha,England,Moises
Grabe,Gabriella,Foreman,Tianna,Grabe,Danny
England,Orlando,Gemar,Hallie,England,Jose
Grabe,Jalen,Foreman,Tianna,Grabe,Danny
England,Levi,Gemar,Hallie,England,Jose
Grabe,Klarisa,Foreman,Tianna,Grabe,Danny
England,Enoch,Grabe,Kimberly,England,Jarrod
Grabe,Khyla,Foreman,Tianna,Grabe,Danny
England,Lance,Grabe,Kimberly,England,Jarrod
Grabe,Sean,Sega,Audra,Grabe,Ezra
England,Johan,Grabe,Kimberly,England,Jarrod
Grabe,Liliana,Sega,Audra,Grabe,Ezra
England,Jeremey,Grabe,Mandy,England,Cristian
Grabe,Hunter,Sega,Audra,Grabe,Ezra
England,Devyn,Grabe,Mandy,England,Cristian
Grabe,Raven,Sega,Audra,Grabe,Ezra
England,Morgan,Grabe,Mandy,England,Cristian
Grabe,Dena,Sega,Audra,Grabe,Ezra
England,Bobby,Grabe,Mandy,England,Cristian
Grabe,Marisol,Sega,Audra,Grabe,Ezra
England,Manuel,Grabe,Mandy,England,Cristian
Grabe,Dominique,Sega,Audra,Grabe,Ezra
England,Quintyn,Grabe,Mandy,England,Cristian
Grabe,Claudia,Sega,Audra,Grabe,Ezra
England,Jordan,Grabe,Mandy,England,Cristian
Grabe,Kalsie,Sega,Audra,Grabe,Ezra
England,Shayne,Grabe,Mandy,England,Cristian
Grabe,Alison,Sega,Audra,Grabe,Ezra
England,Hayden,Grabe,Mandy,England,Cristian
England,Ana,Lousma,Carli,England,Marquise
Fincke,German,Grabe,Angela,Fincke,Emmett
England,Kelcee,Lousma,Carli,England,Marquise
Fincke,Tomas,Grabe,Angela,Fincke,Emmett
England,Anita,Lousma,Carli,England,Marquise
Fincke,Jashua,Grabe,Angela,Fincke,Emmett
England,Sabrina,Lousma,Carli,England,Marquise
Fincke,Gannon,Grabe,Angela,Fincke,Emmett
England,Nicole,Lousma,Carli,England,Marquise
Fincke,Weston,Grabe,Angela,Fincke,Emmett
England,Ayanna,Lousma,Carli,England,Marquise
Fincke,Marcell,Grabe,Yolanda,Fincke,Liam
England,Siera,Creighton,Tyeisha,England,Moises
Fincke,Devon,Grabe,Yolanda,Fincke,Liam
England,Niki,Creighton,Tyeisha,England,Moises
Fincke,Caleb,Grabe,Yolanda,Fincke,Liam
England,Candice,Creighton,Tyeisha,England,Moises
Fincke,Reese,Grabe,Yolanda,Fincke,Liam
England,Chloe,Creighton,Tyeisha,England,Moises
Fincke,Dexter,Grabe,Yolanda,Fincke,Liam
England,Serenity,Creighton,Tyeisha,England,Moises
Fincke,Edgardo,Grabe,Yolanda,Fincke,Liam
England,Michaela,Creighton,Tyeisha,England,Moises
Fincke,Mohammed,Grabe,Yolanda,Fincke,Liam
England,Avery,Creighton,Tyeisha,England,Moises
Fincke,Lars,England,Krystle,Fincke,Carl
England,Kristin,Creighton,Tyeisha,England,Moises
Fincke,Jessie,England,Krystle,Fincke,Carl
England,Keisha,Creighton,Tyeisha,England,Moises
Fincke,Tallon,England,Krystle,Fincke,Carl
England,Bailee,Creighton,Tyeisha,England,Moises
Fincke,Ryan,England,Krystle,Fincke,Carl
England,Madeline,Gemar,Hallie,England,Jose
Fincke,Jerryd,England,Krystle,Fincke,Carl
England,Maya,Gemar,Hallie,England,Jose
Fincke,Dashane,England,Krystle,Fincke,Carl
England,Chantal,Gemar,Hallie,England,Jose
Fincke,Rasheed,England,Krystle,Fincke,Carl
England,Jaymee,Grabe,Kimberly,England,Jarrod
Fincke,Trae,England,Krystle,Fincke,Carl
England,Emily,Grabe,Kimberly,England,Jarrod
Fincke,Calvin,England,Krystle,Fincke,Carl
England,Jaden,Grabe,Kimberly,England,Jarrod
Fincke,Kurtis,England,Krystle,Fincke,Carl
England,Mckinzie,Grabe,Kimberly,England,Jarrod
Fincke,Timothy,England,Madison,Fincke,Levi
England,Darrian,Grabe,Kimberly,England,Jarrod
Fincke,Jon,England,Nyasia,Fincke,Tate
England,Justine,Grabe,Mandy,England,Cristian
Fincke,Brad,England,Nyasia,Fincke,Tate
England,Mara,Grabe,Mandy,England,Cristian
Fincke,Brennan,England,Nyasia,Fincke,Tate
England,Laken,Grabe,Mandy,England,Cristian
Fincke,Aleksandr,England,Nyasia,Fincke,Tate
England,Bethany,Grabe,Mandy,England,Cristian
Fincke,Payton,England,Nyasia,Fincke,Tate
England,Kelli,Grabe,Mandy,England,Cristian
Fincke,Dylon,England,Nyasia,Fincke,Tate
England,Jasmine,Grabe,Mandy,England,Cristian
Fincke,Luke,England,Nyasia,Fincke,Tate
England,Alexi,Grabe,Mandy,England,Cristian
Fincke,Taylor,England,Nyasia,Fincke,Tate
England,Charlene,Grabe,Mandy,England,Cristian
Fincke,Howard,England,Nyasia,Fincke,Tate
England,Clarissa,Grabe,Mandy,England,Cristian
Fincke,Lionel,England,Megan,Fincke,Daequan
England,Alycia,Grabe,Mandy,England,Cristian
Fincke,Kurt,England,Megan,Fincke,Daequan
Fincke,Rian,Grabe,Angela,Fincke,Emmett
Fincke,August,England,Megan,Fincke,Daequan
Fincke,Lacey,Grabe,Angela,Fincke,Emmett
Fincke,Gene,England,Megan,Fincke,Daequan
Fincke,Kianna,Grabe,Yolanda,Fincke,Liam
Fincke,Riley,England,Megan,Fincke,Daequan
Fincke,Caitlyn,Grabe,Yolanda,Fincke,Liam
Fincke,Jasper,England,Megan,Fincke,Daequan
Fincke,Janette,Grabe,Yolanda,Fincke,Liam
Fincke,Gideon,England,Megan,Fincke,Daequan
Fincke,Jada,Grabe,Yolanda,Fincke,Liam
Fincke,Zackary,England,Megan,Fincke,Daequan
Fincke,Aleah,Grabe,Yolanda,Fincke,Liam
Fincke,Derick,England,Megan,Fincke,Daequan
Fincke,Natalya,Grabe,Yolanda,Fincke,Liam
Fincke,Deshawn,England,Megan,Fincke,Daequan
Fincke,Karley,Grabe,Yolanda,Fincke,Liam
Fincke,Chance,England,Megan,Fincke,Daequan
Fincke,Michelle,Grabe,Yolanda,Fincke,Liam
Fincke,Hugh,England,Tanna,Fincke,Ward
Fincke,Dayana,Grabe,Yolanda,Fincke,Liam
Fincke,Douglas,England,Tanna,Fincke,Ward
Fincke,Suleyma,Grabe,Yolanda,Fincke,Liam
Fincke,Dante,England,Tanna,Fincke,Ward
Fincke,Amina,England,Krystle,Fincke,Carl
Fincke,Jajuan,England,Tanna,Fincke,Ward
Fincke,Stormy,England,Krystle,Fincke,Carl
Fincke,Kory,England,Tanna,Fincke,Ward
Fincke,Haylie,England,Krystle,Fincke,Carl
Fincke,Shareef,Franklin,Shaylee,Fincke,Charles
Fincke,Skylar,England,Krystle,Fincke,Carl
Fincke,Ashton,Franklin,Shaylee,Fincke,Charles
Fincke,Marjorie,England,Krystle,Fincke,Carl
Fincke,Dana,Franklin,Shaylee,Fincke,Charles
Fincke,Shianne,England,Krystle,Fincke,Carl
Fincke,Jamir,Franklin,Shaylee,Fincke,Charles
Fincke,Keiarra,England,Krystle,Fincke,Carl
Fincke,Louis,Franklin,Shaylee,Fincke,Charles
Fincke,Aidan,England,Krystle,Fincke,Carl
Fincke,Alan,Franklin,Shaylee,Fincke,Charles
Fincke,Yahaira,England,Krystle,Fincke,Carl
Fincke,Craig,Franklin,Shaylee,Fincke,Charles
Fincke,Chaya,England,Krystle,Fincke,Carl
Fincke,Abel,Franklin,Shaylee,Fincke,Charles
Fincke,Jenny,England,Madison,Fincke,Levi
Fincke,Tyran,Franklin,Shaylee,Fincke,Charles
Fincke,Alycia,England,Madison,Fincke,Levi
Fincke,Ravon,Franklin,Shaylee,Fincke,Charles
Fincke,Makaila,England,Madison,Fincke,Levi
Fincke,Habram,Franklin,Cori,Fincke,Corey
Fincke,Carolyn,England,Nyasia,Fincke,Tate
Fincke,Irvin,Franklin,Cori,Fincke,Corey
Fincke,Anastasia,England,Nyasia,Fincke,Tate
Fincke,Jarod,Franklin,Cori,Fincke,Corey
Fincke,Dulce,England,Nyasia,Fincke,Tate
Fincke,Jamar,Franklin,Cori,Fincke,Corey
Fincke,Bryana,England,Nyasia,Fincke,Tate
Fincke,Jayson,Franklin,Cori,Fincke,Corey
Fincke,Sage,England,Megan,Fincke,Daequan
Fincke,Alec,Sega,Magdalena,Fincke,Jamari
Fincke,Adriane,England,Megan,Fincke,Daequan
Fincke,Kasey,Sega,Magdalena,Fincke,Jamari
Fincke,Angelika,England,Megan,Fincke,Daequan
Fincke,Keagan,Sega,Magdalena,Fincke,Jamari
Fincke,Erika,England,Megan,Fincke,Daequan
Fincke,Jesus,Sega,Magdalena,Fincke,Jamari
Fincke,Kelcee,England,Megan,Fincke,Daequan
Fincke,Frank,Sega,Hailey,Fincke,Bill
Fincke,Shania,England,Megan,Fincke,Daequan
Fincke,Jasen,Sega,Hailey,Fincke,Bill
Fincke,Annika,England,Megan,Fincke,Daequan
Franklin,Camron,Fincke,Sierra,Franklin,Clinton
Fincke,Constance,England,Megan,Fincke,Daequan
Franklin,Idris,Fincke,Sierra,Franklin,Clinton
Fincke,Christa,England,Tanna,Fincke,Ward
Franklin,Sunny,Fincke,Sierra,Franklin,Clinton
Fincke,Myra,England,Tanna,Fincke,Ward
Franklin,Gene,Fincke,Sierra,Franklin,Clinton
Fincke,Yaritza,England,Tanna,Fincke,Ward
Franklin,Levi,Fincke,Sierra,Franklin,Clinton
Fincke,Elena,England,Tanna,Fincke,Ward
Franklin,Vinh,Fincke,Sierra,Franklin,Clinton
Fincke,Darian,England,Tanna,Fincke,Ward
Franklin,Braxton,Fincke,Sierra,Franklin,Clinton
Fincke,Carrie,England,Tanna,Fincke,Ward
Franklin,Joel,Fincke,Sierra,Franklin,Clinton
Fincke,Mercedes,England,Tanna,Fincke,Ward
Franklin,Keenan,Fincke,Sierra,Franklin,Clinton
Fincke,Kristen,England,Tanna,Fincke,Ward
Franklin,Marcos,Fincke,Sierra,Franklin,Clinton
Fincke,Alisia,England,Tanna,Fincke,Ward
Franklin,Shelby,Fincke,Sierra,Franklin,Clinton
Fincke,Brenna,England,Tanna,Fincke,Ward
Sega,Keon,Fincke,Patience,Sega,Levi
Fincke,Jaqueline,England,Tanna,Fincke,Ward
Sega,Aron,Fincke,Patience,Sega,Levi
Fincke,Liliana,England,Tanna,Fincke,Ward
Sega,Bobby,Fincke,Patience,Sega,Levi
Fincke,Caitlynn,England,Tanna,Fincke,Ward
Sega,Franklin,Fincke,Patience,Sega,Levi
Fincke,Lucy,Franklin,Shaylee,Fincke,Charles
Sega,Marques,Fincke,Patience,Sega,Levi
Fincke,Victoria,Franklin,Shaylee,Fincke,Charles
Sega,Claudio,Fincke,Patience,Sega,Levi
Fincke,Nathalie,Franklin,Shaylee,Fincke,Charles
Sega,Xzavier,Fincke,Marisa,Sega,Gage
Fincke,Sariah,Franklin,Shaylee,Fincke,Charles
Sega,Rayvon,Fincke,Marisa,Sega,Gage
Fincke,Alesha,Franklin,Shaylee,Fincke,Charles
Sega,Tylor,Fincke,Marisa,Sega,Gage
Fincke,Madeline,Franklin,Shaylee,Fincke,Charles
Sega,Dion,Fincke,Marisa,Sega,Gage
Fincke,Chandler,Franklin,Cori,Fincke,Corey
Sega,Augustus,Fincke,Marisa,Sega,Gage
Fincke,Heaven,Franklin,Cori,Fincke,Corey
Sega,Quinn,Fincke,Ellie,Sega,Diego
Fincke,Sarahmarie,Franklin,Cori,Fincke,Corey
Sega,Ted,Fincke,Ellie,Sega,Diego
Fincke,Candy,Sega,Magdalena,Fincke,Jamari
Sega,Jacori,Fincke,Ellie,Sega,Diego
Fincke,Calandra,Sega,Magdalena,Fincke,Jamari
Sega,Ervin,Fincke,Ellie,Sega,Diego
Fincke,Genesis,Sega,Magdalena,Fincke,Jamari
Sega,Mohamad,Fincke,Ellie,Sega,Diego
Fincke,Porsha,Sega,Magdalena,Fincke,Jamari
Sega,Emmett,Fincke,Kiarra,Sega,Avery
Fincke,Sabrina,Sega,Magdalena,Fincke,Jamari
Sega,Joshua,Fincke,Kiarra,Sega,Avery
Fincke,Ashlie,Sega,Magdalena,Fincke,Jamari
Sega,Ethan,Fincke,Kiarra,Sega,Avery
Fincke,Morgan,Sega,Magdalena,Fincke,Jamari
Sega,Forest,Fincke,Kiarra,Sega,Avery
Fincke,Kaila,Sega,Magdalena,Fincke,Jamari
Sega,Ayub,Fincke,Kiarra,Sega,Avery
Fincke,Mindi,Sega,Magdalena,Fincke,Jamari
Cutter,Gabriel,Fincke,Ixchel,Cutter,Cecil
Fincke,Allyssa,Sega,Hailey,Fincke,Bill
Cutter,Rolando,Fincke,Ixchel,Cutter,Cecil
Fincke,Mykelle,Sega,Hailey,Fincke,Bill
Cutter,Isaias,Fincke,Ixchel,Cutter,Cecil
Fincke,Mandi,Sega,Hailey,Fincke,Bill
Cutter,Gilbert,Fincke,Ixchel,Cutter,Cecil
Fincke,Linnea,Sega,Hailey,Fincke,Bill
Cutter,Jeff,Fincke,Ixchel,Cutter,Cecil
Fincke,Kenyetta,Sega,Hailey,Fincke,Bill
Cutter,Misael,Fincke,Ixchel,Cutter,Cecil
Fincke,Sean,Sega,Hailey,Fincke,Bill
Cutter,Kody,Fincke,Ixchel,Cutter,Cecil
Fincke,Shyann,Sega,Hailey,Fincke,Bill
Cutter,Dyllon,Fincke,Ixchel,Cutter,Cecil
Franklin,Camille,Fincke,Sierra,Franklin,Clinton
Cutter,Moises,Fincke,Ixchel,Cutter,Cecil
Franklin,Desteny,Fincke,Sierra,Franklin,Clinton
Cutter,Jules,Fincke,Ixchel,Cutter,Cecil
Franklin,Maegen,Fincke,Sierra,Franklin,Clinton
Cutter,Leroy,Sega,Leanna,Cutter,Jordan
Franklin,Brook,Fincke,Sierra,Franklin,Clinton
Cutter,Shelby,Sega,Leanna,Cutter,Jordan
Franklin,Kasandra,Fincke,Sierra,Franklin,Clinton
Cutter,Fernando,Sega,Leanna,Cutter,Jordan
Franklin,Astrid,Fincke,Sierra,Franklin,Clinton
Cutter,Rasheed,Sega,Leanna,Cutter,Jordan
Franklin,Francisca,Fincke,Sierra,Franklin,Clinton
Cutter,Rudy,Sega,Leanna,Cutter,Jordan
Franklin,Amber,Fincke,Sierra,Franklin,Clinton
Cutter,Roman,Sega,Leanna,Cutter,Jordan
Sega,Samantha,Fincke,Patience,Sega,Levi
Cutter,Dan,Sega,Geneva,Cutter,Austin
Sega,Jesica,Fincke,Patience,Sega,Levi
Cutter,Saul,Sega,Geneva,Cutter,Austin
Sega,Giovanna,Fincke,Patience,Sega,Levi
Cutter,Kaden,Sega,Geneva,Cutter,Austin
Sega,Glenda,Fincke,Patience,Sega,Levi
Cutter,Jeremy,Sega,Geneva,Cutter,Austin
Sega,Jazmon,Fincke,Patience,Sega,Levi
Cutter,Darian,Sega,Bridgett,Cutter,Jaquan
Sega,Shayna,Fincke,Raven,Sega,Hayden
Cutter,Kevin,Sega,Bridgett,Cutter,Jaquan
Sega,Estefany,Fincke,Raven,Sega,Hayden
Cutter,Micheal,Sega,Bridgett,Cutter,Jaquan
Sega,Ashleigh,Fincke,Raven,Sega,Hayden
Cutter,Colin,Sega,Bridgett,Cutter,Jaquan
Sega,Elizabeth,Fincke,Marisa,Sega,Gage
Cutter,Hudson,Sega,Bridgett,Cutter,Jaquan
Sega,Hilda,Fincke,Marisa,Sega,Gage
Cutter,Dandre,Sega,Bridgett,Cutter,Jaquan
Sega,Margo,Fincke,Marisa,Sega,Gage
Cutter,Lazaro,Sega,Bridgett,Cutter,Jaquan
Sega,Mckayla,Fincke,Marisa,Sega,Gage
Grout,Victor,Sega,Yasmin,Grout,Daequan
Sega,Christine,Fincke,Marisa,Sega,Gage
Grout,Ignacio,Sega,Yasmin,Grout,Daequan
Sega,Savanah,Fincke,Marisa,Sega,Gage
Grout,Jordon,Sega,Yasmin,Grout,Daequan
Sega,Alexandra,Fincke,Ellie,Sega,Diego
Grout,Anthony,Sega,Yasmin,Grout,Daequan
Sega,Catalina,Fincke,Ellie,Sega,Diego
Grout,Kalon,Sega,Yasmin,Grout,Daequan
Sega,Antonia,Fincke,Ellie,Sega,Diego
Grout,Jessie,Sega,Yasmin,Grout,Daequan
Sega,Jill,Fincke,Ellie,Sega,Diego
Grout,Jade,Sega,Yasmin,Grout,Daequan
Sega,Shiloh,Fincke,Ellie,Sega,Diego
Grout,Dantae,Sega,Kelsey,Grout,Kasey
Sega,Alice,Fincke,Kiarra,Sega,Avery
Grout,Israel,Sega,Kelsey,Grout,Kasey
Sega,Isadora,Fincke,Kiarra,Sega,Avery
Grout,Callahan,Sega,Kelsey,Grout,Kasey
Sega,Haven,Fincke,Kiarra,Sega,Avery
Grout,Tomas,Sega,Kelsey,Grout,Kasey
Sega,Taylor,Fincke,Kiarra,Sega,Avery
Grout,Kahlil,Sega,Sade,Grout,Giovanni
Sega,Sidney,Fincke,Kiarra,Sega,Avery
Grout,Eugene,Sega,Sade,Grout,Giovanni
Sega,Riley,Fincke,Kiarra,Sega,Avery
Grout,Deric,Sega,Sade,Grout,Giovanni
Sega,Ayanna,Fincke,Kiarra,Sega,Avery
Grout,Kyler,Sega,Sade,Grout,Giovanni
Sega,Kassandra,Fincke,Kiarra,Sega,Avery
Grout,Justus,Sega,Sade,Grout,Giovanni
Sega,Chelsie,Fincke,Kiarra,Sega,Avery
Grout,Jacoby,Sega,Sade,Grout,Giovanni
Cutter,Mattie,Fincke,Ixchel,Cutter,Cecil
Grout,Aidan,Sega,Sade,Grout,Giovanni
Cutter,Jennah,Fincke,Ixchel,Cutter,Cecil
Grout,Sammie,Sega,Charlene,Grout,Jawaun
Cutter,Chanelle,Fincke,Ixchel,Cutter,Cecil
Grout,Reid,Sega,Charlene,Grout,Jawaun
Cutter,Deborah,Fincke,Ixchel,Cutter,Cecil
Grout,Wesley,Sega,Charlene,Grout,Jawaun
Cutter,Kennedy,Fincke,Ixchel,Cutter,Cecil
Grout,Jake,Sega,Charlene,Grout,Jawaun
Cutter,Cassidy,Fincke,Ixchel,Cutter,Cecil
Grout,Darian,Sega,Charlene,Grout,Jawaun
Cutter,Roslyn,Sega,Leanna,Cutter,Jordan
Grout,Harley,Sega,Charlene,Grout,Jawaun
Cutter,Zulema,Sega,Leanna,Cutter,Jordan
Grout,Lionel,Sega,Charlene,Grout,Jawaun
Cutter,Keri,Sega,Geneva,Cutter,Austin
Grout,Frank,Sega,Kaylee,Grout,Tyler
Cutter,Eryn,Sega,Geneva,Cutter,Austin
Grout,Jean,Sega,Kaylee,Grout,Tyler
Cutter,Estefany,Sega,Bridgett,Cutter,Jaquan
Grout,Luciano,Sega,Kaylee,Grout,Tyler
Cutter,Marie,Sega,Bridgett,Cutter,Jaquan
Grout,Brent,Sega,Kaylee,Grout,Tyler
Cutter,Aidan,Sega,Bridgett,Cutter,Jaquan
Grout,Brooks,Sega,Kaylee,Grout,Tyler
Cutter,Luz,Sega,Bridgett,Cutter,Jaquan
Grout,Gabriel,Sega,Kaylee,Grout,Tyler
Cutter,Bonnie,Sega,Bridgett,Cutter,Jaquan
Grout,Kayle,Sega,Kaylee,Grout,Tyler
Cutter,Carmela,Sega,Bridgett,Cutter,Jaquan
Grout,Keon,Sega,Kaylee,Grout,Tyler
Cutter,Rhiannon,Sega,Bridgett,Cutter,Jaquan
Grout,Zackary,Sega,Kaylee,Grout,Tyler
Cutter,Isabella,Sega,Bridgett,Cutter,Jaquan
Grout,Ramiro,Sega,Minnie,Grout,Nour
Cutter,Hadley,Sega,Bridgett,Cutter,Jaquan
Grout,Conor,Sega,Minnie,Grout,Nour
Cutter,Sylvia,Sega,Bridgett,Cutter,Jaquan
Grout,Andrew,Sega,Minnie,Grout,Nour
Grout,Ebony,Sega,Yasmin,Grout,Daequan
Grout,Tyran,Sega,Minnie,Grout,Nour
Grout,Britney,Sega,Yasmin,Grout,Daequan
Barry,Andrew,Sega,Annika,Barry,Shlomo
Grout,Shaniah,Sega,Yasmin,Grout,Daequan
Barry,Jean,Sega,Annika,Barry,Shlomo
Grout,Kaila,Sega,Yasmin,Grout,Daequan
Barry,Chadwick,Sega,Annika,Barry,Shlomo
Grout,Margarita,Sega,Yasmin,Grout,Daequan
Barry,Moses,Sega,Alexi,Barry,Daron
Grout,Delilah,Sega,Yasmin,Grout,Daequan
Barry,Jeff,Sega,Alexi,Barry,Daron
Grout,Luz,Sega,Yasmin,Grout,Daequan
Barry,Cole,Sega,Alexi,Barry,Daron
Grout,Sarahi,Sega,Yasmin,Grout,Daequan
Barry,Dequan,Sega,Alexi,Barry,Daron
Grout,Dina,Sega,Yasmin,Grout,Daequan
Barry,Yuri,Sega,Alexi,Barry,Daron
Grout,Milena,Sega,Yasmin,Grout,Daequan
Barry,Jan,Sega,Alexi,Barry,Daron
Grout,Chase,Sega,Kelsey,Grout,Kasey
Barry,Calib,Sega,Alexi,Barry,Daron
Grout,Dianne,Sega,Kelsey,Grout,Kasey
Barry,Jamel,Sega,Alexi,Barry,Daron
Grout,Katerina,Sega,Kelsey,Grout,Kasey
Barry,Markell,Sega,Anika,Barry,Brent
Grout,Tanya,Sega,Kelsey,Grout,Kasey
Barry,Gideon,Sega,Anika,Barry,Brent
Grout,Andrea,Sega,Kelsey,Grout,Kasey
Barry,Ron,Sega,Anika,Barry,Brent
Grout,Jazmyne,Sega,Kelsey,Grout,Kasey
Barry,Dominic,Sega,Anika,Barry,Brent
Grout,Heidy,Sega,Kelsey,Grout,Kasey
Barry,Abdiel,Sega,Anika,Barry,Brent
Grout,Kaitlynn,Sega,Kelsey,Grout,Kasey
Barry,Brendon,Sega,Anika,Barry,Brent
Grout,Angelica,Sega,Kelsey,Grout,Kasey
Barry,Tate,Sega,Anika,Barry,Brent
Grout,Veda,Sega,Kelsey,Grout,Kasey
Barry,Garrison,Sega,Anika,Barry,Brent
Grout,Kiara,Sega,Sade,Grout,Giovanni
Barry,Darnell,Sega,Anika,Barry,Brent
Grout,Zoee,Sega,Sade,Grout,Giovanni
Barry,Fernando,Sega,Keely,Barry,Julio
Grout,Khaila,Sega,Sade,Grout,Giovanni
Barry,Kerrick,Sega,Keely,Barry,Julio
Grout,Aishah,Sega,Sade,Grout,Giovanni
Barry,Bernardo,Sega,Keely,Barry,Julio
Grout,Debra,Sega,Sade,Grout,Giovanni
Barry,Keeton,Sega,Keely,Barry,Julio
Grout,Kirsten,Sega,Sade,Grout,Giovanni
Barry,Clint,Cutter,Lilian,Barry,Maxwell
Grout,Payton,Sega,Sade,Grout,Giovanni
Barry,Jessie,Cutter,Lilian,Barry,Maxwell
Grout,Jaymie,Sega,Charlene,Grout,Jawaun
Barry,Cesar,Cutter,Lilian,Barry,Maxwell
Grout,Nia,Sega,Charlene,Grout,Jawaun
Barry,Tarik,Cutter,Lilian,Barry,Maxwell
Grout,Kerry,Sega,Charlene,Grout,Jawaun
Barry,Guadalupe,Cutter,Lilian,Barry,Maxwell
Grout,Natalya,Sega,Charlene,Grout,Jawaun
Barry,Devin,Cutter,Lilian,Barry,Maxwell
Grout,Kallee,Sega,Charlene,Grout,Jawaun
Barry,Terence,Cutter,Lilian,Barry,Maxwell
Grout,Darcy,Sega,Charlene,Grout,Jawaun
Barry,Bradlee,Cutter,Lilian,Barry,Maxwell
Grout,Lila,Sega,Charlene,Grout,Jawaun
Barry,Leland,Cutter,Lilian,Barry,Maxwell
Grout,Sarafina,Sega,Charlene,Grout,Jawaun
Hayes,Desmond,Grout,Jennah,Hayes,Kahlil
Grout,Ashlynn,Sega,Charlene,Grout,Jawaun
Hayes,Nicholas,Grout,Jennah,Hayes,Kahlil
Grout,Anisha,Sega,Charlene,Grout,Jawaun
Hayes,Rigoberto,Grout,Jennah,Hayes,Kahlil
Grout,Caylin,Sega,Charlene,Grout,Jawaun
Hayes,Marc,Grout,Jennah,Hayes,Kahlil
Grout,Estefania,Sega,Charlene,Grout,Jawaun
Hayes,Santos,Grout,Jennah,Hayes,Kahlil
Grout,Drew,Sega,Kaylee,Grout,Tyler
Hayes,Deonta,Grout,Jennah,Hayes,Kahlil
Grout,Kansas,Sega,Kaylee,Grout,Tyler
Hayes,Nathan,Grout,Jennah,Hayes,Kahlil
Grout,Odalys,Sega,Kaylee,Grout,Tyler
Hayes,Vernon,Grout,Jennah,Hayes,Kahlil
Grout,Lisa,Sega,Kaylee,Grout,Tyler
Hayes,Idris,Grout,Jennah,Hayes,Kahlil
Grout,Mayra,Sega,Kaylee,Grout,Tyler
Hayes,Eddie,Grout,Delaney,Hayes,Neftaly
Grout,Marissa,Sega,Kaylee,Grout,Tyler
Hayes,Conrad,Grout,Delaney,Hayes,Neftaly
Grout,Joselyn,Sega,Kaylee,Grout,Tyler
Hayes,Kai,Grout,Sage,Hayes,Claudio
Grout,Mileena,Sega,Kaylee,Grout,Tyler
Hayes,Jarrett,Grout,Sage,Hayes,Claudio
Grout,Joan,Sega,Kaylee,Grout,Tyler
Hayes,Maximilian,Grout,Sage,Hayes,Claudio
Grout,Destini,Sega,Kaylee,Grout,Tyler
Hayes,Perry,Grout,Sage,Hayes,Claudio
Grout,Misty,Sega,Kaylee,Grout,Tyler
Hayes,Johnathan,Grout,Sage,Hayes,Claudio
Grout,Eden,Sega,Minnie,Grout,Nour
Hayes,Kerry,Grout,Sage,Hayes,Claudio
Grout,Naomi,Sega,Minnie,Grout,Nour
Hayes,Dayton,Grout,Sage,Hayes,Claudio
Grout,Carla,Sega,Minnie,Grout,Nour
Hayes,Deon,Grout,Sage,Hayes,Claudio
Grout,Chantelle,Sega,Minnie,Grout,Nour
Hayes,Torey,Grout,Sage,Hayes,Claudio
Grout,Kaya,Sega,Minnie,Grout,Nour
Hayes,Marielle,Grout,Sage,Hayes,Claudio
Grout,Lesley,Sega,Minnie,Grout,Nour
Hayes,Bradlee,Grout,Macie,Hayes,Howard
Grout,Randi,Sega,Minnie,Grout,Nour
Hayes,Joey,Grout,Macie,Hayes,Howard
Barry,Makala,Sega,Annika,Barry,Shlomo
Hayes,Marcello,Grout,Macie,Hayes,Howard
Barry,Monica,Sega,Alexi,Barry,Daron
Hayes,Brady,Grout,Macie,Hayes,Howard
Barry,Shanice,Sega,Alexi,Barry,Daron
Hayes,Deion,Grout,Macie,Hayes,Howard
Barry,Lesley,Sega,Alexi,Barry,Daron
Hayes,Deshaun,Grout,Juanita,Hayes,Jaylan
Barry,Kaylynn,Sega,Alexi,Barry,Daron
Hayes,Nick,Grout,Marlene,Hayes,Tracy
Barry,Kelsi,Sega,Alexi,Barry,Daron
Hayes,Agustin,Grout,Marlene,Hayes,Tracy
Barry,Tynia,Sega,Alexi,Barry,Daron
Hayes,Bennett,Grout,Marlene,Hayes,Tracy
Barry,Loren,Sega,Alexi,Barry,Daron
Hayes,Sawyer,Grout,Marlene,Hayes,Tracy
Barry,Skylar,Sega,Alexi,Barry,Daron
Hayes,Darrell,Grout,Marlene,Hayes,Tracy
Barry,Kansas,Sega,Alexi,Barry,Daron
Hayes,Mohammed,Grout,Marlene,Hayes,Tracy
Barry,Jeffrey,Sega,Alexi,Barry,Daron
Hayes,Deric,Grout,Marlene,Hayes,Tracy
Barry,Kitana,Sega,Anika,Barry,Brent
Hayes,Justus,Grout,Debbie,Hayes,Leo
Barry,Nell,Sega,Anika,Barry,Brent
Hayes,Max,Grout,Debbie,Hayes,Leo
Barry,Jeanette,Sega,Anika,Barry,Brent
Hayes,Julius,Grout,Debbie,Hayes,Leo
Barry,Ellie,Sega,Anika,Barry,Brent
Hayes,Shmuel,Grout,Debbie,Hayes,Leo
Barry,Genesis,Sega,Anika,Barry,Brent
Hayes,Ramon,Grout,Shana,Hayes,Rayquan
Barry,Deborah,Sega,Anika,Barry,Brent
Hayes,Javon,Grout,Shana,Hayes,Rayquan
Barry,Latosha,Sega,Anika,Barry,Brent
Hayes,Lukas,Grout,Shana,Hayes,Rayquan
Barry,Cynthia,Sega,Keely,Barry,Julio
Hayes,Brody,Grout,Shana,Hayes,Rayquan
Barry,Susan,Sega,Keely,Barry,Julio
Hayes,Zane,Grout,Shana,Hayes,Rayquan
Barry,Katelin,Cutter,Lilian,Barry,Maxwell
Hayes,Russell,Grout,Kathryn,Hayes,Lawrence
Barry,Paloma,Cutter,Lilian,Barry,Maxwell
Hayes,Braeden,Grout,Kathryn,Hayes,Lawrence
Barry,Heavenly,Cutter,Lilian,Barry,Maxwell
Hayes,Carlos,Grout,Kathryn,Hayes,Lawrence
Barry,Noemi,Cutter,Lilian,Barry,Maxwell
Hayes,Jacques,Grout,Kathryn,Hayes,Lawrence
Barry,Dorian,Cutter,Lilian,Barry,Maxwell
Hayes,Quinton,Grout,Kathryn,Hayes,Lawrence
Barry,Camilla,Cutter,Lilian,Barry,Maxwell
Hayes,Rahim,Grout,Kathryn,Hayes,Lawrence
Barry,Chastity,Cutter,Lilian,Barry,Maxwell
Hayes,Drake,Grout,Kathryn,Hayes,Lawrence
Barry,Destinee,Cutter,Lilian,Barry,Maxwell
Hayes,Gonzalo,Grout,Kathryn,Hayes,Lawrence
Hayes,Merideth,Grout,Jennah,Hayes,Kahlil
Hayes,Garett,Grout,Kathryn,Hayes,Lawrence
Hayes,Noah,Grout,Jennah,Hayes,Kahlil
Hayes,Terron,Grout,Amari,Hayes,Kasey
Hayes,Kourtney,Grout,Jennah,Hayes,Kahlil
Hayes,Maleek,Grout,Amari,Hayes,Kasey
Hayes,Deja,Grout,Jennah,Hayes,Kahlil
Hayes,Joe,Grout,Amari,Hayes,Kasey
Hayes,Vanessa,Grout,Jennah,Hayes,Kahlil
Hayes,Samuel,Grout,Amari,Hayes,Kasey
Hayes,Lenora,Grout,Jennah,Hayes,Kahlil
Hayes,Christian,Grout,Amari,Hayes,Kasey
Hayes,Deisy,Grout,Jennah,Hayes,Kahlil
Hayes,Ted,Grout,Amari,Hayes,Kasey
Hayes,Liliana,Grout,Delaney,Hayes,Neftaly
Hayes,Maurice,Grout,Amari,Hayes,Kasey
Hayes,Jaclyn,Grout,Delaney,Hayes,Neftaly
Hayes,Duncan,Grout,Amari,Hayes,Kasey
Hayes,Shanna,Grout,Delaney,Hayes,Neftaly
Hayes,Andy,Grout,Amari,Hayes,Kasey
Hayes,Sydni,Grout,Delaney,Hayes,Neftaly
Hayes,Jeremey,Grout,Amari,Hayes,Kasey
Hayes,Clare,Grout,Delaney,Hayes,Neftaly
Hayes,Henry,Grout,Amari,Hayes,Kasey
Hayes,Joyce,Grout,Sage,Hayes,Claudio
Hayes,Justice,Grout,Amari,Hayes,Kasey
Hayes,Anamaria,Grout,Sage,Hayes,Claudio
Hayes,Brendon,Grout,Amari,Hayes,Kasey
Hayes,Klarisa,Grout,Sage,Hayes,Claudio
Grissom,Truman,Grout,Shyann,Grissom,Kieran
Hayes,Aesha,Grout,Sage,Hayes,Claudio
Grissom,Conner,Grout,Shyann,Grissom,Kieran
Hayes,Rowan,Grout,Sage,Hayes,Claudio
Grissom,Javier,Grout,Shyann,Grissom,Kieran
Hayes,Luz,Grout,Sage,Hayes,Claudio
Grissom,Dan,Grout,Shyann,Grissom,Kieran
Hayes,Tanna,Grout,Sage,Hayes,Claudio
Grissom,Reid,Grout,Shyann,Grissom,Kieran
Hayes,Jamee,Grout,Sage,Hayes,Claudio
Grissom,Johnathen,Grout,Shyann,Grissom,Kieran
Hayes,Passion,Grout,Sage,Hayes,Claudio
Grissom,Mateo,Grout,Shyann,Grissom,Kieran
Hayes,Makayla,Grout,Macie,Hayes,Howard
Grissom,Moshe,Grout,Shyann,Grissom,Kieran
Hayes,Dixie,Grout,Macie,Hayes,Howard
Grissom,Alberto,Grout,Shyann,Grissom,Kieran
Hayes,Adele,Grout,Macie,Hayes,Howard
Grissom,Charlie,Grout,Shyann,Grissom,Kieran
Hayes,Amina,Grout,Macie,Hayes,Howard
Grissom,Fredrick,Grout,Shyann,Grissom,Kieran
Hayes,Nyasia,Grout,Macie,Hayes,Howard
Grissom,Dyllon,Grout,Laura,Grissom,Dantae
Hayes,Sabrina,Grout,Juanita,Hayes,Jaylan
Grissom,Marco,Grout,Laura,Grissom,Dantae
Hayes,Krupa,Grout,Juanita,Hayes,Jaylan
Grissom,Russell,Grout,Laura,Grissom,Dantae
Hayes,Janesha,Grout,Juanita,Hayes,Jaylan
Grissom,Garret,Grout,Laura,Grissom,Dantae
Hayes,Abbigail,Grout,Juanita,Hayes,Jaylan
Grissom,Stanley,Grout,Laura,Grissom,Dantae
Hayes,Kianna,Grout,Juanita,Hayes,Jaylan
Grissom,Lashawn,Grout,Laura,Grissom,Dantae
Hayes,Dalila,Grout,Juanita,Hayes,Jaylan
Grissom,Wilson,Grout,Laura,Grissom,Dantae
Hayes,Adrianne,Grout,Marlene,Hayes,Tracy
Grissom,Jevon,Grout,Connie,Grissom,Jacques
Hayes,Lilian,Grout,Marlene,Hayes,Tracy
Grissom,Garrison,Grout,Connie,Grissom,Jacques
Hayes,Francesca,Grout,Marlene,Hayes,Tracy
Grissom,Deandre,Grout,Connie,Grissom,Jacques
Hayes,Allyssa,Grout,Marlene,Hayes,Tracy
Grissom,Donovan,Grout,Connie,Grissom,Jacques
Hayes,Hope,Grout,Marlene,Hayes,Tracy
Grissom,Rex,Grout,Connie,Grissom,Jacques
Hayes,Ceaira,Grout,Marlene,Hayes,Tracy
Grissom,Houston,Grout,Stacy,Grissom,Kyler
Hayes,Allie,Grout,Marlene,Hayes,Tracy
Grissom,Terrell,Grout,Stacy,Grissom,Kyler
Hayes,Elaina,Grout,Marlene,Hayes,Tracy
Grissom,Zachery,Grout,Stacy,Grissom,Kyler
Hayes,Jori,Grout,Marlene,Hayes,Tracy
Grissom,Bailey,Grout,Stacy,Grissom,Kyler
Hayes,Katelyn,Grout,Marlene,Hayes,Tracy
Grissom,Ronny,Grout,Stacy,Grissom,Kyler
Hayes,Kyndra,Grout,Debbie,Hayes,Leo
Carpenter,Keith,Barry,Harley,Carpenter,Rodolfo
Hayes,Jensen,Grout,Debbie,Hayes,Leo
Carpenter,Keegan,Barry,Harley,Carpenter,Rodolfo
Hayes,Krystan,Grout,Debbie,Hayes,Leo
Carpenter,Daniel,Barry,Harley,Carpenter,Rodolfo
Hayes,Kaylie,Grout,Debbie,Hayes,Leo
Carpenter,Ian,Barry,Harley,Carpenter,Rodolfo
Hayes,Sherry,Grout,Debbie,Hayes,Leo
Carpenter,Izaiah,Barry,Harley,Carpenter,Rodolfo
Hayes,Nicole,Grout,Debbie,Hayes,Leo
Carpenter,Aspen,Barry,Harley,Carpenter,Rodolfo
Hayes,Krysta,Grout,Debbie,Hayes,Leo
Carpenter,Arjun,Barry,Harley,Carpenter,Rodolfo
Hayes,Shenelly,Grout,Shana,Hayes,Rayquan
Carpenter,Jacky,Barry,Harley,Carpenter,Rodolfo
Hayes,Geneva,Grout,Shana,Hayes,Rayquan
Carpenter,Trent,Barry,Harley,Carpenter,Rodolfo
Hayes,Coral,Grout,Shana,Hayes,Rayquan
Carpenter,Terron,Barry,Harley,Carpenter,Rodolfo
Hayes,Micah,Grout,Shana,Hayes,Rayquan
Carpenter,Sheldon,Barry,Harley,Carpenter,Rodolfo
Hayes,Leah,Grout,Shana,Hayes,Rayquan
Carpenter,Wanya,Barry,Harley,Carpenter,Rodolfo
Hayes,Shania,Grout,Shana,Hayes,Rayquan
Carpenter,Roberto,Barry,Harley,Carpenter,Rodolfo
Hayes,Josey,Grout,Shana,Hayes,Rayquan
Carpenter,Stanley,Barry,Samira,Carpenter,Trae
Hayes,Marlee,Grout,Shana,Hayes,Rayquan
Carpenter,Warren,Barry,Samira,Carpenter,Trae
Hayes,Kaitlin,Grout,Shana,Hayes,Rayquan
Carpenter,Britt,Barry,Samira,Carpenter,Trae
Hayes,Annika,Grout,Shana,Hayes,Rayquan
Carpenter,Dwayne,Barry,Samira,Carpenter,Trae
Hayes,Kayle,Grout,Kathryn,Hayes,Lawrence
Carpenter,Ted,Barry,Samira,Carpenter,Trae
Hayes,Dyamond,Grout,Kathryn,Hayes,Lawrence
Carpenter,Calvin,Barry,Samira,Carpenter,Trae
Hayes,Queen,Grout,Kathryn,Hayes,Lawrence
Carpenter,Zackery,Barry,Samira,Carpenter,Trae
Hayes,Niki,Grout,Kathryn,Hayes,Lawrence
Carpenter,Brennon,Barry,Samira,Carpenter,Trae
Hayes,Kyle,Grout,Kathryn,Hayes,Lawrence
Carpenter,Rodrigo,Barry,Samira,Carpenter,Trae
Hayes,Jasmine,Grout,Amari,Hayes,Kasey
Carpenter,Arthur,Barry,Samira,Carpenter,Trae
Hayes,Lexi,Grout,Amari,Hayes,Kasey
Carpenter,Antonio,Barry,Jazmin,Carpenter,Myron
Hayes,Dylan,Grout,Amari,Hayes,Kasey
Carpenter,Rigoberto,Barry,Jazmin,Carpenter,Myron
Hayes,Skyler,Grout,Amari,Hayes,Kasey
Carpenter,Wayne,Barry,Jazmin,Carpenter,Myron
Hayes,Mindi,Grout,Amari,Hayes,Kasey
Carpenter,Salvador,Barry,Jazmin,Carpenter,Myron
Grissom,Shayna,Grout,Shyann,Grissom,Kieran
Carpenter,Bronson,Barry,Jazmin,Carpenter,Myron
Grissom,Briana,Grout,Shyann,Grissom,Kieran
Carpenter,Addison,Barry,Jazmin,Carpenter,Myron
Grissom,Marie,Grout,Shyann,Grissom,Kieran
Carpenter,Jamison,Barry,Jazmin,Carpenter,Myron
Grissom,Anita,Grout,Shyann,Grissom,Kieran
Carpenter,Marcos,Barry,Jazmin,Carpenter,Myron
Grissom,Rita,Grout,Shyann,Grissom,Kieran
Carpenter,Gavin,Barry,Jazmin,Carpenter,Myron
Grissom,Brittany,Grout,Shyann,Grissom,Kieran
Carpenter,Grady,Barry,Jazmin,Carpenter,Myron
Grissom,Kristen,Grout,Shyann,Grissom,Kieran
Carpenter,Sammie,Barry,Jordyn,Carpenter,Kenneth
Grissom,Beverly,Grout,Shyann,Grissom,Kieran
Carpenter,Quanterriu,Barry,Jordyn,Carpenter,Kenneth
Grissom,Kristy,Grout,Laura,Grissom,Dantae
Carpenter,Montel,Barry,Jordyn,Carpenter,Kenneth
Grissom,Leslie,Grout,Laura,Grissom,Dantae
Carpenter,Henry,Barry,Jordyn,Carpenter,Kenneth
Grissom,Dina,Grout,Laura,Grissom,Dantae
Carpenter,Wyatt,Barry,Jordyn,Carpenter,Kenneth
Grissom,Sheridan,Grout,Laura,Grissom,Dantae
Carpenter,Ricardo,Barry,Jordyn,Carpenter,Kenneth
Grissom,Xandria,Grout,Laura,Grissom,Dantae
Carpenter,Wilson,Barry,Jordyn,Carpenter,Kenneth
Grissom,Regina,Grout,Laura,Grissom,Dantae
Carpenter,Humberto,Barry,Jordyn,Carpenter,Kenneth
Grissom,Siarra,Grout,Connie,Grissom,Jacques
Carpenter,Issac,Barry,Amina,Carpenter,Rodney
Grissom,Alayna,Grout,Connie,Grissom,Jacques
Carpenter,Trace,Barry,Amina,Carpenter,Rodney
Grissom,Kayleen,Grout,Connie,Grissom,Jacques
Carpenter,Jordin,Barry,Amina,Carpenter,Rodney
Grissom,Maya,Grout,Connie,Grissom,Jacques
Carpenter,Dorian,Barry,Amina,Carpenter,Rodney
Grissom,Tammy,Grout,Connie,Grissom,Jacques
Carpenter,Quentin,Barry,Destany,Carpenter,Corey
Grissom,Ruth,Grout,Stacy,Grissom,Kyler
Carpenter,Darrin,Barry,Destany,Carpenter,Corey
Grissom,Jeanette,Grout,Stacy,Grissom,Kyler
Carpenter,Mohammed,Barry,Destany,Carpenter,Corey
Grissom,Christie,Grout,Stacy,Grissom,Kyler
Carpenter,Braeden,Barry,Destany,Carpenter,Corey
Grissom,Suzette,Grout,Stacy,Grissom,Kyler
Carpenter,Kelvin,Barry,Destany,Carpenter,Corey
Carpenter,Kaili,Barry,Harley,Carpenter,Rodolfo
Carpenter,Kerrick,Barry,Destany,Carpenter,Corey
Carpenter,Justina,Barry,Harley,Carpenter,Rodolfo
Carpenter,Kyle,Barry,Destany,Carpenter,Corey
Carpenter,Nallely,Barry,Harley,Carpenter,Rodolfo
Carpenter,Jaime,Barry,Destany,Carpenter,Corey
Carpenter,Phoebe,Barry,Harley,Carpenter,Rodolfo
