Chawla,Denzel,Hammond,Devany,Chawla,Shawn
Henricks,Alayna,Camarda,Chantel,Henricks,Jeremy
Wheelock,Osvaldo,Patrick,Tristin,Wheelock,Ignacio
Scobee,Leigh,Coleman,Mara,Scobee,Gene
Givens,Rakeem,Duke,Thalia,Givens,Braden
Ochoa,Dena,Stefanyshyn,Caylin,Ochoa,Stevan
Grissom,Quayshawn,Slayton,Chastity,Grissom,Ervin
Blaha,Caylin,Grabe,Maricarmen,Blaha,Brice
Duke,Jajuan,Griggs,Madeline,Duke,Sammie
Bloomfield,Aileen,Readdy,Madeline,Bloomfield,Mason
Washington,Hayes,Herrington,Kaylee,Washington,Billy
Bean,Kealani,Kilrain,Rian,Bean,Jamel
Poindexter,Gary,Schwartz,Ramona,Poindexter,Oneil
Wolf,Lindsay,Walz,Markia,Wolf,Jacky
Vanderhooven,Torey,Grissom,Sabreen,Vanderhooven,Abel
Torvalds,Francesca,Coats,Naomi,Torvalds,Shlomo
Gutierrez,Dalton,Blaha,Kyle,Gutierrez,Zachariah
Jemison,Leah,Clark,Kandice,Jemison,Tyran
Richards,Simon,Woodward,Nina,Richards,Keenan
Gernhardt,Aylin,Bowersox,Blaze,Gernhardt,Elliott
Pffaff,Tre,Gibson,Kaylie,Pffaff,Dalton
Haise,Shane,Buchanan,Aimee,Haise,Mario
Eisele,Leonard,Foale,Callie,Eisele,Keanu
Hilmers,Antoinette,Nelson,Milena,Hilmers,Keion
Chaffee,Tysen,Anderson,Marli,Chaffee,Santana
Wheelock,Lesley,Scobee,Leigh,Wheelock,Osvaldo
Phillips,Kayvon,Zamka,Lyric,Phillips,Louis
Givens,Kyra,Ochoa,Dena,Givens,Rakeem
Kilrain,Tre,Irwin,Eleni,Kilrain,Anfernee
Givens,Vivien,Ochoa,Dena,Givens,Rakeem
Sullivan,Travis,Zophar,Anika,Sullivan,Lars
Givens,Aisha,Ochoa,Dena,Givens,Rakeem
Dunbar,Emanuel,Chiao,Emilie,Dunbar,Sunny
Givens,Shiann,Ochoa,Dena,Givens,Rakeem
Taylor,Shmuel,Lousma,Alyssa,Taylor,Jeremiah
Givens,Amelia,Ochoa,Dena,Givens,Rakeem
Chawla,Ezequiel,Henricks,Alayna,Chawla,Denzel
Givens,Chastity,Ochoa,Dena,Givens,Rakeem
Chawla,Agustin,Henricks,Alayna,Chawla,Denzel
Givens,Mariam,Ochoa,Dena,Givens,Rakeem
Chawla,Antonio,Henricks,Alayna,Chawla,Denzel
Givens,Malina,Ochoa,Dena,Givens,Rakeem
Wheelock,Lucas,Scobee,Leigh,Wheelock,Osvaldo
Givens,Calandra,Ochoa,Dena,Givens,Rakeem
Wheelock,Tracy,Scobee,Leigh,Wheelock,Osvaldo
Grissom,Patsy,Blaha,Caylin,Grissom,Quayshawn
Wheelock,Justin,Scobee,Leigh,Wheelock,Osvaldo
Grissom,Armani,Blaha,Caylin,Grissom,Quayshawn
Wheelock,Freddy,Scobee,Leigh,Wheelock,Osvaldo
Grissom,Annalie,Blaha,Caylin,Grissom,Quayshawn
Wheelock,Ethan,Scobee,Leigh,Wheelock,Osvaldo
Grissom,Mikala,Blaha,Caylin,Grissom,Quayshawn
Wheelock,Davon,Scobee,Leigh,Wheelock,Osvaldo
Grissom,Alondra,Blaha,Caylin,Grissom,Quayshawn
Givens,Willie,Ochoa,Dena,Givens,Rakeem
Grissom,Vivien,Blaha,Caylin,Grissom,Quayshawn
Givens,Tommy,Ochoa,Dena,Givens,Rakeem
Grissom,Jenae,Blaha,Caylin,Grissom,Quayshawn
Givens,Ethan,Ochoa,Dena,Givens,Rakeem
Grissom,Marysol,Blaha,Caylin,Grissom,Quayshawn
Givens,Skyler,Ochoa,Dena,Givens,Rakeem
Grissom,Diane,Blaha,Caylin,Grissom,Quayshawn
Givens,Thaddeus,Ochoa,Dena,Givens,Rakeem
Grissom,Ellie,Blaha,Caylin,Grissom,Quayshawn
Givens,Brandon,Ochoa,Dena,Givens,Rakeem
Grissom,Chynna,Blaha,Caylin,Grissom,Quayshawn
Givens,Terrence,Ochoa,Dena,Givens,Rakeem
Grissom,Alisa,Blaha,Caylin,Grissom,Quayshawn
Givens,Ron,Ochoa,Dena,Givens,Rakeem
Duke,Haven,Bloomfield,Aileen,Duke,Jajuan
Grissom,Zachariah,Blaha,Caylin,Grissom,Quayshawn
Duke,Marilyn,Bloomfield,Aileen,Duke,Jajuan
Grissom,Jeramie,Blaha,Caylin,Grissom,Quayshawn
Duke,Justine,Bloomfield,Aileen,Duke,Jajuan
Grissom,Keagan,Blaha,Caylin,Grissom,Quayshawn
Duke,Anamaria,Bloomfield,Aileen,Duke,Jajuan
Grissom,Lawrence,Blaha,Caylin,Grissom,Quayshawn
Duke,Yvette,Bloomfield,Aileen,Duke,Jajuan
Grissom,Saul,Blaha,Caylin,Grissom,Quayshawn
Duke,Ashlee,Bloomfield,Aileen,Duke,Jajuan
Grissom,Marshall,Blaha,Caylin,Grissom,Quayshawn
Washington,Thalia,Bean,Kealani,Washington,Hayes
Grissom,Camron,Blaha,Caylin,Grissom,Quayshawn
Washington,Ivory,Bean,Kealani,Washington,Hayes
Grissom,Rodrigo,Blaha,Caylin,Grissom,Quayshawn
Washington,Sheridan,Bean,Kealani,Washington,Hayes
Duke,Tyrone,Bloomfield,Aileen,Duke,Jajuan
Washington,Kristine,Bean,Kealani,Washington,Hayes
Duke,Jaylen,Bloomfield,Aileen,Duke,Jajuan
Washington,Baby,Bean,Kealani,Washington,Hayes
Duke,Kapil,Bloomfield,Aileen,Duke,Jajuan
Washington,Allie,Bean,Kealani,Washington,Hayes
Duke,Leo,Bloomfield,Aileen,Duke,Jajuan
Washington,Viviana,Bean,Kealani,Washington,Hayes
Duke,Reece,Bloomfield,Aileen,Duke,Jajuan
Washington,Libby,Bean,Kealani,Washington,Hayes
Duke,Caden,Bloomfield,Aileen,Duke,Jajuan
Poindexter,Claire,Wolf,Lindsay,Poindexter,Gary
Duke,Augustus,Bloomfield,Aileen,Duke,Jajuan
Poindexter,Shuntara,Wolf,Lindsay,Poindexter,Gary
Duke,Hayden,Bloomfield,Aileen,Duke,Jajuan
Poindexter,Suleyma,Wolf,Lindsay,Poindexter,Gary
Duke,Skylar,Bloomfield,Aileen,Duke,Jajuan
Poindexter,Francisca,Wolf,Lindsay,Poindexter,Gary
Duke,Garin,Bloomfield,Aileen,Duke,Jajuan
Poindexter,Kristine,Wolf,Lindsay,Poindexter,Gary
Duke,Devontae,Bloomfield,Aileen,Duke,Jajuan
Poindexter,Laurel,Wolf,Lindsay,Poindexter,Gary
Duke,Conrad,Bloomfield,Aileen,Duke,Jajuan
Poindexter,Danielle,Wolf,Lindsay,Poindexter,Gary
Washington,Yovani,Bean,Kealani,Washington,Hayes
Poindexter,Alice,Wolf,Lindsay,Poindexter,Gary
Washington,Darnell,Bean,Kealani,Washington,Hayes
Vanderhooven,Damaris,Torvalds,Francesca,Vanderhooven,Torey
Washington,Devyn,Bean,Kealani,Washington,Hayes
Vanderhooven,Abigayle,Torvalds,Francesca,Vanderhooven,Torey
Washington,Brendan,Bean,Kealani,Washington,Hayes
Vanderhooven,Amina,Torvalds,Francesca,Vanderhooven,Torey
Washington,Reuben,Bean,Kealani,Washington,Hayes
Vanderhooven,Madelyne,Torvalds,Francesca,Vanderhooven,Torey
Washington,Spenser,Bean,Kealani,Washington,Hayes
Vanderhooven,Tyeisha,Torvalds,Francesca,Vanderhooven,Torey
Washington,Devon,Bean,Kealani,Washington,Hayes
Vanderhooven,Angel,Torvalds,Francesca,Vanderhooven,Torey
Poindexter,Daron,Wolf,Lindsay,Poindexter,Gary
Vanderhooven,Linsey,Torvalds,Francesca,Vanderhooven,Torey
Poindexter,Sawyer,Wolf,Lindsay,Poindexter,Gary
Vanderhooven,Joy,Torvalds,Francesca,Vanderhooven,Torey
Poindexter,Habram,Wolf,Lindsay,Poindexter,Gary
Gutierrez,Ali,Jemison,Leah,Gutierrez,Dalton
Poindexter,Sutton,Wolf,Lindsay,Poindexter,Gary
Gutierrez,Annemarie,Jemison,Leah,Gutierrez,Dalton
Poindexter,Darrius,Wolf,Lindsay,Poindexter,Gary
Gutierrez,Sariah,Jemison,Leah,Gutierrez,Dalton
Poindexter,Landin,Wolf,Lindsay,Poindexter,Gary
Gutierrez,Alejandra,Jemison,Leah,Gutierrez,Dalton
Vanderhooven,Hunter,Torvalds,Francesca,Vanderhooven,Torey
Gutierrez,Hope,Jemison,Leah,Gutierrez,Dalton
Vanderhooven,Garrison,Torvalds,Francesca,Vanderhooven,Torey
Richards,Alisha,Gernhardt,Aylin,Richards,Simon
Vanderhooven,Simeon,Torvalds,Francesca,Vanderhooven,Torey
Richards,Makenzi,Gernhardt,Aylin,Richards,Simon
Vanderhooven,Clinton,Torvalds,Francesca,Vanderhooven,Torey
Richards,Miracle,Gernhardt,Aylin,Richards,Simon
Vanderhooven,Tad,Torvalds,Francesca,Vanderhooven,Torey
Richards,Summer,Gernhardt,Aylin,Richards,Simon
Vanderhooven,Alec,Torvalds,Francesca,Vanderhooven,Torey
Richards,Karissa,Gernhardt,Aylin,Richards,Simon
Vanderhooven,Tevin,Torvalds,Francesca,Vanderhooven,Torey
Richards,Kitana,Gernhardt,Aylin,Richards,Simon
Vanderhooven,Kade,Torvalds,Francesca,Vanderhooven,Torey
Richards,Ayanna,Gernhardt,Aylin,Richards,Simon
Vanderhooven,Dakotah,Torvalds,Francesca,Vanderhooven,Torey
Richards,Brittany,Gernhardt,Aylin,Richards,Simon
Vanderhooven,Peyton,Torvalds,Francesca,Vanderhooven,Torey
Pffaff,Jasmine,Haise,Shane,Pffaff,Tre
Gutierrez,Jarod,Jemison,Leah,Gutierrez,Dalton
Pffaff,Luna,Haise,Shane,Pffaff,Tre
Gutierrez,Callahan,Jemison,Leah,Gutierrez,Dalton
Pffaff,Khyla,Haise,Shane,Pffaff,Tre
Gutierrez,Ronald,Jemison,Leah,Gutierrez,Dalton
Pffaff,Tania,Haise,Shane,Pffaff,Tre
Gutierrez,Royce,Jemison,Leah,Gutierrez,Dalton
Eisele,Krystan,Hilmers,Antoinette,Eisele,Leonard
Gutierrez,Grady,Jemison,Leah,Gutierrez,Dalton
Eisele,Maricarmen,Hilmers,Antoinette,Eisele,Leonard
Gutierrez,Colton,Jemison,Leah,Gutierrez,Dalton
Eisele,Rebekkah,Hilmers,Antoinette,Eisele,Leonard
Richards,Todd,Gernhardt,Aylin,Richards,Simon
Eisele,Yasmine,Hilmers,Antoinette,Eisele,Leonard
Richards,Bryce,Gernhardt,Aylin,Richards,Simon
Eisele,Shamaria,Hilmers,Antoinette,Eisele,Leonard
Richards,Andreas,Gernhardt,Aylin,Richards,Simon
Eisele,Kayli,Hilmers,Antoinette,Eisele,Leonard
Richards,Shayne,Gernhardt,Aylin,Richards,Simon
Chaffee,Anabel,Wheelock,Lesley,Chaffee,Tysen
Richards,Jarred,Gernhardt,Aylin,Richards,Simon
Chaffee,Kimberlee,Wheelock,Lesley,Chaffee,Tysen
Pffaff,Mathieu,Haise,Shane,Pffaff,Tre
Chaffee,Marisol,Wheelock,Lesley,Chaffee,Tysen
Pffaff,Anders,Haise,Shane,Pffaff,Tre
Chaffee,Yuki,Wheelock,Lesley,Chaffee,Tysen
Eisele,Alberto,Hilmers,Antoinette,Eisele,Leonard
Chaffee,Marli,Wheelock,Lesley,Chaffee,Tysen
Eisele,James,Hilmers,Antoinette,Eisele,Leonard
Phillips,Patsy,Givens,Kyra,Phillips,Kayvon
Eisele,Brad,Hilmers,Antoinette,Eisele,Leonard
Phillips,Anamaria,Givens,Kyra,Phillips,Kayvon
Eisele,Griffin,Hilmers,Antoinette,Eisele,Leonard
Phillips,Robyn,Givens,Kyra,Phillips,Kayvon
Eisele,Zane,Hilmers,Antoinette,Eisele,Leonard
Phillips,Makena,Givens,Kyra,Phillips,Kayvon
Chaffee,Vincent,Wheelock,Lesley,Chaffee,Tysen
Phillips,Rochelle,Givens,Kyra,Phillips,Kayvon
Chaffee,Grayson,Wheelock,Lesley,Chaffee,Tysen
Phillips,Justine,Givens,Kyra,Phillips,Kayvon
Chaffee,Johnathen,Wheelock,Lesley,Chaffee,Tysen
Kilrain,Daija,Givens,Vivien,Kilrain,Tre
Chaffee,Diamond,Wheelock,Lesley,Chaffee,Tysen
Kilrain,Brigitte,Givens,Vivien,Kilrain,Tre
Chaffee,Jaylen,Wheelock,Lesley,Chaffee,Tysen
Kilrain,Meredith,Givens,Vivien,Kilrain,Tre
Phillips,Marvin,Givens,Kyra,Phillips,Kayvon
Sullivan,Maryann,Givens,Aisha,Sullivan,Travis
Phillips,Deanthony,Givens,Kyra,Phillips,Kayvon
Sullivan,Destini,Givens,Aisha,Sullivan,Travis
Phillips,Jacques,Givens,Kyra,Phillips,Kayvon
Sullivan,Lindsey,Givens,Aisha,Sullivan,Travis
Phillips,Jack,Givens,Kyra,Phillips,Kayvon
Sullivan,Gabriele,Givens,Aisha,Sullivan,Travis
Phillips,Eric,Givens,Kyra,Phillips,Kayvon
Sullivan,Malika,Givens,Aisha,Sullivan,Travis
Phillips,Nadav,Givens,Kyra,Phillips,Kayvon
Sullivan,Ruby,Givens,Aisha,Sullivan,Travis
Phillips,Emiliano,Givens,Kyra,Phillips,Kayvon
Sullivan,Amanda,Givens,Aisha,Sullivan,Travis
Phillips,Collin,Givens,Kyra,Phillips,Kayvon
Dunbar,Jocelyn,Givens,Shiann,Dunbar,Emanuel
Kilrain,Babyboy,Givens,Vivien,Kilrain,Tre
Dunbar,Amy,Givens,Shiann,Dunbar,Emanuel
Kilrain,Yovani,Givens,Vivien,Kilrain,Tre
Dunbar,Tania,Givens,Shiann,Dunbar,Emanuel
Kilrain,Dantae,Givens,Vivien,Kilrain,Tre
Taylor,Harley,Givens,Amelia,Taylor,Shmuel
Sullivan,Frank,Givens,Aisha,Sullivan,Travis
Taylor,Crystal,Givens,Amelia,Taylor,Shmuel
Sullivan,Zakery,Givens,Aisha,Sullivan,Travis
Taylor,Colette,Givens,Amelia,Taylor,Shmuel
Sullivan,Aron,Givens,Aisha,Sullivan,Travis
Taylor,Maggie,Givens,Amelia,Taylor,Shmuel
Sullivan,Mohammad,Givens,Aisha,Sullivan,Travis
Taylor,Daniela,Givens,Amelia,Taylor,Shmuel
Sullivan,Milton,Givens,Aisha,Sullivan,Travis
Taylor,Baby,Givens,Amelia,Taylor,Shmuel
Sullivan,Tallon,Givens,Aisha,Sullivan,Travis
Taylor,Cortney,Givens,Amelia,Taylor,Shmuel
Sullivan,Dalton,Givens,Aisha,Sullivan,Travis
Chawla,Stephanie,Givens,Chastity,Chawla,Ezequiel
Sullivan,Nour,Givens,Aisha,Sullivan,Travis
Chawla,Anisha,Givens,Chastity,Chawla,Ezequiel
Sullivan,Devyn,Givens,Aisha,Sullivan,Travis
Chawla,Kady,Givens,Chastity,Chawla,Ezequiel
Sullivan,Chaz,Givens,Aisha,Sullivan,Travis
Chawla,Lianna,Givens,Chastity,Chawla,Ezequiel
Dunbar,Ron,Givens,Shiann,Dunbar,Emanuel
Chawla,Lesley,Givens,Chastity,Chawla,Ezequiel
Dunbar,Olivier,Givens,Shiann,Dunbar,Emanuel
Chawla,Jasmin,Givens,Chastity,Chawla,Ezequiel
Taylor,Estevan,Givens,Amelia,Taylor,Shmuel
Chawla,Krystal,Givens,Chastity,Chawla,Ezequiel
Taylor,Alonso,Givens,Amelia,Taylor,Shmuel
Chawla,Chantel,Givens,Chastity,Chawla,Ezequiel
Taylor,Jean,Givens,Amelia,Taylor,Shmuel
Chawla,Keana,Givens,Mariam,Chawla,Agustin
Taylor,Jacques,Givens,Amelia,Taylor,Shmuel
Chawla,Amber,Givens,Mariam,Chawla,Agustin
Taylor,Anibal,Givens,Amelia,Taylor,Shmuel
Chawla,Katerina,Givens,Mariam,Chawla,Agustin
Taylor,Johnathen,Givens,Amelia,Taylor,Shmuel
Chawla,Raegan,Givens,Mariam,Chawla,Agustin
Taylor,Eddie,Givens,Amelia,Taylor,Shmuel
Chawla,Shanyce,Givens,Mariam,Chawla,Agustin
Chawla,Brent,Givens,Chastity,Chawla,Ezequiel
Chawla,Cassie,Givens,Mariam,Chawla,Agustin
Chawla,Guillermo,Givens,Chastity,Chawla,Ezequiel
Chawla,Julie,Givens,Malina,Chawla,Antonio
Chawla,Zachery,Givens,Chastity,Chawla,Ezequiel
Chawla,Nadia,Givens,Malina,Chawla,Antonio
Chawla,Kameron,Givens,Chastity,Chawla,Ezequiel
Chawla,Rian,Givens,Malina,Chawla,Antonio
Chawla,Damion,Givens,Chastity,Chawla,Ezequiel
Chawla,Breeanna,Givens,Malina,Chawla,Antonio
Chawla,Louis,Givens,Chastity,Chawla,Ezequiel
Chawla,Jabria,Givens,Malina,Chawla,Antonio
Chawla,Daxton,Givens,Mariam,Chawla,Agustin
Wheelock,Melissa,Givens,Calandra,Wheelock,Lucas
Chawla,Cristobal,Givens,Mariam,Chawla,Agustin
Wheelock,Destiana,Givens,Calandra,Wheelock,Lucas
Chawla,Danny,Givens,Mariam,Chawla,Agustin
Wheelock,Iris,Givens,Calandra,Wheelock,Lucas
Chawla,Daron,Givens,Mariam,Chawla,Agustin
Wheelock,Carmelita,Givens,Calandra,Wheelock,Lucas
Chawla,Levi,Givens,Mariam,Chawla,Agustin
Wheelock,Susana,Givens,Calandra,Wheelock,Lucas
Chawla,Jackson,Givens,Mariam,Chawla,Agustin
Wheelock,Sophia,Givens,Calandra,Wheelock,Lucas
Chawla,August,Givens,Mariam,Chawla,Agustin
Wheelock,Anthony,Givens,Calandra,Wheelock,Lucas
Chawla,Reed,Givens,Mariam,Chawla,Agustin
Wheelock,Jasmin,Givens,Calandra,Wheelock,Lucas
Chawla,Yobani,Givens,Malina,Chawla,Antonio
Wheelock,Gretchen,Grissom,Patsy,Wheelock,Tracy
Chawla,Mateo,Givens,Malina,Chawla,Antonio
Wheelock,Austin,Grissom,Patsy,Wheelock,Tracy
Chawla,Bernardo,Givens,Malina,Chawla,Antonio
Wheelock,Joselin,Grissom,Patsy,Wheelock,Tracy
Chawla,Ray,Givens,Malina,Chawla,Antonio
Wheelock,Tanna,Grissom,Patsy,Wheelock,Tracy
Chawla,Brad,Givens,Malina,Chawla,Antonio
Wheelock,Joanna,Grissom,Patsy,Wheelock,Tracy
Wheelock,Jeffery,Givens,Calandra,Wheelock,Lucas
Wheelock,Allie,Grissom,Patsy,Wheelock,Tracy
Wheelock,Garrett,Givens,Calandra,Wheelock,Lucas
Wheelock,Marivel,Grissom,Patsy,Wheelock,Tracy
Wheelock,Jade,Givens,Calandra,Wheelock,Lucas
Wheelock,Essence,Grissom,Patsy,Wheelock,Tracy
Wheelock,Harold,Givens,Calandra,Wheelock,Lucas
Wheelock,Haylie,Grissom,Armani,Wheelock,Justin
Wheelock,Larry,Givens,Calandra,Wheelock,Lucas
Wheelock,Cambria,Grissom,Armani,Wheelock,Justin
Wheelock,Garett,Givens,Calandra,Wheelock,Lucas
Wheelock,Xochitl,Grissom,Armani,Wheelock,Justin
Wheelock,Tyrell,Givens,Calandra,Wheelock,Lucas
Wheelock,Brigid,Grissom,Armani,Wheelock,Justin
Wheelock,San,Givens,Calandra,Wheelock,Lucas
Wheelock,Jazmine,Grissom,Armani,Wheelock,Justin
Wheelock,Nicholas,Givens,Calandra,Wheelock,Lucas
Wheelock,Lizbeth,Grissom,Armani,Wheelock,Justin
Wheelock,Tysheem,Givens,Calandra,Wheelock,Lucas
Wheelock,Martha,Grissom,Armani,Wheelock,Justin
Wheelock,Jeb,Givens,Calandra,Wheelock,Lucas
Wheelock,Anita,Grissom,Annalie,Wheelock,Freddy
Wheelock,Keifer,Givens,Calandra,Wheelock,Lucas
Wheelock,Jamiya,Grissom,Annalie,Wheelock,Freddy
Wheelock,Lance,Grissom,Patsy,Wheelock,Tracy
Wheelock,Joyce,Grissom,Annalie,Wheelock,Freddy
Wheelock,Amari,Grissom,Patsy,Wheelock,Tracy
Wheelock,Katerina,Grissom,Annalie,Wheelock,Freddy
Wheelock,Darren,Grissom,Patsy,Wheelock,Tracy
Wheelock,Jillian,Grissom,Annalie,Wheelock,Freddy
Wheelock,Antavius,Grissom,Patsy,Wheelock,Tracy
Wheelock,Lisette,Grissom,Annalie,Wheelock,Freddy
Wheelock,Coleman,Grissom,Patsy,Wheelock,Tracy
Wheelock,Sandra,Grissom,Annalie,Wheelock,Freddy
Wheelock,Fred,Grissom,Patsy,Wheelock,Tracy
Wheelock,Angelique,Grissom,Annalie,Wheelock,Freddy
Wheelock,Elias,Grissom,Armani,Wheelock,Justin
Wheelock,Alexandrea,Grissom,Annalie,Wheelock,Freddy
Wheelock,Wilmer,Grissom,Armani,Wheelock,Justin
Wheelock,Jena,Grissom,Annalie,Wheelock,Freddy
Wheelock,Zaire,Grissom,Armani,Wheelock,Justin
Wheelock,Rita,Grissom,Annalie,Wheelock,Freddy
Wheelock,Brennen,Grissom,Armani,Wheelock,Justin
Wheelock,Makaila,Grissom,Annalie,Wheelock,Freddy
Wheelock,Sawyer,Grissom,Armani,Wheelock,Justin
Wheelock,Erica,Grissom,Mikala,Wheelock,Ethan
Wheelock,Alvaro,Grissom,Armani,Wheelock,Justin
Wheelock,Rianna,Grissom,Mikala,Wheelock,Ethan
Wheelock,Abel,Grissom,Armani,Wheelock,Justin
Wheelock,Annie,Grissom,Mikala,Wheelock,Ethan
Wheelock,Efrain,Grissom,Armani,Wheelock,Justin
Wheelock,Chantel,Grissom,Alondra,Wheelock,Davon
Wheelock,Arian,Grissom,Annalie,Wheelock,Freddy
Wheelock,Olivia,Grissom,Alondra,Wheelock,Davon
Wheelock,Jacky,Grissom,Annalie,Wheelock,Freddy
Wheelock,Jazmyn,Grissom,Alondra,Wheelock,Davon
Wheelock,Daxton,Grissom,Annalie,Wheelock,Freddy
Wheelock,Yadira,Grissom,Alondra,Wheelock,Davon
Wheelock,Marcus,Grissom,Annalie,Wheelock,Freddy
Wheelock,Maegan,Grissom,Alondra,Wheelock,Davon
Wheelock,Deanthony,Grissom,Annalie,Wheelock,Freddy
Givens,Liz,Grissom,Vivien,Givens,Willie
Wheelock,Callum,Grissom,Annalie,Wheelock,Freddy
Givens,Emilie,Grissom,Vivien,Givens,Willie
Wheelock,Jeremiah,Grissom,Annalie,Wheelock,Freddy
Givens,Aundrea,Grissom,Jenae,Givens,Tommy
Wheelock,Zackary,Grissom,Mikala,Wheelock,Ethan
Givens,Devany,Grissom,Jenae,Givens,Tommy
Wheelock,Leonard,Grissom,Mikala,Wheelock,Ethan
Givens,Chantal,Grissom,Jenae,Givens,Tommy
Wheelock,Anthoni,Grissom,Mikala,Wheelock,Ethan
Givens,Kiersten,Grissom,Jenae,Givens,Tommy
Wheelock,Garin,Grissom,Mikala,Wheelock,Ethan
Givens,Joy,Grissom,Jenae,Givens,Tommy
Wheelock,Dale,Grissom,Mikala,Wheelock,Ethan
Givens,Dulce,Grissom,Jenae,Givens,Tommy
Wheelock,Zachery,Grissom,Mikala,Wheelock,Ethan
Givens,Delanie,Grissom,Jenae,Givens,Tommy
Wheelock,Ricky,Grissom,Mikala,Wheelock,Ethan
Givens,Symone,Grissom,Marysol,Givens,Ethan
Wheelock,Junior,Grissom,Mikala,Wheelock,Ethan
Givens,Mona,Grissom,Marysol,Givens,Ethan
Wheelock,Thaddeus,Grissom,Mikala,Wheelock,Ethan
Givens,Tonya,Grissom,Marysol,Givens,Ethan
Wheelock,Gerardo,Grissom,Alondra,Wheelock,Davon
Givens,Jordan,Grissom,Marysol,Givens,Ethan
Wheelock,Preston,Grissom,Alondra,Wheelock,Davon
Givens,Madelyn,Grissom,Marysol,Givens,Ethan
Wheelock,Tyree,Grissom,Alondra,Wheelock,Davon
Givens,Cherokee,Grissom,Diane,Givens,Skyler
Wheelock,Jonathan,Grissom,Alondra,Wheelock,Davon
Givens,Ceaira,Grissom,Diane,Givens,Skyler
Givens,Menachem,Grissom,Vivien,Givens,Willie
Givens,Linsey,Grissom,Diane,Givens,Skyler
Givens,Ricardo,Grissom,Vivien,Givens,Willie
Givens,Caylin,Grissom,Diane,Givens,Skyler
Givens,Jarred,Grissom,Vivien,Givens,Willie
Givens,Salena,Grissom,Diane,Givens,Skyler
Givens,Oscar,Grissom,Vivien,Givens,Willie
Givens,Keirra,Grissom,Diane,Givens,Skyler
Givens,Zachary,Grissom,Vivien,Givens,Willie
Givens,Maia,Grissom,Diane,Givens,Skyler
Givens,Max,Grissom,Vivien,Givens,Willie
Givens,Karly,Grissom,Diane,Givens,Skyler
Givens,Mickey,Grissom,Jenae,Givens,Tommy
Givens,Arielle,Grissom,Diane,Givens,Skyler
Givens,Logan,Grissom,Jenae,Givens,Tommy
Givens,Kaytlin,Grissom,Diane,Givens,Skyler
Givens,Abel,Grissom,Jenae,Givens,Tommy
Givens,Erika,Grissom,Diane,Givens,Skyler
Givens,Connor,Grissom,Jenae,Givens,Tommy
Givens,Kelsy,Grissom,Ellie,Givens,Thaddeus
Givens,Forest,Grissom,Jenae,Givens,Tommy
Givens,Kaycee,Grissom,Ellie,Givens,Thaddeus
Givens,Saul,Grissom,Marysol,Givens,Ethan
Givens,Zoi,Grissom,Ellie,Givens,Thaddeus
Givens,Ibrahim,Grissom,Marysol,Givens,Ethan
Givens,Graciela,Grissom,Ellie,Givens,Thaddeus
Givens,Keion,Grissom,Marysol,Givens,Ethan
Givens,Iris,Grissom,Ellie,Givens,Thaddeus
Givens,Harry,Grissom,Marysol,Givens,Ethan
Givens,Tanna,Grissom,Ellie,Givens,Thaddeus
Givens,Dandre,Grissom,Marysol,Givens,Ethan
Givens,Imelda,Grissom,Ellie,Givens,Thaddeus
Givens,Nicolas,Grissom,Marysol,Givens,Ethan
Givens,Bayleigh,Grissom,Ellie,Givens,Thaddeus
Givens,Douglas,Grissom,Marysol,Givens,Ethan
Givens,Cheyanna,Grissom,Ellie,Givens,Thaddeus
Givens,Jamir,Grissom,Marysol,Givens,Ethan
Givens,Halee,Grissom,Ellie,Givens,Thaddeus
Givens,Tristan,Grissom,Diane,Givens,Skyler
Givens,Meghan,Grissom,Ellie,Givens,Thaddeus
Givens,Sebastien,Grissom,Diane,Givens,Skyler
Givens,Itzel,Grissom,Chynna,Givens,Brandon
Givens,Drake,Grissom,Diane,Givens,Skyler
Givens,Adrianne,Grissom,Alisa,Givens,Terrence
Givens,Steven,Grissom,Diane,Givens,Skyler
Givens,Tatianna,Grissom,Alisa,Givens,Terrence
Givens,Ezequiel,Grissom,Diane,Givens,Skyler
Givens,Judy,Grissom,Alisa,Givens,Terrence
Givens,Easton,Grissom,Diane,Givens,Skyler
Givens,Nathalia,Duke,Haven,Givens,Ron
Givens,Derrick,Grissom,Ellie,Givens,Thaddeus
Givens,Queen,Duke,Haven,Givens,Ron
Givens,Ayub,Grissom,Ellie,Givens,Thaddeus
Givens,Klee,Duke,Haven,Givens,Ron
Givens,Trevon,Grissom,Ellie,Givens,Thaddeus
Givens,Kori,Duke,Haven,Givens,Ron
Givens,Denzell,Grissom,Ellie,Givens,Thaddeus
Givens,Alannah,Duke,Haven,Givens,Ron
Givens,Asa,Grissom,Ellie,Givens,Thaddeus
Givens,Essence,Duke,Haven,Givens,Ron
Givens,Bryce,Grissom,Ellie,Givens,Thaddeus
Givens,Tynia,Duke,Haven,Givens,Ron
Givens,Branden,Grissom,Ellie,Givens,Thaddeus
Givens,Mileena,Duke,Haven,Givens,Ron
Givens,Zachery,Grissom,Ellie,Givens,Thaddeus
Givens,Whitney,Duke,Haven,Givens,Ron
Givens,Brendan,Grissom,Ellie,Givens,Thaddeus
Givens,Nichelle,Duke,Haven,Givens,Ron
Givens,Bruce,Grissom,Chynna,Givens,Brandon
Givens,Holly,Duke,Haven,Givens,Ron
Givens,Justice,Grissom,Chynna,Givens,Brandon
Givens,Patsy,Duke,Haven,Givens,Ron
Givens,Malachi,Grissom,Chynna,Givens,Brandon
Givens,Noelle,Duke,Haven,Givens,Ron
Givens,Raekwon,Grissom,Chynna,Givens,Brandon
Grissom,Allison,Duke,Marilyn,Grissom,Zachariah
Givens,Ralph,Grissom,Chynna,Givens,Brandon
Grissom,Angelina,Duke,Marilyn,Grissom,Zachariah
Givens,Cooper,Grissom,Alisa,Givens,Terrence
Grissom,Kaina,Duke,Marilyn,Grissom,Zachariah
Givens,Deleon,Duke,Haven,Givens,Ron
Grissom,Tyeisha,Duke,Marilyn,Grissom,Zachariah
Givens,Edgardo,Duke,Haven,Givens,Ron
Grissom,Cara,Duke,Marilyn,Grissom,Zachariah
Givens,Simon,Duke,Haven,Givens,Ron
Grissom,Destiny,Duke,Justine,Grissom,Jeramie
Givens,Gonzalo,Duke,Haven,Givens,Ron
Grissom,Heaven,Duke,Justine,Grissom,Jeramie
Givens,Tony,Duke,Haven,Givens,Ron
Grissom,Justice,Duke,Justine,Grissom,Jeramie
Grissom,Deonte,Duke,Marilyn,Grissom,Zachariah
Grissom,Alex,Duke,Justine,Grissom,Jeramie
Grissom,Howard,Duke,Marilyn,Grissom,Zachariah
Grissom,Malinda,Duke,Justine,Grissom,Jeramie
Grissom,Joshua,Duke,Marilyn,Grissom,Zachariah
Grissom,Janessa,Duke,Justine,Grissom,Jeramie
Grissom,Daylon,Duke,Marilyn,Grissom,Zachariah
Grissom,Raquel,Duke,Justine,Grissom,Jeramie
Grissom,Alberto,Duke,Justine,Grissom,Jeramie
Grissom,Sophie,Duke,Justine,Grissom,Jeramie
Grissom,Jason,Duke,Justine,Grissom,Jeramie
Grissom,Aylssa,Duke,Anamaria,Grissom,Keagan
Grissom,Emiliano,Duke,Anamaria,Grissom,Keagan
Grissom,Cori,Duke,Anamaria,Grissom,Keagan
Grissom,Quinton,Duke,Anamaria,Grissom,Keagan
Grissom,Suzette,Duke,Anamaria,Grissom,Keagan
Grissom,Kenneth,Duke,Anamaria,Grissom,Keagan
Grissom,Scarlett,Duke,Anamaria,Grissom,Keagan
Grissom,Jorge,Duke,Yvette,Grissom,Lawrence
Grissom,Nancy,Duke,Anamaria,Grissom,Keagan
Grissom,Devontae,Duke,Yvette,Grissom,Lawrence
Grissom,Heather,Duke,Anamaria,Grissom,Keagan
Grissom,Joe,Duke,Yvette,Grissom,Lawrence
Grissom,Katlyn,Duke,Yvette,Grissom,Lawrence
Grissom,Trae,Duke,Yvette,Grissom,Lawrence
Grissom,Aleisha,Duke,Yvette,Grissom,Lawrence
Grissom,Gustavo,Duke,Yvette,Grissom,Lawrence
Grissom,Lesley,Duke,Yvette,Grissom,Lawrence
Grissom,Tyreek,Duke,Yvette,Grissom,Lawrence
Grissom,Brittany,Duke,Yvette,Grissom,Lawrence
Grissom,Freddy,Duke,Yvette,Grissom,Lawrence
Grissom,Kayli,Duke,Yvette,Grissom,Lawrence
Grissom,Sean,Duke,Ashlee,Grissom,Saul
Grissom,Caylin,Duke,Yvette,Grissom,Lawrence
Grissom,Arjun,Duke,Ashlee,Grissom,Saul
Grissom,Lexus,Duke,Yvette,Grissom,Lawrence
Grissom,Dedrick,Duke,Ashlee,Grissom,Saul
Grissom,Cheyenne,Duke,Yvette,Grissom,Lawrence
Grissom,Jalen,Duke,Ashlee,Grissom,Saul
Grissom,Vianey,Duke,Yvette,Grissom,Lawrence
Grissom,Craig,Duke,Ashlee,Grissom,Saul
Grissom,Fabiola,Duke,Yvette,Grissom,Lawrence
Grissom,Theodore,Duke,Ashlee,Grissom,Saul
Grissom,Kyra,Duke,Yvette,Grissom,Lawrence
Grissom,Charles,Duke,Ashlee,Grissom,Saul
Grissom,Marilyn,Duke,Ashlee,Grissom,Saul
Grissom,Deondre,Duke,Ashlee,Grissom,Saul
Grissom,Fatima,Duke,Ashlee,Grissom,Saul
Grissom,Ibrahim,Washington,Thalia,Grissom,Marshall
Grissom,Sheniqua,Duke,Ashlee,Grissom,Saul
Grissom,Jade,Washington,Thalia,Grissom,Marshall
Grissom,Queen,Duke,Ashlee,Grissom,Saul
Grissom,Everett,Washington,Thalia,Grissom,Marshall
Grissom,Diamond,Duke,Ashlee,Grissom,Saul
Grissom,Perry,Washington,Thalia,Grissom,Marshall
Grissom,Alma,Duke,Ashlee,Grissom,Saul
Grissom,Kaden,Washington,Thalia,Grissom,Marshall
Grissom,Alina,Washington,Thalia,Grissom,Marshall
Grissom,Jaylon,Washington,Thalia,Grissom,Marshall
Grissom,Tatyana,Washington,Thalia,Grissom,Marshall
Grissom,Nolan,Washington,Thalia,Grissom,Marshall
Grissom,Ayesha,Washington,Thalia,Grissom,Marshall
Grissom,Weston,Washington,Thalia,Grissom,Marshall
Grissom,Kacey,Washington,Thalia,Grissom,Marshall
Grissom,Deleon,Washington,Ivory,Grissom,Camron
Grissom,Joyce,Washington,Thalia,Grissom,Marshall
Grissom,Neil,Washington,Ivory,Grissom,Camron
Grissom,Kristy,Washington,Thalia,Grissom,Marshall
Grissom,Jacky,Washington,Ivory,Grissom,Camron
Grissom,Kenya,Washington,Thalia,Grissom,Marshall
Grissom,Patric,Washington,Sheridan,Grissom,Rodrigo
Grissom,Emilie,Washington,Ivory,Grissom,Camron
Grissom,Kristofer,Washington,Sheridan,Grissom,Rodrigo
Grissom,Ariel,Washington,Ivory,Grissom,Camron
Grissom,Maximilian,Washington,Sheridan,Grissom,Rodrigo
Grissom,Patience,Washington,Ivory,Grissom,Camron
Grissom,Chadwick,Washington,Sheridan,Grissom,Rodrigo
Grissom,Kirstin,Washington,Sheridan,Grissom,Rodrigo
Grissom,Joey,Washington,Sheridan,Grissom,Rodrigo
Grissom,Jaden,Washington,Sheridan,Grissom,Rodrigo
Grissom,Trevor,Washington,Sheridan,Grissom,Rodrigo
Grissom,Nell,Washington,Sheridan,Grissom,Rodrigo
Grissom,Tristian,Washington,Sheridan,Grissom,Rodrigo
Grissom,Shaina,Washington,Sheridan,Grissom,Rodrigo
Duke,Kristian,Washington,Kristine,Duke,Tyrone
Grissom,Reyna,Washington,Sheridan,Grissom,Rodrigo
Duke,Erin,Washington,Kristine,Duke,Tyrone
Grissom,Kayleigh,Washington,Sheridan,Grissom,Rodrigo
Duke,Xzavier,Washington,Kristine,Duke,Tyrone
Grissom,Chana,Washington,Sheridan,Grissom,Rodrigo
Duke,Edwin,Washington,Kristine,Duke,Tyrone
Duke,Tracy,Washington,Kristine,Duke,Tyrone
Duke,Reid,Washington,Baby,Duke,Jaylen
Duke,Isamar,Washington,Baby,Duke,Jaylen
Duke,Misael,Washington,Baby,Duke,Jaylen
Duke,Lucy,Washington,Baby,Duke,Jaylen
Duke,Aiden,Washington,Allie,Duke,Kapil
Duke,Annalie,Washington,Allie,Duke,Kapil
Duke,Hassan,Washington,Allie,Duke,Kapil
Duke,Ryann,Washington,Allie,Duke,Kapil
Duke,Quinton,Washington,Allie,Duke,Kapil
Duke,Cecilia,Washington,Allie,Duke,Kapil
Duke,Eric,Washington,Allie,Duke,Kapil
Duke,Libby,Washington,Viviana,Duke,Leo
Duke,Bjorn,Washington,Viviana,Duke,Leo
Duke,Itzel,Washington,Viviana,Duke,Leo
Duke,Russell,Washington,Viviana,Duke,Leo
Duke,Paloma,Washington,Viviana,Duke,Leo
Duke,Brannon,Washington,Viviana,Duke,Leo
Duke,Siobhan,Washington,Viviana,Duke,Leo
Duke,Erich,Washington,Viviana,Duke,Leo
Duke,Sinai,Washington,Viviana,Duke,Leo
Duke,Bo,Washington,Viviana,Duke,Leo
Duke,Elise,Washington,Viviana,Duke,Leo
Duke,Blake,Washington,Viviana,Duke,Leo
Duke,Joelle,Washington,Libby,Duke,Reece
Duke,Jamal,Washington,Viviana,Duke,Leo
Duke,Aileen,Washington,Libby,Duke,Reece
Duke,Tristan,Washington,Viviana,Duke,Leo
Duke,Guadalupe,Washington,Libby,Duke,Reece
Duke,Dean,Washington,Viviana,Duke,Leo
Duke,Debra,Washington,Libby,Duke,Reece
Duke,Peyton,Washington,Viviana,Duke,Leo
Duke,Graciela,Washington,Libby,Duke,Reece
Duke,Jake,Washington,Viviana,Duke,Leo
Duke,Torrie,Washington,Libby,Duke,Reece
Duke,Malachi,Washington,Libby,Duke,Reece
Duke,April,Washington,Libby,Duke,Reece
Duke,Trae,Washington,Libby,Duke,Reece
Duke,Shayna,Washington,Libby,Duke,Reece
Duke,Braden,Washington,Libby,Duke,Reece
Duke,Paulina,Washington,Libby,Duke,Reece
Duke,Deion,Washington,Libby,Duke,Reece
Duke,Sheila,Washington,Libby,Duke,Reece
Duke,Darrell,Washington,Libby,Duke,Reece
Duke,Gabrielle,Poindexter,Claire,Duke,Caden
Duke,Hakeem,Washington,Libby,Duke,Reece
Duke,Colette,Poindexter,Claire,Duke,Caden
Duke,Joe,Washington,Libby,Duke,Reece
Duke,Johnna,Poindexter,Claire,Duke,Caden
Duke,Maxwell,Poindexter,Claire,Duke,Caden
Duke,Bertha,Poindexter,Claire,Duke,Caden
Duke,Isaiah,Poindexter,Claire,Duke,Caden
Duke,Malia,Poindexter,Claire,Duke,Caden
Duke,Jade,Poindexter,Claire,Duke,Caden
Duke,Natalya,Poindexter,Claire,Duke,Caden
Duke,Westley,Poindexter,Claire,Duke,Caden
Duke,Tiffanie,Poindexter,Claire,Duke,Caden
Duke,Vincent,Poindexter,Claire,Duke,Caden
Duke,Brielle,Poindexter,Claire,Duke,Caden
Duke,Delonta,Poindexter,Claire,Duke,Caden
Duke,Sommer,Poindexter,Claire,Duke,Caden
Duke,Brennan,Poindexter,Claire,Duke,Caden
Duke,Kalsie,Poindexter,Claire,Duke,Caden
Duke,Brad,Poindexter,Shuntara,Duke,Augustus
Duke,Angle,Poindexter,Claire,Duke,Caden
Duke,Lorenzo,Poindexter,Shuntara,Duke,Augustus
Duke,Aerial,Poindexter,Claire,Duke,Caden
Duke,Tristen,Poindexter,Shuntara,Duke,Augustus
Duke,Skye,Poindexter,Shuntara,Duke,Augustus
Duke,Terance,Poindexter,Shuntara,Duke,Augustus
Duke,Alysha,Poindexter,Shuntara,Duke,Augustus
Duke,Jonah,Poindexter,Shuntara,Duke,Augustus
Duke,Nadine,Poindexter,Shuntara,Duke,Augustus
Duke,Domonic,Poindexter,Shuntara,Duke,Augustus
Duke,Jazmine,Poindexter,Shuntara,Duke,Augustus
Duke,Estevan,Poindexter,Shuntara,Duke,Augustus
Duke,Melanie,Poindexter,Shuntara,Duke,Augustus
Duke,Emerson,Poindexter,Shuntara,Duke,Augustus
Duke,Camelia,Poindexter,Shuntara,Duke,Augustus
Duke,Jawaun,Poindexter,Suleyma,Duke,Hayden
Duke,Estela,Poindexter,Suleyma,Duke,Hayden
Duke,Dennis,Poindexter,Suleyma,Duke,Hayden
Duke,Rose,Poindexter,Suleyma,Duke,Hayden
Duke,Kenyon,Poindexter,Suleyma,Duke,Hayden
Duke,Georgina,Poindexter,Suleyma,Duke,Hayden
Duke,Joshua,Poindexter,Suleyma,Duke,Hayden
Duke,Mikala,Poindexter,Suleyma,Duke,Hayden
Duke,Myron,Poindexter,Suleyma,Duke,Hayden
Duke,Ashley,Poindexter,Suleyma,Duke,Hayden
Duke,Santana,Poindexter,Francisca,Duke,Skylar
Duke,Mckayla,Poindexter,Francisca,Duke,Skylar
Duke,Leroy,Poindexter,Francisca,Duke,Skylar
Duke,Synthia,Poindexter,Francisca,Duke,Skylar
Duke,Bennett,Poindexter,Francisca,Duke,Skylar
Duke,Hunter,Poindexter,Francisca,Duke,Skylar
Duke,Jamison,Poindexter,Francisca,Duke,Skylar
Duke,Mckinzie,Poindexter,Francisca,Duke,Skylar
Duke,Rory,Poindexter,Francisca,Duke,Skylar
Duke,Micah,Poindexter,Kristine,Duke,Garin
Duke,Craig,Poindexter,Francisca,Duke,Skylar
Duke,Maryanne,Poindexter,Kristine,Duke,Garin
Duke,Colin,Poindexter,Francisca,Duke,Skylar
Duke,Lora,Poindexter,Kristine,Duke,Garin
Duke,Elias,Poindexter,Francisca,Duke,Skylar
Duke,Loni,Poindexter,Kristine,Duke,Garin
Duke,Joey,Poindexter,Francisca,Duke,Skylar
Duke,Antoinette,Poindexter,Laurel,Duke,Devontae
Duke,Khalid,Poindexter,Kristine,Duke,Garin
Duke,Breonna,Poindexter,Laurel,Duke,Devontae
Duke,Felix,Poindexter,Kristine,Duke,Garin
Duke,Reina,Poindexter,Laurel,Duke,Devontae
Duke,Izaiah,Poindexter,Kristine,Duke,Garin
Duke,Kirstie,Poindexter,Laurel,Duke,Devontae
Duke,Lazaro,Poindexter,Kristine,Duke,Garin
Duke,Klarisa,Poindexter,Laurel,Duke,Devontae
Duke,Johnathan,Poindexter,Kristine,Duke,Garin
Duke,Louisa,Poindexter,Laurel,Duke,Devontae
Duke,Quayshawn,Poindexter,Kristine,Duke,Garin
Duke,Sabreen,Poindexter,Laurel,Duke,Devontae
Duke,Austin,Poindexter,Kristine,Duke,Garin
Duke,Amber,Poindexter,Laurel,Duke,Devontae
Duke,Camron,Poindexter,Laurel,Duke,Devontae
Duke,Itati,Poindexter,Danielle,Duke,Conrad
Duke,Deonta,Poindexter,Laurel,Duke,Devontae
Duke,Aesha,Poindexter,Danielle,Duke,Conrad
Duke,Duncan,Poindexter,Laurel,Duke,Devontae
Duke,Valentina,Poindexter,Danielle,Duke,Conrad
Duke,Kellen,Poindexter,Danielle,Duke,Conrad
Duke,Kenyetta,Poindexter,Danielle,Duke,Conrad
Duke,Tobias,Poindexter,Danielle,Duke,Conrad
Duke,Keishla,Poindexter,Danielle,Duke,Conrad
Duke,Darrius,Poindexter,Danielle,Duke,Conrad
Washington,Amari,Poindexter,Alice,Washington,Yovani
Washington,Jacoby,Poindexter,Alice,Washington,Yovani
Washington,Cameron,Poindexter,Alice,Washington,Yovani
Washington,Abdul,Vanderhooven,Damaris,Washington,Darnell
Washington,Synthia,Poindexter,Alice,Washington,Yovani
Washington,Leonel,Vanderhooven,Damaris,Washington,Darnell
Washington,Madeline,Poindexter,Alice,Washington,Yovani
Washington,Erick,Vanderhooven,Damaris,Washington,Darnell
Washington,Maxine,Poindexter,Alice,Washington,Yovani
Washington,Menachem,Vanderhooven,Abigayle,Washington,Devyn
Washington,Lacey,Poindexter,Alice,Washington,Yovani
Washington,Gage,Vanderhooven,Abigayle,Washington,Devyn
Washington,Marivel,Vanderhooven,Damaris,Washington,Darnell
Washington,Frederic,Vanderhooven,Amina,Washington,Brendan
Washington,Kristie,Vanderhooven,Damaris,Washington,Darnell
Washington,Graham,Vanderhooven,Amina,Washington,Brendan
Washington,Becca,Vanderhooven,Damaris,Washington,Darnell
Washington,Jairus,Vanderhooven,Amina,Washington,Brendan
Washington,Deanne,Vanderhooven,Damaris,Washington,Darnell
Washington,Noah,Vanderhooven,Amina,Washington,Brendan
Washington,Chloie,Vanderhooven,Damaris,Washington,Darnell
Washington,Shayne,Vanderhooven,Amina,Washington,Brendan
Washington,Cortney,Vanderhooven,Abigayle,Washington,Devyn
Washington,Lionel,Vanderhooven,Madelyne,Washington,Reuben
Washington,Paulina,Vanderhooven,Abigayle,Washington,Devyn
Washington,Efrain,Vanderhooven,Madelyne,Washington,Reuben
Washington,Devonna,Vanderhooven,Amina,Washington,Brendan
Washington,Dana,Vanderhooven,Madelyne,Washington,Reuben
Washington,Vianey,Vanderhooven,Amina,Washington,Brendan
Washington,Terrance,Vanderhooven,Madelyne,Washington,Reuben
Washington,Crystal,Vanderhooven,Amina,Washington,Brendan
Washington,Buford,Vanderhooven,Madelyne,Washington,Reuben
Washington,Jamee,Vanderhooven,Amina,Washington,Brendan
Washington,Max,Vanderhooven,Tyeisha,Washington,Spenser
Washington,Johana,Vanderhooven,Amina,Washington,Brendan
Washington,Ralph,Vanderhooven,Tyeisha,Washington,Spenser
Washington,Elaina,Vanderhooven,Amina,Washington,Brendan
Washington,Mathieu,Vanderhooven,Tyeisha,Washington,Spenser
Washington,Audra,Vanderhooven,Amina,Washington,Brendan
Washington,Philip,Vanderhooven,Tyeisha,Washington,Spenser
Washington,Tawny,Vanderhooven,Amina,Washington,Brendan
Washington,Ismael,Vanderhooven,Tyeisha,Washington,Spenser
Washington,Graciela,Vanderhooven,Amina,Washington,Brendan
Washington,Shan,Vanderhooven,Angel,Washington,Devon
Washington,Brionna,Vanderhooven,Madelyne,Washington,Reuben
Washington,Saxon,Vanderhooven,Angel,Washington,Devon
Washington,Joan,Vanderhooven,Madelyne,Washington,Reuben
Washington,Jorge,Vanderhooven,Angel,Washington,Devon
Washington,Morgen,Vanderhooven,Madelyne,Washington,Reuben
Washington,Donovan,Vanderhooven,Angel,Washington,Devon
Washington,Alisa,Vanderhooven,Madelyne,Washington,Reuben
Washington,Rashaun,Vanderhooven,Angel,Washington,Devon
Washington,Gabriel,Vanderhooven,Madelyne,Washington,Reuben
Washington,Micah,Vanderhooven,Angel,Washington,Devon
Washington,Shania,Vanderhooven,Madelyne,Washington,Reuben
Washington,Davon,Vanderhooven,Angel,Washington,Devon
Washington,Mariela,Vanderhooven,Madelyne,Washington,Reuben
Washington,Dillon,Vanderhooven,Angel,Washington,Devon
Washington,Lara,Vanderhooven,Madelyne,Washington,Reuben
Poindexter,Max,Vanderhooven,Linsey,Poindexter,Daron
Washington,Amina,Vanderhooven,Madelyne,Washington,Reuben
Poindexter,Elijah,Vanderhooven,Linsey,Poindexter,Daron
Washington,Heidy,Vanderhooven,Madelyne,Washington,Reuben
Poindexter,Franklin,Vanderhooven,Linsey,Poindexter,Daron
Washington,Meaghan,Vanderhooven,Tyeisha,Washington,Spenser
Poindexter,Kolton,Vanderhooven,Linsey,Poindexter,Daron
Washington,Logan,Vanderhooven,Tyeisha,Washington,Spenser
Poindexter,Rashaun,Vanderhooven,Linsey,Poindexter,Daron
Washington,Kristian,Vanderhooven,Tyeisha,Washington,Spenser
Poindexter,Rene,Vanderhooven,Linsey,Poindexter,Daron
Washington,Shiane,Vanderhooven,Tyeisha,Washington,Spenser
Poindexter,Darrion,Vanderhooven,Linsey,Poindexter,Daron
Washington,Colleen,Vanderhooven,Tyeisha,Washington,Spenser
Poindexter,Yair,Vanderhooven,Linsey,Poindexter,Daron
Washington,Evangelina,Vanderhooven,Tyeisha,Washington,Spenser
Poindexter,Menachem,Vanderhooven,Linsey,Poindexter,Daron
Washington,Kiana,Vanderhooven,Tyeisha,Washington,Spenser
Poindexter,Dantae,Vanderhooven,Linsey,Poindexter,Daron
Washington,Cristal,Vanderhooven,Tyeisha,Washington,Spenser
Poindexter,Benito,Vanderhooven,Joy,Poindexter,Sawyer
Washington,Jessika,Vanderhooven,Tyeisha,Washington,Spenser
Poindexter,Damion,Vanderhooven,Joy,Poindexter,Sawyer
Washington,Kendyl,Vanderhooven,Angel,Washington,Devon
Poindexter,Elvin,Vanderhooven,Joy,Poindexter,Sawyer
Washington,Josephine,Vanderhooven,Angel,Washington,Devon
Poindexter,Bret,Vanderhooven,Joy,Poindexter,Sawyer
Washington,Dianne,Vanderhooven,Angel,Washington,Devon
Poindexter,Reed,Gutierrez,Ali,Poindexter,Habram
Washington,Sheri,Vanderhooven,Angel,Washington,Devon
Poindexter,Keon,Gutierrez,Ali,Poindexter,Habram
Washington,Elexus,Vanderhooven,Angel,Washington,Devon
Poindexter,Roger,Gutierrez,Ali,Poindexter,Habram
Washington,Measia,Vanderhooven,Angel,Washington,Devon
Poindexter,Barrett,Gutierrez,Ali,Poindexter,Habram
Washington,Molly,Vanderhooven,Angel,Washington,Devon
Poindexter,Alonso,Gutierrez,Ali,Poindexter,Habram
Washington,Theresa,Vanderhooven,Angel,Washington,Devon
Poindexter,Tysen,Gutierrez,Ali,Poindexter,Habram
Poindexter,Marivel,Vanderhooven,Linsey,Poindexter,Daron
Poindexter,Mckay,Gutierrez,Ali,Poindexter,Habram
Poindexter,Jade,Vanderhooven,Linsey,Poindexter,Daron
Poindexter,Morgan,Gutierrez,Ali,Poindexter,Habram
Poindexter,Julissa,Vanderhooven,Linsey,Poindexter,Daron
Poindexter,Hector,Gutierrez,Ali,Poindexter,Habram
Poindexter,Tonya,Vanderhooven,Linsey,Poindexter,Daron
Poindexter,Kerry,Gutierrez,Annemarie,Poindexter,Sutton
Poindexter,Kaylea,Vanderhooven,Linsey,Poindexter,Daron
Poindexter,Esteban,Gutierrez,Annemarie,Poindexter,Sutton
Poindexter,Kealani,Vanderhooven,Linsey,Poindexter,Daron
Poindexter,Jessie,Gutierrez,Annemarie,Poindexter,Sutton
Poindexter,Naomi,Vanderhooven,Joy,Poindexter,Sawyer
Poindexter,Isiah,Gutierrez,Annemarie,Poindexter,Sutton
Poindexter,Kendal,Vanderhooven,Joy,Poindexter,Sawyer
Poindexter,Misael,Gutierrez,Annemarie,Poindexter,Sutton
Poindexter,Ella,Vanderhooven,Joy,Poindexter,Sawyer
Poindexter,Douglas,Gutierrez,Annemarie,Poindexter,Sutton
Poindexter,Shirley,Vanderhooven,Joy,Poindexter,Sawyer
Poindexter,Rodney,Gutierrez,Annemarie,Poindexter,Sutton
Poindexter,Tiffany,Vanderhooven,Joy,Poindexter,Sawyer
Poindexter,Tallon,Gutierrez,Sariah,Poindexter,Darrius
Poindexter,Rosemarie,Gutierrez,Ali,Poindexter,Habram
Poindexter,Demetrius,Gutierrez,Sariah,Poindexter,Darrius
Poindexter,Tynia,Gutierrez,Ali,Poindexter,Habram
Poindexter,Lauren,Gutierrez,Sariah,Poindexter,Darrius
Poindexter,Kerri,Gutierrez,Ali,Poindexter,Habram
Poindexter,Trent,Gutierrez,Alejandra,Poindexter,Landin
Poindexter,Katia,Gutierrez,Ali,Poindexter,Habram
Poindexter,Lane,Gutierrez,Alejandra,Poindexter,Landin
Poindexter,Andrea,Gutierrez,Ali,Poindexter,Habram
Poindexter,Jaylan,Gutierrez,Alejandra,Poindexter,Landin
Poindexter,Destini,Gutierrez,Ali,Poindexter,Habram
Poindexter,Gilberto,Gutierrez,Alejandra,Poindexter,Landin
Poindexter,Eleni,Gutierrez,Ali,Poindexter,Habram
Poindexter,Emiliano,Gutierrez,Alejandra,Poindexter,Landin
Poindexter,Darcie,Gutierrez,Ali,Poindexter,Habram
Poindexter,Kasey,Gutierrez,Alejandra,Poindexter,Landin
Poindexter,Symphony,Gutierrez,Ali,Poindexter,Habram
Poindexter,Zane,Gutierrez,Alejandra,Poindexter,Landin
Poindexter,Ryann,Gutierrez,Annemarie,Poindexter,Sutton
Poindexter,Ahmed,Gutierrez,Alejandra,Poindexter,Landin
Poindexter,Julianne,Gutierrez,Annemarie,Poindexter,Sutton
Vanderhooven,Devon,Gutierrez,Hope,Vanderhooven,Hunter
Poindexter,Taylor,Gutierrez,Annemarie,Poindexter,Sutton
Vanderhooven,Elias,Gutierrez,Hope,Vanderhooven,Hunter
Poindexter,Jessika,Gutierrez,Annemarie,Poindexter,Sutton
Vanderhooven,Carter,Gutierrez,Hope,Vanderhooven,Hunter
Poindexter,Kierstin,Gutierrez,Annemarie,Poindexter,Sutton
Vanderhooven,Michel,Gutierrez,Hope,Vanderhooven,Hunter
Poindexter,Bayleigh,Gutierrez,Annemarie,Poindexter,Sutton
Vanderhooven,Hector,Gutierrez,Hope,Vanderhooven,Hunter
Poindexter,Leah,Gutierrez,Annemarie,Poindexter,Sutton
Vanderhooven,Harry,Gutierrez,Hope,Vanderhooven,Hunter
Poindexter,Payton,Gutierrez,Annemarie,Poindexter,Sutton
Vanderhooven,Antoine,Gutierrez,Hope,Vanderhooven,Hunter
Poindexter,Measia,Gutierrez,Annemarie,Poindexter,Sutton
Vanderhooven,Sebastian,Richards,Alisha,Vanderhooven,Garrison
Poindexter,Ruby,Gutierrez,Annemarie,Poindexter,Sutton
Vanderhooven,Tyren,Richards,Alisha,Vanderhooven,Garrison
Poindexter,Tiana,Gutierrez,Sariah,Poindexter,Darrius
Vanderhooven,Dorian,Richards,Alisha,Vanderhooven,Garrison
Poindexter,Ciarra,Gutierrez,Sariah,Poindexter,Darrius
Vanderhooven,Tucker,Richards,Alisha,Vanderhooven,Garrison
Poindexter,Aishah,Gutierrez,Sariah,Poindexter,Darrius
Vanderhooven,Shan,Richards,Alisha,Vanderhooven,Garrison
Poindexter,Daniella,Gutierrez,Alejandra,Poindexter,Landin
Vanderhooven,Forest,Richards,Makenzi,Vanderhooven,Simeon
Poindexter,Loni,Gutierrez,Alejandra,Poindexter,Landin
Vanderhooven,Kristofer,Richards,Makenzi,Vanderhooven,Simeon
Poindexter,Breana,Gutierrez,Alejandra,Poindexter,Landin
Vanderhooven,Jorge,Richards,Makenzi,Vanderhooven,Simeon
Poindexter,Kaela,Gutierrez,Alejandra,Poindexter,Landin
Vanderhooven,Trenton,Richards,Makenzi,Vanderhooven,Simeon
Poindexter,Maryann,Gutierrez,Alejandra,Poindexter,Landin
Vanderhooven,Xavier,Richards,Makenzi,Vanderhooven,Simeon
Poindexter,Lenora,Gutierrez,Alejandra,Poindexter,Landin
Vanderhooven,Skylar,Richards,Makenzi,Vanderhooven,Simeon
Poindexter,Callan,Gutierrez,Alejandra,Poindexter,Landin
Vanderhooven,Johnathon,Richards,Makenzi,Vanderhooven,Simeon
Vanderhooven,Carla,Gutierrez,Hope,Vanderhooven,Hunter
Vanderhooven,Jessie,Richards,Makenzi,Vanderhooven,Simeon
Vanderhooven,Bailee,Gutierrez,Hope,Vanderhooven,Hunter
Vanderhooven,Valentin,Richards,Makenzi,Vanderhooven,Simeon
Vanderhooven,Felisha,Gutierrez,Hope,Vanderhooven,Hunter
Vanderhooven,Kapil,Richards,Miracle,Vanderhooven,Clinton
Vanderhooven,Charlotte,Richards,Alisha,Vanderhooven,Garrison
Vanderhooven,Wanya,Richards,Miracle,Vanderhooven,Clinton
Vanderhooven,Autumn,Richards,Alisha,Vanderhooven,Garrison
Vanderhooven,Freddy,Richards,Miracle,Vanderhooven,Clinton
Vanderhooven,Deja,Richards,Alisha,Vanderhooven,Garrison
Vanderhooven,Kevon,Richards,Miracle,Vanderhooven,Clinton
Vanderhooven,Georgia,Richards,Alisha,Vanderhooven,Garrison
Vanderhooven,Korey,Richards,Miracle,Vanderhooven,Clinton
Vanderhooven,Ravin,Richards,Alisha,Vanderhooven,Garrison
Vanderhooven,Marco,Richards,Miracle,Vanderhooven,Clinton
Vanderhooven,Brianne,Richards,Alisha,Vanderhooven,Garrison
Vanderhooven,Soren,Richards,Miracle,Vanderhooven,Clinton
Vanderhooven,Bertha,Richards,Makenzi,Vanderhooven,Simeon
Vanderhooven,Dominick,Richards,Miracle,Vanderhooven,Clinton
Vanderhooven,Marysol,Richards,Makenzi,Vanderhooven,Simeon
Vanderhooven,Chaz,Richards,Summer,Vanderhooven,Tad
Vanderhooven,Ruby,Richards,Makenzi,Vanderhooven,Simeon
Vanderhooven,Austin,Richards,Summer,Vanderhooven,Tad
Vanderhooven,Katlyn,Richards,Makenzi,Vanderhooven,Simeon
Vanderhooven,Kaden,Richards,Summer,Vanderhooven,Tad
Vanderhooven,Sheridan,Richards,Makenzi,Vanderhooven,Simeon
Vanderhooven,Keifer,Richards,Summer,Vanderhooven,Tad
Vanderhooven,Jodie,Richards,Makenzi,Vanderhooven,Simeon
Vanderhooven,Brian,Richards,Summer,Vanderhooven,Tad
Vanderhooven,Vivian,Richards,Makenzi,Vanderhooven,Simeon
Vanderhooven,Kendrick,Richards,Summer,Vanderhooven,Tad
Vanderhooven,Dana,Richards,Makenzi,Vanderhooven,Simeon
Vanderhooven,Jaime,Richards,Summer,Vanderhooven,Tad
Vanderhooven,Deandrea,Richards,Miracle,Vanderhooven,Clinton
Vanderhooven,Enoch,Richards,Summer,Vanderhooven,Tad
Vanderhooven,Klarisa,Richards,Miracle,Vanderhooven,Clinton
Vanderhooven,Layne,Richards,Summer,Vanderhooven,Tad
Vanderhooven,Helena,Richards,Miracle,Vanderhooven,Clinton
Vanderhooven,Alfred,Richards,Summer,Vanderhooven,Tad
Vanderhooven,Rebekkah,Richards,Miracle,Vanderhooven,Clinton
Vanderhooven,Jacoby,Richards,Summer,Vanderhooven,Tad
Vanderhooven,Marie,Richards,Miracle,Vanderhooven,Clinton
Vanderhooven,Leonardo,Richards,Summer,Vanderhooven,Tad
Vanderhooven,Sarah,Richards,Miracle,Vanderhooven,Clinton
Vanderhooven,Jeb,Richards,Summer,Vanderhooven,Tad
Vanderhooven,Christina,Richards,Miracle,Vanderhooven,Clinton
Vanderhooven,Callum,Richards,Summer,Vanderhooven,Tad
Vanderhooven,Anisha,Richards,Miracle,Vanderhooven,Clinton
Vanderhooven,Anibal,Richards,Summer,Vanderhooven,Tad
Vanderhooven,Sarahmarie,Richards,Summer,Vanderhooven,Tad
Vanderhooven,Tyquan,Richards,Karissa,Vanderhooven,Alec
Vanderhooven,Simone,Richards,Summer,Vanderhooven,Tad
Vanderhooven,Braeden,Richards,Karissa,Vanderhooven,Alec
Vanderhooven,Neda,Richards,Summer,Vanderhooven,Tad
Vanderhooven,Colbey,Richards,Karissa,Vanderhooven,Alec
Vanderhooven,Maggie,Richards,Summer,Vanderhooven,Tad
