Ross,Jalen,Mastracchio,Shekinah,Ross,Justice
Fabian,Torrie,Meade,Elena,Fabian,Vicente
Parazynski,Brenden,Carter,Adele,Parazynski,Misael
Voss,Mackenzie,Collins,Amy,Voss,Tyren
Pettit,Rodrigo,Carr,Tori,Pettit,Ryan
Patrick,Rebeca,Anders,Aleisha,Patrick,Enoch
Pierce,Stephon,Allen,Sabrina,Pierce,Arjun
See,Kianna,Cockrell,Kaytlin,See,Noe
Coolidge,Collin,Polansky,Shanique,Coolidge,Luke
Cernan,Johanna,Precour,Keisha,Cernan,Zakery
Schwartz,Scott,Resnik,Carli,Schwartz,Benny
O'Connor,Debbie,Cooper,Bryanna,O'Connor,Darren
Higginbotham,Wilmer,Morin,Jayme,Higginbotham,Abdul
Vanderhooven,Kaitlyn,Carpenter,Francisca,Vanderhooven,Leroy
Thagard,Justyn,Wetherbee,Katerina,Thagard,Garett
Madison,Tessa,Massimino,Tiani,Madison,Tre
Musgrave,Brad,Lindsey,Estrella,Musgrave,Josue
Bolden,Payton,Coolidge,Aidan,Bolden,Braydon
Hilliard,Alek,Wisoff,Odalys,Hilliard,Bernardo
Pettit,Kaina,Lee,Kenzie,Pettit,Caleb
Hobaugh,Trent,Lind,Ashli,Hobaugh,Rashad
Weber,Skyler,Fincke,Marcia,Weber,Eddie
Bobko,Logan,Massimino,Beverly,Bobko,Casey
Massimino,Skye,Greene,Katlyn,Massimino,Jakob
Reilly,Mitchel,Brandenstein,Stephanie,Reilly,Theodore
Grant,Aesha,Slayton,Abby,Grant,Ryland
Hilliard,Colby,Arthur,Brenda,Hilliard,Peter
Ross,Annie,Fabian,Torrie,Ross,Jalen
Lucid,Edwin,Worden,Kierra,Lucid,Leo
Ross,Francisca,Fabian,Torrie,Ross,Jalen
Grunsfeld,Dimitri,Gregory,Nina,Grunsfeld,Giovanni
Ross,Nayeli,Fabian,Torrie,Ross,Jalen
Glenn,Callahan,Jefferson,Sonya,Glenn,Marco
Ross,Tawny,Fabian,Torrie,Ross,Jalen
Ross,Trenton,Fabian,Torrie,Ross,Jalen
Ross,Bernadette,Fabian,Torrie,Ross,Jalen
Ross,Braxton,Fabian,Torrie,Ross,Jalen
Ross,Armani,Fabian,Torrie,Ross,Jalen
Ross,Cody,Fabian,Torrie,Ross,Jalen
Ross,Calli,Fabian,Torrie,Ross,Jalen
Ross,Johnathen,Fabian,Torrie,Ross,Jalen
Ross,Jhane,Fabian,Torrie,Ross,Jalen
Ross,Desmond,Fabian,Torrie,Ross,Jalen
Parazynski,Carolina,Voss,Mackenzie,Parazynski,Brenden
Ross,Toby,Fabian,Torrie,Ross,Jalen
Parazynski,Ansley,Voss,Mackenzie,Parazynski,Brenden
Parazynski,Sidney,Voss,Mackenzie,Parazynski,Brenden
Parazynski,Shanise,Voss,Mackenzie,Parazynski,Brenden
Parazynski,Tristen,Voss,Mackenzie,Parazynski,Brenden
Parazynski,Keri,Voss,Mackenzie,Parazynski,Brenden
Pettit,Tommy,Patrick,Rebeca,Pettit,Rodrigo
Parazynski,Callan,Voss,Mackenzie,Parazynski,Brenden
Pettit,Shawn,Patrick,Rebeca,Pettit,Rodrigo
Parazynski,Lyric,Voss,Mackenzie,Parazynski,Brenden
Pettit,Jonathon,Patrick,Rebeca,Pettit,Rodrigo
Parazynski,Phoebe,Voss,Mackenzie,Parazynski,Brenden
Pettit,Tyrone,Patrick,Rebeca,Pettit,Rodrigo
Pettit,Kathryn,Patrick,Rebeca,Pettit,Rodrigo
Pierce,Jasper,See,Kianna,Pierce,Stephon
Pettit,Myra,Patrick,Rebeca,Pettit,Rodrigo
Pierce,Tom,See,Kianna,Pierce,Stephon
Pettit,Lexy,Patrick,Rebeca,Pettit,Rodrigo
Pierce,Israel,See,Kianna,Pierce,Stephon
Pierce,Keana,See,Kianna,Pierce,Stephon
Pierce,Ulysses,See,Kianna,Pierce,Stephon
Pierce,Shaina,See,Kianna,Pierce,Stephon
Pierce,Micah,See,Kianna,Pierce,Stephon
Pierce,Donisha,See,Kianna,Pierce,Stephon
Coolidge,Deric,Cernan,Johanna,Coolidge,Collin
Pierce,Sylvia,See,Kianna,Pierce,Stephon
Coolidge,Forest,Cernan,Johanna,Coolidge,Collin
Pierce,Corinne,See,Kianna,Pierce,Stephon
Coolidge,Clarence,Cernan,Johanna,Coolidge,Collin
Pierce,Suleyma,See,Kianna,Pierce,Stephon
Coolidge,Shaun,Cernan,Johanna,Coolidge,Collin
Pierce,Celia,See,Kianna,Pierce,Stephon
Schwartz,Stephen,O'Connor,Debbie,Schwartz,Scott
Coolidge,Shiane,Cernan,Johanna,Coolidge,Collin
Schwartz,Luis,O'Connor,Debbie,Schwartz,Scott
Coolidge,Caitlan,Cernan,Johanna,Coolidge,Collin
Schwartz,Titus,O'Connor,Debbie,Schwartz,Scott
Coolidge,Leandra,Cernan,Johanna,Coolidge,Collin
Schwartz,Jasper,O'Connor,Debbie,Schwartz,Scott
Coolidge,Jayla,Cernan,Johanna,Coolidge,Collin
Schwartz,Willis,O'Connor,Debbie,Schwartz,Scott
Coolidge,Eryn,Cernan,Johanna,Coolidge,Collin
Schwartz,Cristopher,O'Connor,Debbie,Schwartz,Scott
Coolidge,Lexi,Cernan,Johanna,Coolidge,Collin
Schwartz,Devin,O'Connor,Debbie,Schwartz,Scott
Coolidge,Lea,Cernan,Johanna,Coolidge,Collin
Schwartz,Alfredo,O'Connor,Debbie,Schwartz,Scott
Schwartz,Farrah,O'Connor,Debbie,Schwartz,Scott
Higginbotham,Adan,Vanderhooven,Kaitlyn,Higginbotham,Wilmer
Schwartz,Eva,O'Connor,Debbie,Schwartz,Scott
Higginbotham,Dallin,Vanderhooven,Kaitlyn,Higginbotham,Wilmer
Schwartz,Yoana,O'Connor,Debbie,Schwartz,Scott
Higginbotham,Wesley,Vanderhooven,Kaitlyn,Higginbotham,Wilmer
Schwartz,Kacey,O'Connor,Debbie,Schwartz,Scott
Higginbotham,Torey,Vanderhooven,Kaitlyn,Higginbotham,Wilmer
Schwartz,Aliyah,O'Connor,Debbie,Schwartz,Scott
Higginbotham,Rigoberto,Vanderhooven,Kaitlyn,Higginbotham,Wilmer
Schwartz,Shenelly,O'Connor,Debbie,Schwartz,Scott
Higginbotham,Tad,Vanderhooven,Kaitlyn,Higginbotham,Wilmer
Schwartz,Mahogany,O'Connor,Debbie,Schwartz,Scott
Higginbotham,Fred,Vanderhooven,Kaitlyn,Higginbotham,Wilmer
Schwartz,Elizabeth,O'Connor,Debbie,Schwartz,Scott
Higginbotham,Mike,Vanderhooven,Kaitlyn,Higginbotham,Wilmer
Schwartz,Destini,O'Connor,Debbie,Schwartz,Scott
Higginbotham,Carl,Vanderhooven,Kaitlyn,Higginbotham,Wilmer
Schwartz,Ariel,O'Connor,Debbie,Schwartz,Scott
Higginbotham,Gabriel,Vanderhooven,Kaitlyn,Higginbotham,Wilmer
Higginbotham,Raquel,Vanderhooven,Kaitlyn,Higginbotham,Wilmer
Higginbotham,Norman,Vanderhooven,Kaitlyn,Higginbotham,Wilmer
Higginbotham,Rochelle,Vanderhooven,Kaitlyn,Higginbotham,Wilmer
Higginbotham,Kayvon,Vanderhooven,Kaitlyn,Higginbotham,Wilmer
Higginbotham,Lacey,Vanderhooven,Kaitlyn,Higginbotham,Wilmer
Thagard,Alonso,Madison,Tessa,Thagard,Justyn
Higginbotham,Kourtney,Vanderhooven,Kaitlyn,Higginbotham,Wilmer
Thagard,Sawyer,Madison,Tessa,Thagard,Justyn
Higginbotham,Roxanne,Vanderhooven,Kaitlyn,Higginbotham,Wilmer
Thagard,Howard,Madison,Tessa,Thagard,Justyn
Thagard,Maison,Madison,Tessa,Thagard,Justyn
Thagard,Camden,Madison,Tessa,Thagard,Justyn
Thagard,Keana,Madison,Tessa,Thagard,Justyn
Thagard,Manuel,Madison,Tessa,Thagard,Justyn
Musgrave,Ellie,Bolden,Payton,Musgrave,Brad
Thagard,Sammie,Madison,Tessa,Thagard,Justyn
Musgrave,Brittany,Bolden,Payton,Musgrave,Brad
Thagard,Cristobal,Madison,Tessa,Thagard,Justyn
Musgrave,Siarra,Bolden,Payton,Musgrave,Brad
Thagard,Terry,Madison,Tessa,Thagard,Justyn
Musgrave,Esperanza,Bolden,Payton,Musgrave,Brad
Musgrave,Nadav,Bolden,Payton,Musgrave,Brad
Musgrave,Josey,Bolden,Payton,Musgrave,Brad
Musgrave,Brenton,Bolden,Payton,Musgrave,Brad
Musgrave,Krista,Bolden,Payton,Musgrave,Brad
Musgrave,Kylan,Bolden,Payton,Musgrave,Brad
Musgrave,Shyanne,Bolden,Payton,Musgrave,Brad
Musgrave,Lance,Bolden,Payton,Musgrave,Brad
Musgrave,Tanisha,Bolden,Payton,Musgrave,Brad
Musgrave,Remington,Bolden,Payton,Musgrave,Brad
Musgrave,April,Bolden,Payton,Musgrave,Brad
Hilliard,Devyn,Pettit,Kaina,Hilliard,Alek
Musgrave,Kasandra,Bolden,Payton,Musgrave,Brad
Hilliard,Phillip,Pettit,Kaina,Hilliard,Alek
Hilliard,Aleasha,Pettit,Kaina,Hilliard,Alek
Hilliard,Maxwell,Pettit,Kaina,Hilliard,Alek
Hilliard,Stacey,Pettit,Kaina,Hilliard,Alek
Hobaugh,Mohammad,Weber,Skyler,Hobaugh,Trent
Hilliard,Ashli,Pettit,Kaina,Hilliard,Alek
Hobaugh,Harold,Weber,Skyler,Hobaugh,Trent
Hilliard,Evelin,Pettit,Kaina,Hilliard,Alek
Hobaugh,Jake,Weber,Skyler,Hobaugh,Trent
Hilliard,Nichelle,Pettit,Kaina,Hilliard,Alek
Hobaugh,Noe,Weber,Skyler,Hobaugh,Trent
Hobaugh,Talia,Weber,Skyler,Hobaugh,Trent
Hobaugh,Curtis,Weber,Skyler,Hobaugh,Trent
Hobaugh,Chelsea,Weber,Skyler,Hobaugh,Trent
Bobko,Britt,Massimino,Skye,Bobko,Logan
Hobaugh,Carla,Weber,Skyler,Hobaugh,Trent
Bobko,Francisco,Massimino,Skye,Bobko,Logan
Hobaugh,Brianne,Weber,Skyler,Hobaugh,Trent
Bobko,Tyren,Massimino,Skye,Bobko,Logan
Hobaugh,Adriana,Weber,Skyler,Hobaugh,Trent
Bobko,Maximilian,Massimino,Skye,Bobko,Logan
Hobaugh,Robyn,Weber,Skyler,Hobaugh,Trent
Reilly,Jabari,Grant,Aesha,Reilly,Mitchel
Hobaugh,Sarahmarie,Weber,Skyler,Hobaugh,Trent
Reilly,Spenser,Grant,Aesha,Reilly,Mitchel
Bobko,Dallas,Massimino,Skye,Bobko,Logan
Reilly,Nickalus,Grant,Aesha,Reilly,Mitchel
Bobko,Larissa,Massimino,Skye,Bobko,Logan
Reilly,Jevon,Grant,Aesha,Reilly,Mitchel
Bobko,Sierra,Massimino,Skye,Bobko,Logan
Reilly,Asa,Grant,Aesha,Reilly,Mitchel
Bobko,Lora,Massimino,Skye,Bobko,Logan
Reilly,Deshaun,Grant,Aesha,Reilly,Mitchel
Bobko,Tamia,Massimino,Skye,Bobko,Logan
Hilliard,Campbell,Ross,Annie,Hilliard,Colby
Reilly,Justine,Grant,Aesha,Reilly,Mitchel
Hilliard,Blaine,Ross,Annie,Hilliard,Colby
Reilly,Siearra,Grant,Aesha,Reilly,Mitchel
Hilliard,Gunner,Ross,Annie,Hilliard,Colby
Reilly,Maureen,Grant,Aesha,Reilly,Mitchel
Hilliard,Triston,Ross,Annie,Hilliard,Colby
Reilly,Rochelle,Grant,Aesha,Reilly,Mitchel
Lucid,Seamus,Ross,Francisca,Lucid,Edwin
Reilly,Chyanne,Grant,Aesha,Reilly,Mitchel
Lucid,Jacori,Ross,Francisca,Lucid,Edwin
Reilly,Brittani,Grant,Aesha,Reilly,Mitchel
Lucid,Christen,Ross,Francisca,Lucid,Edwin
Reilly,Yvonne,Grant,Aesha,Reilly,Mitchel
Grunsfeld,Ben,Ross,Nayeli,Grunsfeld,Dimitri
Hilliard,Anabel,Ross,Annie,Hilliard,Colby
Grunsfeld,Terance,Ross,Nayeli,Grunsfeld,Dimitri
Hilliard,Rikki,Ross,Annie,Hilliard,Colby
Grunsfeld,Connor,Ross,Nayeli,Grunsfeld,Dimitri
Hilliard,Jessenia,Ross,Annie,Hilliard,Colby
Grunsfeld,German,Ross,Nayeli,Grunsfeld,Dimitri
Hilliard,Shawna,Ross,Annie,Hilliard,Colby
Grunsfeld,Shayne,Ross,Nayeli,Grunsfeld,Dimitri
Hilliard,Cameron,Ross,Annie,Hilliard,Colby
Grunsfeld,Brogan,Ross,Nayeli,Grunsfeld,Dimitri
Hilliard,Calli,Ross,Annie,Hilliard,Colby
Grunsfeld,Frank,Ross,Nayeli,Grunsfeld,Dimitri
Hilliard,Zoi,Ross,Annie,Hilliard,Colby
Grunsfeld,Hassan,Ross,Nayeli,Grunsfeld,Dimitri
Hilliard,Karah,Ross,Annie,Hilliard,Colby
Grunsfeld,Demarco,Ross,Nayeli,Grunsfeld,Dimitri
Hilliard,Natalia,Ross,Annie,Hilliard,Colby
Glenn,Bennie,Ross,Tawny,Glenn,Callahan
Hilliard,Dania,Ross,Annie,Hilliard,Colby
Glenn,Jade,Ross,Tawny,Glenn,Callahan
Hilliard,Vianey,Ross,Annie,Hilliard,Colby
Glenn,Myles,Ross,Tawny,Glenn,Callahan
Hilliard,Isis,Ross,Annie,Hilliard,Colby
Glenn,Oliver,Ross,Tawny,Glenn,Callahan
Hilliard,Ana,Ross,Annie,Hilliard,Colby
Glenn,Emmett,Ross,Tawny,Glenn,Callahan
Hilliard,Krystle,Ross,Annie,Hilliard,Colby
Glenn,Truman,Ross,Tawny,Glenn,Callahan
Hilliard,Mollie,Ross,Annie,Hilliard,Colby
Glenn,Idris,Ross,Tawny,Glenn,Callahan
Hilliard,Kierstin,Ross,Annie,Hilliard,Colby
Ross,Jose,Parazynski,Carolina,Ross,Trenton
Lucid,Kandice,Ross,Francisca,Lucid,Edwin
Ross,Damon,Parazynski,Carolina,Ross,Trenton
Lucid,Makala,Ross,Francisca,Lucid,Edwin
Ross,Kody,Parazynski,Carolina,Ross,Trenton
Grunsfeld,Monet,Ross,Nayeli,Grunsfeld,Dimitri
Ross,Freeman,Parazynski,Carolina,Ross,Trenton
Grunsfeld,Baily,Ross,Nayeli,Grunsfeld,Dimitri
Ross,Ulysses,Parazynski,Carolina,Ross,Trenton
Glenn,Dakota,Ross,Tawny,Glenn,Callahan
Ross,Devonte,Parazynski,Carolina,Ross,Trenton
Glenn,Carly,Ross,Tawny,Glenn,Callahan
Ross,Mathieu,Parazynski,Ansley,Ross,Braxton
Glenn,Banesa,Ross,Tawny,Glenn,Callahan
Ross,Edgardo,Parazynski,Shanise,Ross,Cody
Glenn,Catalina,Ross,Tawny,Glenn,Callahan
Ross,Alan,Parazynski,Shanise,Ross,Cody
Glenn,Xochitl,Ross,Tawny,Glenn,Callahan
Ross,Titus,Parazynski,Shanise,Ross,Cody
Ross,Sharae,Parazynski,Carolina,Ross,Trenton
Ross,Geordan,Parazynski,Shanise,Ross,Cody
Ross,Sophie,Parazynski,Carolina,Ross,Trenton
Ross,Brody,Parazynski,Shanise,Ross,Cody
Ross,Antoinette,Parazynski,Carolina,Ross,Trenton
Ross,Mickey,Parazynski,Shanise,Ross,Cody
Ross,Joyce,Parazynski,Carolina,Ross,Trenton
Ross,Reed,Parazynski,Keri,Ross,Johnathen
Ross,Jenna,Parazynski,Ansley,Ross,Braxton
Ross,Scott,Parazynski,Keri,Ross,Johnathen
Ross,Clare,Parazynski,Ansley,Ross,Braxton
Ross,Kory,Parazynski,Keri,Ross,Johnathen
Ross,Kaydee,Parazynski,Ansley,Ross,Braxton
Ross,Lars,Parazynski,Keri,Ross,Johnathen
Ross,Kyndra,Parazynski,Shanise,Ross,Cody
Ross,Glenn,Parazynski,Keri,Ross,Johnathen
Ross,Lyric,Parazynski,Shanise,Ross,Cody
Ross,Kolton,Parazynski,Keri,Ross,Johnathen
Ross,Mikala,Parazynski,Keri,Ross,Johnathen
Ross,Felix,Parazynski,Keri,Ross,Johnathen
Ross,Jaida,Parazynski,Keri,Ross,Johnathen
Ross,Rahim,Parazynski,Callan,Ross,Desmond
Ross,Janelle,Parazynski,Keri,Ross,Johnathen
Ross,Fredrick,Parazynski,Callan,Ross,Desmond
Ross,Kitana,Parazynski,Keri,Ross,Johnathen
Ross,Victor,Parazynski,Callan,Ross,Desmond
Ross,Willow,Parazynski,Lyric,Ross,Toby
Ross,Hayes,Parazynski,Callan,Ross,Desmond
Ross,Bailey,Parazynski,Lyric,Ross,Toby
Ross,Anders,Parazynski,Lyric,Ross,Toby
Ross,Veronica,Parazynski,Lyric,Ross,Toby
Ross,Jack,Parazynski,Lyric,Ross,Toby
Ross,Jocelyn,Parazynski,Lyric,Ross,Toby
Ross,Randy,Parazynski,Lyric,Ross,Toby
Ross,Candace,Parazynski,Lyric,Ross,Toby
Ross,Javen,Parazynski,Lyric,Ross,Toby
Ross,Kelly,Parazynski,Lyric,Ross,Toby
Ross,Santana,Parazynski,Lyric,Ross,Toby
Parazynski,Kaya,Ross,Bernadette,Parazynski,Sidney
Ross,Idris,Parazynski,Lyric,Ross,Toby
Parazynski,Viridiana,Ross,Bernadette,Parazynski,Sidney
Ross,Manuel,Parazynski,Lyric,Ross,Toby
Parazynski,Rebeca,Ross,Bernadette,Parazynski,Sidney
Ross,Ibrahim,Parazynski,Lyric,Ross,Toby
Parazynski,Ebony,Ross,Bernadette,Parazynski,Sidney
Parazynski,Billy,Ross,Bernadette,Parazynski,Sidney
Parazynski,Yvonne,Ross,Armani,Parazynski,Tristen
Parazynski,Saxon,Ross,Bernadette,Parazynski,Sidney
Parazynski,Shianne,Ross,Armani,Parazynski,Tristen
Parazynski,Vincent,Ross,Bernadette,Parazynski,Sidney
Parazynski,Breann,Ross,Armani,Parazynski,Tristen
Parazynski,Dantae,Ross,Bernadette,Parazynski,Sidney
Pettit,Lillian,Ross,Calli,Pettit,Tommy
Parazynski,Bryson,Ross,Bernadette,Parazynski,Sidney
Pettit,Shannon,Ross,Calli,Pettit,Tommy
Parazynski,Dallas,Ross,Bernadette,Parazynski,Sidney
Pettit,Madison,Ross,Calli,Pettit,Tommy
Parazynski,Clint,Ross,Bernadette,Parazynski,Sidney
Pettit,Carmela,Ross,Calli,Pettit,Tommy
Parazynski,Niko,Ross,Armani,Parazynski,Tristen
Pettit,Mahogany,Ross,Calli,Pettit,Tommy
Parazynski,Javen,Ross,Armani,Parazynski,Tristen
Pettit,Fabiola,Ross,Calli,Pettit,Tommy
Parazynski,Bennett,Ross,Armani,Parazynski,Tristen
Pettit,Celeste,Ross,Calli,Pettit,Tommy
Parazynski,Domenic,Ross,Armani,Parazynski,Tristen
Pettit,Grace,Ross,Jhane,Pettit,Shawn
Pettit,Ezra,Ross,Calli,Pettit,Tommy
Pettit,Shelly,Ross,Jhane,Pettit,Shawn
Pettit,Colbey,Ross,Calli,Pettit,Tommy
Pettit,Kansas,Ross,Jhane,Pettit,Shawn
Pettit,Ronnie,Ross,Calli,Pettit,Tommy
Pettit,Allison,Ross,Jhane,Pettit,Shawn
Pettit,Issac,Ross,Calli,Pettit,Tommy
Pettit,Micayla,Ross,Jhane,Pettit,Shawn
Pettit,Nigel,Ross,Calli,Pettit,Tommy
Pettit,Alejandra,Ross,Jhane,Pettit,Shawn
Pettit,Scott,Ross,Calli,Pettit,Tommy
Pettit,Kelsy,Ross,Jhane,Pettit,Shawn
Pettit,Roland,Ross,Calli,Pettit,Tommy
Pettit,Martha,Ross,Jhane,Pettit,Shawn
Pettit,Tyler,Ross,Calli,Pettit,Tommy
Pettit,Alana,Ross,Jhane,Pettit,Shawn
Pettit,Julio,Ross,Calli,Pettit,Tommy
Pettit,Shiloh,Ross,Jhane,Pettit,Shawn
Pettit,Neftaly,Ross,Jhane,Pettit,Shawn
Pettit,Valencia,Ross,Jhane,Pettit,Shawn
Pettit,Silas,Ross,Jhane,Pettit,Shawn
Pettit,Sunny,Parazynski,Phoebe,Pettit,Jonathon
Pettit,Garrett,Ross,Jhane,Pettit,Shawn
Pettit,Candy,Parazynski,Phoebe,Pettit,Jonathon
Pettit,Donovan,Ross,Jhane,Pettit,Shawn
Pettit,Janesha,Parazynski,Phoebe,Pettit,Jonathon
Pettit,Benito,Ross,Jhane,Pettit,Shawn
Pettit,Devyn,Parazynski,Phoebe,Pettit,Jonathon
Pettit,Ernest,Ross,Jhane,Pettit,Shawn
Pettit,Anne,Parazynski,Phoebe,Pettit,Jonathon
Pettit,Emmitt,Ross,Jhane,Pettit,Shawn
Pettit,Holland,Parazynski,Phoebe,Pettit,Jonathon
Pettit,Dontae,Ross,Jhane,Pettit,Shawn
Pettit,Kady,Parazynski,Phoebe,Pettit,Jonathon
Pettit,Jimmy,Parazynski,Phoebe,Pettit,Jonathon
Pettit,Rosalinda,Parazynski,Phoebe,Pettit,Jonathon
Pettit,Dimitri,Parazynski,Phoebe,Pettit,Jonathon
Pettit,Fiona,Parazynski,Phoebe,Pettit,Jonathon
Pettit,Karl,Parazynski,Phoebe,Pettit,Jonathon
Pettit,Savana,Parazynski,Phoebe,Pettit,Jonathon
Pettit,Manuel,Parazynski,Phoebe,Pettit,Jonathon
Pettit,Elijah,Parazynski,Phoebe,Pettit,Jonathon
Pettit,Arian,Parazynski,Phoebe,Pettit,Jonathon
Pettit,Allana,Parazynski,Phoebe,Pettit,Jonathon
Pettit,Pablo,Pierce,Keana,Pettit,Tyrone
Pettit,Mariana,Parazynski,Phoebe,Pettit,Jonathon
Pettit,Dillon,Pierce,Keana,Pettit,Tyrone
Pettit,Dajanae,Parazynski,Phoebe,Pettit,Jonathon
Pettit,Royce,Pierce,Keana,Pettit,Tyrone
Pettit,Allyson,Parazynski,Phoebe,Pettit,Jonathon
Pettit,Juan,Pierce,Keana,Pettit,Tyrone
Pettit,Jesslyn,Pierce,Keana,Pettit,Tyrone
Pettit,Sidney,Pierce,Keana,Pettit,Tyrone
Pettit,Jazmon,Pierce,Keana,Pettit,Tyrone
Pettit,Deleon,Pierce,Keana,Pettit,Tyrone
Pierce,Gretchen,Pettit,Kathryn,Pierce,Jasper
Pettit,Jamal,Pierce,Keana,Pettit,Tyrone
Pierce,Aimee,Pettit,Kathryn,Pierce,Jasper
Pettit,Wylie,Pierce,Keana,Pettit,Tyrone
Pierce,Sharae,Pettit,Kathryn,Pierce,Jasper
Pettit,Charles,Pierce,Keana,Pettit,Tyrone
Pierce,Camelia,Pettit,Kathryn,Pierce,Jasper
Pettit,Terence,Pierce,Keana,Pettit,Tyrone
Pierce,Talia,Pettit,Myra,Pierce,Tom
Pettit,Efrain,Pierce,Keana,Pettit,Tyrone
Pierce,Kelsee,Pettit,Myra,Pierce,Tom
Pettit,Ezekiel,Pierce,Keana,Pettit,Tyrone
Pierce,Abagail,Pettit,Myra,Pierce,Tom
Pettit,Brady,Pierce,Keana,Pettit,Tyrone
Pierce,Christy,Pettit,Myra,Pierce,Tom
Pierce,Jeramie,Pettit,Kathryn,Pierce,Jasper
Pierce,Ariel,Pettit,Myra,Pierce,Tom
Pierce,Quentin,Pettit,Kathryn,Pierce,Jasper
Pierce,Siera,Pettit,Myra,Pierce,Tom
Pierce,Willis,Pettit,Kathryn,Pierce,Jasper
Pierce,Terri,Pettit,Myra,Pierce,Tom
Pierce,Don,Pettit,Kathryn,Pierce,Jasper
Pierce,Rhiannon,Pettit,Lexy,Pierce,Israel
Pierce,Ronnie,Pettit,Myra,Pierce,Tom
Pierce,Makenna,Pettit,Lexy,Pierce,Israel
Pierce,Devin,Pettit,Myra,Pierce,Tom
Pierce,Susana,Pettit,Lexy,Pierce,Israel
Pierce,Elijah,Pettit,Myra,Pierce,Tom
Pierce,Mykelle,Pettit,Lexy,Pierce,Israel
Pierce,Pierce,Pettit,Myra,Pierce,Tom
Pierce,Rayna,Pettit,Lexy,Pierce,Israel
Pierce,Demonte,Pettit,Myra,Pierce,Tom
Pierce,Jabria,Pettit,Lexy,Pierce,Israel
Pierce,Calvin,Pettit,Myra,Pierce,Tom
Pierce,Arlene,Pettit,Lexy,Pierce,Israel
Pierce,Alexandro,Pettit,Myra,Pierce,Tom
Pierce,Tamia,Coolidge,Shiane,Pierce,Ulysses
Pierce,Winston,Pettit,Lexy,Pierce,Israel
Pierce,Micaela,Coolidge,Shiane,Pierce,Ulysses
Pierce,Paris,Pettit,Lexy,Pierce,Israel
Pierce,Nathaly,Coolidge,Shiane,Pierce,Ulysses
Pierce,Angel,Pettit,Lexy,Pierce,Israel
Pierce,Taylor,Coolidge,Shiane,Pierce,Ulysses
Pierce,Rhett,Coolidge,Shiane,Pierce,Ulysses
Pierce,Maia,Coolidge,Shiane,Pierce,Ulysses
Pierce,Conrad,Coolidge,Shiane,Pierce,Ulysses
Pierce,Kylie,Coolidge,Shiane,Pierce,Ulysses
Pierce,Levi,Coolidge,Shiane,Pierce,Ulysses
Pierce,Keara,Coolidge,Caitlan,Pierce,Micah
Pierce,Hayden,Coolidge,Shiane,Pierce,Ulysses
Pierce,Payton,Coolidge,Caitlan,Pierce,Micah
Pierce,Roger,Coolidge,Shiane,Pierce,Ulysses
Pierce,Alyson,Coolidge,Caitlan,Pierce,Micah
Pierce,Brandon,Coolidge,Shiane,Pierce,Ulysses
Coolidge,Jazmin,Pierce,Shaina,Coolidge,Deric
Pierce,Niko,Coolidge,Caitlan,Pierce,Micah
Coolidge,Rachel,Pierce,Shaina,Coolidge,Deric
Pierce,Edgardo,Coolidge,Caitlan,Pierce,Micah
Coolidge,Mireya,Pierce,Shaina,Coolidge,Deric
Pierce,Kurtis,Coolidge,Caitlan,Pierce,Micah
Coolidge,Bryana,Pierce,Shaina,Coolidge,Deric
Coolidge,Hudson,Pierce,Shaina,Coolidge,Deric
Coolidge,Juliet,Pierce,Shaina,Coolidge,Deric
Coolidge,Daylon,Pierce,Shaina,Coolidge,Deric
Coolidge,Myesha,Pierce,Shaina,Coolidge,Deric
Coolidge,Bryson,Pierce,Shaina,Coolidge,Deric
Coolidge,Susan,Pierce,Shaina,Coolidge,Deric
Coolidge,Justin,Pierce,Shaina,Coolidge,Deric
Coolidge,Austin,Pierce,Shaina,Coolidge,Deric
Coolidge,Kirkland,Pierce,Shaina,Coolidge,Deric
Coolidge,Sheila,Pierce,Shaina,Coolidge,Deric
Coolidge,Rex,Pierce,Shaina,Coolidge,Deric
Coolidge,Mari,Pierce,Shaina,Coolidge,Deric
Coolidge,Skyler,Pierce,Shaina,Coolidge,Deric
Coolidge,Tristan,Pierce,Donisha,Coolidge,Forest
Coolidge,Yair,Pierce,Shaina,Coolidge,Deric
Coolidge,Aishah,Pierce,Sylvia,Coolidge,Clarence
Coolidge,Migel,Pierce,Donisha,Coolidge,Forest
Coolidge,Shirley,Pierce,Sylvia,Coolidge,Clarence
Coolidge,Royce,Pierce,Donisha,Coolidge,Forest
Coolidge,Montana,Pierce,Sylvia,Coolidge,Clarence
Coolidge,Jermaine,Pierce,Donisha,Coolidge,Forest
Coolidge,Leana,Pierce,Corinne,Coolidge,Shaun
Coolidge,Perry,Pierce,Donisha,Coolidge,Forest
Coolidge,Paulina,Pierce,Corinne,Coolidge,Shaun
Coolidge,Morgan,Pierce,Corinne,Coolidge,Shaun
Coolidge,Kaili,Pierce,Corinne,Coolidge,Shaun
Coolidge,Nadav,Pierce,Corinne,Coolidge,Shaun
Coolidge,Genevieve,Pierce,Corinne,Coolidge,Shaun
Coolidge,Erich,Pierce,Corinne,Coolidge,Shaun
Coolidge,Hunter,Pierce,Corinne,Coolidge,Shaun
Coolidge,Guillermo,Pierce,Corinne,Coolidge,Shaun
Coolidge,Janay,Pierce,Corinne,Coolidge,Shaun
Coolidge,Corey,Pierce,Corinne,Coolidge,Shaun
Schwartz,Bria,Pierce,Suleyma,Schwartz,Stephen
Coolidge,Brett,Pierce,Corinne,Coolidge,Shaun
Schwartz,Fabiola,Pierce,Suleyma,Schwartz,Stephen
Coolidge,Maverick,Pierce,Corinne,Coolidge,Shaun
Schwartz,Jonae,Pierce,Suleyma,Schwartz,Stephen
Coolidge,Elliot,Pierce,Corinne,Coolidge,Shaun
Schwartz,Natasha,Pierce,Suleyma,Schwartz,Stephen
Coolidge,Cullen,Pierce,Corinne,Coolidge,Shaun
Schwartz,Siera,Pierce,Suleyma,Schwartz,Stephen
Coolidge,Moshe,Pierce,Corinne,Coolidge,Shaun
Schwartz,Dina,Pierce,Suleyma,Schwartz,Stephen
Schwartz,Skylar,Pierce,Suleyma,Schwartz,Stephen
Schwartz,Anja,Pierce,Suleyma,Schwartz,Stephen
Schwartz,Brad,Pierce,Suleyma,Schwartz,Stephen
Schwartz,Kenya,Pierce,Suleyma,Schwartz,Stephen
Schwartz,Raekwon,Pierce,Suleyma,Schwartz,Stephen
Schwartz,Chelsea,Pierce,Suleyma,Schwartz,Stephen
Schwartz,Jayden,Pierce,Suleyma,Schwartz,Stephen
Schwartz,Jessa,Pierce,Suleyma,Schwartz,Stephen
Schwartz,Malcolm,Pierce,Suleyma,Schwartz,Stephen
Schwartz,Lesley,Pierce,Celia,Schwartz,Luis
Schwartz,Cole,Pierce,Suleyma,Schwartz,Stephen
Schwartz,Kaelyn,Pierce,Celia,Schwartz,Luis
Schwartz,Agustin,Pierce,Suleyma,Schwartz,Stephen
Schwartz,Estrella,Pierce,Celia,Schwartz,Luis
Schwartz,Kody,Pierce,Suleyma,Schwartz,Stephen
Schwartz,Aileen,Pierce,Celia,Schwartz,Luis
Schwartz,Alvaro,Pierce,Suleyma,Schwartz,Stephen
Schwartz,Amari,Pierce,Celia,Schwartz,Luis
Schwartz,Jeramie,Pierce,Celia,Schwartz,Luis
Schwartz,Jameisha,Pierce,Celia,Schwartz,Luis
Schwartz,Habram,Pierce,Celia,Schwartz,Luis
Schwartz,Bailey,Pierce,Celia,Schwartz,Luis
Schwartz,Richard,Coolidge,Leandra,Schwartz,Titus
Schwartz,Kennedy,Pierce,Celia,Schwartz,Luis
Schwartz,Francesco,Coolidge,Leandra,Schwartz,Titus
Schwartz,Jane,Pierce,Celia,Schwartz,Luis
Schwartz,Brogan,Coolidge,Leandra,Schwartz,Titus
Schwartz,Stephany,Pierce,Celia,Schwartz,Luis
Schwartz,Tristen,Coolidge,Leandra,Schwartz,Titus
Schwartz,Ilana,Pierce,Celia,Schwartz,Luis
Schwartz,Trenton,Coolidge,Jayla,Schwartz,Jasper
Schwartz,Kirstie,Coolidge,Leandra,Schwartz,Titus
Schwartz,Vernon,Coolidge,Jayla,Schwartz,Jasper
Schwartz,Destiana,Coolidge,Leandra,Schwartz,Titus
Schwartz,Spencer,Coolidge,Jayla,Schwartz,Jasper
Schwartz,Lilly,Coolidge,Leandra,Schwartz,Titus
Schwartz,Grady,Coolidge,Jayla,Schwartz,Jasper
Schwartz,Kerry,Coolidge,Leandra,Schwartz,Titus
Schwartz,Jace,Coolidge,Jayla,Schwartz,Jasper
Schwartz,Leeann,Coolidge,Leandra,Schwartz,Titus
Schwartz,Lawrence,Coolidge,Jayla,Schwartz,Jasper
Schwartz,Maryann,Coolidge,Leandra,Schwartz,Titus
Schwartz,Gilbert,Coolidge,Jayla,Schwartz,Jasper
Schwartz,Deisy,Coolidge,Leandra,Schwartz,Titus
Schwartz,Tyquan,Coolidge,Eryn,Schwartz,Willis
Schwartz,Allegra,Coolidge,Leandra,Schwartz,Titus
Schwartz,Ahmed,Coolidge,Eryn,Schwartz,Willis
Schwartz,Raegan,Coolidge,Jayla,Schwartz,Jasper
Schwartz,Deandre,Coolidge,Eryn,Schwartz,Willis
Schwartz,Kinsey,Coolidge,Jayla,Schwartz,Jasper
Schwartz,Errol,Coolidge,Eryn,Schwartz,Willis
Schwartz,Tiera,Coolidge,Jayla,Schwartz,Jasper
Schwartz,Dillon,Coolidge,Eryn,Schwartz,Willis
Schwartz,Shyann,Coolidge,Jayla,Schwartz,Jasper
Schwartz,Zev,Coolidge,Lexi,Schwartz,Cristopher
Schwartz,Nayeli,Coolidge,Jayla,Schwartz,Jasper
Schwartz,Romello,Coolidge,Lexi,Schwartz,Cristopher
Schwartz,Myra,Coolidge,Jayla,Schwartz,Jasper
Schwartz,Dedrick,Coolidge,Lexi,Schwartz,Cristopher
Schwartz,Adriana,Coolidge,Jayla,Schwartz,Jasper
Schwartz,Wylie,Coolidge,Lexi,Schwartz,Cristopher
Schwartz,Melanie,Coolidge,Jayla,Schwartz,Jasper
Schwartz,Zakery,Coolidge,Lexi,Schwartz,Cristopher
Schwartz,Giselle,Coolidge,Jayla,Schwartz,Jasper
Schwartz,Jamie,Coolidge,Lea,Schwartz,Devin
Schwartz,Leandra,Coolidge,Jayla,Schwartz,Jasper
Schwartz,Moises,Coolidge,Lea,Schwartz,Devin
Schwartz,Macy,Coolidge,Jayla,Schwartz,Jasper
Schwartz,Tavon,Coolidge,Lea,Schwartz,Devin
Schwartz,Colby,Coolidge,Jayla,Schwartz,Jasper
Schwartz,Jamel,Coolidge,Lea,Schwartz,Devin
Schwartz,Lillie,Coolidge,Eryn,Schwartz,Willis
Schwartz,Graham,Coolidge,Lea,Schwartz,Devin
Schwartz,Makala,Coolidge,Eryn,Schwartz,Willis
Schwartz,Denzel,Coolidge,Lea,Schwartz,Devin
Schwartz,Deserae,Coolidge,Eryn,Schwartz,Willis
Schwartz,Bobby,Higginbotham,Raquel,Schwartz,Alfredo
Schwartz,Dasia,Coolidge,Eryn,Schwartz,Willis
Schwartz,Jessee,Higginbotham,Raquel,Schwartz,Alfredo
Schwartz,Valerie,Coolidge,Eryn,Schwartz,Willis
Higginbotham,Brayden,Schwartz,Farrah,Higginbotham,Adan
Schwartz,Devyn,Coolidge,Eryn,Schwartz,Willis
Higginbotham,Kenny,Schwartz,Farrah,Higginbotham,Adan
Schwartz,Aishah,Coolidge,Eryn,Schwartz,Willis
Higginbotham,Garrison,Schwartz,Farrah,Higginbotham,Adan
Schwartz,Angel,Coolidge,Lexi,Schwartz,Cristopher
Higginbotham,Shelby,Schwartz,Eva,Higginbotham,Dallin
Schwartz,Chloie,Coolidge,Lexi,Schwartz,Cristopher
Higginbotham,Marco,Schwartz,Eva,Higginbotham,Dallin
Schwartz,Marycather,Coolidge,Lea,Schwartz,Devin
Higginbotham,Aleksandr,Schwartz,Eva,Higginbotham,Dallin
Schwartz,Abbigail,Coolidge,Lea,Schwartz,Devin
Higginbotham,Orion,Schwartz,Yoana,Higginbotham,Wesley
Schwartz,Maryssa,Coolidge,Lea,Schwartz,Devin
Higginbotham,Van,Schwartz,Yoana,Higginbotham,Wesley
Schwartz,Jordan,Coolidge,Lea,Schwartz,Devin
Higginbotham,Ryen,Schwartz,Yoana,Higginbotham,Wesley
Schwartz,Deondra,Coolidge,Lea,Schwartz,Devin
Higginbotham,Rodolfo,Schwartz,Kacey,Higginbotham,Torey
Schwartz,Breanne,Coolidge,Lea,Schwartz,Devin
Higginbotham,Caleb,Schwartz,Kacey,Higginbotham,Torey
Schwartz,Tess,Coolidge,Lea,Schwartz,Devin
Higginbotham,Darnell,Schwartz,Kacey,Higginbotham,Torey
Schwartz,Kelly,Coolidge,Lea,Schwartz,Devin
Higginbotham,Braeden,Schwartz,Kacey,Higginbotham,Torey
Schwartz,Giuliana,Higginbotham,Raquel,Schwartz,Alfredo
Higginbotham,Darryl,Schwartz,Kacey,Higginbotham,Torey
Schwartz,Zoi,Higginbotham,Raquel,Schwartz,Alfredo
Higginbotham,Glenn,Schwartz,Kacey,Higginbotham,Torey
Schwartz,Linda,Higginbotham,Raquel,Schwartz,Alfredo
Higginbotham,Cody,Schwartz,Aliyah,Higginbotham,Rigoberto
Schwartz,Jordyn,Higginbotham,Raquel,Schwartz,Alfredo
Higginbotham,Keith,Schwartz,Aliyah,Higginbotham,Rigoberto
Schwartz,Nadia,Higginbotham,Raquel,Schwartz,Alfredo
Higginbotham,Harley,Schwartz,Aliyah,Higginbotham,Rigoberto
Schwartz,Katherine,Higginbotham,Raquel,Schwartz,Alfredo
Higginbotham,Diondre,Schwartz,Aliyah,Higginbotham,Rigoberto
Schwartz,Sarafina,Higginbotham,Raquel,Schwartz,Alfredo
Higginbotham,Francisco,Schwartz,Aliyah,Higginbotham,Rigoberto
Schwartz,Kasey,Higginbotham,Raquel,Schwartz,Alfredo
Higginbotham,Dante,Schwartz,Aliyah,Higginbotham,Rigoberto
Higginbotham,Yolanda,Schwartz,Farrah,Higginbotham,Adan
Higginbotham,Raekwon,Schwartz,Aliyah,Higginbotham,Rigoberto
Higginbotham,Kaylah,Schwartz,Farrah,Higginbotham,Adan
Higginbotham,Dalton,Schwartz,Aliyah,Higginbotham,Rigoberto
Higginbotham,Shanique,Schwartz,Eva,Higginbotham,Dallin
Higginbotham,Leonel,Schwartz,Aliyah,Higginbotham,Rigoberto
Higginbotham,Katheryn,Schwartz,Eva,Higginbotham,Dallin
Higginbotham,Barrett,Schwartz,Aliyah,Higginbotham,Rigoberto
Higginbotham,Katlyn,Schwartz,Eva,Higginbotham,Dallin
Higginbotham,Walter,Schwartz,Shenelly,Higginbotham,Tad
Higginbotham,Roxana,Schwartz,Yoana,Higginbotham,Wesley
Higginbotham,Luciano,Schwartz,Shenelly,Higginbotham,Tad
Higginbotham,Juanita,Schwartz,Kacey,Higginbotham,Torey
Higginbotham,Gideon,Schwartz,Shenelly,Higginbotham,Tad
Higginbotham,Maribel,Schwartz,Kacey,Higginbotham,Torey
Higginbotham,Bradly,Schwartz,Shenelly,Higginbotham,Tad
Higginbotham,Alaina,Schwartz,Kacey,Higginbotham,Torey
Higginbotham,Brennen,Schwartz,Shenelly,Higginbotham,Tad
Higginbotham,Annie,Schwartz,Kacey,Higginbotham,Torey
Higginbotham,Brooks,Schwartz,Shenelly,Higginbotham,Tad
Higginbotham,Georgina,Schwartz,Kacey,Higginbotham,Torey
Higginbotham,Ben,Schwartz,Shenelly,Higginbotham,Tad
Higginbotham,Haylee,Schwartz,Aliyah,Higginbotham,Rigoberto
Higginbotham,Harrison,Schwartz,Shenelly,Higginbotham,Tad
Higginbotham,Ashtin,Schwartz,Aliyah,Higginbotham,Rigoberto
Higginbotham,Keenan,Schwartz,Shenelly,Higginbotham,Tad
Higginbotham,Brooklyn,Schwartz,Aliyah,Higginbotham,Rigoberto
Higginbotham,Marcus,Schwartz,Mahogany,Higginbotham,Fred
Higginbotham,Sneha,Schwartz,Aliyah,Higginbotham,Rigoberto
Higginbotham,Liam,Schwartz,Mahogany,Higginbotham,Fred
Higginbotham,Selena,Schwartz,Aliyah,Higginbotham,Rigoberto
Higginbotham,August,Schwartz,Mahogany,Higginbotham,Fred
Higginbotham,Jaymie,Schwartz,Aliyah,Higginbotham,Rigoberto
Higginbotham,Malachi,Schwartz,Mahogany,Higginbotham,Fred
Higginbotham,Margaret,Schwartz,Aliyah,Higginbotham,Rigoberto
Higginbotham,Kelsey,Schwartz,Mahogany,Higginbotham,Fred
Higginbotham,Naomi,Schwartz,Aliyah,Higginbotham,Rigoberto
Higginbotham,Humberto,Schwartz,Mahogany,Higginbotham,Fred
Higginbotham,Jenae,Schwartz,Shenelly,Higginbotham,Tad
Higginbotham,Oscar,Schwartz,Mahogany,Higginbotham,Fred
Higginbotham,Promise,Schwartz,Shenelly,Higginbotham,Tad
Higginbotham,Andy,Schwartz,Elizabeth,Higginbotham,Mike
Higginbotham,Rebeca,Schwartz,Shenelly,Higginbotham,Tad
Higginbotham,Ruben,Schwartz,Elizabeth,Higginbotham,Mike
Higginbotham,Lilly,Schwartz,Shenelly,Higginbotham,Tad
Higginbotham,Kaden,Schwartz,Elizabeth,Higginbotham,Mike
Higginbotham,Makaila,Schwartz,Mahogany,Higginbotham,Fred
Higginbotham,Dakota,Schwartz,Elizabeth,Higginbotham,Mike
Higginbotham,Marissa,Schwartz,Mahogany,Higginbotham,Fred
Higginbotham,Bo,Schwartz,Elizabeth,Higginbotham,Mike
Higginbotham,Dena,Schwartz,Mahogany,Higginbotham,Fred
Higginbotham,Kyler,Schwartz,Destini,Higginbotham,Carl
Higginbotham,Hadley,Schwartz,Mahogany,Higginbotham,Fred
Higginbotham,Mariano,Schwartz,Destini,Higginbotham,Carl
Higginbotham,Makenzie,Schwartz,Mahogany,Higginbotham,Fred
Higginbotham,Levi,Schwartz,Destini,Higginbotham,Carl
Higginbotham,Breanna,Schwartz,Mahogany,Higginbotham,Fred
Higginbotham,Hiram,Schwartz,Destini,Higginbotham,Carl
Higginbotham,Zulema,Schwartz,Elizabeth,Higginbotham,Mike
Higginbotham,Marcello,Schwartz,Destini,Higginbotham,Carl
Higginbotham,Jania,Schwartz,Elizabeth,Higginbotham,Mike
Higginbotham,Kirkland,Schwartz,Destini,Higginbotham,Carl
Higginbotham,Maggie,Schwartz,Elizabeth,Higginbotham,Mike
Higginbotham,Tanner,Schwartz,Destini,Higginbotham,Carl
Higginbotham,Flor,Schwartz,Elizabeth,Higginbotham,Mike
Higginbotham,Grayson,Schwartz,Ariel,Higginbotham,Gabriel
Higginbotham,Anissa,Schwartz,Elizabeth,Higginbotham,Mike
Higginbotham,Langston,Schwartz,Ariel,Higginbotham,Gabriel
Higginbotham,Mackenzie,Schwartz,Elizabeth,Higginbotham,Mike
Higginbotham,Montel,Schwartz,Ariel,Higginbotham,Gabriel
Higginbotham,Yuki,Schwartz,Elizabeth,Higginbotham,Mike
Higginbotham,Killian,Schwartz,Ariel,Higginbotham,Gabriel
Higginbotham,Breann,Schwartz,Destini,Higginbotham,Carl
Higginbotham,Ramon,Schwartz,Ariel,Higginbotham,Gabriel
Higginbotham,Jaqueline,Schwartz,Destini,Higginbotham,Carl
Higginbotham,Trent,Schwartz,Ariel,Higginbotham,Gabriel
Higginbotham,Alexa,Schwartz,Destini,Higginbotham,Carl
Higginbotham,Trevor,Schwartz,Ariel,Higginbotham,Gabriel
Higginbotham,Tierra,Schwartz,Destini,Higginbotham,Carl
Higginbotham,Clayton,Schwartz,Ariel,Higginbotham,Gabriel
Higginbotham,Larissa,Schwartz,Ariel,Higginbotham,Gabriel
Higginbotham,Ravon,Schwartz,Ariel,Higginbotham,Gabriel
Higginbotham,Sunny,Schwartz,Ariel,Higginbotham,Gabriel
Higginbotham,Jarod,Thagard,Maison,Higginbotham,Norman
Higginbotham,Alayna,Schwartz,Ariel,Higginbotham,Gabriel
Higginbotham,Victor,Thagard,Maison,Higginbotham,Norman
Higginbotham,Anamaria,Schwartz,Ariel,Higginbotham,Gabriel
Higginbotham,Anthoni,Thagard,Maison,Higginbotham,Norman
Higginbotham,Itati,Thagard,Maison,Higginbotham,Norman
Higginbotham,Micah,Thagard,Maison,Higginbotham,Norman
Higginbotham,Morgan,Thagard,Maison,Higginbotham,Norman
Higginbotham,Taquan,Thagard,Maison,Higginbotham,Norman
Higginbotham,Chana,Thagard,Maison,Higginbotham,Norman
Higginbotham,Treshaun,Thagard,Maison,Higginbotham,Norman
Higginbotham,Robyn,Thagard,Maison,Higginbotham,Norman
Higginbotham,Lloyd,Thagard,Keana,Higginbotham,Kayvon
Higginbotham,Kassandra,Thagard,Maison,Higginbotham,Norman
Higginbotham,Tom,Thagard,Keana,Higginbotham,Kayvon
Higginbotham,Alina,Thagard,Maison,Higginbotham,Norman
Higginbotham,Ariel,Thagard,Keana,Higginbotham,Kayvon
Higginbotham,Emilee,Thagard,Maison,Higginbotham,Norman
Higginbotham,Richie,Thagard,Keana,Higginbotham,Kayvon
Higginbotham,Francesca,Thagard,Keana,Higginbotham,Kayvon
Higginbotham,Jeffery,Thagard,Keana,Higginbotham,Kayvon
Higginbotham,Halie,Thagard,Keana,Higginbotham,Kayvon
Higginbotham,Martin,Thagard,Keana,Higginbotham,Kayvon
Higginbotham,Lena,Thagard,Keana,Higginbotham,Kayvon
Higginbotham,Earl,Thagard,Keana,Higginbotham,Kayvon
Higginbotham,Eileen,Thagard,Keana,Higginbotham,Kayvon
Higginbotham,Talon,Thagard,Keana,Higginbotham,Kayvon
Higginbotham,Arianna,Thagard,Keana,Higginbotham,Kayvon
Higginbotham,Gunner,Thagard,Keana,Higginbotham,Kayvon
Higginbotham,Clarissa,Thagard,Keana,Higginbotham,Kayvon
Higginbotham,Bradlee,Thagard,Keana,Higginbotham,Kayvon
Higginbotham,Jennifer,Thagard,Keana,Higginbotham,Kayvon
Thagard,Cristopher,Higginbotham,Rochelle,Thagard,Alonso
Thagard,Janay,Higginbotham,Rochelle,Thagard,Alonso
Thagard,Colton,Higginbotham,Rochelle,Thagard,Alonso
Thagard,Alysha,Higginbotham,Rochelle,Thagard,Alonso
Thagard,Neal,Higginbotham,Lacey,Thagard,Sawyer
Thagard,Kitana,Higginbotham,Rochelle,Thagard,Alonso
Thagard,Keion,Higginbotham,Lacey,Thagard,Sawyer
Thagard,Irene,Higginbotham,Rochelle,Thagard,Alonso
Thagard,Devante,Higginbotham,Lacey,Thagard,Sawyer
Thagard,Deandrea,Higginbotham,Lacey,Thagard,Sawyer
Thagard,Geordan,Higginbotham,Lacey,Thagard,Sawyer
Thagard,Crystal,Higginbotham,Lacey,Thagard,Sawyer
Thagard,Ezra,Higginbotham,Lacey,Thagard,Sawyer
Thagard,Patience,Higginbotham,Lacey,Thagard,Sawyer
Thagard,Julian,Higginbotham,Lacey,Thagard,Sawyer
Thagard,Deanna,Higginbotham,Lacey,Thagard,Sawyer
Thagard,Dakotah,Higginbotham,Kourtney,Thagard,Howard
Thagard,Aja,Higginbotham,Lacey,Thagard,Sawyer
Thagard,Oneil,Higginbotham,Kourtney,Thagard,Howard
Thagard,Tanya,Higginbotham,Lacey,Thagard,Sawyer
Thagard,Tomas,Higginbotham,Kourtney,Thagard,Howard
Thagard,Serena,Higginbotham,Kourtney,Thagard,Howard
Thagard,Ronny,Higginbotham,Kourtney,Thagard,Howard
Thagard,Stephanie,Higginbotham,Kourtney,Thagard,Howard
Thagard,Dangelo,Higginbotham,Kourtney,Thagard,Howard
Thagard,Mckenzie,Higginbotham,Kourtney,Thagard,Howard
Thagard,Britton,Higginbotham,Kourtney,Thagard,Howard
Thagard,Callan,Higginbotham,Kourtney,Thagard,Howard
Thagard,Clayton,Higginbotham,Kourtney,Thagard,Howard
Thagard,Jamee,Higginbotham,Kourtney,Thagard,Howard
Thagard,Bryant,Higginbotham,Kourtney,Thagard,Howard
Thagard,Roxana,Higginbotham,Kourtney,Thagard,Howard
Thagard,Alfonso,Higginbotham,Kourtney,Thagard,Howard
Thagard,Riley,Higginbotham,Kourtney,Thagard,Howard
Thagard,Joey,Higginbotham,Roxanne,Thagard,Camden
Thagard,Janesha,Higginbotham,Kourtney,Thagard,Howard
Thagard,Triston,Higginbotham,Roxanne,Thagard,Camden
Thagard,Michele,Higginbotham,Roxanne,Thagard,Camden
Thagard,Franklin,Musgrave,Ellie,Thagard,Manuel
Thagard,Kristina,Higginbotham,Roxanne,Thagard,Camden
Thagard,Ward,Musgrave,Ellie,Thagard,Manuel
Thagard,Mikaela,Higginbotham,Roxanne,Thagard,Camden
Thagard,Quincy,Musgrave,Ellie,Thagard,Manuel
Thagard,Aleisha,Higginbotham,Roxanne,Thagard,Camden
Thagard,Killian,Musgrave,Ellie,Thagard,Manuel
Thagard,Alexi,Higginbotham,Roxanne,Thagard,Camden
Thagard,Richard,Musgrave,Ellie,Thagard,Manuel
Thagard,Allana,Higginbotham,Roxanne,Thagard,Camden
Thagard,Freddy,Musgrave,Ellie,Thagard,Manuel
Thagard,Dominique,Musgrave,Ellie,Thagard,Manuel
Thagard,Juan,Musgrave,Ellie,Thagard,Manuel
Thagard,Yvonne,Musgrave,Ellie,Thagard,Manuel
Thagard,Shea,Musgrave,Ellie,Thagard,Manuel
Thagard,Lynn,Musgrave,Ellie,Thagard,Manuel
Thagard,Ahmed,Musgrave,Ellie,Thagard,Manuel
Thagard,Jessie,Musgrave,Ellie,Thagard,Manuel
Thagard,Habram,Musgrave,Brittany,Thagard,Sammie
Thagard,Shelley,Musgrave,Ellie,Thagard,Manuel
Thagard,Darrell,Musgrave,Brittany,Thagard,Sammie
Thagard,Jaden,Musgrave,Brittany,Thagard,Sammie
Thagard,Lazaro,Musgrave,Brittany,Thagard,Sammie
Thagard,Nakia,Musgrave,Brittany,Thagard,Sammie
Thagard,Nickalus,Musgrave,Brittany,Thagard,Sammie
Thagard,Jacklyn,Musgrave,Brittany,Thagard,Sammie
Thagard,Kerry,Musgrave,Siarra,Thagard,Cristobal
Thagard,Mindi,Musgrave,Brittany,Thagard,Sammie
Thagard,Craig,Musgrave,Siarra,Thagard,Cristobal
Thagard,Jane,Musgrave,Brittany,Thagard,Sammie
Thagard,Maxwell,Musgrave,Siarra,Thagard,Cristobal
Thagard,Keisha,Musgrave,Brittany,Thagard,Sammie
Thagard,Derrick,Musgrave,Esperanza,Thagard,Terry
Thagard,Sarina,Musgrave,Siarra,Thagard,Cristobal
Thagard,Davin,Musgrave,Esperanza,Thagard,Terry
Thagard,Aubree,Musgrave,Siarra,Thagard,Cristobal
Thagard,Maximillia,Musgrave,Esperanza,Thagard,Terry
Thagard,Katherine,Musgrave,Siarra,Thagard,Cristobal
Thagard,Kenneth,Musgrave,Esperanza,Thagard,Terry
Thagard,Destiana,Musgrave,Esperanza,Thagard,Terry
Thagard,Jeff,Musgrave,Esperanza,Thagard,Terry
Thagard,Katelynn,Musgrave,Esperanza,Thagard,Terry
Thagard,Graham,Musgrave,Esperanza,Thagard,Terry
Thagard,Angelika,Musgrave,Esperanza,Thagard,Terry
Musgrave,Daron,Hilliard,Aleasha,Musgrave,Nadav
Thagard,Deanne,Musgrave,Esperanza,Thagard,Terry
Musgrave,Davin,Hilliard,Aleasha,Musgrave,Nadav
Musgrave,Willow,Hilliard,Aleasha,Musgrave,Nadav
Musgrave,Britt,Hilliard,Aleasha,Musgrave,Nadav
Musgrave,Sarahmarie,Hilliard,Aleasha,Musgrave,Nadav
Musgrave,John,Hilliard,Aleasha,Musgrave,Nadav
Musgrave,Janesha,Hilliard,Aleasha,Musgrave,Nadav
Musgrave,Mitchell,Hilliard,Aleasha,Musgrave,Nadav
Musgrave,Bonnie,Hilliard,Aleasha,Musgrave,Nadav
Musgrave,Arian,Hilliard,Aleasha,Musgrave,Nadav
Musgrave,Janie,Hilliard,Aleasha,Musgrave,Nadav
Musgrave,Dontae,Hilliard,Aleasha,Musgrave,Nadav
Musgrave,Annalisa,Hilliard,Stacey,Musgrave,Brenton
Musgrave,Aiden,Hilliard,Aleasha,Musgrave,Nadav
Musgrave,Rosa,Hilliard,Stacey,Musgrave,Brenton
Musgrave,Nicolas,Hilliard,Stacey,Musgrave,Brenton
Musgrave,Valentina,Hilliard,Stacey,Musgrave,Brenton
Musgrave,Dandre,Hilliard,Stacey,Musgrave,Brenton
Musgrave,Maeghan,Hilliard,Ashli,Musgrave,Kylan
Musgrave,Quintyn,Hilliard,Stacey,Musgrave,Brenton
Musgrave,Alaina,Hilliard,Ashli,Musgrave,Kylan
Musgrave,Dwayne,Hilliard,Ashli,Musgrave,Kylan
Musgrave,Leslie,Hilliard,Ashli,Musgrave,Kylan
Musgrave,Triston,Hilliard,Ashli,Musgrave,Kylan
Musgrave,Marlene,Hilliard,Ashli,Musgrave,Kylan
Musgrave,Coleman,Hilliard,Ashli,Musgrave,Kylan
Musgrave,Shanna,Hilliard,Ashli,Musgrave,Kylan
Musgrave,Kerry,Hilliard,Ashli,Musgrave,Kylan
Musgrave,Abbie,Hilliard,Evelin,Musgrave,Lance
Musgrave,Joan,Hilliard,Evelin,Musgrave,Lance
Musgrave,Morgen,Hilliard,Evelin,Musgrave,Lance
Musgrave,Dakotah,Hilliard,Evelin,Musgrave,Lance
Musgrave,Jori,Hilliard,Evelin,Musgrave,Lance
Musgrave,Jabari,Hilliard,Evelin,Musgrave,Lance
Musgrave,Adrienne,Hilliard,Evelin,Musgrave,Lance
Musgrave,Nelson,Hilliard,Evelin,Musgrave,Lance
Musgrave,Addison,Hilliard,Evelin,Musgrave,Lance
Musgrave,Jaylan,Hilliard,Evelin,Musgrave,Lance
Musgrave,Jaime,Hilliard,Nichelle,Musgrave,Remington
Musgrave,Walter,Hilliard,Evelin,Musgrave,Lance
Musgrave,Juliette,Hilliard,Nichelle,Musgrave,Remington
Musgrave,Alfredo,Hilliard,Evelin,Musgrave,Lance
Musgrave,Chantelle,Hilliard,Nichelle,Musgrave,Remington
Musgrave,Dean,Hilliard,Evelin,Musgrave,Lance
Musgrave,Rebekah,Hilliard,Nichelle,Musgrave,Remington
Musgrave,Gunnar,Hilliard,Evelin,Musgrave,Lance
Musgrave,Lyndsey,Hilliard,Nichelle,Musgrave,Remington
Musgrave,Edwin,Hilliard,Evelin,Musgrave,Lance
Musgrave,Taelor,Hilliard,Nichelle,Musgrave,Remington
Musgrave,Jayson,Hilliard,Evelin,Musgrave,Lance
Musgrave,Sadie,Hilliard,Nichelle,Musgrave,Remington
Musgrave,Kieran,Hilliard,Evelin,Musgrave,Lance
Hilliard,Cristal,Musgrave,Josey,Hilliard,Devyn
Musgrave,Toby,Hilliard,Nichelle,Musgrave,Remington
Hilliard,Chelsey,Musgrave,Josey,Hilliard,Devyn
Musgrave,Louis,Hilliard,Nichelle,Musgrave,Remington
Hilliard,Kaylynn,Musgrave,Josey,Hilliard,Devyn
Musgrave,Montel,Hilliard,Nichelle,Musgrave,Remington
Hilliard,Kassidy,Musgrave,Josey,Hilliard,Devyn
Musgrave,Kirk,Hilliard,Nichelle,Musgrave,Remington
Hilliard,Marie,Musgrave,Krista,Hilliard,Phillip
Musgrave,Clinton,Hilliard,Nichelle,Musgrave,Remington
Hilliard,Chantal,Musgrave,Krista,Hilliard,Phillip
Musgrave,Grady,Hilliard,Nichelle,Musgrave,Remington
Hilliard,Rose,Musgrave,Krista,Hilliard,Phillip
Hilliard,Guillermo,Musgrave,Josey,Hilliard,Devyn
Hilliard,Maire,Musgrave,Krista,Hilliard,Phillip
Hilliard,Emmitt,Musgrave,Josey,Hilliard,Devyn
Hilliard,Jameisha,Musgrave,Krista,Hilliard,Phillip
Hilliard,Ishmael,Musgrave,Josey,Hilliard,Devyn
Hilliard,Keara,Musgrave,Krista,Hilliard,Phillip
Hilliard,Tristin,Musgrave,Josey,Hilliard,Devyn
Hilliard,Markia,Musgrave,Krista,Hilliard,Phillip
Hilliard,Kelsey,Musgrave,Josey,Hilliard,Devyn
Hilliard,Esmeralda,Musgrave,Shyanne,Hilliard,Maxwell
Hilliard,Mitchell,Musgrave,Josey,Hilliard,Devyn
Hilliard,Patsy,Musgrave,Shyanne,Hilliard,Maxwell
Hilliard,Andres,Musgrave,Krista,Hilliard,Phillip
Hilliard,Julianna,Musgrave,Shyanne,Hilliard,Maxwell
Hilliard,Zev,Musgrave,Krista,Hilliard,Phillip
Hilliard,Gabriella,Musgrave,Shyanne,Hilliard,Maxwell
Hilliard,Britt,Musgrave,Krista,Hilliard,Phillip
Hilliard,Bria,Musgrave,Shyanne,Hilliard,Maxwell
Hilliard,Philip,Musgrave,Krista,Hilliard,Phillip
Hilliard,Keosha,Musgrave,Shyanne,Hilliard,Maxwell
Hilliard,Garrett,Musgrave,Krista,Hilliard,Phillip
Hilliard,Leana,Musgrave,Shyanne,Hilliard,Maxwell
Hilliard,Dyllon,Musgrave,Krista,Hilliard,Phillip
Hilliard,Ladaysha,Musgrave,Shyanne,Hilliard,Maxwell
Hilliard,Paris,Musgrave,Krista,Hilliard,Phillip
Hilliard,Devin,Musgrave,Shyanne,Hilliard,Maxwell
Hilliard,Daquan,Musgrave,Krista,Hilliard,Phillip
Hobaugh,Natalie,Musgrave,Tanisha,Hobaugh,Mohammad
Hilliard,Erich,Musgrave,Krista,Hilliard,Phillip
Hobaugh,Jacquelyn,Musgrave,Tanisha,Hobaugh,Mohammad
Hilliard,Mauricio,Musgrave,Krista,Hilliard,Phillip
Hobaugh,Alexandra,Musgrave,Tanisha,Hobaugh,Mohammad
Hilliard,Domonic,Musgrave,Shyanne,Hilliard,Maxwell
Hobaugh,Haley,Musgrave,Tanisha,Hobaugh,Mohammad
Hilliard,Vernon,Musgrave,Shyanne,Hilliard,Maxwell
Hobaugh,Maren,Musgrave,Tanisha,Hobaugh,Mohammad
Hilliard,Osvaldo,Musgrave,Shyanne,Hilliard,Maxwell
Hobaugh,Gilda,Musgrave,April,Hobaugh,Harold
Hilliard,Elias,Musgrave,Shyanne,Hilliard,Maxwell
Hobaugh,Louisa,Musgrave,Kasandra,Hobaugh,Jake
Hilliard,Brennan,Musgrave,Shyanne,Hilliard,Maxwell
Hobaugh,Rikki,Musgrave,Kasandra,Hobaugh,Jake
Hilliard,Keagan,Musgrave,Shyanne,Hilliard,Maxwell
Hobaugh,Amelia,Musgrave,Kasandra,Hobaugh,Jake
Hilliard,Nicholaus,Musgrave,Shyanne,Hilliard,Maxwell
Hobaugh,Naomi,Musgrave,Kasandra,Hobaugh,Jake
Hilliard,Darrell,Musgrave,Shyanne,Hilliard,Maxwell
Hobaugh,Shanna,Musgrave,Kasandra,Hobaugh,Jake
Hilliard,Rodney,Musgrave,Shyanne,Hilliard,Maxwell
Hobaugh,Myesha,Musgrave,Kasandra,Hobaugh,Jake
Hilliard,Rakeem,Musgrave,Shyanne,Hilliard,Maxwell
Hobaugh,Norma,Musgrave,Kasandra,Hobaugh,Jake
Hobaugh,Keon,Musgrave,Tanisha,Hobaugh,Mohammad
Hobaugh,Jhane,Musgrave,Kasandra,Hobaugh,Jake
Hobaugh,Camron,Musgrave,Tanisha,Hobaugh,Mohammad
Hobaugh,Zaria,Musgrave,Kasandra,Hobaugh,Jake
Hobaugh,Joe,Musgrave,Tanisha,Hobaugh,Mohammad
Hobaugh,Mary,Bobko,Dallas,Hobaugh,Noe
Hobaugh,Samuel,Musgrave,Tanisha,Hobaugh,Mohammad
Hobaugh,Jacklyn,Bobko,Dallas,Hobaugh,Noe
Hobaugh,Sam,Musgrave,April,Hobaugh,Harold
Hobaugh,Kendall,Bobko,Dallas,Hobaugh,Noe
Hobaugh,Ryen,Musgrave,April,Hobaugh,Harold
Hobaugh,Ashlyn,Bobko,Dallas,Hobaugh,Noe
Hobaugh,Kalon,Musgrave,Kasandra,Hobaugh,Jake
Hobaugh,Ruth,Bobko,Dallas,Hobaugh,Noe
Hobaugh,Ricky,Musgrave,Kasandra,Hobaugh,Jake
Hobaugh,Valerie,Bobko,Dallas,Hobaugh,Noe
Hobaugh,Tyran,Musgrave,Kasandra,Hobaugh,Jake
Hobaugh,Macy,Bobko,Dallas,Hobaugh,Noe
Hobaugh,Gary,Musgrave,Kasandra,Hobaugh,Jake
Hobaugh,Katarina,Bobko,Dallas,Hobaugh,Noe
Hobaugh,Jarrett,Musgrave,Kasandra,Hobaugh,Jake
Hobaugh,Symone,Bobko,Dallas,Hobaugh,Noe
Hobaugh,Kieran,Musgrave,Kasandra,Hobaugh,Jake
Hobaugh,Rachael,Bobko,Dallas,Hobaugh,Noe
Hobaugh,Brady,Musgrave,Kasandra,Hobaugh,Jake
Hobaugh,Kaytlin,Bobko,Dallas,Hobaugh,Noe
Hobaugh,Montel,Bobko,Dallas,Hobaugh,Noe
Hobaugh,Tayler,Bobko,Dallas,Hobaugh,Noe
Hobaugh,Kerrick,Bobko,Dallas,Hobaugh,Noe
Hobaugh,Alexus,Bobko,Dallas,Hobaugh,Noe
Hobaugh,Spenser,Bobko,Dallas,Hobaugh,Noe
Hobaugh,Edith,Bobko,Larissa,Hobaugh,Curtis
Hobaugh,Marshall,Bobko,Dallas,Hobaugh,Noe
Hobaugh,Kaylynn,Bobko,Larissa,Hobaugh,Curtis
