Walz,Edward,Gordon,Holly,Walz,Xavier
Clifford,Kendra,Morin,Holland,Clifford,Brendon
Williams,Nikolas,Ferguson,Isis,Williams,Tyreek
Young,Yuki,Nagel,Kaylin,Young,Daron
Bagian,Spencer,Pflugel,Thalia,Bagian,Blake
Anderson,Isadora,Clark,Katrina,Anderson,Rene
Wolf,Brent,Cleveland,Ruby,Wolf,Jordin
Shriver,Jazmyne,Bagian,Lakeisha,Shriver,Tomas
Fossum,Frederick,Tanner,Marianna,Fossum,Al
Lounge,Irene,Altman,Tess,Lounge,Amir
Deckard,Deleon,Tyler,Anisha,Deckard,Harrison
Daniels,Mikyla,Parker,Ellen,Daniels,Mohammed
Reagan,Henry,Hieb,Roxana,Reagan,Ruben
Mullane,Marilyn,Gorie,Baylee,Mullane,Truman
Gordon,Ali,Schmitt,Shekinah,Gordon,Nathaniel
McArthur,Brigitte,Thagard,Valencia,McArthur,Malachi
Ross,Orion,Overmyer,Katerina,Ross,Shaquille
Jones,Dianne,Lu,Kristen,Jones,Jaylon
Lousma,Elijah,Godwin,Lori,Lousma,Markell
Walker,Justina,Readdy,Antoinette,Walker,Shelby
Duke,Coleman,Lind,Leticia,Duke,Lamonte
Bobko,Bianca,Cameron,Cody,Bobko,Arnold
McDivitt,Dandre,Morin,Mahogany,McDivitt,Anfernee
Barry,Karley,Jemison,Dorian,Barry,Cody
Monroe,Sawyer,Grant,Kayli,Monroe,Langston
Lincoln,Lilian,Cernan,Flor,Lincoln,Jaime
See,Addison,Lopez,Aileen,See,Anton
Grabe,Tristan,Smith,Stephanie,Grabe,Mark
Walz,Joey,Clifford,Kendra,Walz,Edward
Ford,Tessa,McCulley,Abbigail,Ford,Rigoberto
Walz,Baby,Clifford,Kendra,Walz,Edward
Evans,Hadley,Chapman,Maison,Evans,Jace
Walz,Brad,Clifford,Kendra,Walz,Edward
Walz,Tatyana,Clifford,Kendra,Walz,Edward
Walz,Maleek,Clifford,Kendra,Walz,Edward
Walz,Calandra,Clifford,Kendra,Walz,Edward
Walz,Tre,Clifford,Kendra,Walz,Edward
Walz,Baylee,Clifford,Kendra,Walz,Edward
Walz,Vinh,Clifford,Kendra,Walz,Edward
Walz,Stephany,Clifford,Kendra,Walz,Edward
Walz,Callahan,Clifford,Kendra,Walz,Edward
Walz,Gabriel,Clifford,Kendra,Walz,Edward
Walz,Carter,Clifford,Kendra,Walz,Edward
Walz,Kailey,Clifford,Kendra,Walz,Edward
Walz,Leo,Clifford,Kendra,Walz,Edward
Walz,Linnea,Clifford,Kendra,Walz,Edward
Walz,Isiah,Clifford,Kendra,Walz,Edward
Walz,Joceline,Clifford,Kendra,Walz,Edward
Williams,Antonio,Young,Yuki,Williams,Nikolas
Walz,Armani,Clifford,Kendra,Walz,Edward
Williams,Javen,Young,Yuki,Williams,Nikolas
Walz,Monet,Clifford,Kendra,Walz,Edward
Williams,Nick,Young,Yuki,Williams,Nikolas
Williams,Margo,Young,Yuki,Williams,Nikolas
Williams,Derick,Young,Yuki,Williams,Nikolas
Williams,Shianne,Young,Yuki,Williams,Nikolas
Williams,Stephanie,Young,Yuki,Williams,Nikolas
Williams,Jean,Young,Yuki,Williams,Nikolas
Williams,Simon,Young,Yuki,Williams,Nikolas
Bagian,Noemi,Anderson,Isadora,Bagian,Spencer
Williams,Alfredo,Young,Yuki,Williams,Nikolas
Bagian,Yamilex,Anderson,Isadora,Bagian,Spencer
Williams,Darien,Young,Yuki,Williams,Nikolas
Bagian,Monika,Anderson,Isadora,Bagian,Spencer
Williams,Jeffery,Young,Yuki,Williams,Nikolas
Bagian,Lena,Anderson,Isadora,Bagian,Spencer
Williams,Conor,Young,Yuki,Williams,Nikolas
Bagian,Sarah,Anderson,Isadora,Bagian,Spencer
Williams,Coy,Young,Yuki,Williams,Nikolas
Bagian,Lauren,Anderson,Isadora,Bagian,Spencer
Williams,Talon,Young,Yuki,Williams,Nikolas
Bagian,Lisa,Anderson,Isadora,Bagian,Spencer
Williams,Dylon,Young,Yuki,Williams,Nikolas
Wolf,Ceaira,Shriver,Jazmyne,Wolf,Brent
Bagian,Rigoberto,Anderson,Isadora,Bagian,Spencer
Wolf,Lizette,Shriver,Jazmyne,Wolf,Brent
Bagian,Khalid,Anderson,Isadora,Bagian,Spencer
Wolf,Casey,Shriver,Jazmyne,Wolf,Brent
Bagian,Terrence,Anderson,Isadora,Bagian,Spencer
Wolf,Jennie,Shriver,Jazmyne,Wolf,Brent
Bagian,Kayvon,Anderson,Isadora,Bagian,Spencer
Wolf,Rebekkah,Shriver,Jazmyne,Wolf,Brent
Bagian,Ramiro,Anderson,Isadora,Bagian,Spencer
Fossum,Caitlan,Lounge,Irene,Fossum,Frederick
Bagian,Logan,Anderson,Isadora,Bagian,Spencer
Fossum,Amy,Lounge,Irene,Fossum,Frederick
Bagian,Damian,Anderson,Isadora,Bagian,Spencer
Fossum,Shiloh,Lounge,Irene,Fossum,Frederick
Wolf,Isiah,Shriver,Jazmyne,Wolf,Brent
Fossum,Alexi,Lounge,Irene,Fossum,Frederick
Wolf,Jesus,Shriver,Jazmyne,Wolf,Brent
Fossum,Nyasia,Lounge,Irene,Fossum,Frederick
Wolf,Mitchell,Shriver,Jazmyne,Wolf,Brent
Deckard,Coral,Daniels,Mikyla,Deckard,Deleon
Wolf,Cristian,Shriver,Jazmyne,Wolf,Brent
Deckard,Blair,Daniels,Mikyla,Deckard,Deleon
Wolf,Angel,Shriver,Jazmyne,Wolf,Brent
Deckard,Jane,Daniels,Mikyla,Deckard,Deleon
Wolf,David,Shriver,Jazmyne,Wolf,Brent
Deckard,Gabrielle,Daniels,Mikyla,Deckard,Deleon
Wolf,Sergio,Shriver,Jazmyne,Wolf,Brent
Deckard,Karen,Daniels,Mikyla,Deckard,Deleon
Wolf,Warren,Shriver,Jazmyne,Wolf,Brent
Deckard,Lynda,Daniels,Mikyla,Deckard,Deleon
Wolf,Emmitt,Shriver,Jazmyne,Wolf,Brent
Deckard,Yasmeen,Daniels,Mikyla,Deckard,Deleon
Wolf,Deontae,Shriver,Jazmyne,Wolf,Brent
Deckard,Carra,Daniels,Mikyla,Deckard,Deleon
Fossum,Abraham,Lounge,Irene,Fossum,Frederick
Deckard,Nyla,Daniels,Mikyla,Deckard,Deleon
Fossum,Wilfredo,Lounge,Irene,Fossum,Frederick
Reagan,Jesslyn,Mullane,Marilyn,Reagan,Henry
Fossum,Ahmad,Lounge,Irene,Fossum,Frederick
Reagan,Mikayla,Mullane,Marilyn,Reagan,Henry
Fossum,Jose,Lounge,Irene,Fossum,Frederick
Reagan,Ebony,Mullane,Marilyn,Reagan,Henry
Fossum,Trey,Lounge,Irene,Fossum,Frederick
Gordon,Devin,McArthur,Brigitte,Gordon,Ali
Deckard,Bryant,Daniels,Mikyla,Deckard,Deleon
Ross,Chantal,Jones,Dianne,Ross,Orion
Deckard,Jay,Daniels,Mikyla,Deckard,Deleon
Ross,Emerald,Jones,Dianne,Ross,Orion
Deckard,Milton,Daniels,Mikyla,Deckard,Deleon
Ross,Kirstie,Jones,Dianne,Ross,Orion
Deckard,Maximilian,Daniels,Mikyla,Deckard,Deleon
Ross,Priscilla,Jones,Dianne,Ross,Orion
Deckard,Johnathan,Daniels,Mikyla,Deckard,Deleon
Ross,Astrid,Jones,Dianne,Ross,Orion
Reagan,Jonah,Mullane,Marilyn,Reagan,Henry
Ross,Maryssa,Jones,Dianne,Ross,Orion
Reagan,Davin,Mullane,Marilyn,Reagan,Henry
Lousma,Pamela,Walker,Justina,Lousma,Elijah
Reagan,Deante,Mullane,Marilyn,Reagan,Henry
Lousma,Yajaira,Walker,Justina,Lousma,Elijah
Reagan,Abdul,Mullane,Marilyn,Reagan,Henry
Lousma,Marysol,Walker,Justina,Lousma,Elijah
Gordon,Jacky,McArthur,Brigitte,Gordon,Ali
Lousma,Kenyetta,Walker,Justina,Lousma,Elijah
Gordon,Ivan,McArthur,Brigitte,Gordon,Ali
Lousma,Carlye,Walker,Justina,Lousma,Elijah
Gordon,Gunner,McArthur,Brigitte,Gordon,Ali
Duke,Unique,Bobko,Bianca,Duke,Coleman
Ross,Dominick,Jones,Dianne,Ross,Orion
Duke,Kendra,Bobko,Bianca,Duke,Coleman
Ross,Deleon,Jones,Dianne,Ross,Orion
Duke,Larissa,Bobko,Bianca,Duke,Coleman
Ross,Chaz,Jones,Dianne,Ross,Orion
McDivitt,Desteny,Barry,Karley,McDivitt,Dandre
Lousma,Shemar,Walker,Justina,Lousma,Elijah
McDivitt,Promise,Barry,Karley,McDivitt,Dandre
Lousma,Jon,Walker,Justina,Lousma,Elijah
McDivitt,Chase,Barry,Karley,McDivitt,Dandre
Duke,Andrew,Bobko,Bianca,Duke,Coleman
McDivitt,Anita,Barry,Karley,McDivitt,Dandre
McDivitt,Demarcus,Barry,Karley,McDivitt,Dandre
McDivitt,Klarisa,Barry,Karley,McDivitt,Dandre
McDivitt,Kurtis,Barry,Karley,McDivitt,Dandre
McDivitt,Leah,Barry,Karley,McDivitt,Dandre
McDivitt,Tysheem,Barry,Karley,McDivitt,Dandre
McDivitt,Paula,Barry,Karley,McDivitt,Dandre
McDivitt,Alejandro,Barry,Karley,McDivitt,Dandre
McDivitt,Diamond,Barry,Karley,McDivitt,Dandre
McDivitt,Jason,Barry,Karley,McDivitt,Dandre
Monroe,Alyson,Lincoln,Lilian,Monroe,Sawyer
McDivitt,Alvin,Barry,Karley,McDivitt,Dandre
See,Tasha,Grabe,Tristan,See,Addison
McDivitt,Ibrahim,Barry,Karley,McDivitt,Dandre
See,Callie,Grabe,Tristan,See,Addison
McDivitt,Gustavo,Barry,Karley,McDivitt,Dandre
See,Brandi,Grabe,Tristan,See,Addison
McDivitt,Braxton,Barry,Karley,McDivitt,Dandre
See,Elyse,Grabe,Tristan,See,Addison
McDivitt,Micheal,Barry,Karley,McDivitt,Dandre
See,Arielle,Grabe,Tristan,See,Addison
Monroe,Liam,Lincoln,Lilian,Monroe,Sawyer
See,Lynette,Grabe,Tristan,See,Addison
Monroe,Kendrick,Lincoln,Lilian,Monroe,Sawyer
See,Valerie,Grabe,Tristan,See,Addison
See,Jesse,Grabe,Tristan,See,Addison
See,Rita,Grabe,Tristan,See,Addison
See,Rhett,Grabe,Tristan,See,Addison
Walz,Lexi,Ford,Tessa,Walz,Joey
See,Rudy,Grabe,Tristan,See,Addison
Walz,Cherokee,Ford,Tessa,Walz,Joey
See,Jared,Grabe,Tristan,See,Addison
Walz,Juliet,Ford,Tessa,Walz,Joey
See,Conor,Grabe,Tristan,See,Addison
Walz,Cristal,Ford,Tessa,Walz,Joey
Walz,Tylar,Ford,Tessa,Walz,Joey
Walz,Skye,Evans,Hadley,Walz,Baby
Walz,Al,Ford,Tessa,Walz,Joey
Walz,Jori,Evans,Hadley,Walz,Baby
Walz,Easton,Evans,Hadley,Walz,Baby
Walz,Jayme,Williams,Margo,Walz,Brad
Walz,Markus,Evans,Hadley,Walz,Baby
Walz,Sabreen,Williams,Margo,Walz,Brad
Walz,Ladarius,Evans,Hadley,Walz,Baby
Walz,Jameisha,Williams,Shianne,Walz,Maleek
Walz,Efren,Evans,Hadley,Walz,Baby
Walz,Paola,Williams,Shianne,Walz,Maleek
Walz,Jeremiah,Evans,Hadley,Walz,Baby
Walz,Abigayle,Williams,Shianne,Walz,Maleek
Walz,Rigoberto,Evans,Hadley,Walz,Baby
Walz,Mari,Williams,Shianne,Walz,Maleek
Walz,Rahim,Evans,Hadley,Walz,Baby
Walz,Micayla,Williams,Shianne,Walz,Maleek
Walz,Michal,Evans,Hadley,Walz,Baby
Walz,Alexi,Williams,Jean,Walz,Tre
Walz,Tyreek,Evans,Hadley,Walz,Baby
Walz,Yesenia,Williams,Jean,Walz,Tre
Walz,Roland,Evans,Hadley,Walz,Baby
Walz,Jackie,Williams,Jean,Walz,Tre
Walz,Aaron,Evans,Hadley,Walz,Baby
Walz,Sabrina,Williams,Jean,Walz,Tre
Walz,Mohamad,Evans,Hadley,Walz,Baby
Walz,Yasmeen,Williams,Jean,Walz,Tre
Walz,Javon,Williams,Margo,Walz,Brad
Walz,Dayna,Williams,Jean,Walz,Tre
Walz,Louis,Williams,Margo,Walz,Brad
Walz,Yajayra,Williams,Jean,Walz,Tre
Walz,Charles,Williams,Shianne,Walz,Maleek
Walz,Zaria,Williams,Jean,Walz,Tre
Walz,Charly,Williams,Jean,Walz,Tre
Walz,Makenna,Williams,Jean,Walz,Tre
Walz,Israel,Williams,Jean,Walz,Tre
Walz,Joselyn,Williams,Jean,Walz,Tre
Walz,Patrick,Williams,Jean,Walz,Tre
Walz,Natalee,Bagian,Noemi,Walz,Vinh
Walz,Trevon,Williams,Jean,Walz,Tre
Walz,Natalie,Bagian,Noemi,Walz,Vinh
Walz,Juancarlos,Williams,Jean,Walz,Tre
Walz,Nikki,Bagian,Noemi,Walz,Vinh
Walz,Tyran,Williams,Jean,Walz,Tre
Walz,Krysta,Bagian,Noemi,Walz,Vinh
Walz,Diondre,Bagian,Noemi,Walz,Vinh
Walz,Karena,Bagian,Noemi,Walz,Vinh
Walz,Terrence,Bagian,Noemi,Walz,Vinh
Walz,Zoey,Bagian,Noemi,Walz,Vinh
Walz,Dallin,Bagian,Noemi,Walz,Vinh
Walz,Kristy,Bagian,Noemi,Walz,Vinh
Walz,Nestor,Bagian,Yamilex,Walz,Callahan
Walz,Trevor,Bagian,Noemi,Walz,Vinh
Walz,Kevin,Bagian,Yamilex,Walz,Callahan
Walz,Paula,Bagian,Noemi,Walz,Vinh
Walz,Tallon,Bagian,Yamilex,Walz,Callahan
Walz,Tianna,Bagian,Yamilex,Walz,Callahan
Walz,Britt,Bagian,Yamilex,Walz,Callahan
Walz,Kelsey,Bagian,Yamilex,Walz,Callahan
Walz,Myles,Bagian,Yamilex,Walz,Callahan
Walz,Delilah,Bagian,Yamilex,Walz,Callahan
Walz,Rayvon,Bagian,Monika,Walz,Carter
Walz,Jenna,Bagian,Monika,Walz,Carter
Walz,Jordon,Bagian,Monika,Walz,Carter
Walz,Courteney,Bagian,Monika,Walz,Carter
Walz,Misael,Bagian,Monika,Walz,Carter
Walz,Kandice,Bagian,Monika,Walz,Carter
Walz,Leonel,Bagian,Monika,Walz,Carter
Walz,Domonique,Bagian,Monika,Walz,Carter
Walz,Grant,Bagian,Monika,Walz,Carter
Walz,Adele,Bagian,Monika,Walz,Carter
Walz,Donovan,Bagian,Monika,Walz,Carter
Walz,Allyssa,Bagian,Monika,Walz,Carter
Walz,Kolton,Bagian,Lena,Walz,Leo
Walz,Chasity,Bagian,Monika,Walz,Carter
Walz,Montel,Bagian,Lena,Walz,Leo
Walz,Lea,Bagian,Monika,Walz,Carter
Walz,Davon,Bagian,Lena,Walz,Leo
Walz,Keosha,Bagian,Monika,Walz,Carter
Walz,Marcanthon,Bagian,Lena,Walz,Leo
Walz,Madalyn,Bagian,Lena,Walz,Leo
Walz,Chris,Bagian,Lena,Walz,Leo
Walz,Julie,Bagian,Lena,Walz,Leo
Walz,Ariel,Bagian,Lena,Walz,Leo
Walz,Jocelyne,Bagian,Lena,Walz,Leo
Walz,Brent,Bagian,Lena,Walz,Leo
Walz,Veronica,Bagian,Lena,Walz,Leo
Walz,Mariano,Bagian,Sarah,Walz,Isiah
Walz,Melinda,Bagian,Lena,Walz,Leo
Walz,Conor,Bagian,Sarah,Walz,Isiah
Walz,Doris,Bagian,Lena,Walz,Leo
Walz,Mitchel,Bagian,Sarah,Walz,Isiah
Walz,Logan,Bagian,Lena,Walz,Leo
Walz,Colton,Bagian,Sarah,Walz,Isiah
Walz,Jada,Bagian,Lena,Walz,Leo
Williams,Elmer,Walz,Tatyana,Williams,Antonio
Walz,Estefany,Bagian,Lena,Walz,Leo
Williams,Latrell,Walz,Tatyana,Williams,Antonio
Walz,Sade,Bagian,Lena,Walz,Leo
Williams,Devon,Walz,Tatyana,Williams,Antonio
Walz,Lesly,Bagian,Lena,Walz,Leo
Williams,Jasen,Walz,Tatyana,Williams,Antonio
Walz,Eva,Bagian,Sarah,Walz,Isiah
Williams,Esau,Walz,Tatyana,Williams,Antonio
Williams,Fiona,Walz,Tatyana,Williams,Antonio
Williams,Chad,Walz,Tatyana,Williams,Antonio
Williams,Ashtyn,Walz,Tatyana,Williams,Antonio
Williams,Killian,Walz,Tatyana,Williams,Antonio
Williams,Elissa,Walz,Tatyana,Williams,Antonio
Williams,Wylie,Walz,Tatyana,Williams,Antonio
Williams,Anthony,Walz,Tatyana,Williams,Antonio
Williams,Gilbert,Walz,Tatyana,Williams,Antonio
Williams,Zoe,Walz,Tatyana,Williams,Antonio
Williams,Christophe,Walz,Tatyana,Williams,Antonio
Williams,Asha,Walz,Tatyana,Williams,Antonio
Williams,Deondre,Walz,Calandra,Williams,Javen
Williams,Jesslyn,Walz,Tatyana,Williams,Antonio
Williams,Lawrence,Walz,Calandra,Williams,Javen
Williams,Antonia,Walz,Tatyana,Williams,Antonio
Williams,Corbin,Walz,Calandra,Williams,Javen
Williams,Loren,Walz,Calandra,Williams,Javen
Williams,Dyllon,Walz,Calandra,Williams,Javen
Williams,Jaymee,Walz,Calandra,Williams,Javen
Williams,Dangelo,Walz,Calandra,Williams,Javen
Williams,Sonya,Walz,Calandra,Williams,Javen
Williams,Hayden,Walz,Calandra,Williams,Javen
Williams,Desiree,Walz,Calandra,Williams,Javen
Williams,Kegan,Walz,Calandra,Williams,Javen
Williams,Peyton,Walz,Calandra,Williams,Javen
Williams,Yuri,Walz,Calandra,Williams,Javen
Williams,Ashleigh,Walz,Calandra,Williams,Javen
Williams,Quentin,Walz,Calandra,Williams,Javen
Williams,Katelyn,Walz,Calandra,Williams,Javen
Williams,Buford,Walz,Calandra,Williams,Javen
Williams,Kalsie,Walz,Calandra,Williams,Javen
Williams,Keifer,Walz,Calandra,Williams,Javen
Williams,Natasha,Walz,Baylee,Williams,Nick
Williams,Lee,Walz,Calandra,Williams,Javen
Williams,Luna,Walz,Baylee,Williams,Nick
Williams,Duncan,Walz,Baylee,Williams,Nick
Williams,Mariam,Walz,Baylee,Williams,Nick
Williams,Jalen,Walz,Baylee,Williams,Nick
Williams,Beverly,Walz,Stephany,Williams,Derick
Williams,Rudy,Walz,Baylee,Williams,Nick
Williams,Kenyatta,Walz,Stephany,Williams,Derick
Williams,Chaz,Walz,Baylee,Williams,Nick
Williams,Vianey,Walz,Stephany,Williams,Derick
Williams,Abraham,Walz,Baylee,Williams,Nick
Williams,Marlena,Walz,Gabriel,Williams,Stephanie
Williams,Marcos,Walz,Baylee,Williams,Nick
Williams,Amina,Walz,Gabriel,Williams,Stephanie
Williams,Brogan,Walz,Baylee,Williams,Nick
Williams,Macey,Walz,Gabriel,Williams,Stephanie
Williams,Fredrick,Walz,Baylee,Williams,Nick
Williams,Regan,Walz,Gabriel,Williams,Stephanie
Williams,Jessie,Walz,Stephany,Williams,Derick
Williams,Colette,Walz,Gabriel,Williams,Stephanie
Williams,Abel,Walz,Stephany,Williams,Derick
Williams,Elana,Walz,Gabriel,Williams,Stephanie
Williams,Alex,Walz,Gabriel,Williams,Stephanie
Williams,Simone,Walz,Gabriel,Williams,Stephanie
Williams,Omar,Walz,Gabriel,Williams,Stephanie
Williams,Blanca,Walz,Gabriel,Williams,Stephanie
Williams,Sergio,Walz,Gabriel,Williams,Stephanie
Williams,Kaili,Walz,Gabriel,Williams,Stephanie
Williams,Benny,Walz,Gabriel,Williams,Stephanie
Williams,Abigail,Walz,Gabriel,Williams,Stephanie
Williams,Trentin,Walz,Gabriel,Williams,Stephanie
Williams,Kiara,Walz,Gabriel,Williams,Stephanie
Williams,Morgan,Walz,Gabriel,Williams,Stephanie
Williams,Hanna,Walz,Gabriel,Williams,Stephanie
Williams,Moises,Walz,Kailey,Williams,Simon
Williams,Austin,Walz,Gabriel,Williams,Stephanie
Williams,Brennon,Walz,Kailey,Williams,Simon
Williams,Wendy,Walz,Kailey,Williams,Simon
Williams,Gordon,Walz,Kailey,Williams,Simon
Williams,Xiomara,Walz,Kailey,Williams,Simon
Williams,Rene,Walz,Kailey,Williams,Simon
Williams,Daja,Walz,Kailey,Williams,Simon
Williams,Ahmad,Walz,Kailey,Williams,Simon
Williams,Dallas,Walz,Kailey,Williams,Simon
Williams,Jacky,Walz,Linnea,Williams,Alfredo
Williams,Kayla,Walz,Kailey,Williams,Simon
Williams,Ian,Walz,Linnea,Williams,Alfredo
Williams,Ashanti,Walz,Kailey,Williams,Simon
Williams,Devante,Walz,Linnea,Williams,Alfredo
Williams,Nora,Walz,Kailey,Williams,Simon
Williams,Walter,Walz,Linnea,Williams,Alfredo
Williams,Jordan,Walz,Linnea,Williams,Alfredo
Williams,Kody,Walz,Linnea,Williams,Alfredo
Williams,Niki,Walz,Linnea,Williams,Alfredo
Williams,Ricardo,Walz,Joceline,Williams,Darien
Williams,Gladys,Walz,Linnea,Williams,Alfredo
Williams,Kade,Walz,Armani,Williams,Jeffery
Williams,Abby,Walz,Linnea,Williams,Alfredo
Williams,Bryan,Walz,Armani,Williams,Jeffery
Williams,Tatyana,Walz,Linnea,Williams,Alfredo
Williams,Fernando,Walz,Monet,Williams,Conor
Williams,Sariah,Walz,Linnea,Williams,Alfredo
Williams,Calib,Walz,Monet,Williams,Conor
Williams,Talia,Walz,Linnea,Williams,Alfredo
Williams,Issac,Walz,Monet,Williams,Conor
Williams,Maranda,Walz,Joceline,Williams,Darien
Williams,Kenny,Walz,Monet,Williams,Conor
Williams,Lourdes,Walz,Joceline,Williams,Darien
Williams,Parker,Bagian,Lauren,Williams,Coy
Williams,Christie,Walz,Joceline,Williams,Darien
Williams,Arturo,Bagian,Lauren,Williams,Coy
Williams,Shekinah,Walz,Joceline,Williams,Darien
Williams,Jamel,Bagian,Lisa,Williams,Talon
Williams,Brecken,Walz,Armani,Williams,Jeffery
Williams,Lamonte,Bagian,Lisa,Williams,Talon
Williams,Debbie,Walz,Armani,Williams,Jeffery
Williams,Jevin,Bagian,Lisa,Williams,Talon
Williams,Alissa,Walz,Monet,Williams,Conor
Williams,Khalid,Bagian,Lisa,Williams,Talon
Williams,Kaylie,Walz,Monet,Williams,Conor
Williams,Estevan,Bagian,Lisa,Williams,Talon
Williams,Tania,Walz,Monet,Williams,Conor
Williams,Jesus,Bagian,Lisa,Williams,Talon
Williams,Michel,Walz,Monet,Williams,Conor
Williams,Franklin,Bagian,Lisa,Williams,Talon
Williams,Malia,Walz,Monet,Williams,Conor
Williams,Romeo,Wolf,Ceaira,Williams,Dylon
Williams,Ixchel,Bagian,Lauren,Williams,Coy
Williams,Javon,Wolf,Ceaira,Williams,Dylon
Williams,Gabriele,Bagian,Lisa,Williams,Talon
Williams,Preston,Wolf,Ceaira,Williams,Dylon
Williams,Anahi,Bagian,Lisa,Williams,Talon
Williams,Jimmy,Wolf,Ceaira,Williams,Dylon
Williams,Kristy,Bagian,Lisa,Williams,Talon
Williams,Samson,Wolf,Ceaira,Williams,Dylon
Williams,Alexandrea,Bagian,Lisa,Williams,Talon
Williams,Jacori,Wolf,Ceaira,Williams,Dylon
Williams,Tanisha,Bagian,Lisa,Williams,Talon
Williams,Bretton,Wolf,Ceaira,Williams,Dylon
Williams,Dyamond,Bagian,Lisa,Williams,Talon
Bagian,Chaim,Wolf,Lizette,Bagian,Rigoberto
Williams,Kaela,Wolf,Ceaira,Williams,Dylon
Bagian,Daryl,Wolf,Lizette,Bagian,Rigoberto
Williams,Marissa,Wolf,Ceaira,Williams,Dylon
Bagian,Shaun,Wolf,Lizette,Bagian,Rigoberto
Williams,Athena,Wolf,Ceaira,Williams,Dylon
Bagian,Arian,Wolf,Lizette,Bagian,Rigoberto
Williams,Kassidy,Wolf,Ceaira,Williams,Dylon
Bagian,Jarvis,Wolf,Lizette,Bagian,Rigoberto
Williams,Tayla,Wolf,Ceaira,Williams,Dylon
Bagian,Don,Wolf,Lizette,Bagian,Rigoberto
Williams,Karla,Wolf,Ceaira,Williams,Dylon
Bagian,Hakeem,Wolf,Casey,Bagian,Khalid
Williams,Makenna,Wolf,Ceaira,Williams,Dylon
Bagian,Braxton,Wolf,Casey,Bagian,Khalid
Williams,Chynna,Wolf,Ceaira,Williams,Dylon
Bagian,Nigel,Wolf,Casey,Bagian,Khalid
Williams,Leah,Wolf,Ceaira,Williams,Dylon
Bagian,Zaire,Wolf,Casey,Bagian,Khalid
Williams,Kendal,Wolf,Ceaira,Williams,Dylon
Bagian,Noe,Wolf,Casey,Bagian,Khalid
Williams,Bria,Wolf,Ceaira,Williams,Dylon
Bagian,Vinh,Wolf,Casey,Bagian,Khalid
Bagian,Mahogany,Wolf,Lizette,Bagian,Rigoberto
Bagian,Deion,Wolf,Casey,Bagian,Khalid
Bagian,Aerial,Wolf,Lizette,Bagian,Rigoberto
Bagian,Rowan,Wolf,Jennie,Bagian,Terrence
Bagian,Minnie,Wolf,Lizette,Bagian,Rigoberto
Bagian,Anfernee,Wolf,Jennie,Bagian,Terrence
Bagian,Stacy,Wolf,Lizette,Bagian,Rigoberto
Bagian,Weston,Wolf,Jennie,Bagian,Terrence
Bagian,Nyla,Wolf,Lizette,Bagian,Rigoberto
Bagian,Karl,Wolf,Jennie,Bagian,Terrence
Bagian,Skye,Wolf,Lizette,Bagian,Rigoberto
Bagian,Forrest,Wolf,Jennie,Bagian,Terrence
Bagian,Berenice,Wolf,Lizette,Bagian,Rigoberto
Bagian,Ulysses,Wolf,Jennie,Bagian,Terrence
Bagian,Rachel,Wolf,Casey,Bagian,Khalid
Bagian,Deanthony,Wolf,Jennie,Bagian,Terrence
Bagian,Cailin,Wolf,Casey,Bagian,Khalid
Bagian,Jai,Wolf,Jennie,Bagian,Terrence
Bagian,Celena,Wolf,Casey,Bagian,Khalid
Bagian,Sebastien,Wolf,Jennie,Bagian,Terrence
Bagian,Maranda,Wolf,Casey,Bagian,Khalid
Bagian,Paul,Wolf,Jennie,Bagian,Terrence
Bagian,Paris,Wolf,Casey,Bagian,Khalid
Bagian,Yvan,Wolf,Rebekkah,Bagian,Kayvon
Bagian,Jori,Wolf,Casey,Bagian,Khalid
Bagian,Easton,Wolf,Rebekkah,Bagian,Kayvon
Bagian,Christy,Wolf,Jennie,Bagian,Terrence
Bagian,Hunter,Wolf,Rebekkah,Bagian,Kayvon
Bagian,Rachelle,Wolf,Jennie,Bagian,Terrence
Bagian,Lawrence,Fossum,Caitlan,Bagian,Ramiro
Bagian,Meredith,Wolf,Jennie,Bagian,Terrence
Bagian,Maliki,Fossum,Caitlan,Bagian,Ramiro
Bagian,Caroline,Wolf,Jennie,Bagian,Terrence
Bagian,Willis,Fossum,Caitlan,Bagian,Ramiro
Bagian,Gabriel,Wolf,Jennie,Bagian,Terrence
Bagian,Fred,Fossum,Amy,Bagian,Logan
Bagian,Mykayla,Wolf,Rebekkah,Bagian,Kayvon
Bagian,Kareem,Fossum,Amy,Bagian,Logan
Bagian,Ashlie,Wolf,Rebekkah,Bagian,Kayvon
Bagian,Quincy,Fossum,Amy,Bagian,Logan
Bagian,Jaimie,Wolf,Rebekkah,Bagian,Kayvon
Bagian,Lamonte,Fossum,Amy,Bagian,Logan
Bagian,Micayla,Fossum,Caitlan,Bagian,Ramiro
Bagian,Jairus,Fossum,Amy,Bagian,Logan
Bagian,Mackenzie,Fossum,Caitlan,Bagian,Ramiro
Bagian,Kristian,Fossum,Amy,Bagian,Logan
Bagian,Anitra,Fossum,Caitlan,Bagian,Ramiro
Bagian,Victor,Fossum,Amy,Bagian,Logan
Bagian,Alayna,Fossum,Amy,Bagian,Logan
Bagian,Johnny,Fossum,Shiloh,Bagian,Damian
Bagian,Jacquelin,Fossum,Amy,Bagian,Logan
Bagian,Slaten,Fossum,Shiloh,Bagian,Damian
Bagian,Nell,Fossum,Amy,Bagian,Logan
Bagian,Mckay,Fossum,Shiloh,Bagian,Damian
Bagian,Ashlynn,Fossum,Amy,Bagian,Logan
Bagian,Dillon,Fossum,Shiloh,Bagian,Damian
Bagian,Brigitte,Fossum,Amy,Bagian,Logan
Bagian,Jamari,Fossum,Shiloh,Bagian,Damian
Bagian,Gabriele,Fossum,Amy,Bagian,Logan
Bagian,Liam,Fossum,Shiloh,Bagian,Damian
Bagian,Meagan,Fossum,Shiloh,Bagian,Damian
Wolf,Brock,Fossum,Alexi,Wolf,Isiah
Bagian,Brooke,Fossum,Shiloh,Bagian,Damian
Wolf,Darren,Fossum,Alexi,Wolf,Isiah
Bagian,Irene,Fossum,Shiloh,Bagian,Damian
Wolf,Kurtis,Fossum,Alexi,Wolf,Isiah
Bagian,Katelin,Fossum,Shiloh,Bagian,Damian
Wolf,Gordon,Fossum,Alexi,Wolf,Isiah
Bagian,Christie,Fossum,Shiloh,Bagian,Damian
Wolf,Vernon,Fossum,Alexi,Wolf,Isiah
Bagian,Kristina,Fossum,Shiloh,Bagian,Damian
Wolf,Marco,Fossum,Alexi,Wolf,Isiah
Bagian,Chloie,Fossum,Shiloh,Bagian,Damian
Wolf,Andreas,Fossum,Alexi,Wolf,Isiah
Bagian,Deandrea,Fossum,Shiloh,Bagian,Damian
Wolf,Victor,Fossum,Alexi,Wolf,Isiah
Wolf,Shelbi,Fossum,Alexi,Wolf,Isiah
Wolf,Geoffrey,Fossum,Alexi,Wolf,Isiah
Wolf,Chaya,Fossum,Alexi,Wolf,Isiah
Wolf,Arian,Fossum,Alexi,Wolf,Isiah
Wolf,Shana,Fossum,Alexi,Wolf,Isiah
Wolf,Thomas,Fossum,Alexi,Wolf,Isiah
Wolf,Kyana,Fossum,Alexi,Wolf,Isiah
Wolf,Samuel,Fossum,Nyasia,Wolf,Jesus
Wolf,Sherry,Fossum,Alexi,Wolf,Isiah
Wolf,Josue,Fossum,Nyasia,Wolf,Jesus
Wolf,Devany,Fossum,Nyasia,Wolf,Jesus
Wolf,Jaime,Fossum,Nyasia,Wolf,Jesus
Wolf,Kyra,Deckard,Coral,Wolf,Mitchell
Wolf,Jakob,Fossum,Nyasia,Wolf,Jesus
Wolf,Jazmyn,Deckard,Coral,Wolf,Mitchell
Wolf,Ignacio,Fossum,Nyasia,Wolf,Jesus
Wolf,Callan,Deckard,Coral,Wolf,Mitchell
Wolf,Deonte,Deckard,Coral,Wolf,Mitchell
Wolf,Alani,Deckard,Coral,Wolf,Mitchell
Wolf,Alberto,Deckard,Coral,Wolf,Mitchell
Wolf,Jacquelyn,Deckard,Coral,Wolf,Mitchell
Wolf,Gunner,Deckard,Coral,Wolf,Mitchell
Wolf,Shiloh,Deckard,Blair,Wolf,Cristian
Wolf,Jerryd,Deckard,Coral,Wolf,Mitchell
Wolf,Tiffanie,Deckard,Blair,Wolf,Cristian
Wolf,Kenneth,Deckard,Coral,Wolf,Mitchell
Wolf,Breona,Deckard,Blair,Wolf,Cristian
Wolf,Michael,Deckard,Coral,Wolf,Mitchell
Wolf,Kristy,Deckard,Jane,Wolf,Angel
Wolf,Dominic,Deckard,Coral,Wolf,Mitchell
Wolf,Gianna,Deckard,Jane,Wolf,Angel
Wolf,Cameron,Deckard,Coral,Wolf,Mitchell
Wolf,Dyamond,Deckard,Gabrielle,Wolf,David
Wolf,Cullen,Deckard,Jane,Wolf,Angel
Wolf,Alena,Deckard,Gabrielle,Wolf,David
Wolf,Tristin,Deckard,Jane,Wolf,Angel
Wolf,Kerri,Deckard,Gabrielle,Wolf,David
Wolf,Moises,Deckard,Jane,Wolf,Angel
Wolf,Adriana,Deckard,Gabrielle,Wolf,David
Wolf,Jajuan,Deckard,Gabrielle,Wolf,David
Wolf,Nyla,Deckard,Gabrielle,Wolf,David
Wolf,Kevon,Deckard,Gabrielle,Wolf,David
Wolf,Kaitlin,Deckard,Gabrielle,Wolf,David
Wolf,Devaughn,Deckard,Gabrielle,Wolf,David
Wolf,Roxana,Deckard,Gabrielle,Wolf,David
Wolf,Chandler,Deckard,Gabrielle,Wolf,David
Wolf,Yamilex,Deckard,Karen,Wolf,Sergio
Wolf,Ray,Deckard,Gabrielle,Wolf,David
Wolf,Salina,Deckard,Karen,Wolf,Sergio
Wolf,Jovan,Deckard,Gabrielle,Wolf,David
Wolf,Sherridan,Deckard,Lynda,Wolf,Warren
Wolf,Juancarlos,Deckard,Gabrielle,Wolf,David
Wolf,Alexandria,Deckard,Lynda,Wolf,Warren
Wolf,Alvaro,Deckard,Karen,Wolf,Sergio
Wolf,Ashanti,Deckard,Lynda,Wolf,Warren
Wolf,Shea,Deckard,Karen,Wolf,Sergio
Wolf,Kaili,Deckard,Yasmeen,Wolf,Emmitt
Wolf,Sutton,Deckard,Lynda,Wolf,Warren
Wolf,Joyce,Deckard,Yasmeen,Wolf,Emmitt
Wolf,Callahan,Deckard,Lynda,Wolf,Warren
Wolf,Emmalee,Deckard,Yasmeen,Wolf,Emmitt
Wolf,Lawrence,Deckard,Lynda,Wolf,Warren
Wolf,Tyra,Deckard,Carra,Wolf,Deontae
Wolf,Reed,Deckard,Yasmeen,Wolf,Emmitt
Wolf,Sonya,Deckard,Carra,Wolf,Deontae
Wolf,Richie,Deckard,Carra,Wolf,Deontae
Wolf,Shawn,Deckard,Carra,Wolf,Deontae
Wolf,Sawyer,Deckard,Carra,Wolf,Deontae
Fossum,Madelyne,Deckard,Nyla,Fossum,Abraham
Fossum,Moshe,Deckard,Nyla,Fossum,Abraham
Fossum,Itzel,Deckard,Nyla,Fossum,Abraham
Fossum,Willie,Deckard,Nyla,Fossum,Abraham
Fossum,Bonnie,Deckard,Nyla,Fossum,Abraham
Fossum,Jaron,Deckard,Nyla,Fossum,Abraham
Fossum,Valencia,Deckard,Nyla,Fossum,Abraham
Fossum,Dominick,Deckard,Nyla,Fossum,Abraham
Fossum,Shanna,Deckard,Nyla,Fossum,Abraham
Fossum,Devante,Deckard,Nyla,Fossum,Abraham
Fossum,Andrea,Deckard,Nyla,Fossum,Abraham
Fossum,John,Deckard,Nyla,Fossum,Abraham
Fossum,Audra,Deckard,Nyla,Fossum,Abraham
Fossum,Julius,Deckard,Nyla,Fossum,Abraham
Fossum,Jesslyn,Deckard,Nyla,Fossum,Abraham
Fossum,Clay,Deckard,Nyla,Fossum,Abraham
Fossum,Ellen,Reagan,Mikayla,Fossum,Ahmad
Fossum,Bill,Deckard,Nyla,Fossum,Abraham
Fossum,Jenniffer,Reagan,Mikayla,Fossum,Ahmad
Fossum,Jay,Deckard,Nyla,Fossum,Abraham
Fossum,Gretchen,Reagan,Mikayla,Fossum,Ahmad
Fossum,Emerson,Deckard,Nyla,Fossum,Abraham
Fossum,Caroline,Reagan,Ebony,Fossum,Jose
Fossum,Markell,Reagan,Jesslyn,Fossum,Wilfredo
Fossum,Maisie,Reagan,Ebony,Fossum,Jose
Fossum,Myron,Reagan,Jesslyn,Fossum,Wilfredo
Fossum,Devany,Reagan,Ebony,Fossum,Jose
Fossum,Jayce,Reagan,Jesslyn,Fossum,Wilfredo
Fossum,Rocio,Reagan,Ebony,Fossum,Jose
Fossum,Adan,Reagan,Mikayla,Fossum,Ahmad
Fossum,Joselyn,Reagan,Ebony,Fossum,Jose
Fossum,Leonel,Reagan,Mikayla,Fossum,Ahmad
Fossum,Estela,Gordon,Devin,Fossum,Trey
Fossum,Bret,Reagan,Mikayla,Fossum,Ahmad
Fossum,Reagan,Gordon,Devin,Fossum,Trey
Fossum,Drew,Reagan,Mikayla,Fossum,Ahmad
Fossum,Elisabeth,Gordon,Devin,Fossum,Trey
Fossum,William,Reagan,Mikayla,Fossum,Ahmad
Fossum,Elyse,Gordon,Devin,Fossum,Trey
Fossum,Francesco,Reagan,Ebony,Fossum,Jose
Fossum,Breona,Gordon,Devin,Fossum,Trey
Fossum,Rakeem,Gordon,Devin,Fossum,Trey
Fossum,Michelle,Gordon,Devin,Fossum,Trey
Fossum,Larry,Gordon,Devin,Fossum,Trey
Fossum,Jacquelin,Gordon,Devin,Fossum,Trey
Fossum,Jaleel,Gordon,Devin,Fossum,Trey
Fossum,Destiny,Gordon,Devin,Fossum,Trey
Fossum,Marques,Gordon,Devin,Fossum,Trey
Fossum,Sydney,Gordon,Devin,Fossum,Trey
Fossum,Tallon,Gordon,Devin,Fossum,Trey
Fossum,Toni,Gordon,Devin,Fossum,Trey
Fossum,Raheem,Gordon,Devin,Fossum,Trey
Fossum,Nichole,Gordon,Devin,Fossum,Trey
Fossum,Alek,Gordon,Devin,Fossum,Trey
Deckard,Casey,Ross,Chantal,Deckard,Bryant
Fossum,Darrell,Gordon,Devin,Fossum,Trey
Deckard,Emmily,Ross,Chantal,Deckard,Bryant
Deckard,Cody,Ross,Chantal,Deckard,Bryant
Deckard,Ivy,Ross,Chantal,Deckard,Bryant
Deckard,Khalid,Ross,Chantal,Deckard,Bryant
Deckard,Maura,Ross,Chantal,Deckard,Bryant
Deckard,Ernesto,Ross,Chantal,Deckard,Bryant
Deckard,Jaime,Ross,Chantal,Deckard,Bryant
Deckard,Brooks,Ross,Chantal,Deckard,Bryant
Deckard,Brittney,Ross,Chantal,Deckard,Bryant
Deckard,Thomas,Ross,Chantal,Deckard,Bryant
Deckard,Renee,Ross,Chantal,Deckard,Bryant
Deckard,Dwayne,Ross,Chantal,Deckard,Bryant
Deckard,Joanne,Ross,Chantal,Deckard,Bryant
Deckard,Jacoby,Ross,Emerald,Deckard,Jay
Deckard,Graciela,Ross,Chantal,Deckard,Bryant
Deckard,Jack,Ross,Emerald,Deckard,Jay
Deckard,Joy,Ross,Chantal,Deckard,Bryant
Deckard,Guy,Ross,Emerald,Deckard,Jay
Deckard,Rachael,Ross,Chantal,Deckard,Bryant
Deckard,Neil,Ross,Emerald,Deckard,Jay
Deckard,Taelor,Ross,Emerald,Deckard,Jay
Deckard,Conner,Ross,Emerald,Deckard,Jay
Deckard,Margo,Ross,Emerald,Deckard,Jay
Deckard,Domenic,Ross,Emerald,Deckard,Jay
Deckard,Kennedy,Ross,Emerald,Deckard,Jay
Deckard,Jonah,Ross,Emerald,Deckard,Jay
Deckard,Anne,Ross,Emerald,Deckard,Jay
Deckard,Quinn,Ross,Emerald,Deckard,Jay
Deckard,Porsha,Ross,Emerald,Deckard,Jay
Deckard,Norman,Ross,Emerald,Deckard,Jay
Deckard,Shiane,Ross,Emerald,Deckard,Jay
Deckard,Russell,Ross,Emerald,Deckard,Jay
Deckard,Chastity,Ross,Emerald,Deckard,Jay
Deckard,Devin,Ross,Kirstie,Deckard,Milton
Deckard,Jayda,Ross,Emerald,Deckard,Jay
Deckard,Van,Ross,Kirstie,Deckard,Milton
Deckard,Becca,Ross,Emerald,Deckard,Jay
Deckard,Luciano,Ross,Kirstie,Deckard,Milton
Deckard,Dulce,Ross,Emerald,Deckard,Jay
Deckard,Callahan,Ross,Kirstie,Deckard,Milton
Deckard,Kaleigh,Ross,Kirstie,Deckard,Milton
Deckard,Jeb,Ross,Kirstie,Deckard,Milton
Deckard,Nina,Ross,Priscilla,Deckard,Maximilian
Deckard,Noah,Ross,Priscilla,Deckard,Maximilian
Deckard,Jennah,Ross,Priscilla,Deckard,Maximilian
Deckard,Draven,Ross,Priscilla,Deckard,Maximilian
Deckard,Adriane,Ross,Priscilla,Deckard,Maximilian
Deckard,Westley,Ross,Priscilla,Deckard,Maximilian
Deckard,Jaqueline,Ross,Priscilla,Deckard,Maximilian
Deckard,Raymond,Ross,Priscilla,Deckard,Maximilian
Deckard,Alexi,Ross,Priscilla,Deckard,Maximilian
Deckard,Rashaun,Ross,Priscilla,Deckard,Maximilian
Deckard,Dominique,Ross,Priscilla,Deckard,Maximilian
Deckard,Javonte,Ross,Priscilla,Deckard,Maximilian
Deckard,Zoey,Ross,Priscilla,Deckard,Maximilian
Deckard,Nathanael,Ross,Priscilla,Deckard,Maximilian
Deckard,Kaylynn,Ross,Priscilla,Deckard,Maximilian
Deckard,Gabriel,Ross,Priscilla,Deckard,Maximilian
Deckard,Lyndsey,Ross,Priscilla,Deckard,Maximilian
Deckard,Tyrone,Ross,Priscilla,Deckard,Maximilian
Deckard,Moriah,Ross,Priscilla,Deckard,Maximilian
Deckard,Zackary,Ross,Priscilla,Deckard,Maximilian
Deckard,Gabriele,Ross,Astrid,Deckard,Johnathan
Deckard,Ayub,Ross,Astrid,Deckard,Johnathan
Deckard,Khyla,Ross,Astrid,Deckard,Johnathan
Deckard,Vernon,Ross,Astrid,Deckard,Johnathan
Deckard,Marisela,Ross,Astrid,Deckard,Johnathan
Deckard,Augustus,Ross,Astrid,Deckard,Johnathan
Deckard,Yajaira,Ross,Astrid,Deckard,Johnathan
Deckard,Quentin,Ross,Astrid,Deckard,Johnathan
Deckard,Kendra,Ross,Astrid,Deckard,Johnathan
Deckard,Leonel,Ross,Astrid,Deckard,Johnathan
Deckard,Sharon,Ross,Astrid,Deckard,Johnathan
Reagan,Benito,Ross,Maryssa,Reagan,Jonah
Reagan,Mandy,Ross,Maryssa,Reagan,Jonah
Reagan,Jairus,Ross,Maryssa,Reagan,Jonah
Reagan,Xian,Ross,Maryssa,Reagan,Jonah
Reagan,Ricky,Ross,Maryssa,Reagan,Jonah
Reagan,Tatyana,Lousma,Pamela,Reagan,Davin
Reagan,Markus,Ross,Maryssa,Reagan,Jonah
Reagan,Karishma,Lousma,Pamela,Reagan,Davin
Reagan,Elijah,Ross,Maryssa,Reagan,Jonah
Reagan,Tasha,Lousma,Pamela,Reagan,Davin
Reagan,Scott,Lousma,Pamela,Reagan,Davin
Reagan,Justine,Lousma,Pamela,Reagan,Davin
Reagan,Tylor,Lousma,Pamela,Reagan,Davin
Reagan,Sherry,Lousma,Pamela,Reagan,Davin
Reagan,Mohamad,Lousma,Yajaira,Reagan,Deante
Reagan,Jennah,Lousma,Pamela,Reagan,Davin
Reagan,Dion,Lousma,Yajaira,Reagan,Deante
Reagan,Tania,Lousma,Yajaira,Reagan,Deante
Reagan,Ever,Lousma,Yajaira,Reagan,Deante
Reagan,Angle,Lousma,Yajaira,Reagan,Deante
Reagan,Ben,Lousma,Yajaira,Reagan,Deante
Reagan,Rianna,Lousma,Yajaira,Reagan,Deante
Reagan,Guy,Lousma,Yajaira,Reagan,Deante
Reagan,Nicolle,Lousma,Yajaira,Reagan,Deante
Reagan,Jonathan,Lousma,Yajaira,Reagan,Deante
Reagan,Georgina,Lousma,Yajaira,Reagan,Deante
Reagan,Gilbert,Lousma,Yajaira,Reagan,Deante
Reagan,Tiara,Lousma,Marysol,Reagan,Abdul
Reagan,Guadalupe,Lousma,Marysol,Reagan,Abdul
Reagan,Angel,Lousma,Marysol,Reagan,Abdul
Reagan,Shlomo,Lousma,Marysol,Reagan,Abdul
Reagan,Devon,Lousma,Marysol,Reagan,Abdul
Reagan,Kory,Lousma,Marysol,Reagan,Abdul
Reagan,Helen,Lousma,Marysol,Reagan,Abdul
Reagan,Bryson,Lousma,Marysol,Reagan,Abdul
Reagan,Sydney,Lousma,Marysol,Reagan,Abdul
Reagan,Benny,Lousma,Marysol,Reagan,Abdul
Gordon,Lesli,Lousma,Kenyetta,Gordon,Jacky
Reagan,Rand,Lousma,Marysol,Reagan,Abdul
Gordon,Gabriella,Lousma,Kenyetta,Gordon,Jacky
Reagan,Bobby,Lousma,Marysol,Reagan,Abdul
Gordon,Markia,Lousma,Carlye,Gordon,Ivan
Reagan,Kalon,Lousma,Marysol,Reagan,Abdul
Gordon,Kalee,Lousma,Carlye,Gordon,Ivan
Gordon,Andre,Lousma,Kenyetta,Gordon,Jacky
Gordon,Elexus,Lousma,Carlye,Gordon,Ivan
Gordon,Geoffrey,Lousma,Kenyetta,Gordon,Jacky
Gordon,Presley,Lousma,Carlye,Gordon,Ivan
Gordon,Orlando,Lousma,Carlye,Gordon,Ivan
Gordon,Devyn,Lousma,Carlye,Gordon,Ivan
Gordon,Zachary,Lousma,Carlye,Gordon,Ivan
Gordon,Sonya,Lousma,Carlye,Gordon,Ivan
Gordon,Reed,Duke,Unique,Gordon,Gunner
Gordon,Dayna,Lousma,Carlye,Gordon,Ivan
Gordon,Ever,Duke,Unique,Gordon,Gunner
Gordon,Maegan,Lousma,Carlye,Gordon,Ivan
Gordon,Walker,Duke,Unique,Gordon,Gunner
Gordon,Felicia,Duke,Unique,Gordon,Gunner
Gordon,Yair,Duke,Unique,Gordon,Gunner
Gordon,Emmily,Duke,Unique,Gordon,Gunner
Gordon,Al,Duke,Unique,Gordon,Gunner
Gordon,Tammy,Duke,Unique,Gordon,Gunner
Gordon,Nathan,Duke,Unique,Gordon,Gunner
Gordon,Bryanna,Duke,Unique,Gordon,Gunner
Gordon,Philip,Duke,Unique,Gordon,Gunner
Gordon,Shane,Duke,Unique,Gordon,Gunner
Gordon,Terron,Duke,Unique,Gordon,Gunner
Gordon,Tehya,Duke,Unique,Gordon,Gunner
Gordon,Reid,Duke,Unique,Gordon,Gunner
Gordon,Karen,Duke,Unique,Gordon,Gunner
Gordon,Devaughn,Duke,Unique,Gordon,Gunner
Ross,Skyler,Duke,Kendra,Ross,Dominick
Gordon,Rakeem,Duke,Unique,Gordon,Gunner
Ross,Nallely,Duke,Kendra,Ross,Dominick
Gordon,Kamau,Duke,Unique,Gordon,Gunner
Ross,Lynette,Duke,Kendra,Ross,Dominick
Gordon,Kaden,Duke,Unique,Gordon,Gunner
Ross,Malinda,Duke,Kendra,Ross,Dominick
Ross,Tristan,Duke,Kendra,Ross,Dominick
Ross,Anitra,Duke,Kendra,Ross,Dominick
Ross,Rex,Duke,Kendra,Ross,Dominick
Ross,Abbigail,Duke,Kendra,Ross,Dominick
Ross,Alvin,Duke,Kendra,Ross,Dominick
Ross,Audrey,Duke,Kendra,Ross,Dominick
Ross,Rene,Duke,Kendra,Ross,Dominick
Ross,Loren,Duke,Kendra,Ross,Dominick
Ross,Eduardo,Duke,Kendra,Ross,Dominick
Ross,Tarah,Duke,Larissa,Ross,Deleon
Ross,Callum,Duke,Kendra,Ross,Dominick
Ross,Devany,Duke,Larissa,Ross,Deleon
Ross,Raphael,Duke,Kendra,Ross,Dominick
Ross,Monet,Duke,Larissa,Ross,Deleon
Ross,Wilson,Duke,Kendra,Ross,Dominick
Ross,Angelique,Duke,Larissa,Ross,Deleon
Ross,Daron,Duke,Larissa,Ross,Deleon
Ross,Nathaly,Duke,Larissa,Ross,Deleon
Ross,Dimitri,Duke,Larissa,Ross,Deleon
Ross,Corinne,Duke,Larissa,Ross,Deleon
Ross,Seth,Duke,Larissa,Ross,Deleon
Ross,Adrianna,Duke,Larissa,Ross,Deleon
Ross,Dennis,Duke,Larissa,Ross,Deleon
Ross,Ida,McDivitt,Desteny,Ross,Chaz
Ross,Andreas,Duke,Larissa,Ross,Deleon
Ross,Shekinah,McDivitt,Desteny,Ross,Chaz
Ross,Beau,Duke,Larissa,Ross,Deleon
Ross,Felisha,McDivitt,Desteny,Ross,Chaz
Ross,Jeffrey,Duke,Larissa,Ross,Deleon
Ross,Alysa,McDivitt,Desteny,Ross,Chaz
Ross,Mckay,Duke,Larissa,Ross,Deleon
Ross,Sarafina,McDivitt,Desteny,Ross,Chaz
Ross,Drake,McDivitt,Desteny,Ross,Chaz
Ross,Joan,McDivitt,Desteny,Ross,Chaz
Ross,Ever,McDivitt,Desteny,Ross,Chaz
Ross,Emma,McDivitt,Desteny,Ross,Chaz
Ross,Gonzalo,McDivitt,Desteny,Ross,Chaz
Ross,Genna,McDivitt,Desteny,Ross,Chaz
Ross,Chris,McDivitt,Desteny,Ross,Chaz
Lousma,Jayla,McDivitt,Promise,Lousma,Shemar
Lousma,Aron,McDivitt,Promise,Lousma,Shemar
Lousma,Valencia,McDivitt,Chase,Lousma,Jon
Lousma,Kalon,McDivitt,Promise,Lousma,Shemar
Lousma,Dayana,McDivitt,Chase,Lousma,Jon
Lousma,Brennen,McDivitt,Promise,Lousma,Shemar
Lousma,Bayleigh,McDivitt,Chase,Lousma,Jon
Lousma,Conner,McDivitt,Promise,Lousma,Shemar
Lousma,Sunny,McDivitt,Chase,Lousma,Jon
Lousma,Sidney,McDivitt,Chase,Lousma,Jon
Lousma,Logan,McDivitt,Chase,Lousma,Jon
Lousma,Lukas,McDivitt,Chase,Lousma,Jon
Duke,Casandra,McDivitt,Anita,Duke,Andrew
Lousma,Marcanthon,McDivitt,Chase,Lousma,Jon
Duke,Daija,McDivitt,Anita,Duke,Andrew
Duke,Kristian,McDivitt,Anita,Duke,Andrew
Duke,Darcie,McDivitt,Anita,Duke,Andrew
Duke,Coby,McDivitt,Anita,Duke,Andrew
Duke,Teresa,McDivitt,Anita,Duke,Andrew
Duke,Braydon,McDivitt,Anita,Duke,Andrew
Duke,Rayven,McDivitt,Anita,Duke,Andrew
Duke,Liam,McDivitt,Anita,Duke,Andrew
Duke,Corinne,McDivitt,Anita,Duke,Andrew
Duke,Samson,McDivitt,Anita,Duke,Andrew
McDivitt,Elena,Monroe,Alyson,McDivitt,Demarcus
Duke,Domenic,McDivitt,Anita,Duke,Andrew
McDivitt,Kayleigh,Monroe,Alyson,McDivitt,Demarcus
Duke,Devonte,McDivitt,Anita,Duke,Andrew
McDivitt,Abbie,Monroe,Alyson,McDivitt,Demarcus
Duke,Austyn,McDivitt,Anita,Duke,Andrew
McDivitt,Brook,Monroe,Alyson,McDivitt,Demarcus
McDivitt,Johan,Monroe,Alyson,McDivitt,Demarcus
McDivitt,Yaritza,Monroe,Alyson,McDivitt,Demarcus
McDivitt,Lane,Monroe,Alyson,McDivitt,Demarcus
McDivitt,Brigid,Monroe,Alyson,McDivitt,Demarcus
McDivitt,Vinh,Monroe,Alyson,McDivitt,Demarcus
McDivitt,Paloma,Monroe,Alyson,McDivitt,Demarcus
McDivitt,Nathaniel,See,Tasha,McDivitt,Kurtis
McDivitt,Estela,Monroe,Alyson,McDivitt,Demarcus
McDivitt,Edgardo,See,Tasha,McDivitt,Kurtis
McDivitt,Ashton,See,Tasha,McDivitt,Kurtis
McDivitt,Trevor,See,Tasha,McDivitt,Kurtis
McDivitt,Mandi,See,Tasha,McDivitt,Kurtis
McDivitt,Alvaro,See,Tasha,McDivitt,Kurtis
McDivitt,Jaida,See,Tasha,McDivitt,Kurtis
McDivitt,Jaquan,See,Tasha,McDivitt,Kurtis
McDivitt,Shanique,See,Tasha,McDivitt,Kurtis
McDivitt,Eberardo,See,Tasha,McDivitt,Kurtis
McDivitt,Dania,See,Tasha,McDivitt,Kurtis
McDivitt,Domenic,See,Callie,McDivitt,Tysheem
McDivitt,Hope,See,Tasha,McDivitt,Kurtis
McDivitt,Alek,See,Callie,McDivitt,Tysheem
McDivitt,Shyanne,See,Tasha,McDivitt,Kurtis
McDivitt,Maurice,See,Callie,McDivitt,Tysheem
McDivitt,Ella,See,Tasha,McDivitt,Kurtis
McDivitt,Joshua,See,Callie,McDivitt,Tysheem
McDivitt,Nathaly,See,Tasha,McDivitt,Kurtis
McDivitt,Marshall,See,Brandi,McDivitt,Alejandro
McDivitt,Jeanette,See,Tasha,McDivitt,Kurtis
McDivitt,Seamus,See,Brandi,McDivitt,Alejandro
McDivitt,Dylan,See,Tasha,McDivitt,Kurtis
McDivitt,Dominick,See,Brandi,McDivitt,Alejandro
McDivitt,Miah,See,Tasha,McDivitt,Kurtis
McDivitt,Jake,See,Elyse,McDivitt,Jason
McDivitt,Nakia,See,Tasha,McDivitt,Kurtis
McDivitt,Bernardo,See,Lynette,McDivitt,Ibrahim
McDivitt,Jennie,See,Tasha,McDivitt,Kurtis
McDivitt,Kristofer,See,Lynette,McDivitt,Ibrahim
McDivitt,Kellie,See,Callie,McDivitt,Tysheem
McDivitt,Landin,See,Lynette,McDivitt,Ibrahim
McDivitt,Ellen,See,Callie,McDivitt,Tysheem
McDivitt,Neftaly,See,Lynette,McDivitt,Ibrahim
McDivitt,Karli,See,Callie,McDivitt,Tysheem
McDivitt,Jerry,See,Lynette,McDivitt,Ibrahim
McDivitt,Morgan,See,Callie,McDivitt,Tysheem
McDivitt,Reese,See,Lynette,McDivitt,Ibrahim
McDivitt,Guadalupe,See,Callie,McDivitt,Tysheem
McDivitt,Tyson,See,Valerie,McDivitt,Gustavo
McDivitt,Dominique,See,Callie,McDivitt,Tysheem
McDivitt,Quentin,See,Valerie,McDivitt,Gustavo
McDivitt,Kayleen,See,Callie,McDivitt,Tysheem
McDivitt,Sedrick,See,Rita,McDivitt,Braxton
McDivitt,Elise,See,Callie,McDivitt,Tysheem
McDivitt,Cecil,See,Rita,McDivitt,Braxton
McDivitt,Angel,See,Callie,McDivitt,Tysheem
McDivitt,San,See,Rita,McDivitt,Braxton
McDivitt,Kerri,See,Brandi,McDivitt,Alejandro
McDivitt,Trentin,See,Rita,McDivitt,Braxton
McDivitt,Talia,See,Elyse,McDivitt,Jason
McDivitt,Zane,See,Rita,McDivitt,Braxton
McDivitt,Lakendra,See,Elyse,McDivitt,Jason
McDivitt,Tre,See,Rita,McDivitt,Braxton
McDivitt,Ariel,See,Arielle,McDivitt,Alvin
McDivitt,Avery,Walz,Lexi,McDivitt,Micheal
McDivitt,Aria,See,Arielle,McDivitt,Alvin
McDivitt,Marcell,Walz,Lexi,McDivitt,Micheal
McDivitt,Silvia,See,Arielle,McDivitt,Alvin
McDivitt,Randy,Walz,Lexi,McDivitt,Micheal
McDivitt,Kiera,See,Lynette,McDivitt,Ibrahim
McDivitt,Tyrone,Walz,Lexi,McDivitt,Micheal
McDivitt,Edith,See,Valerie,McDivitt,Gustavo
