Haise,Ramiro,Schmitt,Tyra,Haise,Tyren
Fossum,Alexa,Lenoir,Chasity,Fossum,Marcello
Gibson,Harry,Piper,Calandra,Gibson,Keagan
Harding,Shakia,Lenoir,Anja,Harding,Hunter
Cox,Skyler,Lovell,Sherry,Cox,Malachi
Linenger,Michaela,Lincoln,Kristy,Linenger,Ervin
Newman,Jorge,Chapman,Jillian,Newman,Sterling
O'Connor,Marcela,Morgan,Shelbi,O'Connor,Desmond
Wolf,Zachariah,Ride,Shelby,Wolf,Jamal
Cockrell,Sophia,Apt,Tamia,Cockrell,Ashton
Truman,Damian,Resnik,Alisa,Truman,Taquan
Jernigan,Jenna,Henize,Meaghan,Jernigan,Hector
Rominger,Damon,Ashby,Alondra,Rominger,Zachary
Sega,Marisela,Mattingly,Hailey,Sega,Garrick
Robinson,Mitchell,Pffaff,Torrie,Robinson,Connor
Hawley,Melanie,Sellers,Summer,Hawley,Willie
Camarda,Nigel,Carter,Allysa,Camarda,Raheem
Thuot,Ashleigh,Robinson,Tayla,Thuot,Jacky
Linnehan,Ty,Deckard,Angela,Linnehan,Ramiro
Sullivan,Michele,Borman,Yasmeen,Sullivan,Easton
England,Samual,Graveline,Ashtyn,England,Dale
Monroe,Kaira,Pffaff,Melanie,Monroe,Jonah
Hawley,Daequan,Meade,Alani,Hawley,Daylon
Monroe,Leticia,Reightler,Carson,Monroe,Byron
Griggs,Kameron,Hart,Amari,Griggs,Josiah
Blaha,Liliana,Stewart,Rikki,Blaha,Freddy
Haise,Wyatt,Fossum,Alexa,Haise,Ramiro
Chawla,Nicolle,Lindsey,Kaycee,Chawla,Kody
Haise,Deric,Fossum,Alexa,Haise,Ramiro
Rominger,Yvonne,Camarda,Baily,Rominger,Isidro
Haise,Branden,Fossum,Alexa,Haise,Ramiro
Cockrell,Rayven,Michel,Annabel,Cockrell,Tyson
Haise,Noel,Fossum,Alexa,Haise,Ramiro
Grant,Amna,Harris,Keiarra,Grant,Joseph
Haise,Davon,Fossum,Alexa,Haise,Ramiro
Haise,Gabriela,Fossum,Alexa,Haise,Ramiro
Haise,Mauro,Fossum,Alexa,Haise,Ramiro
Haise,Iris,Fossum,Alexa,Haise,Ramiro
Haise,Ahmed,Fossum,Alexa,Haise,Ramiro
Haise,Haiden,Fossum,Alexa,Haise,Ramiro
Gibson,Ishmael,Harding,Shakia,Gibson,Harry
Haise,Blake,Fossum,Alexa,Haise,Ramiro
Gibson,Gustavo,Harding,Shakia,Gibson,Harry
Haise,Simone,Fossum,Alexa,Haise,Ramiro
Gibson,Al,Harding,Shakia,Gibson,Harry
Haise,Alysa,Fossum,Alexa,Haise,Ramiro
Gibson,Christophe,Harding,Shakia,Gibson,Harry
Haise,Yadira,Fossum,Alexa,Haise,Ramiro
Gibson,Jaquan,Harding,Shakia,Gibson,Harry
Gibson,Armani,Harding,Shakia,Gibson,Harry
Gibson,Tomas,Harding,Shakia,Gibson,Harry
Gibson,Dasia,Harding,Shakia,Gibson,Harry
Gibson,Gunner,Harding,Shakia,Gibson,Harry
Gibson,Mileena,Harding,Shakia,Gibson,Harry
Cox,Lauren,Linenger,Michaela,Cox,Skyler
Gibson,Mayra,Harding,Shakia,Gibson,Harry
Cox,Luciano,Linenger,Michaela,Cox,Skyler
Gibson,Deyaneira,Harding,Shakia,Gibson,Harry
Cox,Ignacio,Linenger,Michaela,Cox,Skyler
Gibson,Laquisha,Harding,Shakia,Gibson,Harry
Cox,Cristopher,Linenger,Michaela,Cox,Skyler
Cox,Leslie,Linenger,Michaela,Cox,Skyler
Newman,Leonel,O'Connor,Marcela,Newman,Jorge
Cox,Bria,Linenger,Michaela,Cox,Skyler
Wolf,Ryen,Cockrell,Sophia,Wolf,Zachariah
Cox,Melissa,Linenger,Michaela,Cox,Skyler
Truman,Gage,Jernigan,Jenna,Truman,Damian
Cox,Gabriele,Linenger,Michaela,Cox,Skyler
Truman,Reginald,Jernigan,Jenna,Truman,Damian
Cox,Sandra,Linenger,Michaela,Cox,Skyler
Truman,Antonio,Jernigan,Jenna,Truman,Damian
Newman,Eleni,O'Connor,Marcela,Newman,Jorge
Truman,Jack,Jernigan,Jenna,Truman,Damian
Newman,Anja,O'Connor,Marcela,Newman,Jorge
Truman,Clint,Jernigan,Jenna,Truman,Damian
Newman,Chelsie,O'Connor,Marcela,Newman,Jorge
Truman,Dylan,Jernigan,Jenna,Truman,Damian
Wolf,Carlie,Cockrell,Sophia,Wolf,Zachariah
Truman,Lukas,Jernigan,Jenna,Truman,Damian
Wolf,Cailin,Cockrell,Sophia,Wolf,Zachariah
Rominger,Alberto,Sega,Marisela,Rominger,Damon
Wolf,Siobhan,Cockrell,Sophia,Wolf,Zachariah
Rominger,Elias,Sega,Marisela,Rominger,Damon
Truman,Julissa,Jernigan,Jenna,Truman,Damian
Rominger,Sahil,Sega,Marisela,Rominger,Damon
Truman,Carlye,Jernigan,Jenna,Truman,Damian
Rominger,Tarik,Sega,Marisela,Rominger,Damon
Truman,Ivy,Jernigan,Jenna,Truman,Damian
Rominger,Landon,Sega,Marisela,Rominger,Damon
Truman,Caitriona,Jernigan,Jenna,Truman,Damian
Rominger,Gary,Sega,Marisela,Rominger,Damon
Truman,Natalia,Jernigan,Jenna,Truman,Damian
Robinson,Ever,Hawley,Melanie,Robinson,Mitchell
Truman,Yuki,Jernigan,Jenna,Truman,Damian
Robinson,Alvin,Hawley,Melanie,Robinson,Mitchell
Truman,Tayler,Jernigan,Jenna,Truman,Damian
Camarda,Tyrell,Thuot,Ashleigh,Camarda,Nigel
Truman,Rebekah,Jernigan,Jenna,Truman,Damian
Camarda,Kellen,Thuot,Ashleigh,Camarda,Nigel
Truman,Gerardo,Jernigan,Jenna,Truman,Damian
Linnehan,Lashawn,Sullivan,Michele,Linnehan,Ty
Truman,Judy,Jernigan,Jenna,Truman,Damian
Linnehan,Kolton,Sullivan,Michele,Linnehan,Ty
Truman,Caroline,Jernigan,Jenna,Truman,Damian
Linnehan,Timothy,Sullivan,Michele,Linnehan,Ty
Truman,Sapphire,Jernigan,Jenna,Truman,Damian
Linnehan,Idris,Sullivan,Michele,Linnehan,Ty
Rominger,Sarahi,Sega,Marisela,Rominger,Damon
Linnehan,Maleek,Sullivan,Michele,Linnehan,Ty
Rominger,Minnie,Sega,Marisela,Rominger,Damon
Linnehan,Lane,Sullivan,Michele,Linnehan,Ty
Robinson,Taelor,Hawley,Melanie,Robinson,Mitchell
Linnehan,Roger,Sullivan,Michele,Linnehan,Ty
Camarda,Johana,Thuot,Ashleigh,Camarda,Nigel
Linnehan,Gunner,Sullivan,Michele,Linnehan,Ty
Camarda,Gloria,Thuot,Ashleigh,Camarda,Nigel
Linnehan,Domenic,Sullivan,Michele,Linnehan,Ty
Camarda,Eryn,Thuot,Ashleigh,Camarda,Nigel
England,Alvaro,Monroe,Kaira,England,Samual
Camarda,Nakia,Thuot,Ashleigh,Camarda,Nigel
England,Trace,Monroe,Kaira,England,Samual
Linnehan,Janette,Sullivan,Michele,Linnehan,Ty
England,Tomas,Monroe,Kaira,England,Samual
Linnehan,Patience,Sullivan,Michele,Linnehan,Ty
England,Karl,Monroe,Kaira,England,Samual
Linnehan,Kyra,Sullivan,Michele,Linnehan,Ty
England,Francis,Monroe,Kaira,England,Samual
Linnehan,Torrie,Sullivan,Michele,Linnehan,Ty
England,Enoch,Monroe,Kaira,England,Samual
Linnehan,Maegen,Sullivan,Michele,Linnehan,Ty
England,Cedric,Monroe,Kaira,England,Samual
Linnehan,Kalee,Sullivan,Michele,Linnehan,Ty
England,Dreshaun,Monroe,Kaira,England,Samual
Linnehan,Faith,Sullivan,Michele,Linnehan,Ty
England,Silas,Monroe,Kaira,England,Samual
England,Calli,Monroe,Kaira,England,Samual
England,Melvin,Monroe,Kaira,England,Samual
England,Janna,Monroe,Kaira,England,Samual
Hawley,Alden,Monroe,Leticia,Hawley,Daequan
England,Cierra,Monroe,Kaira,England,Samual
Hawley,Steven,Monroe,Leticia,Hawley,Daequan
England,Irene,Monroe,Kaira,England,Samual
Hawley,Ward,Monroe,Leticia,Hawley,Daequan
England,Moriah,Monroe,Kaira,England,Samual
Hawley,Calib,Monroe,Leticia,Hawley,Daequan
England,Beverly,Monroe,Kaira,England,Samual
Hawley,Keshaun,Monroe,Leticia,Hawley,Daequan
England,Nadine,Monroe,Kaira,England,Samual
Hawley,Justice,Monroe,Leticia,Hawley,Daequan
England,Lexi,Monroe,Kaira,England,Samual
Griggs,Tyree,Blaha,Liliana,Griggs,Kameron
Hawley,Yolanda,Monroe,Leticia,Hawley,Daequan
Griggs,Guy,Blaha,Liliana,Griggs,Kameron
Hawley,Kaitlyn,Monroe,Leticia,Hawley,Daequan
Griggs,Ralph,Blaha,Liliana,Griggs,Kameron
Hawley,Judith,Monroe,Leticia,Hawley,Daequan
Griggs,Cedric,Blaha,Liliana,Griggs,Kameron
Griggs,Tiffani,Blaha,Liliana,Griggs,Kameron
Griggs,Brody,Blaha,Liliana,Griggs,Kameron
Griggs,Donisha,Blaha,Liliana,Griggs,Kameron
Griggs,Brooks,Blaha,Liliana,Griggs,Kameron
Griggs,Kenna,Blaha,Liliana,Griggs,Kameron
Haise,Torey,Chawla,Nicolle,Haise,Wyatt
Griggs,Shea,Blaha,Liliana,Griggs,Kameron
Haise,Alek,Chawla,Nicolle,Haise,Wyatt
Griggs,Logan,Blaha,Liliana,Griggs,Kameron
Haise,Stephan,Chawla,Nicolle,Haise,Wyatt
Haise,Margaret,Chawla,Nicolle,Haise,Wyatt
Haise,Carson,Rominger,Yvonne,Haise,Deric
Haise,Emilee,Rominger,Yvonne,Haise,Deric
Haise,Terrell,Rominger,Yvonne,Haise,Deric
Haise,Myranda,Rominger,Yvonne,Haise,Deric
Haise,Marquis,Rominger,Yvonne,Haise,Deric
Haise,Olga,Cockrell,Rayven,Haise,Branden
Haise,Cristopher,Cockrell,Rayven,Haise,Branden
Haise,Audra,Cockrell,Rayven,Haise,Branden
Haise,Jaron,Cockrell,Rayven,Haise,Branden
Haise,Lyric,Cockrell,Rayven,Haise,Branden
Haise,Trevor,Cockrell,Rayven,Haise,Branden
Haise,Carolina,Cockrell,Rayven,Haise,Branden
Haise,Howard,Cockrell,Rayven,Haise,Branden
Haise,Catalina,Cockrell,Rayven,Haise,Branden
Haise,Nicolas,Cockrell,Rayven,Haise,Branden
Haise,Kristy,Cockrell,Rayven,Haise,Branden
Haise,Devon,Cockrell,Rayven,Haise,Branden
Haise,Aishah,Cockrell,Rayven,Haise,Branden
Haise,Darien,Cockrell,Rayven,Haise,Branden
Haise,Nathaly,Cockrell,Rayven,Haise,Branden
Haise,Shaquille,Grant,Amna,Haise,Noel
Haise,Kelley,Grant,Amna,Haise,Noel
Haise,Shmuel,Grant,Amna,Haise,Noel
Haise,Lori,Grant,Amna,Haise,Noel
Haise,Oren,Grant,Amna,Haise,Noel
Haise,Beverly,Grant,Amna,Haise,Noel
Haise,Bernard,Grant,Amna,Haise,Noel
Haise,Joanna,Grant,Amna,Haise,Noel
Haise,Damien,Grant,Amna,Haise,Noel
Haise,Ramona,Grant,Amna,Haise,Noel
Haise,Mohamad,Grant,Amna,Haise,Noel
Haise,Angelika,Gibson,Armani,Haise,Davon
Haise,Keegan,Grant,Amna,Haise,Noel
Haise,Yahaira,Gibson,Dasia,Haise,Mauro
Haise,Terry,Gibson,Armani,Haise,Davon
Haise,Alisa,Gibson,Dasia,Haise,Mauro
Haise,Stanley,Gibson,Armani,Haise,Davon
Haise,Allegra,Gibson,Dasia,Haise,Mauro
Haise,Irfan,Gibson,Dasia,Haise,Mauro
Haise,Jabria,Gibson,Dasia,Haise,Mauro
Haise,Cristian,Gibson,Dasia,Haise,Mauro
Haise,Octavia,Gibson,Dasia,Haise,Mauro
Haise,Devonte,Gibson,Dasia,Haise,Mauro
Haise,Patience,Gibson,Dasia,Haise,Mauro
Haise,Lucas,Gibson,Dasia,Haise,Mauro
Haise,Paola,Gibson,Dasia,Haise,Mauro
Haise,Terrance,Gibson,Dasia,Haise,Mauro
Haise,Christina,Gibson,Dasia,Haise,Mauro
Haise,Kameron,Gibson,Dasia,Haise,Mauro
Haise,Kathleen,Gibson,Mileena,Haise,Ahmed
Haise,Keshaun,Gibson,Dasia,Haise,Mauro
Haise,Maren,Gibson,Mileena,Haise,Ahmed
Haise,Kade,Gibson,Dasia,Haise,Mauro
Haise,Kiesha,Gibson,Mileena,Haise,Ahmed
Haise,Shareef,Gibson,Dasia,Haise,Mauro
Gibson,Clare,Haise,Gabriela,Gibson,Ishmael
Haise,Peter,Gibson,Dasia,Haise,Mauro
Gibson,Sarai,Haise,Gabriela,Gibson,Ishmael
Haise,Darren,Gibson,Dasia,Haise,Mauro
Gibson,Diamond,Haise,Gabriela,Gibson,Ishmael
Haise,Trace,Gibson,Mileena,Haise,Ahmed
Gibson,Austin,Haise,Gabriela,Gibson,Ishmael
Haise,Russell,Gibson,Mileena,Haise,Ahmed
Gibson,Yesenia,Haise,Gabriela,Gibson,Ishmael
Gibson,Cecil,Haise,Gabriela,Gibson,Ishmael
Gibson,Ixchel,Haise,Gabriela,Gibson,Ishmael
Gibson,Ahmed,Haise,Gabriela,Gibson,Ishmael
Gibson,Chastity,Haise,Iris,Gibson,Gustavo
Gibson,Rand,Haise,Gabriela,Gibson,Ishmael
Gibson,Phoebe,Haise,Iris,Gibson,Gustavo
Gibson,Junior,Haise,Gabriela,Gibson,Ishmael
Gibson,Jaquana,Haise,Iris,Gibson,Gustavo
Gibson,Jon,Haise,Gabriela,Gibson,Ishmael
Gibson,Sarina,Haise,Iris,Gibson,Gustavo
Gibson,Brannon,Haise,Gabriela,Gibson,Ishmael
Gibson,Grecia,Haise,Iris,Gibson,Gustavo
Gibson,Gannon,Haise,Gabriela,Gibson,Ishmael
Gibson,Ryann,Haise,Iris,Gibson,Gustavo
Gibson,Jovon,Haise,Gabriela,Gibson,Ishmael
Gibson,Ramona,Haise,Haiden,Gibson,Al
Gibson,Corey,Haise,Iris,Gibson,Gustavo
Gibson,Kimberly,Haise,Haiden,Gibson,Al
Gibson,Esau,Haise,Iris,Gibson,Gustavo
Gibson,Dandrea,Haise,Haiden,Gibson,Al
Gibson,Giovanni,Haise,Iris,Gibson,Gustavo
Gibson,Stefanie,Haise,Haiden,Gibson,Al
Gibson,Cade,Haise,Iris,Gibson,Gustavo
Gibson,Kaira,Haise,Blake,Gibson,Christophe
Gibson,Keith,Haise,Iris,Gibson,Gustavo
Gibson,Athena,Haise,Blake,Gibson,Christophe
Gibson,Wilson,Haise,Iris,Gibson,Gustavo
Gibson,Kandice,Haise,Blake,Gibson,Christophe
Gibson,Britton,Haise,Haiden,Gibson,Al
Gibson,Amber,Haise,Blake,Gibson,Christophe
Gibson,Gunnar,Haise,Haiden,Gibson,Al
Gibson,Esmeralda,Haise,Blake,Gibson,Christophe
Gibson,Kirkland,Haise,Haiden,Gibson,Al
Gibson,Katlyn,Haise,Blake,Gibson,Christophe
Gibson,Zaquan,Haise,Blake,Gibson,Christophe
Gibson,Jocelyne,Haise,Blake,Gibson,Christophe
Gibson,Coby,Haise,Blake,Gibson,Christophe
Gibson,Chanel,Haise,Simone,Gibson,Jaquan
Gibson,Jamie,Haise,Blake,Gibson,Christophe
Gibson,Shianne,Haise,Simone,Gibson,Jaquan
Gibson,Lars,Haise,Blake,Gibson,Christophe
Gibson,Baily,Haise,Simone,Gibson,Jaquan
Gibson,Ryland,Haise,Simone,Gibson,Jaquan
Gibson,Sharon,Haise,Simone,Gibson,Jaquan
Gibson,Demonte,Haise,Simone,Gibson,Jaquan
Gibson,Natalie,Haise,Simone,Gibson,Jaquan
Gibson,Noe,Haise,Simone,Gibson,Jaquan
Gibson,Daesha,Haise,Simone,Gibson,Jaquan
Gibson,Daquan,Haise,Simone,Gibson,Jaquan
Gibson,Minna,Haise,Simone,Gibson,Jaquan
Gibson,Tony,Haise,Simone,Gibson,Jaquan
Gibson,Kenya,Haise,Alysa,Gibson,Tomas
Gibson,Reginald,Haise,Simone,Gibson,Jaquan
Gibson,Allie,Haise,Yadira,Gibson,Gunner
Gibson,Landin,Haise,Simone,Gibson,Jaquan
Gibson,Chelsie,Haise,Yadira,Gibson,Gunner
Gibson,Romello,Haise,Simone,Gibson,Jaquan
Gibson,Lizette,Haise,Yadira,Gibson,Gunner
Gibson,Brennan,Haise,Alysa,Gibson,Tomas
Gibson,Evangelina,Haise,Yadira,Gibson,Gunner
Gibson,Nico,Haise,Alysa,Gibson,Tomas
Gibson,Julianne,Haise,Yadira,Gibson,Gunner
Gibson,Carl,Haise,Alysa,Gibson,Tomas
Gibson,Lauren,Haise,Yadira,Gibson,Gunner
Gibson,Ethan,Haise,Yadira,Gibson,Gunner
Gibson,Maureen,Haise,Yadira,Gibson,Gunner
Gibson,Lukas,Haise,Yadira,Gibson,Gunner
Gibson,Skylar,Haise,Yadira,Gibson,Gunner
Gibson,Ismael,Haise,Yadira,Gibson,Gunner
Cox,Connie,Gibson,Mayra,Cox,Lauren
Gibson,Myles,Haise,Yadira,Gibson,Gunner
Cox,Katherine,Gibson,Deyaneira,Cox,Luciano
Gibson,Yakov,Haise,Yadira,Gibson,Gunner
Cox,Savanna,Gibson,Deyaneira,Cox,Luciano
Cox,Caden,Gibson,Mayra,Cox,Lauren
Cox,Chantal,Gibson,Deyaneira,Cox,Luciano
Cox,Matthew,Gibson,Mayra,Cox,Lauren
Cox,Sade,Gibson,Deyaneira,Cox,Luciano
Cox,Jeffery,Gibson,Mayra,Cox,Lauren
Cox,Leanna,Gibson,Deyaneira,Cox,Luciano
Cox,Toby,Gibson,Mayra,Cox,Lauren
Cox,Juliana,Gibson,Deyaneira,Cox,Luciano
Cox,Gunner,Gibson,Deyaneira,Cox,Luciano
Cox,Alexia,Gibson,Deyaneira,Cox,Luciano
Cox,Maverick,Gibson,Deyaneira,Cox,Luciano
Cox,Genesis,Gibson,Laquisha,Cox,Ignacio
Cox,Lawrence,Gibson,Deyaneira,Cox,Luciano
Cox,Allyssa,Gibson,Laquisha,Cox,Ignacio
Cox,Ashton,Gibson,Deyaneira,Cox,Luciano
Cox,Yazmin,Newman,Eleni,Cox,Cristopher
Cox,Asher,Gibson,Deyaneira,Cox,Luciano
Cox,Bailey,Newman,Eleni,Cox,Cristopher
Cox,Misael,Gibson,Deyaneira,Cox,Luciano
Cox,Dianne,Newman,Eleni,Cox,Cristopher
Cox,Bernard,Gibson,Laquisha,Cox,Ignacio
Cox,Yajayra,Newman,Eleni,Cox,Cristopher
Cox,Roberto,Newman,Eleni,Cox,Cristopher
Cox,Rosemary,Newman,Eleni,Cox,Cristopher
Cox,Deon,Newman,Eleni,Cox,Cristopher
Newman,Mikayla,Cox,Leslie,Newman,Leonel
Cox,Logan,Newman,Eleni,Cox,Cristopher
Newman,Sidney,Cox,Leslie,Newman,Leonel
Cox,Irvin,Newman,Eleni,Cox,Cristopher
Newman,Hadley,Cox,Leslie,Newman,Leonel
Cox,Addison,Newman,Eleni,Cox,Cristopher
Newman,Karyna,Cox,Leslie,Newman,Leonel
Cox,Marcello,Newman,Eleni,Cox,Cristopher
Newman,Makena,Cox,Leslie,Newman,Leonel
Cox,Kendall,Newman,Eleni,Cox,Cristopher
Newman,Luna,Cox,Leslie,Newman,Leonel
Cox,Kade,Newman,Eleni,Cox,Cristopher
Newman,Tyra,Cox,Leslie,Newman,Leonel
Cox,Koby,Newman,Eleni,Cox,Cristopher
Newman,Lourdes,Cox,Leslie,Newman,Leonel
Cox,Anton,Newman,Eleni,Cox,Cristopher
Newman,Keosha,Cox,Leslie,Newman,Leonel
Newman,Shmuel,Cox,Leslie,Newman,Leonel
Newman,Ashlie,Cox,Leslie,Newman,Leonel
Newman,Maximilian,Cox,Leslie,Newman,Leonel
Newman,Arielle,Cox,Leslie,Newman,Leonel
Newman,Anders,Cox,Leslie,Newman,Leonel
Newman,Teagan,Cox,Leslie,Newman,Leonel
Newman,Carlos,Cox,Leslie,Newman,Leonel
Wolf,Sarahmarie,Cox,Bria,Wolf,Ryen
Newman,Deion,Cox,Leslie,Newman,Leonel
Wolf,Brieanna,Cox,Bria,Wolf,Ryen
Newman,Lars,Cox,Leslie,Newman,Leonel
Wolf,Maryanna,Cox,Bria,Wolf,Ryen
Newman,Garrick,Cox,Leslie,Newman,Leonel
Wolf,Destiney,Cox,Bria,Wolf,Ryen
Newman,Tommy,Cox,Leslie,Newman,Leonel
Truman,Olivia,Cox,Melissa,Truman,Gage
Wolf,Douglas,Cox,Bria,Wolf,Ryen
Truman,Kirsten,Cox,Melissa,Truman,Gage
Wolf,Miles,Cox,Bria,Wolf,Ryen
Truman,Suzanna,Cox,Melissa,Truman,Gage
Wolf,Angelo,Cox,Bria,Wolf,Ryen
Truman,Savanah,Cox,Gabriele,Truman,Reginald
Truman,Deontae,Cox,Melissa,Truman,Gage
Truman,Chloe,Cox,Gabriele,Truman,Reginald
Truman,Alex,Cox,Melissa,Truman,Gage
Truman,Iesha,Cox,Gabriele,Truman,Reginald
Truman,Abdiel,Cox,Melissa,Truman,Gage
Truman,Amelia,Cox,Gabriele,Truman,Reginald
Truman,Keaton,Cox,Gabriele,Truman,Reginald
Truman,Sandy,Cox,Gabriele,Truman,Reginald
Truman,Jamari,Cox,Gabriele,Truman,Reginald
Truman,Kassandra,Cox,Gabriele,Truman,Reginald
Truman,Brayden,Cox,Gabriele,Truman,Reginald
Truman,Stevie,Cox,Gabriele,Truman,Reginald
Truman,Marc,Cox,Gabriele,Truman,Reginald
Truman,Jhane,Cox,Sandra,Truman,Antonio
Truman,Ivan,Cox,Gabriele,Truman,Reginald
Truman,Josie,Cox,Sandra,Truman,Antonio
Truman,Camron,Cox,Gabriele,Truman,Reginald
Truman,Kelsi,Cox,Sandra,Truman,Antonio
Truman,Demarco,Cox,Gabriele,Truman,Reginald
Truman,Kelsie,Cox,Sandra,Truman,Antonio
Truman,Brent,Cox,Gabriele,Truman,Reginald
Truman,Alesha,Cox,Sandra,Truman,Antonio
Truman,Soren,Cox,Gabriele,Truman,Reginald
Truman,Miah,Cox,Sandra,Truman,Antonio
Truman,Matthew,Cox,Sandra,Truman,Antonio
Truman,Ciarra,Newman,Anja,Truman,Jack
Truman,Sydney,Cox,Sandra,Truman,Antonio
Truman,Desaree,Newman,Anja,Truman,Jack
Truman,Kayle,Cox,Sandra,Truman,Antonio
Truman,Yajaira,Newman,Chelsie,Truman,Clint
Truman,Fernando,Cox,Sandra,Truman,Antonio
Truman,Yaritza,Newman,Chelsie,Truman,Clint
Truman,Vernon,Cox,Sandra,Truman,Antonio
Truman,Shane,Newman,Chelsie,Truman,Clint
Truman,Vincent,Cox,Sandra,Truman,Antonio
Truman,Stacy,Newman,Chelsie,Truman,Clint
Truman,Claudio,Cox,Sandra,Truman,Antonio
Truman,Jewel,Newman,Chelsie,Truman,Clint
Truman,Xzavier,Cox,Sandra,Truman,Antonio
Truman,Annmarie,Wolf,Carlie,Truman,Dylan
Truman,Ervin,Cox,Sandra,Truman,Antonio
Truman,Tabitha,Wolf,Carlie,Truman,Dylan
Truman,Dimitri,Newman,Anja,Truman,Jack
Truman,Kasey,Wolf,Carlie,Truman,Dylan
Truman,Rene,Newman,Chelsie,Truman,Clint
Truman,Lesly,Wolf,Carlie,Truman,Dylan
Truman,Jan,Newman,Chelsie,Truman,Clint
Truman,Odalys,Wolf,Carlie,Truman,Dylan
Truman,Wyatt,Newman,Chelsie,Truman,Clint
Truman,Yvette,Wolf,Carlie,Truman,Dylan
Truman,Andrew,Newman,Chelsie,Truman,Clint
Truman,Mandi,Wolf,Carlie,Truman,Dylan
Truman,Jalil,Wolf,Carlie,Truman,Dylan
Truman,Antoinette,Wolf,Carlie,Truman,Dylan
Truman,Rayvon,Wolf,Carlie,Truman,Dylan
Truman,Jania,Wolf,Carlie,Truman,Dylan
Truman,David,Wolf,Carlie,Truman,Dylan
Truman,Skye,Wolf,Cailin,Truman,Lukas
Truman,Mauro,Wolf,Carlie,Truman,Dylan
Rominger,Evelyn,Wolf,Siobhan,Rominger,Alberto
Truman,Reuben,Wolf,Carlie,Truman,Dylan
Rominger,Allyssa,Wolf,Siobhan,Rominger,Alberto
Truman,Ryland,Wolf,Carlie,Truman,Dylan
Rominger,Estefania,Wolf,Siobhan,Rominger,Alberto
Truman,Willis,Wolf,Cailin,Truman,Lukas
Rominger,Ruth,Wolf,Siobhan,Rominger,Alberto
Truman,Jarod,Wolf,Cailin,Truman,Lukas
Rominger,Makaila,Truman,Julissa,Rominger,Elias
Rominger,Earl,Wolf,Siobhan,Rominger,Alberto
Rominger,Larissa,Truman,Julissa,Rominger,Elias
Rominger,Joel,Wolf,Siobhan,Rominger,Alberto
Rominger,Kyla,Truman,Julissa,Rominger,Elias
Rominger,Thaddeus,Wolf,Siobhan,Rominger,Alberto
Rominger,Damaris,Truman,Julissa,Rominger,Elias
Rominger,Moses,Truman,Julissa,Rominger,Elias
Rominger,Khaliah,Truman,Julissa,Rominger,Elias
Rominger,Billy,Truman,Julissa,Rominger,Elias
Rominger,Tatianna,Truman,Julissa,Rominger,Elias
Rominger,Braydon,Truman,Julissa,Rominger,Elias
Rominger,Anitra,Truman,Carlye,Rominger,Sahil
Rominger,Josie,Truman,Julissa,Rominger,Elias
Rominger,Octavia,Truman,Carlye,Rominger,Sahil
Rominger,Khalil,Truman,Julissa,Rominger,Elias
Rominger,Amina,Truman,Carlye,Rominger,Sahil
Rominger,Treshaun,Truman,Julissa,Rominger,Elias
Rominger,Shyanne,Truman,Carlye,Rominger,Sahil
Rominger,Hiram,Truman,Julissa,Rominger,Elias
Rominger,Mikaela,Truman,Carlye,Rominger,Sahil
Rominger,Braxton,Truman,Carlye,Rominger,Sahil
Rominger,Calandra,Truman,Carlye,Rominger,Sahil
Rominger,Shaquille,Truman,Carlye,Rominger,Sahil
Rominger,Aesha,Truman,Ivy,Rominger,Tarik
Rominger,Nico,Truman,Carlye,Rominger,Sahil
Rominger,Alma,Truman,Ivy,Rominger,Tarik
Rominger,Neil,Truman,Carlye,Rominger,Sahil
Rominger,Lauren,Truman,Caitriona,Rominger,Landon
Rominger,Logan,Truman,Carlye,Rominger,Sahil
Rominger,Alice,Truman,Caitriona,Rominger,Landon
Rominger,Xavier,Truman,Carlye,Rominger,Sahil
Rominger,Lilian,Truman,Caitriona,Rominger,Landon
Rominger,Shamar,Truman,Carlye,Rominger,Sahil
Rominger,Eden,Truman,Caitriona,Rominger,Landon
Rominger,Arian,Truman,Carlye,Rominger,Sahil
Rominger,Iman,Truman,Caitriona,Rominger,Landon
Rominger,Clint,Truman,Carlye,Rominger,Sahil
Rominger,Xandria,Truman,Caitriona,Rominger,Landon
Rominger,Frederic,Truman,Ivy,Rominger,Tarik
Rominger,Lea,Truman,Caitriona,Rominger,Landon
Rominger,Cyrus,Truman,Ivy,Rominger,Tarik
Rominger,Erica,Truman,Caitriona,Rominger,Landon
Rominger,Deondre,Truman,Caitriona,Rominger,Landon
Rominger,Rose,Truman,Caitriona,Rominger,Landon
Rominger,Rory,Truman,Caitriona,Rominger,Landon
Rominger,Estrella,Truman,Caitriona,Rominger,Landon
Rominger,Alejandro,Truman,Caitriona,Rominger,Landon
Rominger,Trinity,Truman,Caitriona,Rominger,Landon
Rominger,Mathew,Truman,Caitriona,Rominger,Landon
Rominger,Anja,Truman,Caitriona,Rominger,Landon
Rominger,Sidney,Truman,Caitriona,Rominger,Landon
Rominger,Susan,Truman,Caitriona,Rominger,Landon
Rominger,Alden,Truman,Caitriona,Rominger,Landon
Rominger,Keyshla,Truman,Natalia,Rominger,Gary
Rominger,Leonel,Truman,Caitriona,Rominger,Landon
Rominger,Pamela,Truman,Natalia,Rominger,Gary
Rominger,Peyton,Truman,Natalia,Rominger,Gary
Rominger,Maegen,Truman,Natalia,Rominger,Gary
Rominger,Malik,Truman,Natalia,Rominger,Gary
Rominger,Maia,Truman,Natalia,Rominger,Gary
Rominger,Steven,Truman,Natalia,Rominger,Gary
Rominger,Estefani,Truman,Natalia,Rominger,Gary
Rominger,Peter,Truman,Natalia,Rominger,Gary
Rominger,Carmelita,Truman,Natalia,Rominger,Gary
Rominger,Tate,Truman,Natalia,Rominger,Gary
Rominger,Chantal,Truman,Natalia,Rominger,Gary
Robinson,Tanner,Truman,Yuki,Robinson,Ever
Rominger,Melody,Truman,Natalia,Rominger,Gary
Robinson,Andreas,Truman,Yuki,Robinson,Ever
Rominger,Elida,Truman,Natalia,Rominger,Gary
Robinson,Esau,Truman,Yuki,Robinson,Ever
Rominger,Shelbi,Truman,Natalia,Rominger,Gary
Robinson,Alfred,Truman,Yuki,Robinson,Ever
Rominger,Darcy,Truman,Natalia,Rominger,Gary
Robinson,Byron,Truman,Yuki,Robinson,Ever
Rominger,Kaydee,Truman,Natalia,Rominger,Gary
Robinson,Wilmer,Truman,Yuki,Robinson,Ever
Rominger,Adele,Truman,Natalia,Rominger,Gary
Robinson,Jon,Truman,Yuki,Robinson,Ever
Rominger,Serenity,Truman,Natalia,Rominger,Gary
Robinson,Robert,Truman,Yuki,Robinson,Ever
Robinson,Hope,Truman,Yuki,Robinson,Ever
Robinson,Jeff,Truman,Yuki,Robinson,Ever
Robinson,Karla,Truman,Yuki,Robinson,Ever
Robinson,Oliver,Truman,Tayler,Robinson,Alvin
Robinson,Kaylyn,Truman,Yuki,Robinson,Ever
Robinson,Benito,Truman,Tayler,Robinson,Alvin
Robinson,Lourdes,Truman,Yuki,Robinson,Ever
Robinson,Kaleb,Truman,Tayler,Robinson,Alvin
Robinson,Cassie,Truman,Yuki,Robinson,Ever
Camarda,Gerardo,Truman,Rebekah,Camarda,Tyrell
Robinson,Destiney,Truman,Yuki,Robinson,Ever
Camarda,Reynaldo,Truman,Rebekah,Camarda,Tyrell
Robinson,Jacklyn,Truman,Yuki,Robinson,Ever
Camarda,Jeff,Truman,Gerardo,Camarda,Kellen
Robinson,Shaylee,Truman,Yuki,Robinson,Ever
Camarda,Callahan,Truman,Gerardo,Camarda,Kellen
Robinson,Jaymi,Truman,Tayler,Robinson,Alvin
Camarda,Xavier,Truman,Gerardo,Camarda,Kellen
Robinson,Maddison,Truman,Tayler,Robinson,Alvin
Camarda,Brody,Truman,Gerardo,Camarda,Kellen
Camarda,Alessandra,Truman,Rebekah,Camarda,Tyrell
Camarda,Raymond,Truman,Gerardo,Camarda,Kellen
Camarda,Jameisha,Truman,Rebekah,Camarda,Tyrell
Camarda,Sunny,Truman,Gerardo,Camarda,Kellen
Camarda,Luz,Truman,Gerardo,Camarda,Kellen
Camarda,Quayshawn,Truman,Gerardo,Camarda,Kellen
Camarda,Jazmin,Truman,Gerardo,Camarda,Kellen
Camarda,Javon,Truman,Gerardo,Camarda,Kellen
Camarda,Fabiola,Truman,Gerardo,Camarda,Kellen
Camarda,Cameron,Truman,Gerardo,Camarda,Kellen
Camarda,Mckenzie,Truman,Gerardo,Camarda,Kellen
Linnehan,Marcell,Truman,Judy,Linnehan,Lashawn
Camarda,Jaime,Truman,Gerardo,Camarda,Kellen
Linnehan,Keagan,Truman,Judy,Linnehan,Lashawn
Camarda,Morgan,Truman,Gerardo,Camarda,Kellen
Linnehan,Richard,Truman,Judy,Linnehan,Lashawn
Camarda,Libby,Truman,Gerardo,Camarda,Kellen
Linnehan,Anton,Truman,Judy,Linnehan,Lashawn
Camarda,Jesslyn,Truman,Gerardo,Camarda,Kellen
Linnehan,Joel,Truman,Judy,Linnehan,Lashawn
Camarda,Marlene,Truman,Gerardo,Camarda,Kellen
Linnehan,Jeb,Truman,Judy,Linnehan,Lashawn
Camarda,Maxine,Truman,Gerardo,Camarda,Kellen
Linnehan,Josiah,Truman,Judy,Linnehan,Lashawn
Linnehan,Jayla,Truman,Judy,Linnehan,Lashawn
Linnehan,Dan,Truman,Judy,Linnehan,Lashawn
Linnehan,Krista,Truman,Judy,Linnehan,Lashawn
Linnehan,Braxton,Truman,Caroline,Linnehan,Kolton
Linnehan,Adriane,Truman,Judy,Linnehan,Lashawn
Linnehan,Jeffrey,Truman,Caroline,Linnehan,Kolton
Linnehan,Kacie,Truman,Judy,Linnehan,Lashawn
Linnehan,Devan,Truman,Caroline,Linnehan,Kolton
Linnehan,Sara,Truman,Judy,Linnehan,Lashawn
Linnehan,Kasey,Truman,Caroline,Linnehan,Kolton
Linnehan,Essence,Truman,Judy,Linnehan,Lashawn
Linnehan,Ravon,Truman,Sapphire,Linnehan,Timothy
Linnehan,Marcela,Truman,Caroline,Linnehan,Kolton
Linnehan,Joey,Truman,Sapphire,Linnehan,Timothy
Linnehan,Kristie,Truman,Caroline,Linnehan,Kolton
Linnehan,Kirkland,Truman,Sapphire,Linnehan,Timothy
Linnehan,Makena,Truman,Caroline,Linnehan,Kolton
Linnehan,Colton,Truman,Sapphire,Linnehan,Timothy
Linnehan,Martha,Truman,Caroline,Linnehan,Kolton
Linnehan,Elvin,Truman,Sapphire,Linnehan,Timothy
Linnehan,Rosalinda,Truman,Caroline,Linnehan,Kolton
Linnehan,Rene,Truman,Sapphire,Linnehan,Timothy
Linnehan,Adele,Truman,Caroline,Linnehan,Kolton
Linnehan,Jamir,Truman,Sapphire,Linnehan,Timothy
Linnehan,Erica,Truman,Sapphire,Linnehan,Timothy
Linnehan,Langston,Rominger,Sarahi,Linnehan,Idris
Linnehan,Kate,Truman,Sapphire,Linnehan,Timothy
Linnehan,Brenton,Rominger,Sarahi,Linnehan,Idris
Linnehan,Joan,Truman,Sapphire,Linnehan,Timothy
Linnehan,Jayson,Rominger,Sarahi,Linnehan,Idris
Linnehan,Kaylea,Truman,Sapphire,Linnehan,Timothy
Linnehan,Jeramie,Rominger,Minnie,Linnehan,Maleek
Linnehan,Tiffany,Truman,Sapphire,Linnehan,Timothy
Linnehan,Richie,Rominger,Minnie,Linnehan,Maleek
Linnehan,Kailey,Rominger,Sarahi,Linnehan,Idris
Linnehan,Dwayne,Rominger,Minnie,Linnehan,Maleek
Linnehan,Lynda,Rominger,Sarahi,Linnehan,Idris
Linnehan,Billy,Rominger,Minnie,Linnehan,Maleek
Linnehan,Adrienne,Rominger,Sarahi,Linnehan,Idris
Linnehan,Junior,Rominger,Minnie,Linnehan,Maleek
Linnehan,Merideth,Rominger,Sarahi,Linnehan,Idris
Linnehan,Shelby,Rominger,Minnie,Linnehan,Maleek
Linnehan,Keara,Rominger,Minnie,Linnehan,Maleek
Linnehan,Abraham,Rominger,Minnie,Linnehan,Maleek
Linnehan,Camelia,Rominger,Minnie,Linnehan,Maleek
Linnehan,Justyn,Rominger,Minnie,Linnehan,Maleek
Linnehan,Alexis,Rominger,Minnie,Linnehan,Maleek
Linnehan,Grayson,Robinson,Taelor,Linnehan,Lane
Linnehan,Noel,Robinson,Taelor,Linnehan,Lane
Linnehan,Quinn,Robinson,Taelor,Linnehan,Lane
Linnehan,Ashlyn,Robinson,Taelor,Linnehan,Lane
Linnehan,Guadalupe,Robinson,Taelor,Linnehan,Lane
Linnehan,Jocelyne,Robinson,Taelor,Linnehan,Lane
Linnehan,Peter,Camarda,Johana,Linnehan,Roger
Linnehan,Tynia,Robinson,Taelor,Linnehan,Lane
Linnehan,Leonard,Camarda,Johana,Linnehan,Roger
Linnehan,Julianna,Robinson,Taelor,Linnehan,Lane
Linnehan,Khalid,Camarda,Johana,Linnehan,Roger
Linnehan,Mckenna,Camarda,Johana,Linnehan,Roger
Linnehan,Keegan,Camarda,Johana,Linnehan,Roger
Linnehan,Anna,Camarda,Johana,Linnehan,Roger
Linnehan,Chris,Camarda,Johana,Linnehan,Roger
Linnehan,Alison,Camarda,Johana,Linnehan,Roger
Linnehan,Roberto,Camarda,Johana,Linnehan,Roger
Linnehan,Rikki,Camarda,Gloria,Linnehan,Gunner
Linnehan,Mitchel,Camarda,Johana,Linnehan,Roger
Linnehan,Rita,Camarda,Gloria,Linnehan,Gunner
Linnehan,Brody,Camarda,Johana,Linnehan,Roger
Linnehan,Tamia,Camarda,Gloria,Linnehan,Gunner
Linnehan,Moshe,Camarda,Gloria,Linnehan,Gunner
Linnehan,Kelley,Camarda,Gloria,Linnehan,Gunner
Linnehan,Jamie,Camarda,Gloria,Linnehan,Gunner
Linnehan,Dasia,Camarda,Gloria,Linnehan,Gunner
Linnehan,Drake,Camarda,Gloria,Linnehan,Gunner
Linnehan,Liana,Camarda,Eryn,Linnehan,Domenic
Linnehan,Torey,Camarda,Gloria,Linnehan,Gunner
Linnehan,Maricarmen,Camarda,Eryn,Linnehan,Domenic
Linnehan,Soren,Camarda,Gloria,Linnehan,Gunner
Linnehan,Chelsie,Camarda,Eryn,Linnehan,Domenic
Linnehan,Reese,Camarda,Gloria,Linnehan,Gunner
Linnehan,Eva,Camarda,Eryn,Linnehan,Domenic
Linnehan,Deontae,Camarda,Gloria,Linnehan,Gunner
Linnehan,Maggie,Camarda,Eryn,Linnehan,Domenic
Linnehan,Karl,Camarda,Eryn,Linnehan,Domenic
Linnehan,Gretchen,Camarda,Eryn,Linnehan,Domenic
Linnehan,Shane,Camarda,Eryn,Linnehan,Domenic
Linnehan,Rebekkah,Camarda,Eryn,Linnehan,Domenic
Linnehan,Andy,Camarda,Eryn,Linnehan,Domenic
England,Abby,Camarda,Nakia,England,Alvaro
England,Forest,Camarda,Nakia,England,Alvaro
England,Avery,Camarda,Nakia,England,Alvaro
England,Devyn,Camarda,Nakia,England,Alvaro
England,Kaylynn,Camarda,Nakia,England,Alvaro
England,Diamond,Camarda,Nakia,England,Alvaro
England,Zoi,Camarda,Nakia,England,Alvaro
England,Yobani,Camarda,Nakia,England,Alvaro
England,Micaela,Camarda,Nakia,England,Alvaro
England,Cristopher,Camarda,Nakia,England,Alvaro
England,Misty,Camarda,Nakia,England,Alvaro
England,Marquise,Camarda,Nakia,England,Alvaro
England,Kacey,Camarda,Nakia,England,Alvaro
England,Ahmad,Camarda,Nakia,England,Alvaro
England,Roxanne,Camarda,Nakia,England,Alvaro
England,Gerardo,Camarda,Nakia,England,Alvaro
England,Sonia,Camarda,Nakia,England,Alvaro
England,Zaquan,Linnehan,Janette,England,Trace
England,Valeria,Camarda,Nakia,England,Alvaro
England,Seamus,Linnehan,Janette,England,Trace
England,Tamera,Linnehan,Janette,England,Trace
England,Walker,Linnehan,Janette,England,Trace
England,Debra,Linnehan,Janette,England,Trace
England,Tysheem,Linnehan,Janette,England,Trace
England,Chardonnay,Linnehan,Janette,England,Trace
England,Malcolm,Linnehan,Janette,England,Trace
England,Tyra,Linnehan,Janette,England,Trace
England,Tom,Linnehan,Janette,England,Trace
England,Myranda,Linnehan,Janette,England,Trace
England,Aleksandr,Linnehan,Patience,England,Tomas
England,Daja,Linnehan,Janette,England,Trace
England,Jayce,Linnehan,Patience,England,Tomas
England,Dandrea,Linnehan,Janette,England,Trace
England,Wilson,Linnehan,Patience,England,Tomas
England,Allison,Linnehan,Janette,England,Trace
England,Sergio,Linnehan,Patience,England,Tomas
England,Krupa,Linnehan,Janette,England,Trace
England,Marielle,Linnehan,Kyra,England,Karl
England,Kaela,Linnehan,Janette,England,Trace
England,Jordan,Linnehan,Kyra,England,Karl
England,Tristan,Linnehan,Patience,England,Tomas
England,August,Linnehan,Kyra,England,Karl
England,Promise,Linnehan,Patience,England,Tomas
England,Shaun,Linnehan,Kyra,England,Karl
England,Aja,Linnehan,Patience,England,Tomas
England,Kristopher,Linnehan,Kyra,England,Karl
England,Gabriella,Linnehan,Patience,England,Tomas
England,Maximillia,Linnehan,Kyra,England,Karl
England,Kandice,Linnehan,Patience,England,Tomas
England,Casey,Linnehan,Kyra,England,Karl
England,Nicolette,Linnehan,Patience,England,Tomas
England,Quentin,Linnehan,Kyra,England,Karl
England,Ashanti,Linnehan,Patience,England,Tomas
England,Simeon,Linnehan,Kyra,England,Karl
England,Katelyn,Linnehan,Kyra,England,Karl
England,Grant,Linnehan,Torrie,England,Francis
England,Karah,Linnehan,Kyra,England,Karl
England,Noe,Linnehan,Torrie,England,Francis
England,Kayla,Linnehan,Kyra,England,Karl
England,Ian,Linnehan,Torrie,England,Francis
England,Lindsey,Linnehan,Kyra,England,Karl
England,Dashane,Linnehan,Torrie,England,Francis
England,Alana,Linnehan,Kyra,England,Karl
England,Eddie,Linnehan,Torrie,England,Francis
England,Catherine,Linnehan,Kyra,England,Karl
England,Moses,Linnehan,Maegen,England,Enoch
England,Malika,Linnehan,Kyra,England,Karl
England,Greyson,Linnehan,Maegen,England,Enoch
England,Victoria,Linnehan,Kyra,England,Karl
England,Andrew,Linnehan,Maegen,England,Enoch
England,Suzanne,Linnehan,Kyra,England,Karl
England,Colt,Linnehan,Maegen,England,Enoch
England,Maricela,Linnehan,Torrie,England,Francis
England,Westley,Linnehan,Maegen,England,Enoch
England,Kaley,Linnehan,Torrie,England,Francis
England,Sydney,Linnehan,Maegen,England,Enoch
England,Ann,Linnehan,Torrie,England,Francis
England,Dylon,Linnehan,Maegen,England,Enoch
England,Kara,Linnehan,Torrie,England,Francis
England,Camden,Linnehan,Maegen,England,Enoch
England,Alysa,Linnehan,Torrie,England,Francis
England,Gannon,Linnehan,Maegen,England,Enoch
England,Sonya,Linnehan,Maegen,England,Enoch
England,Leonel,Linnehan,Maegen,England,Enoch
England,Deanna,Linnehan,Maegen,England,Enoch
England,Michel,Linnehan,Kalee,England,Cedric
England,Elizabeth,Linnehan,Maegen,England,Enoch
England,Rand,Linnehan,Kalee,England,Cedric
England,Chantel,Linnehan,Maegen,England,Enoch
England,Sammie,Linnehan,Kalee,England,Cedric
England,Jaquana,Linnehan,Maegen,England,Enoch
England,Emerson,Linnehan,Kalee,England,Cedric
England,Aileen,Linnehan,Maegen,England,Enoch
England,Kenyon,Linnehan,Kalee,England,Cedric
England,Luna,Linnehan,Maegen,England,Enoch
England,Anthony,Linnehan,Kalee,England,Cedric
England,Destiney,Linnehan,Maegen,England,Enoch
England,Salvatore,Linnehan,Faith,England,Dreshaun
England,Zoe,Linnehan,Kalee,England,Cedric
England,Keith,Linnehan,Faith,England,Dreshaun
England,Kayley,Linnehan,Kalee,England,Cedric
England,Erik,Linnehan,Faith,England,Dreshaun
England,Stephanie,Linnehan,Kalee,England,Cedric
England,Ted,Linnehan,Faith,England,Dreshaun
England,Halie,Linnehan,Kalee,England,Cedric
England,Brennon,Linnehan,Faith,England,Dreshaun
England,Niyah,Linnehan,Kalee,England,Cedric
England,Freeman,Linnehan,Faith,England,Dreshaun
England,Patsy,Linnehan,Kalee,England,Cedric
England,Eduardo,Linnehan,Faith,England,Dreshaun
England,Lynn,Linnehan,Kalee,England,Cedric
England,Jarod,Linnehan,Faith,England,Dreshaun
England,Krystle,Linnehan,Kalee,England,Cedric
England,Terrell,Hawley,Yolanda,England,Silas
England,Mindi,Linnehan,Kalee,England,Cedric
England,Zane,Hawley,Yolanda,England,Silas
England,Valencia,Linnehan,Faith,England,Dreshaun
England,Maximilian,Hawley,Yolanda,England,Silas
England,Marivel,Linnehan,Faith,England,Dreshaun
England,Johnathon,Hawley,Yolanda,England,Silas
England,Kasandra,Linnehan,Faith,England,Dreshaun
England,Bennett,Hawley,Yolanda,England,Silas
England,Debora,Linnehan,Faith,England,Dreshaun
England,Jaquan,Hawley,Yolanda,England,Silas
England,Shelley,Linnehan,Faith,England,Dreshaun
England,Jamison,Hawley,Yolanda,England,Silas
England,Margo,Linnehan,Faith,England,Dreshaun
England,Kalon,Hawley,Yolanda,England,Silas
England,Elijah,Linnehan,Faith,England,Dreshaun
England,Sutton,Hawley,Yolanda,England,Silas
England,Sharon,Hawley,Yolanda,England,Silas
England,Shlomo,Hawley,Yolanda,England,Silas
England,Gabrielle,Hawley,Yolanda,England,Silas
England,Roland,Hawley,Kaitlyn,England,Melvin
England,Madalyn,Hawley,Yolanda,England,Silas
England,Tyson,Hawley,Kaitlyn,England,Melvin
England,Johana,Hawley,Yolanda,England,Silas
England,Roger,Hawley,Kaitlyn,England,Melvin
England,Kalee,Hawley,Yolanda,England,Silas
England,Adan,Hawley,Kaitlyn,England,Melvin
England,Eileen,Hawley,Yolanda,England,Silas
England,Nickalus,Hawley,Kaitlyn,England,Melvin
England,Margarita,Hawley,Yolanda,England,Silas
England,Clarence,Hawley,Kaitlyn,England,Melvin
England,Aylin,Hawley,Yolanda,England,Silas
Hawley,Wilmer,England,Calli,Hawley,Alden
England,Jami,Hawley,Kaitlyn,England,Melvin
Hawley,Bryce,England,Calli,Hawley,Alden
England,Dayna,Hawley,Kaitlyn,England,Melvin
Hawley,Spenser,England,Calli,Hawley,Alden
England,Montana,Hawley,Kaitlyn,England,Melvin
Hawley,Sterling,England,Janna,Hawley,Steven
England,Frida,Hawley,Kaitlyn,England,Melvin
Hawley,Nikolas,England,Janna,Hawley,Steven
England,Samara,Hawley,Kaitlyn,England,Melvin
Hawley,Gunner,England,Janna,Hawley,Steven
England,Jada,Hawley,Kaitlyn,England,Melvin
Hawley,Dominic,England,Janna,Hawley,Steven
England,Sean,Hawley,Kaitlyn,England,Melvin
Hawley,Khalid,England,Janna,Hawley,Steven
England,Andrea,Hawley,Kaitlyn,England,Melvin
Hawley,Devonta,England,Janna,Hawley,Steven
England,Tara,Hawley,Kaitlyn,England,Melvin
Hawley,Perry,England,Janna,Hawley,Steven
England,Sharae,Hawley,Kaitlyn,England,Melvin
Hawley,Jerome,England,Janna,Hawley,Steven
England,Shane,Hawley,Kaitlyn,England,Melvin
Hawley,Hugo,England,Cierra,Hawley,Ward
Hawley,Synthia,England,Calli,Hawley,Alden
Hawley,Jeffery,England,Cierra,Hawley,Ward
Hawley,Kacie,England,Calli,Hawley,Alden
Hawley,Max,England,Cierra,Hawley,Ward
Hawley,Lindsey,England,Calli,Hawley,Alden
Hawley,Titus,England,Cierra,Hawley,Ward
Hawley,Kathleen,England,Calli,Hawley,Alden
Hawley,Alonso,England,Cierra,Hawley,Ward
Hawley,Alexandra,England,Calli,Hawley,Alden
Hawley,Tyrell,England,Cierra,Hawley,Ward
Hawley,Jazmine,England,Calli,Hawley,Alden
Hawley,Jorge,England,Irene,Hawley,Calib
Hawley,Tehya,England,Calli,Hawley,Alden
Hawley,Ibrahim,England,Irene,Hawley,Calib
Hawley,Maritza,England,Calli,Hawley,Alden
Hawley,Claudio,England,Irene,Hawley,Calib
Hawley,Delilah,England,Janna,Hawley,Steven
Hawley,Guadalupe,England,Irene,Hawley,Calib
Hawley,Marivel,England,Janna,Hawley,Steven
Hawley,Brennan,England,Irene,Hawley,Calib
Hawley,Jaqueline,England,Janna,Hawley,Steven
Hawley,Benjamin,England,Irene,Hawley,Calib
Hawley,Janesha,England,Janna,Hawley,Steven
Hawley,Kristopher,England,Moriah,Hawley,Keshaun
Hawley,Susan,England,Janna,Hawley,Steven
Hawley,Deonte,England,Moriah,Hawley,Keshaun
Hawley,Nichole,England,Janna,Hawley,Steven
Hawley,Garret,England,Moriah,Hawley,Keshaun
Hawley,Kiarra,England,Cierra,Hawley,Ward
Hawley,Derick,England,Beverly,Hawley,Justice
Hawley,Ivy,England,Cierra,Hawley,Ward
Hawley,Darrion,England,Beverly,Hawley,Justice
Hawley,Aubree,England,Cierra,Hawley,Ward
Hawley,Tallon,England,Beverly,Hawley,Justice
Hawley,Irma,England,Cierra,Hawley,Ward
Griggs,Phillip,England,Nadine,Griggs,Tyree
Hawley,Cheyanne,England,Irene,Hawley,Calib
Griggs,Felipe,England,Nadine,Griggs,Tyree
Hawley,Shania,England,Irene,Hawley,Calib
Griggs,Deontae,England,Nadine,Griggs,Tyree
Hawley,Summer,England,Irene,Hawley,Calib
Griggs,Carlos,England,Nadine,Griggs,Tyree
Hawley,Nathalie,England,Irene,Hawley,Calib
Griggs,Jamie,England,Lexi,Griggs,Guy
Hawley,Geneva,England,Irene,Hawley,Calib
Griggs,Keion,England,Lexi,Griggs,Guy
Hawley,Hannah,England,Irene,Hawley,Calib
Griggs,Ulysses,England,Lexi,Griggs,Guy
Hawley,Simone,England,Irene,Hawley,Calib
Griggs,Babyboy,Hawley,Judith,Griggs,Ralph
Hawley,Carmela,England,Irene,Hawley,Calib
Griggs,German,Hawley,Judith,Griggs,Ralph
Hawley,Cecelia,England,Moriah,Hawley,Keshaun
Griggs,Andy,Hawley,Judith,Griggs,Ralph
Hawley,Jaymi,England,Moriah,Hawley,Keshaun
Griggs,Michael,Haise,Margaret,Griggs,Cedric
Hawley,Shyanne,England,Moriah,Hawley,Keshaun
Griggs,Clayton,Haise,Margaret,Griggs,Cedric
Hawley,Blake,England,Moriah,Hawley,Keshaun
Griggs,Isidro,Haise,Margaret,Griggs,Cedric
Hawley,Chelsey,England,Moriah,Hawley,Keshaun
Griggs,Chase,Haise,Margaret,Griggs,Cedric
Hawley,Kyla,England,Moriah,Hawley,Keshaun
Griggs,Myron,Haise,Emilee,Griggs,Brody
Hawley,Taylor,England,Moriah,Hawley,Keshaun
Griggs,Salvatore,Haise,Emilee,Griggs,Brody
Hawley,Kimberly,England,Moriah,Hawley,Keshaun
Griggs,Deshaun,Haise,Emilee,Griggs,Brody
Hawley,Stacy,England,Beverly,Hawley,Justice
Griggs,Blake,Haise,Myranda,Griggs,Brooks
Hawley,Tanna,England,Beverly,Hawley,Justice
Griggs,Tanner,Haise,Myranda,Griggs,Brooks
Hawley,Noel,England,Beverly,Hawley,Justice
Griggs,Jairus,Haise,Myranda,Griggs,Brooks
Griggs,Elida,England,Nadine,Griggs,Tyree
Griggs,Kade,Haise,Myranda,Griggs,Brooks
Griggs,Chelsy,England,Nadine,Griggs,Tyree
Griggs,Morgan,Haise,Myranda,Griggs,Brooks
Griggs,Jaymie,England,Nadine,Griggs,Tyree
Griggs,Wylie,Haise,Myranda,Griggs,Brooks
Griggs,Precious,England,Nadine,Griggs,Tyree
Griggs,Emiliano,Haise,Myranda,Griggs,Brooks
Griggs,Alana,England,Nadine,Griggs,Tyree
Haise,Jamal,Griggs,Tiffani,Haise,Torey
Griggs,Maribel,England,Nadine,Griggs,Tyree
Haise,Freddy,Griggs,Tiffani,Haise,Torey
Griggs,Jessica,England,Nadine,Griggs,Tyree
Haise,Sutton,Griggs,Tiffani,Haise,Torey
Griggs,Sadia,England,Lexi,Griggs,Guy
Haise,Kamau,Griggs,Tiffani,Haise,Torey
Griggs,Claire,England,Lexi,Griggs,Guy
Haise,Reese,Griggs,Tiffani,Haise,Torey
Griggs,Sunny,England,Lexi,Griggs,Guy
Haise,Oliver,Griggs,Tiffani,Haise,Torey
Griggs,Onesha,England,Lexi,Griggs,Guy
Haise,Jonah,Griggs,Tiffani,Haise,Torey
Griggs,Simone,England,Lexi,Griggs,Guy
Haise,Mario,Griggs,Tiffani,Haise,Torey
Griggs,Scarlett,Hawley,Judith,Griggs,Ralph
Haise,Gary,Griggs,Tiffani,Haise,Torey
Griggs,Sarafina,Haise,Margaret,Griggs,Cedric
Haise,Humberto,Griggs,Tiffani,Haise,Torey
Griggs,Jenny,Haise,Emilee,Griggs,Brody
Haise,Jovon,Griggs,Tiffani,Haise,Torey
Griggs,Courtney,Haise,Emilee,Griggs,Brody
Haise,Vinh,Griggs,Tiffani,Haise,Torey
Griggs,Kaela,Haise,Emilee,Griggs,Brody
Haise,Isaiah,Griggs,Donisha,Haise,Alek
Griggs,Keiarra,Haise,Emilee,Griggs,Brody
Haise,Marvin,Griggs,Donisha,Haise,Alek
Griggs,Jaden,Haise,Myranda,Griggs,Brooks
Haise,Houston,Griggs,Donisha,Haise,Alek
Haise,Sarina,Griggs,Tiffani,Haise,Torey
Haise,Mohammed,Griggs,Donisha,Haise,Alek
Haise,Monet,Griggs,Tiffani,Haise,Torey
Haise,Valentin,Griggs,Donisha,Haise,Alek
Haise,Leslie,Griggs,Tiffani,Haise,Torey
Haise,Carter,Griggs,Donisha,Haise,Alek
Haise,Liz,Griggs,Tiffani,Haise,Torey
Haise,Ibrahim,Griggs,Donisha,Haise,Alek
Haise,Skylar,Griggs,Tiffani,Haise,Torey
