Thagard,Damon,Lind,Gina,Thagard,Chris
Franklin,Jaclyn,Onizuka,Allison,Franklin,Noel
Duffy,Ramiro,Borman,Kristyn,Duffy,Reynaldo
Nagel,Claire,Cutter,Jamee,Nagel,Jamel
Duke,Alvaro,Still,Savanna,Duke,Michael
Hartsfield,Kayle,Hudson,Lisette,Hartsfield,Lauren
Nixon,Nickalus,Chawla,Abigayle,Nixon,Khalid
Burbank,Naomi,Grunsfeld,Jaden,Burbank,Brodie
Evans,Harold,Hoover,Lillian,Evans,Vernon
Gorie,Jade,Lopez,Leticia,Gorie,Parker
Stewart,Gilbert,Franklin,Dalila,Stewart,Ryland
Gutierrez,Kiera,Polk,Divya,Gutierrez,Lazaro
Creighton,Maximilian,Cunningham,Glenda,Creighton,Baby
Collins,Emilia,Collins,Colleen,Collins,Ignacio
Archambault,Garrison,McMonagle,Kylie,Archambault,Daron
Hoffman,Kiera,Schweickart,Dakota,Hoffman,Nestor
Duke,Dyllon,Zamka,Shelley,Duke,Dakota
Lind,Destinee,Forrester,Ana,Lind,Jason
Burbank,Kayvon,Fullerton,Lakeisha,Burbank,Mickey
Wilcutt,Breann,Duke,Antoinette,Wilcutt,Anton
Dunbar,Dominic,Fabian,Alisa,Dunbar,Zaquan
Jones,Faith,McNair,Shekinah,Jones,Bradley
Ride,Trace,McCulley,Salina,Ride,Anfernee
Melroy,Arianna,Carpenter,Chandler,Melroy,Desmond
Grant,Jayden,Lind,Cheyanne,Grant,Perry
Linnehan,Jewel,Wheelock,Lucia,Linnehan,Albert
Armstrong,Estevan,Ride,Alesha,Armstrong,Alexander
Nelson,Chandler,Nowak,Dorian,Nelson,Connor
Thagard,Jorge,Franklin,Jaclyn,Thagard,Damon
Tyler,Ramona,Walker,Yessica,Tyler,Gavin
Thagard,Walker,Franklin,Jaclyn,Thagard,Damon
Bolden,Julianna,Hauck,Keyshla,Bolden,Estevan
Thagard,Wilmer,Franklin,Jaclyn,Thagard,Damon
Thagard,Leigh,Franklin,Jaclyn,Thagard,Damon
Duffy,Steven,Nagel,Claire,Duffy,Ramiro
Thagard,Aaliyah,Franklin,Jaclyn,Thagard,Damon
Duffy,James,Nagel,Claire,Duffy,Ramiro
Thagard,Shaylee,Franklin,Jaclyn,Thagard,Damon
Duffy,Jacob,Nagel,Claire,Duffy,Ramiro
Thagard,Kathryn,Franklin,Jaclyn,Thagard,Damon
Duffy,Ty,Nagel,Claire,Duffy,Ramiro
Duffy,Abigayle,Nagel,Claire,Duffy,Ramiro
Duffy,Fredy,Nagel,Claire,Duffy,Ramiro
Duffy,Spencer,Nagel,Claire,Duffy,Ramiro
Duffy,Lamont,Nagel,Claire,Duffy,Ramiro
Duffy,Anisha,Nagel,Claire,Duffy,Ramiro
Duffy,Dwayne,Nagel,Claire,Duffy,Ramiro
Duffy,Shauna,Nagel,Claire,Duffy,Ramiro
Duke,Alonso,Hartsfield,Kayle,Duke,Alvaro
Duke,Iridian,Hartsfield,Kayle,Duke,Alvaro
Duke,Ezra,Hartsfield,Kayle,Duke,Alvaro
Duke,Rachael,Hartsfield,Kayle,Duke,Alvaro
Duke,Hugo,Hartsfield,Kayle,Duke,Alvaro
Duke,Kasandra,Hartsfield,Kayle,Duke,Alvaro
Duke,Torey,Hartsfield,Kayle,Duke,Alvaro
Duke,Joselyn,Hartsfield,Kayle,Duke,Alvaro
Duke,Tavon,Hartsfield,Kayle,Duke,Alvaro
Duke,Sharon,Hartsfield,Kayle,Duke,Alvaro
Duke,Soren,Hartsfield,Kayle,Duke,Alvaro
Duke,Michaela,Hartsfield,Kayle,Duke,Alvaro
Duke,Sam,Hartsfield,Kayle,Duke,Alvaro
Duke,Jessika,Hartsfield,Kayle,Duke,Alvaro
Nixon,Brodie,Burbank,Naomi,Nixon,Nickalus
Duke,Gabriel,Hartsfield,Kayle,Duke,Alvaro
Nixon,Devaughn,Burbank,Naomi,Nixon,Nickalus
Duke,Haley,Hartsfield,Kayle,Duke,Alvaro
Nixon,Lamonte,Burbank,Naomi,Nixon,Nickalus
Duke,Darrian,Hartsfield,Kayle,Duke,Alvaro
Nixon,Jade,Burbank,Naomi,Nixon,Nickalus
Nixon,Serenity,Burbank,Naomi,Nixon,Nickalus
Evans,Jairo,Gorie,Jade,Evans,Harold
Nixon,Darian,Burbank,Naomi,Nixon,Nickalus
Evans,Conrad,Gorie,Jade,Evans,Harold
Nixon,Reilly,Burbank,Naomi,Nixon,Nickalus
Stewart,Simeon,Gutierrez,Kiera,Stewart,Gilbert
Evans,Kaleigh,Gorie,Jade,Evans,Harold
Stewart,Derick,Gutierrez,Kiera,Stewart,Gilbert
Stewart,Makayla,Gutierrez,Kiera,Stewart,Gilbert
Stewart,Sahil,Gutierrez,Kiera,Stewart,Gilbert
Stewart,Reyna,Gutierrez,Kiera,Stewart,Gilbert
Stewart,Zachary,Gutierrez,Kiera,Stewart,Gilbert
Stewart,Katlyn,Gutierrez,Kiera,Stewart,Gilbert
Stewart,Kelson,Gutierrez,Kiera,Stewart,Gilbert
Stewart,Anamarie,Gutierrez,Kiera,Stewart,Gilbert
Stewart,Devon,Gutierrez,Kiera,Stewart,Gilbert
Stewart,Cheyanna,Gutierrez,Kiera,Stewart,Gilbert
Stewart,Davon,Gutierrez,Kiera,Stewart,Gilbert
Stewart,Ivory,Gutierrez,Kiera,Stewart,Gilbert
Stewart,Tristian,Gutierrez,Kiera,Stewart,Gilbert
Stewart,Sarahi,Gutierrez,Kiera,Stewart,Gilbert
Stewart,Chad,Gutierrez,Kiera,Stewart,Gilbert
Stewart,Monika,Gutierrez,Kiera,Stewart,Gilbert
Creighton,Jairus,Collins,Emilia,Creighton,Maximilian
Stewart,Selina,Gutierrez,Kiera,Stewart,Gilbert
Creighton,Junior,Collins,Emilia,Creighton,Maximilian
Creighton,Ansley,Collins,Emilia,Creighton,Maximilian
Creighton,Marvin,Collins,Emilia,Creighton,Maximilian
Creighton,Bailey,Collins,Emilia,Creighton,Maximilian
Archambault,Spenser,Hoffman,Kiera,Archambault,Garrison
Creighton,Banesa,Collins,Emilia,Creighton,Maximilian
Archambault,Hakeem,Hoffman,Kiera,Archambault,Garrison
Creighton,Nichelle,Collins,Emilia,Creighton,Maximilian
Archambault,Bennie,Hoffman,Kiera,Archambault,Garrison
Archambault,Kyla,Hoffman,Kiera,Archambault,Garrison
Archambault,Frederick,Hoffman,Kiera,Archambault,Garrison
Archambault,Estefania,Hoffman,Kiera,Archambault,Garrison
Archambault,James,Hoffman,Kiera,Archambault,Garrison
Archambault,Brecken,Hoffman,Kiera,Archambault,Garrison
Archambault,Maleek,Hoffman,Kiera,Archambault,Garrison
Archambault,Terri,Hoffman,Kiera,Archambault,Garrison
Archambault,Branden,Hoffman,Kiera,Archambault,Garrison
Archambault,Sheridan,Hoffman,Kiera,Archambault,Garrison
Duke,Milton,Lind,Destinee,Duke,Dyllon
Duke,Stefanie,Lind,Destinee,Duke,Dyllon
Duke,Austyn,Lind,Destinee,Duke,Dyllon
Duke,Cheyanne,Lind,Destinee,Duke,Dyllon
Burbank,Griffin,Wilcutt,Breann,Burbank,Kayvon
Burbank,Doris,Wilcutt,Breann,Burbank,Kayvon
Burbank,Ruben,Wilcutt,Breann,Burbank,Kayvon
Burbank,Krupa,Wilcutt,Breann,Burbank,Kayvon
Dunbar,Spencer,Jones,Faith,Dunbar,Dominic
Burbank,Courteney,Wilcutt,Breann,Burbank,Kayvon
Dunbar,Jasen,Jones,Faith,Dunbar,Dominic
Burbank,Johanna,Wilcutt,Breann,Burbank,Kayvon
Ride,Bryant,Melroy,Arianna,Ride,Trace
Burbank,Melissa,Wilcutt,Breann,Burbank,Kayvon
Ride,Wilson,Melroy,Arianna,Ride,Trace
Burbank,Aleisha,Wilcutt,Breann,Burbank,Kayvon
Ride,Patric,Melroy,Arianna,Ride,Trace
Burbank,Kylie,Wilcutt,Breann,Burbank,Kayvon
Ride,Mason,Melroy,Arianna,Ride,Trace
Burbank,Joceline,Wilcutt,Breann,Burbank,Kayvon
Ride,Willis,Melroy,Arianna,Ride,Trace
Burbank,Marjorie,Wilcutt,Breann,Burbank,Kayvon
Ride,Raymond,Melroy,Arianna,Ride,Trace
Dunbar,Diana,Jones,Faith,Dunbar,Dominic
Ride,Brock,Melroy,Arianna,Ride,Trace
Dunbar,Miranda,Jones,Faith,Dunbar,Dominic
Ride,Damian,Melroy,Arianna,Ride,Trace
Ride,Breona,Melroy,Arianna,Ride,Trace
Ride,Maleek,Melroy,Arianna,Ride,Trace
Ride,Juliette,Melroy,Arianna,Ride,Trace
Grant,Dominic,Linnehan,Jewel,Grant,Jayden
Ride,Kaelyn,Melroy,Arianna,Ride,Trace
Grant,Dangelo,Linnehan,Jewel,Grant,Jayden
Ride,Michele,Melroy,Arianna,Ride,Trace
Armstrong,Skyler,Nelson,Chandler,Armstrong,Estevan
Ride,Shaye,Melroy,Arianna,Ride,Trace
Armstrong,Luke,Nelson,Chandler,Armstrong,Estevan
Ride,Lucy,Melroy,Arianna,Ride,Trace
Armstrong,Aidan,Nelson,Chandler,Armstrong,Estevan
Ride,Audra,Melroy,Arianna,Ride,Trace
Armstrong,Blaine,Nelson,Chandler,Armstrong,Estevan
Ride,Devon,Melroy,Arianna,Ride,Trace
Armstrong,Dante,Nelson,Chandler,Armstrong,Estevan
Ride,Mahogany,Melroy,Arianna,Ride,Trace
Armstrong,Gary,Nelson,Chandler,Armstrong,Estevan
Grant,Nina,Linnehan,Jewel,Grant,Jayden
Armstrong,Jarvis,Nelson,Chandler,Armstrong,Estevan
Grant,Idaly,Linnehan,Jewel,Grant,Jayden
Armstrong,Devonte,Nelson,Chandler,Armstrong,Estevan
Grant,Marlena,Linnehan,Jewel,Grant,Jayden
Thagard,Dangelo,Tyler,Ramona,Thagard,Jorge
Grant,Nathalia,Linnehan,Jewel,Grant,Jayden
Thagard,Ahmad,Bolden,Julianna,Thagard,Walker
Grant,Abbigail,Linnehan,Jewel,Grant,Jayden
Thagard,Caleb,Bolden,Julianna,Thagard,Walker
Grant,Michele,Linnehan,Jewel,Grant,Jayden
Thagard,Deontae,Bolden,Julianna,Thagard,Walker
Grant,Dandrea,Linnehan,Jewel,Grant,Jayden
Thagard,Leroy,Bolden,Julianna,Thagard,Walker
Armstrong,Deondra,Nelson,Chandler,Armstrong,Estevan
Thagard,Hakeem,Bolden,Julianna,Thagard,Walker
Armstrong,Rebecca,Nelson,Chandler,Armstrong,Estevan
Thagard,Dallin,Bolden,Julianna,Thagard,Walker
Armstrong,Shakira,Nelson,Chandler,Armstrong,Estevan
Thagard,Travon,Bolden,Julianna,Thagard,Walker
Armstrong,Shannon,Nelson,Chandler,Armstrong,Estevan
Thagard,Estevan,Bolden,Julianna,Thagard,Walker
Armstrong,Janna,Nelson,Chandler,Armstrong,Estevan
Thagard,Moses,Bolden,Julianna,Thagard,Walker
Armstrong,Synthia,Nelson,Chandler,Armstrong,Estevan
Thagard,Terrance,Duffy,Abigayle,Thagard,Wilmer
Armstrong,Carol,Nelson,Chandler,Armstrong,Estevan
Duffy,Gannon,Thagard,Leigh,Duffy,Steven
Armstrong,Joi,Nelson,Chandler,Armstrong,Estevan
Duffy,Tanner,Thagard,Leigh,Duffy,Steven
Armstrong,Kayleigh,Nelson,Chandler,Armstrong,Estevan
Duffy,Pierce,Thagard,Aaliyah,Duffy,James
Thagard,Ansley,Tyler,Ramona,Thagard,Jorge
Duffy,Charles,Thagard,Aaliyah,Duffy,James
Thagard,Britni,Tyler,Ramona,Thagard,Jorge
Duffy,Russell,Thagard,Aaliyah,Duffy,James
Thagard,Isadora,Bolden,Julianna,Thagard,Walker
Duffy,Arturo,Thagard,Aaliyah,Duffy,James
Thagard,Victoria,Bolden,Julianna,Thagard,Walker
Duffy,Ethan,Thagard,Aaliyah,Duffy,James
Thagard,Lynda,Bolden,Julianna,Thagard,Walker
Duffy,Anders,Thagard,Aaliyah,Duffy,James
Thagard,Arlene,Bolden,Julianna,Thagard,Walker
Duffy,Andy,Thagard,Shaylee,Duffy,Jacob
Thagard,Bailee,Bolden,Julianna,Thagard,Walker
Duffy,Keifer,Thagard,Shaylee,Duffy,Jacob
Thagard,Shanique,Bolden,Julianna,Thagard,Walker
Duffy,Reginald,Thagard,Shaylee,Duffy,Jacob
Thagard,Joceline,Bolden,Julianna,Thagard,Walker
Duffy,Earl,Thagard,Shaylee,Duffy,Jacob
Thagard,Ella,Duffy,Abigayle,Thagard,Wilmer
Duffy,Marcus,Thagard,Shaylee,Duffy,Jacob
Thagard,Faith,Duffy,Abigayle,Thagard,Wilmer
Duffy,Jonathon,Thagard,Shaylee,Duffy,Jacob
Duffy,Liz,Thagard,Leigh,Duffy,Steven
Duffy,Daxton,Thagard,Shaylee,Duffy,Jacob
Duffy,Lourdes,Thagard,Leigh,Duffy,Steven
Duffy,Riley,Thagard,Shaylee,Duffy,Jacob
Duffy,Janie,Thagard,Aaliyah,Duffy,James
Duffy,Tony,Thagard,Shaylee,Duffy,Jacob
Duffy,Candace,Thagard,Aaliyah,Duffy,James
Duffy,Luciano,Thagard,Kathryn,Duffy,Ty
Duffy,Rosemary,Thagard,Aaliyah,Duffy,James
Duffy,Hunter,Thagard,Kathryn,Duffy,Ty
Duffy,Jenniffer,Thagard,Shaylee,Duffy,Jacob
Duffy,Zaire,Thagard,Kathryn,Duffy,Ty
Duffy,Kiara,Thagard,Shaylee,Duffy,Jacob
Duffy,Glenn,Thagard,Kathryn,Duffy,Ty
Duffy,Cheyanna,Thagard,Shaylee,Duffy,Jacob
Duffy,Ralph,Duke,Iridian,Duffy,Fredy
Duffy,Christa,Thagard,Shaylee,Duffy,Jacob
Duffy,Kendall,Duke,Iridian,Duffy,Fredy
Duffy,Josephine,Thagard,Shaylee,Duffy,Jacob
Duffy,Lance,Duke,Iridian,Duffy,Fredy
Duffy,Rayna,Thagard,Shaylee,Duffy,Jacob
Duffy,Jasen,Duke,Iridian,Duffy,Fredy
Duffy,Aaliyah,Thagard,Shaylee,Duffy,Jacob
Duffy,Pablo,Duke,Iridian,Duffy,Fredy
Duffy,Linnea,Thagard,Shaylee,Duffy,Jacob
Duffy,Deonte,Duke,Rachael,Duffy,Lamont
Duffy,Brandy,Thagard,Shaylee,Duffy,Jacob
Duffy,Terrence,Duke,Rachael,Duffy,Lamont
Duffy,Doris,Thagard,Shaylee,Duffy,Jacob
Duffy,Caleb,Duke,Rachael,Duffy,Lamont
Duffy,Baylee,Thagard,Kathryn,Duffy,Ty
Duffy,Donte,Duke,Rachael,Duffy,Lamont
Duffy,Sheri,Thagard,Kathryn,Duffy,Ty
Duffy,Edward,Duke,Rachael,Duffy,Lamont
Duffy,Janna,Duke,Iridian,Duffy,Fredy
Duffy,Seth,Duke,Kasandra,Duffy,Dwayne
Duffy,Katrina,Duke,Iridian,Duffy,Fredy
Duffy,Dominick,Duke,Kasandra,Duffy,Dwayne
Duffy,Viridiana,Duke,Iridian,Duffy,Fredy
Duffy,Skylar,Duke,Kasandra,Duffy,Dwayne
Duffy,Alexus,Duke,Iridian,Duffy,Fredy
Duffy,Raekwon,Duke,Kasandra,Duffy,Dwayne
Duffy,Khyla,Duke,Iridian,Duffy,Fredy
Duffy,Tom,Duke,Kasandra,Duffy,Dwayne
Duffy,Berenice,Duke,Iridian,Duffy,Fredy
Duffy,Jesse,Duke,Kasandra,Duffy,Dwayne
Duffy,Dena,Duke,Iridian,Duffy,Fredy
Duffy,Amari,Duke,Kasandra,Duffy,Dwayne
Duffy,Michal,Duke,Iridian,Duffy,Fredy
Duffy,Albert,Duke,Kasandra,Duffy,Dwayne
Duffy,Virginia,Duke,Iridian,Duffy,Fredy
Duffy,Emiliano,Duke,Kasandra,Duffy,Dwayne
Duffy,Tiara,Duke,Iridian,Duffy,Fredy
Duffy,Samuel,Duke,Kasandra,Duffy,Dwayne
Duffy,Jaden,Duke,Iridian,Duffy,Fredy
Duke,Barry,Duffy,Spencer,Duke,Alonso
Duffy,Laquisha,Duke,Iridian,Duffy,Fredy
Duke,Julian,Duffy,Spencer,Duke,Alonso
Duffy,Genna,Duke,Kasandra,Duffy,Dwayne
Duke,Riley,Duffy,Spencer,Duke,Alonso
Duffy,Tierney,Duke,Kasandra,Duffy,Dwayne
Duke,Jared,Duffy,Spencer,Duke,Alonso
Duffy,Zoi,Duke,Kasandra,Duffy,Dwayne
Duke,Buford,Duffy,Spencer,Duke,Alonso
Duffy,Cortney,Duke,Kasandra,Duffy,Dwayne
Duke,Nick,Duffy,Spencer,Duke,Alonso
Duffy,Shiloh,Duke,Kasandra,Duffy,Dwayne
Duke,Denver,Duffy,Anisha,Duke,Ezra
Duke,Nora,Duffy,Spencer,Duke,Alonso
Duke,Nestor,Duffy,Anisha,Duke,Ezra
Duke,Claire,Duffy,Spencer,Duke,Alonso
Duke,Ian,Duffy,Shauna,Duke,Hugo
Duke,Patricia,Duffy,Spencer,Duke,Alonso
Duke,Agustin,Duffy,Shauna,Duke,Hugo
Duke,Miriam,Duffy,Spencer,Duke,Alonso
Duke,Deleon,Duffy,Shauna,Duke,Hugo
Duke,Vivian,Duffy,Spencer,Duke,Alonso
Duke,Tyrone,Duffy,Shauna,Duke,Hugo
Duke,Dena,Duffy,Spencer,Duke,Alonso
Duke,Conrad,Duffy,Shauna,Duke,Hugo
Duke,Daisy,Duffy,Spencer,Duke,Alonso
Duke,Dennis,Duffy,Shauna,Duke,Hugo
Duke,Nicole,Duffy,Anisha,Duke,Ezra
Duke,Hugh,Duffy,Shauna,Duke,Hugo
Duke,Tristin,Duffy,Anisha,Duke,Ezra
Duke,Johan,Duffy,Shauna,Duke,Hugo
Duke,Miah,Duffy,Anisha,Duke,Ezra
Duke,Koby,Duffy,Shauna,Duke,Hugo
Duke,Lindsay,Duffy,Anisha,Duke,Ezra
Duke,Angel,Nixon,Serenity,Duke,Torey
Duke,Olivia,Duffy,Anisha,Duke,Ezra
Duke,Zakery,Nixon,Serenity,Duke,Torey
Duke,Cara,Duffy,Anisha,Duke,Ezra
Duke,Lionel,Nixon,Serenity,Duke,Torey
Duke,Logan,Duffy,Anisha,Duke,Ezra
Duke,Craig,Nixon,Serenity,Duke,Torey
Duke,Kourtney,Duffy,Shauna,Duke,Hugo
Duke,Dustin,Nixon,Darian,Duke,Tavon
Duke,Selena,Duffy,Shauna,Duke,Hugo
Duke,Colby,Nixon,Darian,Duke,Tavon
Duke,Caitlan,Duffy,Shauna,Duke,Hugo
Duke,Wanya,Nixon,Darian,Duke,Tavon
Duke,Genesis,Duffy,Shauna,Duke,Hugo
Duke,Joel,Nixon,Darian,Duke,Tavon
Duke,Dajanae,Duffy,Shauna,Duke,Hugo
Duke,Esau,Nixon,Darian,Duke,Tavon
Duke,Emiley,Duffy,Shauna,Duke,Hugo
Duke,Titus,Nixon,Darian,Duke,Tavon
Duke,Lexus,Duffy,Shauna,Duke,Hugo
Duke,Langston,Nixon,Darian,Duke,Tavon
Duke,Gina,Nixon,Serenity,Duke,Torey
Duke,Timothy,Nixon,Reilly,Duke,Soren
Duke,Tiffanie,Nixon,Serenity,Duke,Torey
Duke,Mariano,Nixon,Reilly,Duke,Soren
Duke,Katerina,Nixon,Darian,Duke,Tavon
Duke,Darrin,Nixon,Reilly,Duke,Soren
Duke,Ivy,Nixon,Darian,Duke,Tavon
Duke,Deontae,Nixon,Reilly,Duke,Soren
Duke,Beatriz,Nixon,Darian,Duke,Tavon
Duke,Lance,Nixon,Reilly,Duke,Soren
Duke,Jaida,Nixon,Darian,Duke,Tavon
Duke,Tyree,Nixon,Reilly,Duke,Soren
Duke,Giovanna,Nixon,Darian,Duke,Tavon
Duke,Brett,Nixon,Reilly,Duke,Soren
Duke,Desteny,Nixon,Darian,Duke,Tavon
Duke,Vincent,Evans,Kaleigh,Duke,Sam
Duke,Emerald,Nixon,Darian,Duke,Tavon
Duke,Lashawn,Evans,Kaleigh,Duke,Sam
Duke,Taryn,Nixon,Darian,Duke,Tavon
Duke,Emerson,Evans,Kaleigh,Duke,Sam
Duke,Carmelita,Nixon,Darian,Duke,Tavon
Duke,Destin,Evans,Kaleigh,Duke,Sam
Duke,Drew,Nixon,Darian,Duke,Tavon
Duke,Ravon,Evans,Kaleigh,Duke,Sam
Duke,Sherry,Nixon,Reilly,Duke,Soren
Duke,Barrett,Evans,Kaleigh,Duke,Sam
Duke,Xian,Nixon,Reilly,Duke,Soren
Duke,Jeremey,Evans,Kaleigh,Duke,Sam
Duke,Clare,Nixon,Reilly,Duke,Soren
Duke,Allan,Evans,Kaleigh,Duke,Sam
Duke,Brigitte,Nixon,Reilly,Duke,Soren
Duke,Nickolas,Evans,Kaleigh,Duke,Sam
Duke,Deja,Nixon,Reilly,Duke,Soren
Duke,Keegan,Evans,Kaleigh,Duke,Sam
Duke,Jamiya,Nixon,Reilly,Duke,Soren
Duke,Jasper,Evans,Kaleigh,Duke,Sam
Duke,Bree,Nixon,Reilly,Duke,Soren
Nixon,Johnny,Duke,Joselyn,Nixon,Brodie
Duke,Audrey,Nixon,Reilly,Duke,Soren
Nixon,Kevon,Duke,Joselyn,Nixon,Brodie
Duke,Ravin,Nixon,Reilly,Duke,Soren
Nixon,Connor,Duke,Joselyn,Nixon,Brodie
Duke,Meredith,Nixon,Reilly,Duke,Soren
Nixon,Ray,Duke,Joselyn,Nixon,Brodie
Duke,Moesha,Nixon,Reilly,Duke,Soren
Nixon,Rand,Duke,Sharon,Nixon,Devaughn
Duke,Roslyn,Evans,Kaleigh,Duke,Sam
Nixon,Don,Duke,Sharon,Nixon,Devaughn
Duke,Keara,Evans,Kaleigh,Duke,Sam
Nixon,Emmanuel,Duke,Sharon,Nixon,Devaughn
Duke,Rubi,Evans,Kaleigh,Duke,Sam
Nixon,Stefan,Duke,Sharon,Nixon,Devaughn
Nixon,Sonia,Duke,Joselyn,Nixon,Brodie
Nixon,Damon,Duke,Sharon,Nixon,Devaughn
Nixon,Minna,Duke,Joselyn,Nixon,Brodie
Nixon,Tyrone,Duke,Sharon,Nixon,Devaughn
Nixon,Mattie,Duke,Joselyn,Nixon,Brodie
Nixon,Isidro,Duke,Sharon,Nixon,Devaughn
Nixon,Katelyn,Duke,Joselyn,Nixon,Brodie
Nixon,Neftaly,Duke,Sharon,Nixon,Devaughn
Nixon,Savanah,Duke,Sharon,Nixon,Devaughn
Nixon,Jaron,Duke,Sharon,Nixon,Devaughn
Nixon,Martha,Duke,Sharon,Nixon,Devaughn
Nixon,Anton,Duke,Sharon,Nixon,Devaughn
Nixon,Lyric,Duke,Sharon,Nixon,Devaughn
Nixon,Lorenzo,Duke,Sharon,Nixon,Devaughn
Nixon,Peyton,Duke,Sharon,Nixon,Devaughn
Nixon,San,Duke,Sharon,Nixon,Devaughn
Nixon,Deja,Duke,Sharon,Nixon,Devaughn
Nixon,Dante,Duke,Michaela,Nixon,Lamonte
Nixon,Saige,Duke,Sharon,Nixon,Devaughn
Nixon,Lee,Duke,Jessika,Nixon,Jade
Nixon,Kyla,Duke,Michaela,Nixon,Lamonte
Nixon,Markus,Duke,Jessika,Nixon,Jade
Nixon,Molli,Duke,Michaela,Nixon,Lamonte
Nixon,Nathanael,Duke,Jessika,Nixon,Jade
Nixon,Ashanti,Duke,Michaela,Nixon,Lamonte
Nixon,Rashaun,Duke,Jessika,Nixon,Jade
Nixon,Christa,Duke,Jessika,Nixon,Jade
Nixon,Carl,Duke,Jessika,Nixon,Jade
Nixon,Aimee,Duke,Jessika,Nixon,Jade
Nixon,Rafael,Duke,Jessika,Nixon,Jade
Nixon,Halie,Duke,Jessika,Nixon,Jade
Nixon,Jermaine,Duke,Jessika,Nixon,Jade
Nixon,Tamisha,Duke,Jessika,Nixon,Jade
Nixon,Landon,Duke,Jessika,Nixon,Jade
Nixon,Clair,Duke,Jessika,Nixon,Jade
Evans,Shan,Duke,Gabriel,Evans,Jairo
Evans,Eryn,Duke,Gabriel,Evans,Jairo
Evans,Bill,Duke,Gabriel,Evans,Jairo
Evans,Devonna,Duke,Gabriel,Evans,Jairo
Evans,Jaylon,Duke,Gabriel,Evans,Jairo
Evans,Maisie,Duke,Gabriel,Evans,Jairo
Evans,Mohamad,Duke,Gabriel,Evans,Jairo
Evans,Amanda,Duke,Gabriel,Evans,Jairo
Evans,Mitchell,Duke,Haley,Evans,Conrad
Evans,Blair,Duke,Gabriel,Evans,Jairo
Evans,Roberto,Duke,Haley,Evans,Conrad
Evans,Keisha,Duke,Gabriel,Evans,Jairo
Stewart,Hector,Duke,Darrian,Stewart,Simeon
Evans,Kaylin,Duke,Haley,Evans,Conrad
Stewart,Stephen,Duke,Darrian,Stewart,Simeon
Evans,Kandice,Duke,Haley,Evans,Conrad
Stewart,Pierce,Duke,Darrian,Stewart,Simeon
Stewart,Marianne,Duke,Darrian,Stewart,Simeon
Stewart,Dequan,Duke,Darrian,Stewart,Simeon
Stewart,Regina,Duke,Darrian,Stewart,Simeon
Stewart,Tad,Duke,Darrian,Stewart,Simeon
Stewart,Jaymi,Duke,Darrian,Stewart,Simeon
Stewart,Daron,Duke,Darrian,Stewart,Simeon
Stewart,Becca,Duke,Darrian,Stewart,Simeon
Stewart,Augustus,Creighton,Ansley,Stewart,Derick
Stewart,Jaquana,Duke,Darrian,Stewart,Simeon
Stewart,Kelsey,Creighton,Ansley,Stewart,Derick
Stewart,Paula,Creighton,Bailey,Stewart,Sahil
Stewart,Dominique,Creighton,Ansley,Stewart,Derick
Stewart,Sadie,Creighton,Bailey,Stewart,Sahil
Stewart,Stephanie,Creighton,Ansley,Stewart,Derick
Stewart,Promise,Creighton,Bailey,Stewart,Sahil
Stewart,Sawyer,Creighton,Ansley,Stewart,Derick
Stewart,Violet,Creighton,Bailey,Stewart,Sahil
Stewart,Francisco,Creighton,Bailey,Stewart,Sahil
Stewart,Janae,Creighton,Banesa,Stewart,Zachary
Stewart,Jacky,Creighton,Banesa,Stewart,Zachary
Stewart,Bianca,Creighton,Banesa,Stewart,Zachary
Stewart,Daxton,Creighton,Banesa,Stewart,Zachary
Stewart,Heather,Creighton,Banesa,Stewart,Zachary
Stewart,Trevin,Creighton,Banesa,Stewart,Zachary
Stewart,Anita,Creighton,Banesa,Stewart,Zachary
Stewart,Edgardo,Creighton,Banesa,Stewart,Zachary
Stewart,Julie,Creighton,Banesa,Stewart,Zachary
Stewart,Trentin,Creighton,Nichelle,Stewart,Kelson
Stewart,Selena,Creighton,Nichelle,Stewart,Kelson
Stewart,Nour,Creighton,Nichelle,Stewart,Kelson
Stewart,Anahi,Creighton,Nichelle,Stewart,Kelson
Stewart,Jesse,Archambault,Kyla,Stewart,Devon
Stewart,Katheryn,Archambault,Kyla,Stewart,Devon
Stewart,Terrance,Archambault,Kyla,Stewart,Devon
Stewart,Dakota,Archambault,Kyla,Stewart,Devon
Stewart,Savion,Archambault,Kyla,Stewart,Devon
Stewart,Reina,Archambault,Kyla,Stewart,Devon
Stewart,Brayden,Archambault,Kyla,Stewart,Devon
Stewart,Jeanna,Archambault,Kyla,Stewart,Devon
Stewart,Brennan,Archambault,Kyla,Stewart,Devon
Stewart,Ciarra,Archambault,Kyla,Stewart,Devon
Stewart,Ethan,Archambault,Kyla,Stewart,Devon
Stewart,Sienna,Archambault,Kyla,Stewart,Devon
Stewart,Justin,Archambault,Kyla,Stewart,Devon
Stewart,Luisa,Archambault,Kyla,Stewart,Devon
Stewart,Darnell,Archambault,Kyla,Stewart,Devon
Stewart,Kayley,Archambault,Estefania,Stewart,Davon
Stewart,Nick,Archambault,Estefania,Stewart,Davon
Stewart,Emilee,Archambault,Estefania,Stewart,Davon
Stewart,Julius,Archambault,Brecken,Stewart,Tristian
Stewart,Libby,Archambault,Estefania,Stewart,Davon
Stewart,Wilson,Archambault,Brecken,Stewart,Tristian
Stewart,Yajayra,Archambault,Estefania,Stewart,Davon
Stewart,Hashim,Archambault,Terri,Stewart,Chad
Stewart,Rebecca,Archambault,Brecken,Stewart,Tristian
Stewart,Max,Archambault,Terri,Stewart,Chad
Stewart,Lexi,Archambault,Terri,Stewart,Chad
Creighton,Jarod,Stewart,Makayla,Creighton,Jairus
Stewart,Justice,Archambault,Terri,Stewart,Chad
Creighton,Niko,Stewart,Makayla,Creighton,Jairus
Creighton,Cassidy,Stewart,Makayla,Creighton,Jairus
Creighton,Dennis,Stewart,Makayla,Creighton,Jairus
Creighton,Genna,Stewart,Makayla,Creighton,Jairus
Creighton,Jayce,Stewart,Makayla,Creighton,Jairus
Creighton,Ashtyn,Stewart,Makayla,Creighton,Jairus
Creighton,Travis,Stewart,Makayla,Creighton,Jairus
Creighton,Mackenzie,Stewart,Makayla,Creighton,Jairus
Creighton,Malcolm,Stewart,Reyna,Creighton,Junior
Creighton,Sarahmarie,Stewart,Makayla,Creighton,Jairus
Creighton,Jarred,Stewart,Reyna,Creighton,Junior
Creighton,Brianne,Stewart,Reyna,Creighton,Junior
Creighton,Darius,Stewart,Reyna,Creighton,Junior
Creighton,Summer,Stewart,Reyna,Creighton,Junior
Creighton,Tommy,Stewart,Reyna,Creighton,Junior
Creighton,Cynthia,Stewart,Reyna,Creighton,Junior
Creighton,Grady,Stewart,Katlyn,Creighton,Marvin
Creighton,Desiree,Stewart,Reyna,Creighton,Junior
Creighton,Slaten,Stewart,Katlyn,Creighton,Marvin
Creighton,Deborah,Stewart,Reyna,Creighton,Junior
Creighton,Marc,Stewart,Katlyn,Creighton,Marvin
Creighton,Chantel,Stewart,Reyna,Creighton,Junior
Creighton,Deandre,Stewart,Katlyn,Creighton,Marvin
Creighton,Shakira,Stewart,Reyna,Creighton,Junior
Creighton,Andres,Stewart,Katlyn,Creighton,Marvin
Creighton,Esther,Stewart,Reyna,Creighton,Junior
Creighton,Daquan,Stewart,Katlyn,Creighton,Marvin
Creighton,Allyson,Stewart,Katlyn,Creighton,Marvin
Creighton,Clarence,Stewart,Katlyn,Creighton,Marvin
Creighton,Claudia,Stewart,Katlyn,Creighton,Marvin
Creighton,Ron,Stewart,Katlyn,Creighton,Marvin
Creighton,Lesli,Stewart,Katlyn,Creighton,Marvin
Archambault,Lionel,Stewart,Anamarie,Archambault,Spenser
Creighton,Allyssa,Stewart,Katlyn,Creighton,Marvin
Archambault,Cade,Stewart,Anamarie,Archambault,Spenser
Creighton,Keely,Stewart,Katlyn,Creighton,Marvin
Archambault,Shea,Stewart,Anamarie,Archambault,Spenser
Creighton,Kalsie,Stewart,Katlyn,Creighton,Marvin
Archambault,Deante,Stewart,Anamarie,Archambault,Spenser
Creighton,Cassandra,Stewart,Katlyn,Creighton,Marvin
Archambault,Domenic,Stewart,Anamarie,Archambault,Spenser
Creighton,Yazmin,Stewart,Katlyn,Creighton,Marvin
Archambault,Andres,Stewart,Anamarie,Archambault,Spenser
Creighton,Jasmin,Stewart,Katlyn,Creighton,Marvin
Archambault,Brock,Stewart,Anamarie,Archambault,Spenser
Creighton,Denise,Stewart,Katlyn,Creighton,Marvin
Archambault,Kieran,Stewart,Anamarie,Archambault,Spenser
Archambault,Jeanette,Stewart,Anamarie,Archambault,Spenser
Archambault,Malik,Stewart,Cheyanna,Archambault,Hakeem
Archambault,Molly,Stewart,Anamarie,Archambault,Spenser
Archambault,Paris,Stewart,Cheyanna,Archambault,Hakeem
Archambault,Marivel,Stewart,Anamarie,Archambault,Spenser
Archambault,Beau,Stewart,Cheyanna,Archambault,Hakeem
Archambault,Halee,Stewart,Anamarie,Archambault,Spenser
Archambault,Daniel,Stewart,Cheyanna,Archambault,Hakeem
Archambault,Aidan,Stewart,Anamarie,Archambault,Spenser
Archambault,Rodrigo,Stewart,Cheyanna,Archambault,Hakeem
Archambault,Nyla,Stewart,Anamarie,Archambault,Spenser
Archambault,Trace,Stewart,Cheyanna,Archambault,Hakeem
Archambault,Tess,Stewart,Anamarie,Archambault,Spenser
Archambault,Abel,Stewart,Cheyanna,Archambault,Hakeem
Archambault,Katelynn,Stewart,Anamarie,Archambault,Spenser
Archambault,Stephen,Stewart,Cheyanna,Archambault,Hakeem
Archambault,Niki,Stewart,Anamarie,Archambault,Spenser
Archambault,Bryce,Stewart,Cheyanna,Archambault,Hakeem
Archambault,Jessica,Stewart,Anamarie,Archambault,Spenser
Archambault,Nadav,Stewart,Cheyanna,Archambault,Hakeem
Archambault,Faith,Stewart,Cheyanna,Archambault,Hakeem
Archambault,Nolan,Stewart,Ivory,Archambault,Bennie
Archambault,Janelle,Stewart,Cheyanna,Archambault,Hakeem
Archambault,Keanu,Stewart,Ivory,Archambault,Bennie
Archambault,Gilda,Stewart,Cheyanna,Archambault,Hakeem
Archambault,Chase,Stewart,Ivory,Archambault,Bennie
Archambault,Alani,Stewart,Cheyanna,Archambault,Hakeem
Archambault,Don,Stewart,Ivory,Archambault,Bennie
Archambault,Lourdes,Stewart,Cheyanna,Archambault,Hakeem
Archambault,Malachi,Stewart,Ivory,Archambault,Bennie
Archambault,Mona,Stewart,Cheyanna,Archambault,Hakeem
Archambault,Diondre,Stewart,Ivory,Archambault,Bennie
Archambault,Marlee,Stewart,Cheyanna,Archambault,Hakeem
Archambault,Clinton,Stewart,Ivory,Archambault,Bennie
Archambault,Deja,Stewart,Cheyanna,Archambault,Hakeem
Archambault,Hunter,Stewart,Sarahi,Archambault,Frederick
Archambault,Leann,Stewart,Cheyanna,Archambault,Hakeem
Archambault,Warren,Stewart,Sarahi,Archambault,Frederick
Archambault,Jhane,Stewart,Cheyanna,Archambault,Hakeem
Archambault,Joe,Stewart,Monika,Archambault,James
Archambault,Judy,Stewart,Ivory,Archambault,Bennie
Archambault,Victor,Stewart,Monika,Archambault,James
Archambault,Deserae,Stewart,Ivory,Archambault,Bennie
Archambault,Erik,Stewart,Monika,Archambault,James
Archambault,Regina,Stewart,Ivory,Archambault,Bennie
Archambault,Korey,Stewart,Selina,Archambault,Maleek
Archambault,Ashton,Stewart,Ivory,Archambault,Bennie
Archambault,Jayden,Stewart,Selina,Archambault,Maleek
Archambault,Mattea,Stewart,Ivory,Archambault,Bennie
Archambault,Xzavier,Stewart,Selina,Archambault,Maleek
Archambault,Alice,Stewart,Ivory,Archambault,Bennie
Archambault,Dwayne,Stewart,Selina,Archambault,Maleek
Archambault,Kiana,Stewart,Ivory,Archambault,Bennie
Archambault,Braeden,Duke,Stefanie,Archambault,Branden
Archambault,Lakendra,Stewart,Sarahi,Archambault,Frederick
Archambault,Darnell,Duke,Stefanie,Archambault,Branden
Archambault,Lila,Stewart,Sarahi,Archambault,Frederick
Archambault,Julius,Duke,Stefanie,Archambault,Branden
Archambault,Morgen,Stewart,Sarahi,Archambault,Frederick
Duke,Jameson,Archambault,Sheridan,Duke,Milton
Archambault,Jacklyn,Stewart,Sarahi,Archambault,Frederick
Duke,Roberto,Archambault,Sheridan,Duke,Milton
Archambault,Audra,Stewart,Sarahi,Archambault,Frederick
Duke,Willis,Archambault,Sheridan,Duke,Milton
Archambault,Shawn,Stewart,Sarahi,Archambault,Frederick
Duke,Shan,Archambault,Sheridan,Duke,Milton
Archambault,Allison,Stewart,Sarahi,Archambault,Frederick
Duke,Ricardo,Archambault,Sheridan,Duke,Milton
Archambault,Annie,Stewart,Sarahi,Archambault,Frederick
Duke,Quinn,Archambault,Sheridan,Duke,Milton
Archambault,Kaci,Stewart,Monika,Archambault,James
Duke,Sheldon,Archambault,Sheridan,Duke,Milton
Archambault,Cailin,Stewart,Monika,Archambault,James
Duke,Tristen,Burbank,Doris,Duke,Austyn
Archambault,Katy,Stewart,Selina,Archambault,Maleek
Duke,Ernest,Burbank,Doris,Duke,Austyn
Archambault,Morgan,Stewart,Selina,Archambault,Maleek
Duke,Devontae,Burbank,Doris,Duke,Austyn
Archambault,Bryanna,Stewart,Selina,Archambault,Maleek
Burbank,Craig,Duke,Cheyanne,Burbank,Griffin
Archambault,Caylin,Stewart,Selina,Archambault,Maleek
Burbank,Addison,Duke,Cheyanne,Burbank,Griffin
Archambault,Nora,Stewart,Selina,Archambault,Maleek
Burbank,Ezra,Duke,Cheyanne,Burbank,Griffin
Archambault,Ashli,Stewart,Selina,Archambault,Maleek
Burbank,Terrell,Duke,Cheyanne,Burbank,Griffin
Archambault,Wendy,Stewart,Selina,Archambault,Maleek
Burbank,Ignacio,Duke,Cheyanne,Burbank,Griffin
Archambault,Yajaira,Stewart,Selina,Archambault,Maleek
Burbank,Jaylen,Duke,Cheyanne,Burbank,Griffin
Archambault,Moesha,Duke,Stefanie,Archambault,Branden
Burbank,Sam,Duke,Cheyanne,Burbank,Griffin
Archambault,Annalisa,Duke,Stefanie,Archambault,Branden
Burbank,Andre,Duke,Cheyanne,Burbank,Griffin
Archambault,Natalee,Duke,Stefanie,Archambault,Branden
Burbank,Trey,Duke,Cheyanne,Burbank,Griffin
Duke,Amberly,Archambault,Sheridan,Duke,Milton
Burbank,Frank,Duke,Cheyanne,Burbank,Griffin
Duke,Susanna,Archambault,Sheridan,Duke,Milton
Burbank,Stephanie,Duke,Cheyanne,Burbank,Griffin
Duke,Francis,Archambault,Sheridan,Duke,Milton
Burbank,Shane,Dunbar,Diana,Burbank,Ruben
Duke,Dominique,Archambault,Sheridan,Duke,Milton
Burbank,Jawaun,Dunbar,Diana,Burbank,Ruben
Duke,Porsha,Archambault,Sheridan,Duke,Milton
Burbank,Zachery,Dunbar,Diana,Burbank,Ruben
Duke,Stacey,Archambault,Sheridan,Duke,Milton
Burbank,Draven,Dunbar,Diana,Burbank,Ruben
Duke,Louisa,Archambault,Sheridan,Duke,Milton
Burbank,Quanterriu,Dunbar,Diana,Burbank,Ruben
Duke,Danica,Archambault,Sheridan,Duke,Milton
Burbank,Jeb,Dunbar,Diana,Burbank,Ruben
Duke,Margarita,Burbank,Doris,Duke,Austyn
Dunbar,Michel,Burbank,Krupa,Dunbar,Spencer
Duke,Sarah,Burbank,Doris,Duke,Austyn
Dunbar,Duncan,Burbank,Krupa,Dunbar,Spencer
Duke,Austin,Burbank,Doris,Duke,Austyn
Dunbar,Tanner,Burbank,Krupa,Dunbar,Spencer
Duke,Tia,Burbank,Doris,Duke,Austyn
Dunbar,Moshe,Burbank,Krupa,Dunbar,Spencer
Burbank,Linsey,Duke,Cheyanne,Burbank,Griffin
Dunbar,Mark,Burbank,Krupa,Dunbar,Spencer
Burbank,Tatum,Duke,Cheyanne,Burbank,Griffin
Dunbar,Jamir,Burbank,Krupa,Dunbar,Spencer
Burbank,Lakeisha,Duke,Cheyanne,Burbank,Griffin
Dunbar,Rashad,Burbank,Krupa,Dunbar,Spencer
Burbank,Breanna,Duke,Cheyanne,Burbank,Griffin
Dunbar,Brennon,Burbank,Krupa,Dunbar,Spencer
Burbank,Vanessa,Duke,Cheyanne,Burbank,Griffin
Dunbar,Shaquille,Burbank,Krupa,Dunbar,Spencer
Burbank,Idaly,Dunbar,Diana,Burbank,Ruben
Dunbar,Noah,Burbank,Krupa,Dunbar,Spencer
Burbank,Jackie,Dunbar,Diana,Burbank,Ruben
Dunbar,Mohamad,Burbank,Krupa,Dunbar,Spencer
Burbank,Tanya,Dunbar,Diana,Burbank,Ruben
Dunbar,Caleb,Burbank,Krupa,Dunbar,Spencer
Burbank,Melanie,Dunbar,Diana,Burbank,Ruben
Dunbar,Valentine,Burbank,Courteney,Dunbar,Jasen
Burbank,Vivien,Dunbar,Diana,Burbank,Ruben
Dunbar,Ryen,Burbank,Courteney,Dunbar,Jasen
Dunbar,Laura,Burbank,Krupa,Dunbar,Spencer
Ride,Trentin,Burbank,Johanna,Ride,Bryant
Dunbar,Luna,Burbank,Krupa,Dunbar,Spencer
Ride,Denzel,Burbank,Johanna,Ride,Bryant
Dunbar,Adele,Burbank,Krupa,Dunbar,Spencer
Ride,Joe,Burbank,Johanna,Ride,Bryant
Dunbar,Denise,Burbank,Krupa,Dunbar,Spencer
Ride,Bill,Burbank,Johanna,Ride,Bryant
Dunbar,Callie,Burbank,Krupa,Dunbar,Spencer
Ride,Luis,Burbank,Johanna,Ride,Bryant
Dunbar,Tatiana,Burbank,Krupa,Dunbar,Spencer
Ride,Ever,Burbank,Johanna,Ride,Bryant
Dunbar,Roslyn,Burbank,Krupa,Dunbar,Spencer
Ride,Jules,Burbank,Johanna,Ride,Bryant
Dunbar,Chase,Burbank,Krupa,Dunbar,Spencer
Ride,Reece,Burbank,Johanna,Ride,Bryant
Dunbar,Zoee,Burbank,Courteney,Dunbar,Jasen
Ride,Dan,Burbank,Johanna,Ride,Bryant
Ride,Shauna,Burbank,Johanna,Ride,Bryant
Ride,Corbin,Burbank,Johanna,Ride,Bryant
Ride,Bertha,Burbank,Johanna,Ride,Bryant
Ride,Stewart,Burbank,Johanna,Ride,Bryant
Ride,Brandi,Burbank,Johanna,Ride,Bryant
Ride,Preston,Burbank,Melissa,Ride,Wilson
Ride,Sonia,Burbank,Johanna,Ride,Bryant
Ride,Jarod,Burbank,Aleisha,Ride,Patric
Ride,Raegan,Burbank,Johanna,Ride,Bryant
Ride,Tyquan,Burbank,Aleisha,Ride,Patric
Ride,Kitana,Burbank,Johanna,Ride,Bryant
Ride,Deshaun,Burbank,Aleisha,Ride,Patric
Ride,Abby,Burbank,Johanna,Ride,Bryant
Ride,Lionel,Burbank,Aleisha,Ride,Patric
Ride,Karlee,Burbank,Johanna,Ride,Bryant
Ride,Hayes,Burbank,Aleisha,Ride,Patric
Ride,Gabriella,Burbank,Johanna,Ride,Bryant
Ride,Ralph,Burbank,Aleisha,Ride,Patric
Ride,Janae,Burbank,Melissa,Ride,Wilson
Ride,Brendon,Burbank,Aleisha,Ride,Patric
Ride,Keyondra,Burbank,Melissa,Ride,Wilson
Ride,Braxton,Burbank,Aleisha,Ride,Patric
Ride,Katherine,Burbank,Aleisha,Ride,Patric
Ride,Anders,Burbank,Aleisha,Ride,Patric
Ride,Maricela,Burbank,Aleisha,Ride,Patric
Ride,Trevor,Burbank,Aleisha,Ride,Patric
Ride,Michel,Burbank,Aleisha,Ride,Patric
Ride,Cody,Burbank,Kylie,Ride,Mason
Ride,Valerie,Burbank,Aleisha,Ride,Patric
Ride,Aaron,Burbank,Kylie,Ride,Mason
Ride,Maya,Burbank,Aleisha,Ride,Patric
Ride,Dusty,Burbank,Kylie,Ride,Mason
Ride,Courteney,Burbank,Aleisha,Ride,Patric
Ride,Walker,Burbank,Joceline,Ride,Willis
Ride,Chrystal,Burbank,Aleisha,Ride,Patric
Ride,Jonathan,Burbank,Marjorie,Ride,Raymond
Ride,Shae,Burbank,Aleisha,Ride,Patric
Ride,Alberto,Burbank,Marjorie,Ride,Raymond
Ride,Rani,Burbank,Aleisha,Ride,Patric
Ride,Donte,Burbank,Marjorie,Ride,Raymond
Ride,Yajayra,Burbank,Kylie,Ride,Mason
Ride,Jaylen,Burbank,Marjorie,Ride,Raymond
Ride,Blake,Burbank,Kylie,Ride,Mason
Ride,Gary,Burbank,Marjorie,Ride,Raymond
Ride,Keri,Burbank,Kylie,Ride,Mason
Ride,Darryl,Burbank,Marjorie,Ride,Raymond
Ride,Lesli,Burbank,Joceline,Ride,Willis
Ride,Jackson,Dunbar,Miranda,Ride,Brock
Ride,Maryanna,Burbank,Joceline,Ride,Willis
Ride,Adam,Dunbar,Miranda,Ride,Brock
Ride,Janice,Burbank,Joceline,Ride,Willis
Ride,Dominic,Dunbar,Miranda,Ride,Brock
Ride,Presley,Burbank,Joceline,Ride,Willis
Ride,Maxwell,Dunbar,Miranda,Ride,Brock
Ride,Anastasia,Burbank,Marjorie,Ride,Raymond
Ride,Justyn,Dunbar,Miranda,Ride,Brock
Ride,Ashleigh,Burbank,Marjorie,Ride,Raymond
Ride,Alfred,Dunbar,Miranda,Ride,Brock
Ride,Sade,Burbank,Marjorie,Ride,Raymond
Ride,Kameron,Dunbar,Miranda,Ride,Brock
Ride,Katelin,Burbank,Marjorie,Ride,Raymond
Ride,Ariel,Dunbar,Miranda,Ride,Brock
Ride,Sky,Burbank,Marjorie,Ride,Raymond
Ride,Branden,Grant,Nina,Ride,Damian
Ride,Octavia,Burbank,Marjorie,Ride,Raymond
Ride,Mohamed,Grant,Nina,Ride,Damian
Ride,Aja,Burbank,Marjorie,Ride,Raymond
Ride,Daron,Grant,Nina,Ride,Damian
Ride,Gabriele,Burbank,Marjorie,Ride,Raymond
Ride,Edwin,Grant,Nina,Ride,Damian
Ride,Danielle,Burbank,Marjorie,Ride,Raymond
Ride,Ramiro,Grant,Nina,Ride,Damian
Ride,Ella,Dunbar,Miranda,Ride,Brock
Ride,Josejuan,Grant,Nina,Ride,Damian
Ride,Marion,Dunbar,Miranda,Ride,Brock
Ride,Tristian,Grant,Nina,Ride,Damian
Ride,Anja,Dunbar,Miranda,Ride,Brock
Ride,Jaylin,Grant,Idaly,Ride,Maleek
Ride,Cecelia,Dunbar,Miranda,Ride,Brock
Ride,Steve,Grant,Idaly,Ride,Maleek
Ride,Yvette,Dunbar,Miranda,Ride,Brock
Ride,Jeremiah,Grant,Idaly,Ride,Maleek
Ride,Tamara,Dunbar,Miranda,Ride,Brock
Ride,Douglas,Grant,Idaly,Ride,Maleek
Ride,Karah,Dunbar,Miranda,Ride,Brock
Ride,Caleb,Grant,Idaly,Ride,Maleek
Ride,Cara,Dunbar,Miranda,Ride,Brock
Ride,Deontae,Grant,Idaly,Ride,Maleek
Ride,Kandice,Grant,Nina,Ride,Damian
Ride,Kirk,Grant,Idaly,Ride,Maleek
Ride,Annalisa,Grant,Nina,Ride,Damian
Grant,Deon,Ride,Breona,Grant,Dominic
Ride,Holli,Grant,Nina,Ride,Damian
Grant,Devonta,Ride,Breona,Grant,Dominic
Ride,Maddison,Grant,Nina,Ride,Damian
Grant,Rolando,Ride,Breona,Grant,Dominic
Ride,Joselin,Grant,Nina,Ride,Damian
Grant,Terrence,Ride,Breona,Grant,Dominic
Ride,Liana,Grant,Idaly,Ride,Maleek
Grant,Justus,Ride,Breona,Grant,Dominic
Ride,Genevieve,Grant,Idaly,Ride,Maleek
Grant,Keifer,Ride,Breona,Grant,Dominic
Ride,Alysia,Grant,Idaly,Ride,Maleek
Grant,Quintyn,Ride,Breona,Grant,Dominic
Ride,Alison,Grant,Idaly,Ride,Maleek
Grant,Ron,Ride,Breona,Grant,Dominic
Ride,Kassandra,Grant,Idaly,Ride,Maleek
Grant,Moses,Ride,Breona,Grant,Dominic
Ride,Jesica,Grant,Idaly,Ride,Maleek
Grant,Quinton,Ride,Breona,Grant,Dominic
Ride,Jayda,Grant,Idaly,Ride,Maleek
Grant,Roman,Ride,Breona,Grant,Dominic
Ride,Danica,Grant,Idaly,Ride,Maleek
Grant,Derek,Ride,Breona,Grant,Dominic
Ride,Krista,Grant,Idaly,Ride,Maleek
Grant,Lorenzo,Ride,Breona,Grant,Dominic
Grant,Amy,Ride,Breona,Grant,Dominic
Grant,Khalid,Ride,Breona,Grant,Dominic
Grant,Paulina,Ride,Breona,Grant,Dominic
Grant,Kenny,Ride,Juliette,Grant,Dangelo
Grant,Shelbi,Ride,Breona,Grant,Dominic
Grant,Dana,Ride,Juliette,Grant,Dangelo
Grant,Jazmon,Ride,Breona,Grant,Dominic
Grant,Ramon,Ride,Juliette,Grant,Dangelo
Grant,Ashley,Ride,Breona,Grant,Dominic
Grant,Cristian,Ride,Juliette,Grant,Dangelo
Grant,Jameisha,Ride,Breona,Grant,Dominic
Grant,Jayson,Ride,Juliette,Grant,Dangelo
Grant,Jamiya,Ride,Juliette,Grant,Dangelo
Grant,Elvin,Ride,Juliette,Grant,Dangelo
Grant,Whitney,Ride,Juliette,Grant,Dangelo
Grant,Zaquan,Ride,Juliette,Grant,Dangelo
Grant,Ashlyn,Ride,Juliette,Grant,Dangelo
Grant,Maliki,Ride,Juliette,Grant,Dangelo
Grant,Kayley,Ride,Juliette,Grant,Dangelo
Grant,Tate,Ride,Juliette,Grant,Dangelo
Grant,Leslie,Ride,Juliette,Grant,Dangelo
Grant,Jakob,Ride,Juliette,Grant,Dangelo
Grant,Macie,Ride,Juliette,Grant,Dangelo
Grant,Nestor,Ride,Juliette,Grant,Dangelo
Grant,Mackenna,Ride,Juliette,Grant,Dangelo
Armstrong,Jaleel,Ride,Kaelyn,Armstrong,Skyler
Grant,Tracy,Ride,Juliette,Grant,Dangelo
Armstrong,Kurt,Ride,Kaelyn,Armstrong,Skyler
Grant,Daisy,Ride,Juliette,Grant,Dangelo
Armstrong,Lee,Ride,Kaelyn,Armstrong,Skyler
Armstrong,Catalina,Ride,Kaelyn,Armstrong,Skyler
Armstrong,Reed,Ride,Kaelyn,Armstrong,Skyler
Armstrong,Blake,Ride,Kaelyn,Armstrong,Skyler
Armstrong,Trae,Ride,Kaelyn,Armstrong,Skyler
Armstrong,Natalie,Ride,Kaelyn,Armstrong,Skyler
Armstrong,Roberto,Ride,Kaelyn,Armstrong,Skyler
Armstrong,Kennedy,Ride,Kaelyn,Armstrong,Skyler
Armstrong,Davon,Ride,Kaelyn,Armstrong,Skyler
Armstrong,Georgina,Ride,Kaelyn,Armstrong,Skyler
Armstrong,Hugh,Ride,Kaelyn,Armstrong,Skyler
Armstrong,Roxana,Ride,Kaelyn,Armstrong,Skyler
Armstrong,Britt,Ride,Michele,Armstrong,Luke
Armstrong,Miracle,Ride,Kaelyn,Armstrong,Skyler
Armstrong,Idris,Ride,Michele,Armstrong,Luke
Armstrong,Jori,Ride,Kaelyn,Armstrong,Skyler
Armstrong,Shmuel,Ride,Michele,Armstrong,Luke
Armstrong,Alani,Ride,Kaelyn,Armstrong,Skyler
Armstrong,Trent,Ride,Shaye,Armstrong,Aidan
Armstrong,Viviana,Ride,Kaelyn,Armstrong,Skyler
Armstrong,Deanthony,Ride,Shaye,Armstrong,Aidan
Armstrong,Johana,Ride,Kaelyn,Armstrong,Skyler
Armstrong,Deion,Ride,Lucy,Armstrong,Blaine
Armstrong,Deanna,Ride,Shaye,Armstrong,Aidan
Armstrong,Gilberto,Ride,Lucy,Armstrong,Blaine
Armstrong,Charity,Ride,Shaye,Armstrong,Aidan
Armstrong,Deleon,Ride,Lucy,Armstrong,Blaine
Armstrong,Latoya,Ride,Lucy,Armstrong,Blaine
Armstrong,Ezequiel,Ride,Lucy,Armstrong,Blaine
Armstrong,Breeanna,Ride,Lucy,Armstrong,Blaine
Armstrong,Anton,Ride,Lucy,Armstrong,Blaine
Armstrong,Alisia,Ride,Lucy,Armstrong,Blaine
Armstrong,Errol,Ride,Audra,Armstrong,Dante
Armstrong,Sky,Ride,Lucy,Armstrong,Blaine
Armstrong,Karl,Ride,Audra,Armstrong,Dante
Armstrong,Hannah,Ride,Lucy,Armstrong,Blaine
Armstrong,Tre,Ride,Audra,Armstrong,Dante
Armstrong,Gabriella,Ride,Lucy,Armstrong,Blaine
Armstrong,Alvaro,Ride,Audra,Armstrong,Dante
Armstrong,Lori,Ride,Lucy,Armstrong,Blaine
Armstrong,Valentin,Ride,Devon,Armstrong,Gary
Armstrong,Alexia,Ride,Lucy,Armstrong,Blaine
Armstrong,Thomas,Ride,Devon,Armstrong,Gary
Armstrong,Ciara,Ride,Audra,Armstrong,Dante
Armstrong,Bryant,Ride,Devon,Armstrong,Gary
Armstrong,Sapphire,Ride,Audra,Armstrong,Dante
Armstrong,Travon,Ride,Devon,Armstrong,Gary
Armstrong,Xiomara,Ride,Audra,Armstrong,Dante
Armstrong,Gilbert,Ride,Devon,Armstrong,Gary
Armstrong,Zoi,Ride,Audra,Armstrong,Dante
Armstrong,Geoffrey,Ride,Devon,Armstrong,Gary
Armstrong,Domonique,Ride,Devon,Armstrong,Gary
Armstrong,Sean,Ride,Mahogany,Armstrong,Jarvis
Armstrong,Kaelyn,Ride,Devon,Armstrong,Gary
Armstrong,William,Ride,Mahogany,Armstrong,Jarvis
Armstrong,Mindi,Ride,Devon,Armstrong,Gary
Armstrong,Gideon,Ride,Mahogany,Armstrong,Jarvis
Armstrong,Scarlett,Ride,Devon,Armstrong,Gary
Armstrong,Mauricio,Ride,Mahogany,Armstrong,Jarvis
Armstrong,Jessika,Ride,Devon,Armstrong,Gary
Armstrong,Tysheem,Ride,Mahogany,Armstrong,Jarvis
Armstrong,Sharae,Ride,Devon,Armstrong,Gary
Armstrong,Rey,Ride,Mahogany,Armstrong,Jarvis
Armstrong,Kathryn,Ride,Devon,Armstrong,Gary
Armstrong,Edgar,Ride,Mahogany,Armstrong,Jarvis
Armstrong,Kerri,Ride,Mahogany,Armstrong,Jarvis
Armstrong,Larry,Ride,Mahogany,Armstrong,Jarvis
Armstrong,Jaqueline,Ride,Mahogany,Armstrong,Jarvis
Armstrong,Daequan,Ride,Mahogany,Armstrong,Jarvis
Armstrong,Yamilex,Ride,Mahogany,Armstrong,Jarvis
Armstrong,Mason,Ride,Mahogany,Armstrong,Jarvis
Armstrong,Aylin,Ride,Mahogany,Armstrong,Jarvis
Armstrong,Liam,Ride,Mahogany,Armstrong,Jarvis
Armstrong,Yahaira,Ride,Mahogany,Armstrong,Jarvis
Armstrong,Cory,Grant,Marlena,Armstrong,Devonte
Armstrong,Anabel,Ride,Mahogany,Armstrong,Jarvis
Armstrong,Ross,Grant,Marlena,Armstrong,Devonte
Armstrong,Madalyn,Ride,Mahogany,Armstrong,Jarvis
Armstrong,Saul,Grant,Marlena,Armstrong,Devonte
Armstrong,Marivel,Grant,Marlena,Armstrong,Devonte
Armstrong,Tylar,Grant,Marlena,Armstrong,Devonte
Armstrong,Sandy,Grant,Marlena,Armstrong,Devonte
Thagard,Johnathon,Grant,Nathalia,Thagard,Dangelo
Armstrong,Elise,Grant,Marlena,Armstrong,Devonte
Thagard,Ernest,Grant,Abbigail,Thagard,Ahmad
Armstrong,Dominique,Grant,Marlena,Armstrong,Devonte
Thagard,Easton,Grant,Abbigail,Thagard,Ahmad
Thagard,Mindi,Grant,Nathalia,Thagard,Dangelo
Thagard,Andre,Grant,Abbigail,Thagard,Ahmad
Thagard,Odalys,Grant,Nathalia,Thagard,Dangelo
Thagard,Marcanthon,Grant,Abbigail,Thagard,Ahmad
Thagard,Arielle,Grant,Nathalia,Thagard,Dangelo
Thagard,Abdiel,Grant,Abbigail,Thagard,Ahmad
Thagard,Savanah,Grant,Nathalia,Thagard,Dangelo
Thagard,Lauren,Grant,Abbigail,Thagard,Ahmad
Thagard,Kayle,Grant,Abbigail,Thagard,Ahmad
Thagard,Leonardo,Grant,Abbigail,Thagard,Ahmad
Thagard,Irma,Grant,Abbigail,Thagard,Ahmad
Thagard,Devan,Grant,Michele,Thagard,Caleb
Thagard,Colette,Grant,Abbigail,Thagard,Ahmad
Thagard,Brennon,Grant,Michele,Thagard,Caleb
Thagard,Anitra,Grant,Abbigail,Thagard,Ahmad
Thagard,Kerry,Grant,Michele,Thagard,Caleb
Thagard,Tyler,Grant,Abbigail,Thagard,Ahmad
Thagard,Brennan,Grant,Michele,Thagard,Caleb
Thagard,Siarra,Grant,Abbigail,Thagard,Ahmad
