Williams,Isidro,Wolf,Isabella,Williams,Glenn
Hoffman,Adrianne,Arthur,Paulina,Hoffman,Lucas
Stewart,Jaquan,England,Jane,Stewart,Gilbert
Taylor,Maria,Duffy,Emilie,Taylor,Myles
Henize,Ernest,Coleman,Haiden,Henize,Rashad
Frick,Minna,Lucid,Leann,Frick,Dan
Gregory,Todd,Michel,Nadine,Gregory,Coby
Grabe,Joi,Hilmers,Elana,Grabe,Raphael
Caldwell,Weston,Wisoff,Raquel,Caldwell,Nico
Massimino,Genesis,McBride,Ashleigh,Massimino,Garrison
Chamitoff,Abraham,Newman,Kristen,Chamitoff,Nour
Grant,Nyla,Caldeiro,Casey,Grant,Antoine
Linnehan,Dedrick,Overmyer,Sydni,Linnehan,Darnell
Godwin,Leeann,Truly,Kasey,Godwin,Noel
Hartsfield,Trentin,Caldeiro,Tatiana,Hartsfield,Erin
Lousma,Kirstie,McCulley,Cayla,Lousma,Cory
McCool,Drake,Fincke,Elsa,McCool,Tallon
Cooper,Trista,Duffy,Mary,Cooper,Jonah
Ross,Adonis,Scobee,Megan,Ross,Bradly
Meade,Aishah,Loria,Alyssa,Meade,Myron
Hammond,Eric,Hoover,Ashlee,Hammond,Marc
Henize,Laura,Herrington,Kristine,Henize,Isaiah
Searfoss,Jerry,Bean,Whitney,Searfoss,Claudio
Burbank,Kendal,Springer,Mindi,Burbank,Irvin
Bean,Jared,Caldeiro,Kamri,Bean,Saxon
Voss,Mollie,Readdy,Marli,Voss,Gregory
Williams,Oneil,Hoffman,Adrianne,Williams,Isidro
Walz,Brooklyn,Springer,Shanna,Walz,Devonta
Williams,Trentin,Hoffman,Adrianne,Williams,Isidro
Baker,Sienna,Coats,Shannon,Baker,Shaun
Williams,Shelby,Hoffman,Adrianne,Williams,Isidro
Burbank,Estefany,Kerwin,Justine,Burbank,Jacori
Williams,Nadav,Hoffman,Adrianne,Williams,Isidro
Olivas,Monica,Bean,Christian,Olivas,Emanuel
Williams,Jonah,Hoffman,Adrianne,Williams,Isidro
Williams,Mahogany,Hoffman,Adrianne,Williams,Isidro
Williams,Rolando,Hoffman,Adrianne,Williams,Isidro
Williams,Shyla,Hoffman,Adrianne,Williams,Isidro
Williams,Nathanael,Hoffman,Adrianne,Williams,Isidro
Williams,Jalen,Hoffman,Adrianne,Williams,Isidro
Williams,Ariel,Hoffman,Adrianne,Williams,Isidro
Williams,Luisa,Hoffman,Adrianne,Williams,Isidro
Williams,Jovan,Hoffman,Adrianne,Williams,Isidro
Stewart,Maria,Taylor,Maria,Stewart,Jaquan
Stewart,Calib,Taylor,Maria,Stewart,Jaquan
Stewart,Kayli,Taylor,Maria,Stewart,Jaquan
Stewart,Nikolas,Taylor,Maria,Stewart,Jaquan
Stewart,Daja,Taylor,Maria,Stewart,Jaquan
Stewart,Keifer,Taylor,Maria,Stewart,Jaquan
Stewart,Alice,Taylor,Maria,Stewart,Jaquan
Stewart,Chance,Taylor,Maria,Stewart,Jaquan
Stewart,Idaly,Taylor,Maria,Stewart,Jaquan
Stewart,Zev,Taylor,Maria,Stewart,Jaquan
Henize,Haylie,Frick,Minna,Henize,Ernest
Stewart,Corey,Taylor,Maria,Stewart,Jaquan
Henize,Marion,Frick,Minna,Henize,Ernest
Stewart,Sheldon,Taylor,Maria,Stewart,Jaquan
Henize,Jazmyn,Frick,Minna,Henize,Ernest
Henize,Jair,Frick,Minna,Henize,Ernest
Gregory,Shari,Grabe,Joi,Gregory,Todd
Henize,Tommy,Frick,Minna,Henize,Ernest
Gregory,Karena,Grabe,Joi,Gregory,Todd
Henize,Vinh,Frick,Minna,Henize,Ernest
Gregory,Julianna,Grabe,Joi,Gregory,Todd
Henize,Arturo,Frick,Minna,Henize,Ernest
Gregory,Maricarmen,Grabe,Joi,Gregory,Todd
Henize,Savion,Frick,Minna,Henize,Ernest
Caldwell,Nadine,Massimino,Genesis,Caldwell,Weston
Henize,Fred,Frick,Minna,Henize,Ernest
Caldwell,Meagan,Massimino,Genesis,Caldwell,Weston
Henize,Reese,Frick,Minna,Henize,Ernest
Caldwell,Carrie,Massimino,Genesis,Caldwell,Weston
Gregory,Anthoni,Grabe,Joi,Gregory,Todd
Caldwell,Suleyma,Massimino,Genesis,Caldwell,Weston
Gregory,Zaire,Grabe,Joi,Gregory,Todd
Caldwell,Shyann,Massimino,Genesis,Caldwell,Weston
Gregory,Fredrick,Grabe,Joi,Gregory,Todd
Caldwell,Ivy,Massimino,Genesis,Caldwell,Weston
Gregory,Gonzalo,Grabe,Joi,Gregory,Todd
Chamitoff,Nia,Grant,Nyla,Chamitoff,Abraham
Gregory,Joe,Grabe,Joi,Gregory,Todd
Chamitoff,Cristal,Grant,Nyla,Chamitoff,Abraham
Gregory,Graham,Grabe,Joi,Gregory,Todd
Chamitoff,Sherry,Grant,Nyla,Chamitoff,Abraham
Gregory,Kenny,Grabe,Joi,Gregory,Todd
Chamitoff,Ashlynn,Grant,Nyla,Chamitoff,Abraham
Gregory,Guy,Grabe,Joi,Gregory,Todd
Chamitoff,Peyton,Grant,Nyla,Chamitoff,Abraham
Caldwell,Brogan,Massimino,Genesis,Caldwell,Weston
Chamitoff,Lilly,Grant,Nyla,Chamitoff,Abraham
Caldwell,Mike,Massimino,Genesis,Caldwell,Weston
Chamitoff,Estefania,Grant,Nyla,Chamitoff,Abraham
Caldwell,Marques,Massimino,Genesis,Caldwell,Weston
Linnehan,Daija,Godwin,Leeann,Linnehan,Dedrick
Caldwell,Elmer,Massimino,Genesis,Caldwell,Weston
Linnehan,Kacey,Godwin,Leeann,Linnehan,Dedrick
Caldwell,Grant,Massimino,Genesis,Caldwell,Weston
Linnehan,Jaclyn,Godwin,Leeann,Linnehan,Dedrick
Caldwell,Aleksandr,Massimino,Genesis,Caldwell,Weston
Linnehan,Lynn,Godwin,Leeann,Linnehan,Dedrick
Chamitoff,Wesley,Grant,Nyla,Chamitoff,Abraham
Linnehan,Madeline,Godwin,Leeann,Linnehan,Dedrick
Chamitoff,Dominick,Grant,Nyla,Chamitoff,Abraham
Linnehan,Chelsie,Godwin,Leeann,Linnehan,Dedrick
Chamitoff,Ulysses,Grant,Nyla,Chamitoff,Abraham
Linnehan,Cherokee,Godwin,Leeann,Linnehan,Dedrick
Chamitoff,Lauren,Grant,Nyla,Chamitoff,Abraham
Hartsfield,Shoshana,Lousma,Kirstie,Hartsfield,Trentin
Chamitoff,Zackary,Grant,Nyla,Chamitoff,Abraham
Hartsfield,Kiersten,Lousma,Kirstie,Hartsfield,Trentin
Chamitoff,Carter,Grant,Nyla,Chamitoff,Abraham
Hartsfield,Eliana,Lousma,Kirstie,Hartsfield,Trentin
Chamitoff,Salvador,Grant,Nyla,Chamitoff,Abraham
Hartsfield,Jailene,Lousma,Kirstie,Hartsfield,Trentin
Linnehan,Blaine,Godwin,Leeann,Linnehan,Dedrick
Hartsfield,Kali,Lousma,Kirstie,Hartsfield,Trentin
Linnehan,Dominique,Godwin,Leeann,Linnehan,Dedrick
Hartsfield,Tehya,Lousma,Kirstie,Hartsfield,Trentin
Linnehan,Habram,Godwin,Leeann,Linnehan,Dedrick
Hartsfield,Dixie,Lousma,Kirstie,Hartsfield,Trentin
Linnehan,Britt,Godwin,Leeann,Linnehan,Dedrick
Hartsfield,Elsa,Lousma,Kirstie,Hartsfield,Trentin
Linnehan,Jair,Godwin,Leeann,Linnehan,Dedrick
Hartsfield,Lizbeth,Lousma,Kirstie,Hartsfield,Trentin
Linnehan,Sawyer,Godwin,Leeann,Linnehan,Dedrick
McCool,Kaleigh,Cooper,Trista,McCool,Drake
Linnehan,Erin,Godwin,Leeann,Linnehan,Dedrick
McCool,Blaze,Cooper,Trista,McCool,Drake
Linnehan,Tyreek,Godwin,Leeann,Linnehan,Dedrick
Ross,Maricarmen,Meade,Aishah,Ross,Adonis
Linnehan,Nathanael,Godwin,Leeann,Linnehan,Dedrick
Ross,Avery,Meade,Aishah,Ross,Adonis
Linnehan,Warren,Godwin,Leeann,Linnehan,Dedrick
Ross,Suleyma,Meade,Aishah,Ross,Adonis
Linnehan,Bobby,Godwin,Leeann,Linnehan,Dedrick
Ross,Anna,Meade,Aishah,Ross,Adonis
Linnehan,Dana,Godwin,Leeann,Linnehan,Dedrick
Ross,Christine,Meade,Aishah,Ross,Adonis
Linnehan,Zachary,Godwin,Leeann,Linnehan,Dedrick
Ross,Vivian,Meade,Aishah,Ross,Adonis
Hartsfield,Kirkland,Lousma,Kirstie,Hartsfield,Trentin
Hammond,Kimberly,Henize,Laura,Hammond,Eric
Hartsfield,Taylor,Lousma,Kirstie,Hartsfield,Trentin
Hammond,Kristin,Henize,Laura,Hammond,Eric
Hartsfield,Izaiah,Lousma,Kirstie,Hartsfield,Trentin
Hammond,Karly,Henize,Laura,Hammond,Eric
Hartsfield,Diamond,Lousma,Kirstie,Hartsfield,Trentin
Searfoss,Chastity,Burbank,Kendal,Searfoss,Jerry
Hartsfield,Myron,Lousma,Kirstie,Hartsfield,Trentin
Searfoss,Measia,Burbank,Kendal,Searfoss,Jerry
Hartsfield,Shelby,Lousma,Kirstie,Hartsfield,Trentin
Searfoss,Ansley,Burbank,Kendal,Searfoss,Jerry
Hartsfield,Jeremey,Lousma,Kirstie,Hartsfield,Trentin
Searfoss,Mikala,Burbank,Kendal,Searfoss,Jerry
Hartsfield,Brock,Lousma,Kirstie,Hartsfield,Trentin
Searfoss,Elaina,Burbank,Kendal,Searfoss,Jerry
McCool,Garett,Cooper,Trista,McCool,Drake
Searfoss,Macie,Burbank,Kendal,Searfoss,Jerry
McCool,Tyson,Cooper,Trista,McCool,Drake
Searfoss,Fiona,Burbank,Kendal,Searfoss,Jerry
Ross,Jevin,Meade,Aishah,Ross,Adonis
Searfoss,Sabreen,Burbank,Kendal,Searfoss,Jerry
Ross,Lars,Meade,Aishah,Ross,Adonis
Searfoss,Veronica,Burbank,Kendal,Searfoss,Jerry
Hammond,Emmanuel,Henize,Laura,Hammond,Eric
Searfoss,Estefania,Burbank,Kendal,Searfoss,Jerry
Hammond,Donald,Henize,Laura,Hammond,Eric
Searfoss,Kenia,Burbank,Kendal,Searfoss,Jerry
Hammond,Devin,Henize,Laura,Hammond,Eric
Bean,Darian,Voss,Mollie,Bean,Jared
Hammond,Shane,Henize,Laura,Hammond,Eric
Bean,Tamia,Voss,Mollie,Bean,Jared
Searfoss,Bradley,Burbank,Kendal,Searfoss,Jerry
Bean,Alejandra,Voss,Mollie,Bean,Jared
Searfoss,Sedrick,Burbank,Kendal,Searfoss,Jerry
Bean,Anja,Voss,Mollie,Bean,Jared
Searfoss,Noel,Burbank,Kendal,Searfoss,Jerry
Bean,Alex,Voss,Mollie,Bean,Jared
Searfoss,Demonte,Burbank,Kendal,Searfoss,Jerry
Williams,Tess,Walz,Brooklyn,Williams,Oneil
Searfoss,Bennie,Burbank,Kendal,Searfoss,Jerry
Williams,Hallie,Walz,Brooklyn,Williams,Oneil
Williams,Nestor,Walz,Brooklyn,Williams,Oneil
Williams,Andrea,Walz,Brooklyn,Williams,Oneil
Williams,Jesus,Walz,Brooklyn,Williams,Oneil
Williams,Nell,Walz,Brooklyn,Williams,Oneil
Williams,Jayson,Walz,Brooklyn,Williams,Oneil
Williams,Mollie,Walz,Brooklyn,Williams,Oneil
Williams,Stephen,Walz,Brooklyn,Williams,Oneil
Williams,Maura,Walz,Brooklyn,Williams,Oneil
Williams,Hunter,Baker,Sienna,Williams,Trentin
Williams,Audra,Walz,Brooklyn,Williams,Oneil
Williams,Kirkland,Baker,Sienna,Williams,Trentin
Williams,Gabriele,Walz,Brooklyn,Williams,Oneil
Williams,Slaten,Baker,Sienna,Williams,Trentin
Williams,Tiffani,Baker,Sienna,Williams,Trentin
Williams,Ishmael,Baker,Sienna,Williams,Trentin
Williams,Imelda,Baker,Sienna,Williams,Trentin
Williams,Shawn,Baker,Sienna,Williams,Trentin
Williams,Isis,Baker,Sienna,Williams,Trentin
Williams,Frederic,Burbank,Estefany,Williams,Shelby
Williams,Kaela,Baker,Sienna,Williams,Trentin
Williams,Tristen,Burbank,Estefany,Williams,Shelby
Williams,Madeline,Baker,Sienna,Williams,Trentin
Williams,Junior,Burbank,Estefany,Williams,Shelby
Williams,Tehya,Baker,Sienna,Williams,Trentin
Williams,Ted,Olivas,Monica,Williams,Nadav
Williams,Latoya,Baker,Sienna,Williams,Trentin
Williams,Brodie,Stewart,Maria,Williams,Jonah
Williams,Noah,Baker,Sienna,Williams,Trentin
Williams,Colbey,Stewart,Maria,Williams,Jonah
Williams,Mikala,Baker,Sienna,Williams,Trentin
Williams,Maverick,Stewart,Maria,Williams,Jonah
Williams,Desiree,Baker,Sienna,Williams,Trentin
Williams,Eddie,Stewart,Maria,Williams,Jonah
Williams,Julissa,Baker,Sienna,Williams,Trentin
Williams,Jarod,Stewart,Maria,Williams,Jonah
Williams,Kara,Baker,Sienna,Williams,Trentin
Williams,Bryan,Stewart,Kayli,Williams,Rolando
Williams,Mckenna,Baker,Sienna,Williams,Trentin
Williams,Ayub,Stewart,Kayli,Williams,Rolando
Williams,Lacey,Baker,Sienna,Williams,Trentin
Williams,Rowan,Stewart,Kayli,Williams,Rolando
Williams,Symphony,Burbank,Estefany,Williams,Shelby
Williams,Riley,Stewart,Kayli,Williams,Rolando
Williams,Montana,Olivas,Monica,Williams,Nadav
Williams,Harley,Stewart,Daja,Williams,Nathanael
Williams,Alexi,Olivas,Monica,Williams,Nadav
Williams,Reed,Stewart,Daja,Williams,Nathanael
Williams,Brigid,Stewart,Maria,Williams,Jonah
Williams,Juancarlos,Stewart,Daja,Williams,Nathanael
Williams,Kayland,Stewart,Maria,Williams,Jonah
Williams,Lawrence,Stewart,Daja,Williams,Nathanael
Williams,Kacie,Stewart,Maria,Williams,Jonah
Williams,Byron,Stewart,Daja,Williams,Nathanael
Williams,Carol,Stewart,Maria,Williams,Jonah
Williams,Kasey,Stewart,Daja,Williams,Nathanael
Williams,Paris,Stewart,Maria,Williams,Jonah
Williams,Jonathan,Stewart,Alice,Williams,Ariel
Williams,Jada,Stewart,Kayli,Williams,Rolando
Williams,Pedro,Stewart,Alice,Williams,Ariel
Williams,Tamera,Stewart,Kayli,Williams,Rolando
Williams,Zackery,Stewart,Alice,Williams,Ariel
Williams,Sarina,Stewart,Daja,Williams,Nathanael
Williams,Julius,Stewart,Alice,Williams,Ariel
Williams,Jazmine,Stewart,Daja,Williams,Nathanael
Williams,Aidan,Stewart,Alice,Williams,Ariel
Williams,Michelle,Stewart,Daja,Williams,Nathanael
Williams,Marquis,Stewart,Alice,Williams,Ariel
Williams,Yasmeen,Stewart,Daja,Williams,Nathanael
Williams,Evan,Stewart,Idaly,Williams,Jovan
Williams,Brianne,Stewart,Daja,Williams,Nathanael
Williams,Bradlee,Stewart,Idaly,Williams,Jovan
Williams,Ryann,Stewart,Daja,Williams,Nathanael
Williams,Saxon,Stewart,Idaly,Williams,Jovan
Williams,Jessa,Stewart,Daja,Williams,Nathanael
Williams,Jean,Stewart,Idaly,Williams,Jovan
Williams,Lizette,Stewart,Daja,Williams,Nathanael
Williams,Tayler,Stewart,Idaly,Williams,Jovan
Williams,Analisa,Stewart,Daja,Williams,Nathanael
Williams,Moshe,Stewart,Idaly,Williams,Jovan
Williams,Jacquelin,Stewart,Alice,Williams,Ariel
Williams,Forrest,Stewart,Idaly,Williams,Jovan
Williams,Sienna,Stewart,Alice,Williams,Ariel
Williams,Alex,Stewart,Idaly,Williams,Jovan
Williams,Pamela,Stewart,Idaly,Williams,Jovan
Stewart,Gonzalo,Williams,Mahogany,Stewart,Calib
Williams,Jill,Stewart,Idaly,Williams,Jovan
Stewart,Rene,Williams,Mahogany,Stewart,Calib
Williams,Alysia,Stewart,Idaly,Williams,Jovan
Stewart,Abraham,Williams,Shyla,Stewart,Nikolas
Williams,Reina,Stewart,Idaly,Williams,Jovan
Stewart,Tylor,Williams,Jalen,Stewart,Keifer
Williams,Onesha,Stewart,Idaly,Williams,Jovan
Stewart,Ian,Williams,Luisa,Stewart,Chance
Stewart,Sariah,Williams,Mahogany,Stewart,Calib
Stewart,Nelson,Williams,Luisa,Stewart,Chance
Stewart,Minna,Williams,Mahogany,Stewart,Calib
Stewart,Jeramie,Henize,Haylie,Stewart,Zev
Stewart,Unique,Williams,Mahogany,Stewart,Calib
Stewart,Vincent,Henize,Haylie,Stewart,Zev
Stewart,Alisha,Williams,Mahogany,Stewart,Calib
Stewart,Nigel,Henize,Haylie,Stewart,Zev
Stewart,Ronni,Williams,Mahogany,Stewart,Calib
Stewart,Jeffrey,Henize,Haylie,Stewart,Zev
Stewart,Caylee,Williams,Mahogany,Stewart,Calib
Stewart,Stephanie,Henize,Haylie,Stewart,Zev
Stewart,Yasmin,Williams,Shyla,Stewart,Nikolas
Stewart,Demetrius,Henize,Haylie,Stewart,Zev
Stewart,Liza,Williams,Shyla,Stewart,Nikolas
Stewart,Dante,Henize,Haylie,Stewart,Zev
Stewart,Niyah,Williams,Jalen,Stewart,Keifer
Stewart,Malachi,Henize,Haylie,Stewart,Zev
Stewart,Sheniqua,Williams,Jalen,Stewart,Keifer
Stewart,Nathanael,Henize,Haylie,Stewart,Zev
Stewart,Cameron,Williams,Jalen,Stewart,Keifer
Stewart,Luke,Henize,Haylie,Stewart,Zev
Stewart,Miah,Williams,Luisa,Stewart,Chance
Stewart,Jashua,Henize,Haylie,Stewart,Zev
Stewart,Xiomara,Williams,Luisa,Stewart,Chance
Stewart,Roy,Henize,Haylie,Stewart,Zev
Stewart,Sonia,Henize,Haylie,Stewart,Zev
Stewart,Kelsey,Henize,Haylie,Stewart,Zev
Stewart,Tatum,Henize,Haylie,Stewart,Zev
Stewart,Reynaldo,Henize,Marion,Stewart,Corey
Stewart,Mona,Henize,Haylie,Stewart,Zev
Stewart,Billy,Henize,Marion,Stewart,Corey
Stewart,Blanca,Henize,Haylie,Stewart,Zev
Stewart,Ethan,Henize,Marion,Stewart,Corey
Stewart,Caitlin,Henize,Marion,Stewart,Corey
Stewart,Michael,Henize,Marion,Stewart,Corey
Stewart,Nina,Henize,Marion,Stewart,Corey
Stewart,Darrius,Henize,Marion,Stewart,Corey
Stewart,Makenzi,Henize,Marion,Stewart,Corey
Stewart,Quinn,Henize,Jazmyn,Stewart,Sheldon
Stewart,Elana,Henize,Marion,Stewart,Corey
Stewart,Calvin,Henize,Jazmyn,Stewart,Sheldon
Stewart,Ladaysha,Henize,Marion,Stewart,Corey
Stewart,Campbell,Henize,Jazmyn,Stewart,Sheldon
Stewart,Brandy,Henize,Marion,Stewart,Corey
Stewart,Angel,Henize,Jazmyn,Stewart,Sheldon
Stewart,Thalia,Henize,Marion,Stewart,Corey
Stewart,Austin,Henize,Jazmyn,Stewart,Sheldon
Stewart,Jenny,Henize,Marion,Stewart,Corey
Stewart,Irvin,Henize,Jazmyn,Stewart,Sheldon
Stewart,Keanna,Henize,Marion,Stewart,Corey
Henize,Everett,Gregory,Shari,Henize,Jair
Stewart,Georgina,Henize,Marion,Stewart,Corey
Henize,Marco,Gregory,Shari,Henize,Jair
Stewart,Precious,Henize,Marion,Stewart,Corey
Henize,Shareef,Gregory,Shari,Henize,Jair
Stewart,Juliana,Henize,Marion,Stewart,Corey
Henize,James,Gregory,Shari,Henize,Jair
Stewart,Asia,Henize,Jazmyn,Stewart,Sheldon
Henize,Jasen,Gregory,Shari,Henize,Jair
Stewart,London,Henize,Jazmyn,Stewart,Sheldon
Henize,Stewart,Gregory,Shari,Henize,Jair
Stewart,Adriane,Henize,Jazmyn,Stewart,Sheldon
Henize,Levi,Gregory,Karena,Henize,Tommy
Stewart,Gabriele,Henize,Jazmyn,Stewart,Sheldon
Henize,Tylar,Gregory,Karena,Henize,Tommy
Stewart,Louisa,Henize,Jazmyn,Stewart,Sheldon
Henize,Stefan,Gregory,Karena,Henize,Tommy
Stewart,Antonia,Henize,Jazmyn,Stewart,Sheldon
Henize,Isiah,Gregory,Julianna,Henize,Vinh
Henize,Bria,Gregory,Shari,Henize,Jair
Henize,Jace,Gregory,Julianna,Henize,Vinh
Henize,Quinn,Gregory,Shari,Henize,Jair
Henize,Deandre,Gregory,Julianna,Henize,Vinh
Henize,Antonia,Gregory,Shari,Henize,Jair
Henize,Arjun,Gregory,Julianna,Henize,Vinh
Henize,Kimberly,Gregory,Shari,Henize,Jair
Henize,Kieran,Gregory,Maricarmen,Henize,Arturo
Henize,Jessie,Gregory,Shari,Henize,Jair
Henize,Asher,Gregory,Maricarmen,Henize,Arturo
Henize,Cameron,Gregory,Shari,Henize,Jair
Henize,Edward,Gregory,Maricarmen,Henize,Arturo
Henize,Queen,Gregory,Shari,Henize,Jair
Henize,Soren,Caldwell,Nadine,Henize,Savion
Henize,Natalie,Gregory,Shari,Henize,Jair
Henize,Logan,Caldwell,Nadine,Henize,Savion
Henize,Shirley,Gregory,Shari,Henize,Jair
Henize,Darrell,Caldwell,Nadine,Henize,Savion
Henize,Katlyn,Gregory,Karena,Henize,Tommy
Henize,Kaden,Caldwell,Nadine,Henize,Savion
Henize,Sadie,Gregory,Julianna,Henize,Vinh
Henize,Amari,Caldwell,Nadine,Henize,Savion
Henize,Reyna,Gregory,Julianna,Henize,Vinh
Henize,Salvatore,Caldwell,Nadine,Henize,Savion
Henize,Elsa,Gregory,Julianna,Henize,Vinh
Henize,Carter,Caldwell,Nadine,Henize,Savion
Henize,Fatima,Gregory,Julianna,Henize,Vinh
Henize,Trentin,Caldwell,Nadine,Henize,Savion
Henize,Mikhaila,Gregory,Julianna,Henize,Vinh
Henize,Kyle,Caldwell,Nadine,Henize,Savion
Henize,Aileen,Gregory,Maricarmen,Henize,Arturo
Henize,Roland,Caldwell,Nadine,Henize,Savion
Henize,Tanna,Gregory,Maricarmen,Henize,Arturo
Henize,Garin,Caldwell,Nadine,Henize,Savion
Henize,Serenity,Gregory,Maricarmen,Henize,Arturo
Henize,Jed,Caldwell,Meagan,Henize,Fred
Henize,Zenia,Caldwell,Nadine,Henize,Savion
Henize,Eric,Caldwell,Meagan,Henize,Fred
Henize,Keyshla,Caldwell,Nadine,Henize,Savion
Henize,Britt,Caldwell,Meagan,Henize,Fred
Henize,Jordan,Caldwell,Nadine,Henize,Savion
Henize,Wesley,Caldwell,Meagan,Henize,Fred
Henize,Laurel,Caldwell,Nadine,Henize,Savion
Henize,Wayne,Caldwell,Meagan,Henize,Fred
Henize,Alyssa,Caldwell,Nadine,Henize,Savion
Henize,Kalon,Caldwell,Meagan,Henize,Fred
Henize,Aerial,Caldwell,Nadine,Henize,Savion
Henize,Cristian,Caldwell,Meagan,Henize,Fred
Henize,Deanne,Caldwell,Nadine,Henize,Savion
Henize,Glenn,Caldwell,Meagan,Henize,Fred
Henize,Jena,Caldwell,Meagan,Henize,Fred
Henize,Javier,Caldwell,Carrie,Henize,Reese
Henize,Alayna,Caldwell,Meagan,Henize,Fred
Henize,Wilfredo,Caldwell,Carrie,Henize,Reese
Henize,Loni,Caldwell,Meagan,Henize,Fred
Henize,Vicente,Caldwell,Carrie,Henize,Reese
Henize,Joyce,Caldwell,Meagan,Henize,Fred
Henize,Jared,Caldwell,Carrie,Henize,Reese
Henize,Eliana,Caldwell,Meagan,Henize,Fred
Henize,Darien,Caldwell,Carrie,Henize,Reese
Henize,Carmelita,Caldwell,Meagan,Henize,Fred
Henize,Gannon,Caldwell,Carrie,Henize,Reese
Henize,Juliet,Caldwell,Meagan,Henize,Fred
Henize,Jameson,Caldwell,Carrie,Henize,Reese
Henize,Mattea,Caldwell,Meagan,Henize,Fred
Henize,Guillermo,Caldwell,Carrie,Henize,Reese
Henize,Dina,Caldwell,Carrie,Henize,Reese
Gregory,Deante,Caldwell,Suleyma,Gregory,Anthoni
Henize,Karlee,Caldwell,Carrie,Henize,Reese
Gregory,Vinh,Caldwell,Suleyma,Gregory,Anthoni
Henize,Ashtyn,Caldwell,Carrie,Henize,Reese
Gregory,Cooper,Caldwell,Suleyma,Gregory,Anthoni
Henize,Carra,Caldwell,Carrie,Henize,Reese
Gregory,Carl,Caldwell,Suleyma,Gregory,Anthoni
Henize,Lori,Caldwell,Carrie,Henize,Reese
Gregory,Mitchell,Caldwell,Shyann,Gregory,Zaire
Henize,Jessica,Caldwell,Carrie,Henize,Reese
Gregory,Tad,Caldwell,Shyann,Gregory,Zaire
Henize,Maryanne,Caldwell,Carrie,Henize,Reese
Gregory,Neil,Caldwell,Shyann,Gregory,Zaire
Henize,Mona,Caldwell,Carrie,Henize,Reese
Gregory,Ever,Caldwell,Shyann,Gregory,Zaire
Henize,Kelci,Caldwell,Carrie,Henize,Reese
Gregory,Jeffery,Caldwell,Shyann,Gregory,Zaire
Henize,Madison,Caldwell,Carrie,Henize,Reese
Gregory,Elvin,Caldwell,Ivy,Gregory,Fredrick
Henize,Caitriona,Caldwell,Carrie,Henize,Reese
Gregory,Winston,Caldwell,Ivy,Gregory,Fredrick
Gregory,Marivel,Caldwell,Suleyma,Gregory,Anthoni
Gregory,Milton,Caldwell,Ivy,Gregory,Fredrick
Gregory,Carina,Caldwell,Shyann,Gregory,Zaire
Gregory,Branden,Caldwell,Ivy,Gregory,Fredrick
Gregory,Meredith,Caldwell,Shyann,Gregory,Zaire
Gregory,Chandler,Caldwell,Ivy,Gregory,Fredrick
Gregory,Cali,Caldwell,Shyann,Gregory,Zaire
Gregory,Ivan,Caldwell,Ivy,Gregory,Fredrick
Gregory,Barbara,Caldwell,Shyann,Gregory,Zaire
Gregory,Jerry,Caldwell,Ivy,Gregory,Fredrick
Gregory,Elexus,Caldwell,Shyann,Gregory,Zaire
Gregory,Latrell,Caldwell,Ivy,Gregory,Fredrick
Gregory,Ashton,Caldwell,Shyann,Gregory,Zaire
Gregory,Ramon,Caldwell,Ivy,Gregory,Fredrick
Gregory,Keirra,Caldwell,Shyann,Gregory,Zaire
Gregory,Isaac,Chamitoff,Nia,Gregory,Gonzalo
Gregory,Lauryn,Caldwell,Shyann,Gregory,Zaire
Gregory,Yakov,Chamitoff,Nia,Gregory,Gonzalo
Gregory,Antonia,Caldwell,Shyann,Gregory,Zaire
Gregory,Albert,Chamitoff,Nia,Gregory,Gonzalo
Gregory,Constance,Caldwell,Shyann,Gregory,Zaire
Gregory,Tate,Chamitoff,Nia,Gregory,Gonzalo
Gregory,Yaritza,Caldwell,Ivy,Gregory,Fredrick
Gregory,Earl,Chamitoff,Nia,Gregory,Gonzalo
Gregory,Essence,Caldwell,Ivy,Gregory,Fredrick
Gregory,Domenic,Chamitoff,Nia,Gregory,Gonzalo
Gregory,Irene,Caldwell,Ivy,Gregory,Fredrick
Gregory,Andy,Chamitoff,Cristal,Gregory,Joe
Gregory,Alisha,Caldwell,Ivy,Gregory,Fredrick
Gregory,Dalton,Chamitoff,Cristal,Gregory,Joe
Gregory,Hana,Caldwell,Ivy,Gregory,Fredrick
Gregory,Kelvin,Chamitoff,Cristal,Gregory,Joe
Gregory,Teagan,Caldwell,Ivy,Gregory,Fredrick
Gregory,Quinn,Chamitoff,Cristal,Gregory,Joe
Gregory,Gretchen,Caldwell,Ivy,Gregory,Fredrick
Gregory,Trey,Chamitoff,Cristal,Gregory,Joe
Gregory,Jazmine,Caldwell,Ivy,Gregory,Fredrick
Gregory,Jajuan,Chamitoff,Cristal,Gregory,Joe
Gregory,Natalie,Caldwell,Ivy,Gregory,Fredrick
Gregory,Marc,Chamitoff,Cristal,Gregory,Joe
Gregory,Lourdes,Chamitoff,Nia,Gregory,Gonzalo
Gregory,Brodie,Chamitoff,Sherry,Gregory,Graham
Gregory,Austin,Chamitoff,Nia,Gregory,Gonzalo
Gregory,Gannon,Chamitoff,Sherry,Gregory,Graham
Gregory,Aylin,Chamitoff,Nia,Gregory,Gonzalo
Gregory,Colin,Chamitoff,Sherry,Gregory,Graham
Gregory,Nathalie,Chamitoff,Nia,Gregory,Gonzalo
Gregory,Raheem,Chamitoff,Sherry,Gregory,Graham
Gregory,Karyna,Chamitoff,Nia,Gregory,Gonzalo
Gregory,Nestor,Chamitoff,Sherry,Gregory,Graham
Gregory,Elisa,Chamitoff,Nia,Gregory,Gonzalo
Gregory,Seamus,Chamitoff,Sherry,Gregory,Graham
Gregory,Randi,Chamitoff,Nia,Gregory,Gonzalo
Gregory,Isaias,Chamitoff,Sherry,Gregory,Graham
Gregory,Tamra,Chamitoff,Nia,Gregory,Gonzalo
Gregory,Noe,Chamitoff,Ashlynn,Gregory,Kenny
Gregory,Deyaneira,Chamitoff,Cristal,Gregory,Joe
Gregory,Zev,Chamitoff,Ashlynn,Gregory,Kenny
Gregory,Promise,Chamitoff,Cristal,Gregory,Joe
Gregory,Harrison,Chamitoff,Ashlynn,Gregory,Kenny
Gregory,Blaine,Chamitoff,Cristal,Gregory,Joe
Gregory,Dominic,Chamitoff,Ashlynn,Gregory,Kenny
Gregory,Sarah,Chamitoff,Cristal,Gregory,Joe
Gregory,Ron,Chamitoff,Ashlynn,Gregory,Kenny
Gregory,Joy,Chamitoff,Cristal,Gregory,Joe
Gregory,Kai,Chamitoff,Ashlynn,Gregory,Kenny
Gregory,Roxanne,Chamitoff,Sherry,Gregory,Graham
Gregory,Shamar,Chamitoff,Ashlynn,Gregory,Kenny
Gregory,Debbie,Chamitoff,Sherry,Gregory,Graham
Gregory,Simeon,Chamitoff,Ashlynn,Gregory,Kenny
Gregory,Kayleigh,Chamitoff,Sherry,Gregory,Graham
Gregory,Dashane,Chamitoff,Ashlynn,Gregory,Kenny
Gregory,Bree,Chamitoff,Sherry,Gregory,Graham
Gregory,Javen,Chamitoff,Ashlynn,Gregory,Kenny
Gregory,Alexia,Chamitoff,Sherry,Gregory,Graham
Gregory,Wyatt,Chamitoff,Peyton,Gregory,Guy
Gregory,Maggie,Chamitoff,Sherry,Gregory,Graham
Caldwell,Shawn,Chamitoff,Lilly,Caldwell,Brogan
Gregory,Janette,Chamitoff,Sherry,Gregory,Graham
Caldwell,Brent,Chamitoff,Lilly,Caldwell,Brogan
Gregory,Maryanne,Chamitoff,Sherry,Gregory,Graham
Caldwell,Levi,Chamitoff,Lilly,Caldwell,Brogan
Gregory,Carolyn,Chamitoff,Ashlynn,Gregory,Kenny
Caldwell,Quinn,Chamitoff,Lilly,Caldwell,Brogan
Gregory,Irma,Chamitoff,Ashlynn,Gregory,Kenny
Caldwell,Noel,Chamitoff,Lilly,Caldwell,Brogan
Gregory,Karley,Chamitoff,Ashlynn,Gregory,Kenny
Caldwell,Rafael,Chamitoff,Lilly,Caldwell,Brogan
Gregory,Siearra,Chamitoff,Ashlynn,Gregory,Kenny
Caldwell,Kerry,Chamitoff,Estefania,Caldwell,Mike
Gregory,Clara,Chamitoff,Ashlynn,Gregory,Kenny
Caldwell,Lionel,Chamitoff,Estefania,Caldwell,Mike
Gregory,Chanel,Chamitoff,Ashlynn,Gregory,Kenny
Caldwell,August,Chamitoff,Estefania,Caldwell,Mike
Gregory,Krysta,Chamitoff,Ashlynn,Gregory,Kenny
Caldwell,Bennett,Chamitoff,Estefania,Caldwell,Mike
Gregory,Mikaela,Chamitoff,Ashlynn,Gregory,Kenny
Caldwell,Isiah,Chamitoff,Estefania,Caldwell,Mike
Gregory,Callan,Chamitoff,Ashlynn,Gregory,Kenny
Caldwell,Jaylan,Chamitoff,Estefania,Caldwell,Mike
Gregory,Kylie,Chamitoff,Ashlynn,Gregory,Kenny
Caldwell,Matthew,Chamitoff,Estefania,Caldwell,Mike
Gregory,Savannah,Chamitoff,Peyton,Gregory,Guy
Caldwell,Ben,Chamitoff,Estefania,Caldwell,Mike
Gregory,Nathalia,Chamitoff,Peyton,Gregory,Guy
Caldwell,Corey,Linnehan,Daija,Caldwell,Marques
Gregory,Ciera,Chamitoff,Peyton,Gregory,Guy
Caldwell,Connor,Linnehan,Daija,Caldwell,Marques
Gregory,Madelyne,Chamitoff,Peyton,Gregory,Guy
Caldwell,Jean,Linnehan,Daija,Caldwell,Marques
Gregory,Katelynn,Chamitoff,Peyton,Gregory,Guy
Caldwell,Leon,Linnehan,Daija,Caldwell,Marques
Gregory,Kendyl,Chamitoff,Peyton,Gregory,Guy
Caldwell,Chadwick,Linnehan,Daija,Caldwell,Marques
Caldwell,Chase,Chamitoff,Lilly,Caldwell,Brogan
Caldwell,Santos,Linnehan,Daija,Caldwell,Marques
Caldwell,Sarahi,Chamitoff,Lilly,Caldwell,Brogan
Caldwell,Enrique,Linnehan,Daija,Caldwell,Marques
Caldwell,Kyle,Chamitoff,Lilly,Caldwell,Brogan
Caldwell,Russell,Linnehan,Daija,Caldwell,Marques
Caldwell,Kaylin,Chamitoff,Lilly,Caldwell,Brogan
Caldwell,Toby,Linnehan,Kacey,Caldwell,Elmer
Caldwell,Angela,Chamitoff,Lilly,Caldwell,Brogan
Caldwell,Dontae,Linnehan,Kacey,Caldwell,Elmer
Caldwell,Heather,Chamitoff,Lilly,Caldwell,Brogan
Caldwell,Cristobal,Linnehan,Kacey,Caldwell,Elmer
Caldwell,Evelin,Chamitoff,Estefania,Caldwell,Mike
Caldwell,Gene,Linnehan,Kacey,Caldwell,Elmer
Caldwell,Hannah,Chamitoff,Estefania,Caldwell,Mike
Caldwell,Dakotah,Linnehan,Kacey,Caldwell,Elmer
Caldwell,Shanique,Chamitoff,Estefania,Caldwell,Mike
Caldwell,Dedrick,Linnehan,Kacey,Caldwell,Elmer
Caldwell,Sheridan,Chamitoff,Estefania,Caldwell,Mike
Caldwell,Malcolm,Linnehan,Kacey,Caldwell,Elmer
Caldwell,Klarisa,Chamitoff,Estefania,Caldwell,Mike
Caldwell,Luis,Linnehan,Kacey,Caldwell,Elmer
Caldwell,Malia,Linnehan,Daija,Caldwell,Marques
Caldwell,Arthur,Linnehan,Jaclyn,Caldwell,Grant
Caldwell,Carly,Linnehan,Daija,Caldwell,Marques
Caldwell,Ronald,Linnehan,Jaclyn,Caldwell,Grant
Caldwell,Clare,Linnehan,Daija,Caldwell,Marques
Caldwell,Mateo,Linnehan,Jaclyn,Caldwell,Grant
Caldwell,Dayana,Linnehan,Daija,Caldwell,Marques
Caldwell,Craig,Linnehan,Jaclyn,Caldwell,Grant
Caldwell,Aimee,Linnehan,Daija,Caldwell,Marques
Caldwell,Roman,Linnehan,Jaclyn,Caldwell,Grant
Caldwell,Astrid,Linnehan,Daija,Caldwell,Marques
Caldwell,Braden,Linnehan,Jaclyn,Caldwell,Grant
Caldwell,Amberly,Linnehan,Kacey,Caldwell,Elmer
Caldwell,Julian,Linnehan,Jaclyn,Caldwell,Grant
Caldwell,Kate,Linnehan,Kacey,Caldwell,Elmer
Caldwell,Charly,Linnehan,Jaclyn,Caldwell,Grant
Caldwell,Klee,Linnehan,Kacey,Caldwell,Elmer
Caldwell,Martin,Linnehan,Jaclyn,Caldwell,Grant
Caldwell,Hadley,Linnehan,Kacey,Caldwell,Elmer
Caldwell,Cooper,Linnehan,Lynn,Caldwell,Aleksandr
Caldwell,Ansley,Linnehan,Kacey,Caldwell,Elmer
Caldwell,Arturo,Linnehan,Lynn,Caldwell,Aleksandr
Caldwell,Renee,Linnehan,Kacey,Caldwell,Elmer
Caldwell,Samson,Linnehan,Lynn,Caldwell,Aleksandr
Caldwell,Ashlie,Linnehan,Kacey,Caldwell,Elmer
Chamitoff,Deonte,Linnehan,Madeline,Chamitoff,Wesley
Caldwell,Violet,Linnehan,Kacey,Caldwell,Elmer
Chamitoff,Tyrone,Linnehan,Madeline,Chamitoff,Wesley
Caldwell,Shae,Linnehan,Jaclyn,Caldwell,Grant
Chamitoff,Oscar,Linnehan,Madeline,Chamitoff,Wesley
Caldwell,Leticia,Linnehan,Jaclyn,Caldwell,Grant
Chamitoff,Mike,Linnehan,Madeline,Chamitoff,Wesley
Caldwell,Justine,Linnehan,Jaclyn,Caldwell,Grant
Chamitoff,Marshall,Linnehan,Madeline,Chamitoff,Wesley
Caldwell,Adriana,Linnehan,Jaclyn,Caldwell,Grant
Chamitoff,Vicente,Linnehan,Madeline,Chamitoff,Wesley
Caldwell,Calli,Linnehan,Jaclyn,Caldwell,Grant
Chamitoff,Rolando,Linnehan,Madeline,Chamitoff,Wesley
Caldwell,Sabrina,Linnehan,Jaclyn,Caldwell,Grant
Chamitoff,Wanya,Linnehan,Madeline,Chamitoff,Wesley
Caldwell,Faith,Linnehan,Jaclyn,Caldwell,Grant
Chamitoff,Habram,Linnehan,Madeline,Chamitoff,Wesley
Caldwell,Tiara,Linnehan,Jaclyn,Caldwell,Grant
Chamitoff,Keeton,Linnehan,Chelsie,Chamitoff,Dominick
Caldwell,Carolyn,Linnehan,Jaclyn,Caldwell,Grant
Chamitoff,Eberardo,Linnehan,Chelsie,Chamitoff,Dominick
Caldwell,Rachel,Linnehan,Lynn,Caldwell,Aleksandr
Chamitoff,Arthur,Linnehan,Chelsie,Chamitoff,Dominick
Caldwell,Roxana,Linnehan,Lynn,Caldwell,Aleksandr
Chamitoff,Emmett,Linnehan,Chelsie,Chamitoff,Dominick
Caldwell,Desteny,Linnehan,Lynn,Caldwell,Aleksandr
Chamitoff,Maurice,Linnehan,Chelsie,Chamitoff,Dominick
Caldwell,Lori,Linnehan,Lynn,Caldwell,Aleksandr
Chamitoff,Rodolfo,Linnehan,Chelsie,Chamitoff,Dominick
Caldwell,Bridget,Linnehan,Lynn,Caldwell,Aleksandr
Chamitoff,Keion,Linnehan,Chelsie,Chamitoff,Dominick
Caldwell,Katelynn,Linnehan,Lynn,Caldwell,Aleksandr
Chamitoff,Nestor,Linnehan,Chelsie,Chamitoff,Dominick
Chamitoff,Susanna,Linnehan,Madeline,Chamitoff,Wesley
Chamitoff,Gonzalo,Linnehan,Cherokee,Chamitoff,Ulysses
Chamitoff,Hana,Linnehan,Madeline,Chamitoff,Wesley
Chamitoff,Saxon,Linnehan,Cherokee,Chamitoff,Ulysses
Chamitoff,Janie,Linnehan,Madeline,Chamitoff,Wesley
Chamitoff,Kieran,Linnehan,Cherokee,Chamitoff,Ulysses
Chamitoff,India,Linnehan,Madeline,Chamitoff,Wesley
Chamitoff,Tyler,Linnehan,Cherokee,Chamitoff,Ulysses
Chamitoff,Porsha,Linnehan,Madeline,Chamitoff,Wesley
Chamitoff,Nathan,Linnehan,Cherokee,Chamitoff,Ulysses
Chamitoff,Keri,Linnehan,Madeline,Chamitoff,Wesley
Chamitoff,Guadalupe,Linnehan,Cherokee,Chamitoff,Ulysses
Chamitoff,Carra,Linnehan,Madeline,Chamitoff,Wesley
Chamitoff,Fernando,Linnehan,Cherokee,Chamitoff,Ulysses
Chamitoff,Denise,Linnehan,Chelsie,Chamitoff,Dominick
Chamitoff,Miguel,Hartsfield,Shoshana,Chamitoff,Lauren
Chamitoff,Daphne,Linnehan,Chelsie,Chamitoff,Dominick
Chamitoff,Brady,Hartsfield,Shoshana,Chamitoff,Lauren
Chamitoff,Jessenia,Linnehan,Chelsie,Chamitoff,Dominick
Chamitoff,Deante,Hartsfield,Shoshana,Chamitoff,Lauren
Chamitoff,Vanessa,Linnehan,Chelsie,Chamitoff,Dominick
Chamitoff,Dyllon,Hartsfield,Shoshana,Chamitoff,Lauren
Chamitoff,Nathaly,Linnehan,Chelsie,Chamitoff,Dominick
Chamitoff,Jaquan,Hartsfield,Shoshana,Chamitoff,Lauren
Chamitoff,Maegen,Linnehan,Chelsie,Chamitoff,Dominick
Chamitoff,Nick,Hartsfield,Shoshana,Chamitoff,Lauren
Chamitoff,Celeste,Linnehan,Cherokee,Chamitoff,Ulysses
Chamitoff,Bruce,Hartsfield,Shoshana,Chamitoff,Lauren
Chamitoff,Chelsea,Linnehan,Cherokee,Chamitoff,Ulysses
Chamitoff,Dana,Hartsfield,Shoshana,Chamitoff,Lauren
Chamitoff,Shiane,Linnehan,Cherokee,Chamitoff,Ulysses
Chamitoff,Trevon,Hartsfield,Kiersten,Chamitoff,Zackary
Chamitoff,Darcy,Linnehan,Cherokee,Chamitoff,Ulysses
Chamitoff,Kurtis,Hartsfield,Kiersten,Chamitoff,Zackary
Chamitoff,Alina,Hartsfield,Shoshana,Chamitoff,Lauren
Chamitoff,Dane,Hartsfield,Kiersten,Chamitoff,Zackary
Chamitoff,Lucy,Hartsfield,Shoshana,Chamitoff,Lauren
Chamitoff,Hiram,Hartsfield,Kiersten,Chamitoff,Zackary
Chamitoff,Justina,Hartsfield,Shoshana,Chamitoff,Lauren
Chamitoff,Frederic,Hartsfield,Kiersten,Chamitoff,Zackary
Chamitoff,Bria,Hartsfield,Shoshana,Chamitoff,Lauren
Chamitoff,Babyboy,Hartsfield,Kiersten,Chamitoff,Zackary
Chamitoff,Isabel,Hartsfield,Shoshana,Chamitoff,Lauren
Chamitoff,Charles,Hartsfield,Kiersten,Chamitoff,Zackary
Chamitoff,Marisa,Hartsfield,Shoshana,Chamitoff,Lauren
Chamitoff,Marvin,Hartsfield,Eliana,Chamitoff,Carter
Chamitoff,Keara,Hartsfield,Shoshana,Chamitoff,Lauren
Chamitoff,Glenn,Hartsfield,Eliana,Chamitoff,Carter
Chamitoff,Zulema,Hartsfield,Kiersten,Chamitoff,Zackary
Chamitoff,Fabian,Hartsfield,Eliana,Chamitoff,Carter
Chamitoff,Maggie,Hartsfield,Kiersten,Chamitoff,Zackary
Chamitoff,Kaleb,Hartsfield,Eliana,Chamitoff,Carter
Chamitoff,Judith,Hartsfield,Kiersten,Chamitoff,Zackary
Chamitoff,Kyle,Hartsfield,Eliana,Chamitoff,Carter
Chamitoff,Clare,Hartsfield,Kiersten,Chamitoff,Zackary
Chamitoff,Daryl,Hartsfield,Eliana,Chamitoff,Carter
Chamitoff,Kaina,Hartsfield,Kiersten,Chamitoff,Zackary
Chamitoff,Dominic,Hartsfield,Jailene,Chamitoff,Salvador
Chamitoff,Estefani,Hartsfield,Kiersten,Chamitoff,Zackary
Chamitoff,Oren,Hartsfield,Jailene,Chamitoff,Salvador
Chamitoff,Mona,Hartsfield,Kiersten,Chamitoff,Zackary
Chamitoff,Alvin,Hartsfield,Jailene,Chamitoff,Salvador
Chamitoff,Kelsy,Hartsfield,Kiersten,Chamitoff,Zackary
Linnehan,Deleon,Hartsfield,Kali,Linnehan,Blaine
Chamitoff,Nyasia,Hartsfield,Kiersten,Chamitoff,Zackary
Linnehan,Reynaldo,Hartsfield,Kali,Linnehan,Blaine
Chamitoff,Keyshla,Hartsfield,Eliana,Chamitoff,Carter
Linnehan,Kade,Hartsfield,Kali,Linnehan,Blaine
Chamitoff,Ladaysha,Hartsfield,Eliana,Chamitoff,Carter
Linnehan,Moises,Hartsfield,Kali,Linnehan,Blaine
Chamitoff,Elisa,Hartsfield,Eliana,Chamitoff,Carter
Linnehan,Trentin,Hartsfield,Kali,Linnehan,Blaine
Chamitoff,Jada,Hartsfield,Eliana,Chamitoff,Carter
Linnehan,Chadwick,Hartsfield,Kali,Linnehan,Blaine
Chamitoff,Anastasia,Hartsfield,Eliana,Chamitoff,Carter
Linnehan,Britton,Hartsfield,Kali,Linnehan,Blaine
Chamitoff,Savana,Hartsfield,Eliana,Chamitoff,Carter
Linnehan,Daxton,Hartsfield,Kali,Linnehan,Blaine
Chamitoff,Maribel,Hartsfield,Eliana,Chamitoff,Carter
Linnehan,Yash,Hartsfield,Kali,Linnehan,Blaine
Chamitoff,Krysta,Hartsfield,Jailene,Chamitoff,Salvador
Linnehan,Patrick,Hartsfield,Kali,Linnehan,Blaine
Chamitoff,Yasmin,Hartsfield,Jailene,Chamitoff,Salvador
Linnehan,Luis,Hartsfield,Tehya,Linnehan,Dominique
Linnehan,Lindsay,Hartsfield,Kali,Linnehan,Blaine
Linnehan,Rakeem,Hartsfield,Tehya,Linnehan,Dominique
Linnehan,Patience,Hartsfield,Kali,Linnehan,Blaine
Linnehan,Kameron,Hartsfield,Tehya,Linnehan,Dominique
Linnehan,Estefani,Hartsfield,Kali,Linnehan,Blaine
Linnehan,Devon,Hartsfield,Tehya,Linnehan,Dominique
Linnehan,Katerina,Hartsfield,Kali,Linnehan,Blaine
Linnehan,Mckay,Hartsfield,Tehya,Linnehan,Dominique
Linnehan,Kitana,Hartsfield,Kali,Linnehan,Blaine
Linnehan,Kamau,Hartsfield,Tehya,Linnehan,Dominique
Linnehan,Lyric,Hartsfield,Kali,Linnehan,Blaine
Linnehan,Aiden,Hartsfield,Tehya,Linnehan,Dominique
Linnehan,Perla,Hartsfield,Kali,Linnehan,Blaine
Linnehan,Kegan,Hartsfield,Tehya,Linnehan,Dominique
Linnehan,Lila,Hartsfield,Kali,Linnehan,Blaine
Linnehan,Reed,Hartsfield,Tehya,Linnehan,Dominique
Linnehan,Felisha,Hartsfield,Tehya,Linnehan,Dominique
Linnehan,Abdul,Hartsfield,Tehya,Linnehan,Dominique
Linnehan,Luisa,Hartsfield,Tehya,Linnehan,Dominique
Linnehan,Brenden,Hartsfield,Tehya,Linnehan,Dominique
Linnehan,Desteny,Hartsfield,Tehya,Linnehan,Dominique
Linnehan,Kristian,Hartsfield,Tehya,Linnehan,Dominique
Linnehan,Kaitlynn,Hartsfield,Tehya,Linnehan,Dominique
Linnehan,Jeramie,Hartsfield,Dixie,Linnehan,Habram
Linnehan,Chelsey,Hartsfield,Tehya,Linnehan,Dominique
Linnehan,Freddy,Hartsfield,Dixie,Linnehan,Habram
Linnehan,Susanna,Hartsfield,Tehya,Linnehan,Dominique
Linnehan,Montel,Hartsfield,Dixie,Linnehan,Habram
Linnehan,Destiney,Hartsfield,Tehya,Linnehan,Dominique
Linnehan,Karl,Hartsfield,Dixie,Linnehan,Habram
Linnehan,Zoey,Hartsfield,Tehya,Linnehan,Dominique
Linnehan,Theodore,Hartsfield,Dixie,Linnehan,Habram
Linnehan,Sadia,Hartsfield,Dixie,Linnehan,Habram
Linnehan,Emmitt,Hartsfield,Dixie,Linnehan,Habram
Linnehan,Austin,Hartsfield,Dixie,Linnehan,Habram
Linnehan,Henry,Hartsfield,Dixie,Linnehan,Habram
Linnehan,Mikyla,Hartsfield,Dixie,Linnehan,Habram
Linnehan,Erick,Hartsfield,Dixie,Linnehan,Habram
Linnehan,Marysol,Hartsfield,Dixie,Linnehan,Habram
Linnehan,Gene,Hartsfield,Dixie,Linnehan,Habram
Linnehan,Alaina,Hartsfield,Dixie,Linnehan,Habram
Linnehan,Travon,Hartsfield,Elsa,Linnehan,Britt
Linnehan,Keely,Hartsfield,Dixie,Linnehan,Habram
Linnehan,Seamus,Hartsfield,Elsa,Linnehan,Britt
Linnehan,Edith,Hartsfield,Dixie,Linnehan,Habram
Linnehan,Bernard,Hartsfield,Elsa,Linnehan,Britt
Linnehan,Maryanne,Hartsfield,Dixie,Linnehan,Habram
Linnehan,Derick,Hartsfield,Elsa,Linnehan,Britt
Linnehan,Nadia,Hartsfield,Dixie,Linnehan,Habram
Linnehan,Marcell,Hartsfield,Elsa,Linnehan,Britt
Linnehan,Nancy,Hartsfield,Dixie,Linnehan,Habram
Linnehan,Randall,Hartsfield,Elsa,Linnehan,Britt
Linnehan,Iridiana,Hartsfield,Elsa,Linnehan,Britt
Linnehan,Stefan,Hartsfield,Elsa,Linnehan,Britt
Linnehan,Idaly,Hartsfield,Elsa,Linnehan,Britt
Linnehan,Rahim,Hartsfield,Elsa,Linnehan,Britt
Linnehan,Tatyana,Hartsfield,Lizbeth,Linnehan,Jair
Linnehan,Allen,McCool,Kaleigh,Linnehan,Sawyer
Linnehan,Kelley,Hartsfield,Lizbeth,Linnehan,Jair
Linnehan,Tyren,McCool,Kaleigh,Linnehan,Sawyer
Linnehan,Margo,Hartsfield,Lizbeth,Linnehan,Jair
Linnehan,Devonte,McCool,Kaleigh,Linnehan,Sawyer
Linnehan,Bridget,Hartsfield,Lizbeth,Linnehan,Jair
Linnehan,Thomas,McCool,Kaleigh,Linnehan,Sawyer
Linnehan,Kady,McCool,Kaleigh,Linnehan,Sawyer
Linnehan,Frederic,McCool,Kaleigh,Linnehan,Sawyer
Linnehan,Scarlett,McCool,Kaleigh,Linnehan,Sawyer
Linnehan,Stephen,McCool,Kaleigh,Linnehan,Sawyer
Linnehan,Gloria,McCool,Kaleigh,Linnehan,Sawyer
Linnehan,Dallin,McCool,Kaleigh,Linnehan,Sawyer
Linnehan,India,McCool,Kaleigh,Linnehan,Sawyer
Linnehan,Esau,McCool,Blaze,Linnehan,Erin
Linnehan,Kasandra,McCool,Kaleigh,Linnehan,Sawyer
Linnehan,Clinton,McCool,Blaze,Linnehan,Erin
Linnehan,Tawny,McCool,Blaze,Linnehan,Erin
Linnehan,Ross,McCool,Blaze,Linnehan,Erin
Linnehan,Angel,McCool,Blaze,Linnehan,Erin
Linnehan,Juancarlos,McCool,Blaze,Linnehan,Erin
Linnehan,Graciela,McCool,Blaze,Linnehan,Erin
Linnehan,Cristopher,McCool,Blaze,Linnehan,Erin
Linnehan,Nathalia,McCool,Blaze,Linnehan,Erin
Linnehan,Ryland,McCool,Blaze,Linnehan,Erin
Linnehan,Mikaela,McCool,Blaze,Linnehan,Erin
Linnehan,Francisco,McCool,Blaze,Linnehan,Erin
Linnehan,Juliette,McCool,Blaze,Linnehan,Erin
Linnehan,Humberto,McCool,Blaze,Linnehan,Erin
Linnehan,Fatima,McCool,Blaze,Linnehan,Erin
Linnehan,Benjamen,McCool,Blaze,Linnehan,Erin
Linnehan,Brittney,Ross,Avery,Linnehan,Nathanael
Linnehan,Garret,McCool,Blaze,Linnehan,Erin
Linnehan,Celena,Ross,Avery,Linnehan,Nathanael
Linnehan,Jordon,Ross,Maricarmen,Linnehan,Tyreek
Linnehan,Alana,Ross,Avery,Linnehan,Nathanael
Linnehan,Dan,Ross,Maricarmen,Linnehan,Tyreek
Linnehan,Lexi,Ross,Avery,Linnehan,Nathanael
Linnehan,Tayler,Ross,Maricarmen,Linnehan,Tyreek
Linnehan,Sydni,Ross,Avery,Linnehan,Nathanael
Linnehan,Josue,Ross,Maricarmen,Linnehan,Tyreek
Linnehan,Tory,Ross,Suleyma,Linnehan,Warren
Linnehan,Shawn,Ross,Avery,Linnehan,Nathanael
Linnehan,Meredith,Ross,Suleyma,Linnehan,Warren
Linnehan,Misael,Ross,Avery,Linnehan,Nathanael
Linnehan,Latosha,Ross,Suleyma,Linnehan,Warren
Linnehan,Walker,Ross,Avery,Linnehan,Nathanael
Linnehan,Cambria,Ross,Suleyma,Linnehan,Warren
Linnehan,Jacori,Ross,Avery,Linnehan,Nathanael
Linnehan,Paxton,Ross,Anna,Linnehan,Bobby
Linnehan,Issac,Ross,Suleyma,Linnehan,Warren
Linnehan,Reilly,Ross,Anna,Linnehan,Bobby
Linnehan,Jorge,Ross,Suleyma,Linnehan,Warren
Linnehan,Nia,Ross,Anna,Linnehan,Bobby
Linnehan,Louis,Ross,Anna,Linnehan,Bobby
Linnehan,Daphne,Ross,Anna,Linnehan,Bobby
Linnehan,Leo,Ross,Anna,Linnehan,Bobby
Linnehan,Gretchen,Ross,Anna,Linnehan,Bobby
Linnehan,Chad,Ross,Anna,Linnehan,Bobby
Linnehan,Kerry,Ross,Anna,Linnehan,Bobby
Linnehan,Asher,Ross,Anna,Linnehan,Bobby
Linnehan,Yazmin,Ross,Anna,Linnehan,Bobby
Linnehan,Bretton,Ross,Christine,Linnehan,Dana
Linnehan,Micah,Ross,Anna,Linnehan,Bobby
Linnehan,Brent,Ross,Christine,Linnehan,Dana
Linnehan,Jewel,Ross,Christine,Linnehan,Dana
Linnehan,Calib,Ross,Vivian,Linnehan,Zachary
Linnehan,Danica,Ross,Christine,Linnehan,Dana
Linnehan,Kelvin,Ross,Vivian,Linnehan,Zachary
Linnehan,Yvette,Ross,Christine,Linnehan,Dana
Hartsfield,Cyrus,Hammond,Kimberly,Hartsfield,Kirkland
Linnehan,Darian,Ross,Vivian,Linnehan,Zachary
Hartsfield,Oliver,Hammond,Kimberly,Hartsfield,Kirkland
Linnehan,Jessenia,Ross,Vivian,Linnehan,Zachary
Hartsfield,Cristian,Hammond,Kimberly,Hartsfield,Kirkland
Linnehan,Tehya,Ross,Vivian,Linnehan,Zachary
Hartsfield,Roberto,Hammond,Kimberly,Hartsfield,Kirkland
Linnehan,Tatiana,Ross,Vivian,Linnehan,Zachary
Hartsfield,Bryan,Hammond,Kimberly,Hartsfield,Kirkland
Linnehan,Kristy,Ross,Vivian,Linnehan,Zachary
Hartsfield,Travon,Hammond,Kimberly,Hartsfield,Kirkland
Hartsfield,Marilyn,Hammond,Kimberly,Hartsfield,Kirkland
Hartsfield,Quincy,Hammond,Kimberly,Hartsfield,Kirkland
Hartsfield,Chasity,Hammond,Kimberly,Hartsfield,Kirkland
Hartsfield,Mohammed,Hammond,Kristin,Hartsfield,Taylor
Hartsfield,Ashtin,Hammond,Kimberly,Hartsfield,Kirkland
Hartsfield,Yuri,Hammond,Kristin,Hartsfield,Taylor
Hartsfield,Marjorie,Hammond,Kimberly,Hartsfield,Kirkland
Hartsfield,Marcos,Hammond,Kristin,Hartsfield,Taylor
Hartsfield,Tayla,Hammond,Kimberly,Hartsfield,Kirkland
Hartsfield,Coy,Hammond,Kristin,Hartsfield,Taylor
Hartsfield,Dajah,Hammond,Kimberly,Hartsfield,Kirkland
Hartsfield,Draven,Hammond,Karly,Hartsfield,Izaiah
Hartsfield,Minna,Hammond,Kimberly,Hartsfield,Kirkland
Hartsfield,Daxton,Hammond,Karly,Hartsfield,Izaiah
Hartsfield,Samara,Hammond,Kimberly,Hartsfield,Kirkland
Hartsfield,Montana,Hammond,Karly,Hartsfield,Izaiah
Hartsfield,Bernadette,Hammond,Kimberly,Hartsfield,Kirkland
Hartsfield,Blake,Hammond,Karly,Hartsfield,Izaiah
Hartsfield,Colby,Hammond,Kristin,Hartsfield,Taylor
Hartsfield,Santos,Hammond,Karly,Hartsfield,Izaiah
Hartsfield,Marianna,Hammond,Kristin,Hartsfield,Taylor
Hartsfield,Joseph,Hammond,Karly,Hartsfield,Izaiah
Hartsfield,Idaly,Hammond,Kristin,Hartsfield,Taylor
Hartsfield,Dusty,Hammond,Karly,Hartsfield,Izaiah
Hartsfield,Sasha,Hammond,Kristin,Hartsfield,Taylor
Hartsfield,Terrance,Hammond,Karly,Hartsfield,Izaiah
Hartsfield,Mykelle,Hammond,Karly,Hartsfield,Izaiah
Hartsfield,Cristobal,Searfoss,Chastity,Hartsfield,Diamond
Hartsfield,Deisy,Hammond,Karly,Hartsfield,Izaiah
Hartsfield,Daylon,Searfoss,Chastity,Hartsfield,Diamond
Hartsfield,Leigh,Hammond,Karly,Hartsfield,Izaiah
Hartsfield,Dominique,Searfoss,Chastity,Hartsfield,Diamond
Hartsfield,Chastity,Hammond,Karly,Hartsfield,Izaiah
Hartsfield,Menachem,Searfoss,Chastity,Hartsfield,Diamond
Hartsfield,Aria,Searfoss,Chastity,Hartsfield,Diamond
Hartsfield,Ryen,Searfoss,Chastity,Hartsfield,Diamond
Hartsfield,Calandra,Searfoss,Chastity,Hartsfield,Diamond
Hartsfield,Amir,Searfoss,Chastity,Hartsfield,Diamond
Hartsfield,Ciara,Searfoss,Chastity,Hartsfield,Diamond
Hartsfield,Langston,Searfoss,Chastity,Hartsfield,Diamond
Hartsfield,Johnna,Searfoss,Chastity,Hartsfield,Diamond
Hartsfield,Isidro,Searfoss,Chastity,Hartsfield,Diamond
Hartsfield,Reagan,Searfoss,Chastity,Hartsfield,Diamond
Hartsfield,Patric,Searfoss,Chastity,Hartsfield,Diamond
Hartsfield,Hallie,Searfoss,Chastity,Hartsfield,Diamond
Hartsfield,Todd,Searfoss,Measia,Hartsfield,Myron
Hartsfield,Kaelyn,Searfoss,Chastity,Hartsfield,Diamond
Hartsfield,Landon,Searfoss,Measia,Hartsfield,Myron
Hartsfield,Karen,Searfoss,Chastity,Hartsfield,Diamond
Hartsfield,Gunnar,Searfoss,Measia,Hartsfield,Myron
Hartsfield,Siera,Searfoss,Chastity,Hartsfield,Diamond
Hartsfield,Rene,Searfoss,Measia,Hartsfield,Myron
Hartsfield,Hanna,Searfoss,Chastity,Hartsfield,Diamond
Hartsfield,Colt,Searfoss,Measia,Hartsfield,Myron
Hartsfield,Ashlie,Searfoss,Measia,Hartsfield,Myron
Hartsfield,Cooper,Searfoss,Measia,Hartsfield,Myron
Hartsfield,Tawny,Searfoss,Measia,Hartsfield,Myron
Hartsfield,Nick,Searfoss,Measia,Hartsfield,Myron
Hartsfield,Aylssa,Searfoss,Measia,Hartsfield,Myron
Hartsfield,Grady,Searfoss,Measia,Hartsfield,Myron
Hartsfield,Unique,Searfoss,Measia,Hartsfield,Myron
Hartsfield,Demarco,Searfoss,Ansley,Hartsfield,Shelby
Hartsfield,Kelci,Searfoss,Measia,Hartsfield,Myron
Hartsfield,Willie,Searfoss,Ansley,Hartsfield,Shelby
Hartsfield,Robin,Searfoss,Measia,Hartsfield,Myron
Hartsfield,Antoine,Searfoss,Ansley,Hartsfield,Shelby
Hartsfield,Maxine,Searfoss,Measia,Hartsfield,Myron
Hartsfield,Carter,Searfoss,Ansley,Hartsfield,Shelby
Hartsfield,Jazmon,Searfoss,Ansley,Hartsfield,Shelby
Hartsfield,Davon,Searfoss,Ansley,Hartsfield,Shelby
Hartsfield,Tamia,Searfoss,Ansley,Hartsfield,Shelby
Hartsfield,Jovan,Searfoss,Ansley,Hartsfield,Shelby
Hartsfield,Celina,Searfoss,Ansley,Hartsfield,Shelby
Hartsfield,Antavius,Searfoss,Ansley,Hartsfield,Shelby
Hartsfield,Jazmine,Searfoss,Ansley,Hartsfield,Shelby
Hartsfield,Luke,Searfoss,Ansley,Hartsfield,Shelby
Hartsfield,Angelique,Searfoss,Ansley,Hartsfield,Shelby
Hartsfield,German,Searfoss,Ansley,Hartsfield,Shelby
Hartsfield,Brandy,Searfoss,Ansley,Hartsfield,Shelby
Hartsfield,Truman,Searfoss,Mikala,Hartsfield,Jeremey
Hartsfield,Lydia,Searfoss,Ansley,Hartsfield,Shelby
Hartsfield,Mauricio,Searfoss,Mikala,Hartsfield,Jeremey
Hartsfield,Rosemary,Searfoss,Ansley,Hartsfield,Shelby
Hartsfield,Wilson,Searfoss,Mikala,Hartsfield,Jeremey
Hartsfield,Liz,Searfoss,Ansley,Hartsfield,Shelby
Hartsfield,George,Searfoss,Mikala,Hartsfield,Jeremey
Hartsfield,Emmalee,Searfoss,Ansley,Hartsfield,Shelby
Hartsfield,Mason,Searfoss,Mikala,Hartsfield,Jeremey
Hartsfield,Jasmin,Searfoss,Mikala,Hartsfield,Jeremey
Hartsfield,Reynaldo,Searfoss,Mikala,Hartsfield,Jeremey
Hartsfield,Camelia,Searfoss,Mikala,Hartsfield,Jeremey
