Spring,Darren,Loria,Lori,Spring,Evan
Washington,Ella,Glenn,Tiffanie,Washington,Bo
Parazynski,Gregory,Still,Zoe,Parazynski,Clayton
Deardorff,Shea,Garriott,Leslie,Deardorff,Thomas
Thagard,Keith,Mattingly,Jameisha,Thagard,Stephanie
McCool,Gabrielle,Holmquest,Destiny,McCool,Soren
Brand,Kendrick,Sturckow,Savanna,Brand,Dyllon
Polk,Brenna,Jernigan,Makenna,Polk,Marvin
Burbank,Marco,Bean,Karla,Burbank,Demarcus
Currie,Noel,Young,Tiona,Currie,Antoine
Brand,Marquise,Grabe,Merissa,Brand,Brenton
Crippen,Gabriella,Creamer,Haven,Crippen,Khalil
Poindexter,Justice,Nixon,Kaylyn,Poindexter,Derrick
McCandless,Kenyatta,Chiao,Tayla,McCandless,Conor
Harbaugh,Desmond,Reilly,Zahra,Harbaugh,Leon
Melvin,Kelcee,Jett,Janet,Melvin,Blaine
Llewellyn,Maurice,Weber,Tabatha,Llewellyn,Coleman
Carter,Charlotte,Hilmers,Olga,Carter,Cory
Kelly,Deric,Bagian,Zahra,Kelly,Dontae
Foreman,Asha,O'Leary,Harley,Foreman,Tate
Spring,Francisco,Washington,Ella,Spring,Darren
Bagian,Ashton,Robinson,Carina,Bagian,Langston
Spring,Trae,Washington,Ella,Spring,Darren
Kavandi,Amy,Currie,Ronni,Kavandi,Alberto
Spring,Myles,Washington,Ella,Spring,Darren
Jernigan,Ciarra,Walz,Tanisha,Jernigan,Spenser
Spring,Montana,Washington,Ella,Spring,Darren
Meade,Sofia,Henize,Janette,Meade,Reece
Spring,Mohamad,Washington,Ella,Spring,Darren
Vanderhooven,Yahaira,Ochoa,Gabriela,Vanderhooven,Hassan
Parazynski,Cullen,Deardorff,Shea,Parazynski,Gregory
Vanderhooven,Kendal,Rominger,Aesha,Vanderhooven,Santana
Parazynski,Terence,Deardorff,Shea,Parazynski,Gregory
Currie,Graciela,Linnehan,Daphne,Currie,Darrell
Parazynski,Jonathan,Deardorff,Shea,Parazynski,Gregory
Ross,Rachel,Lee,Kaycee,Ross,Ray
Parazynski,Junior,Deardorff,Shea,Parazynski,Gregory
McCool,Christy,Chamitoff,Sommer,McCool,Domenic
Parazynski,Ryan,Deardorff,Shea,Parazynski,Gregory
Davis,Meagan,Springer,Cheyanna,Davis,Matthew
Parazynski,Zachery,Deardorff,Shea,Parazynski,Gregory
Spring,Banesa,Washington,Ella,Spring,Darren
Parazynski,Lionel,Deardorff,Shea,Parazynski,Gregory
Spring,Michel,Washington,Ella,Spring,Darren
Thagard,Daquan,McCool,Gabrielle,Thagard,Keith
Spring,Geneva,Washington,Ella,Spring,Darren
Thagard,Alonso,McCool,Gabrielle,Thagard,Keith
Spring,Fabiola,Washington,Ella,Spring,Darren
Thagard,Erick,McCool,Gabrielle,Thagard,Keith
Spring,Mariana,Washington,Ella,Spring,Darren
Thagard,Taylor,McCool,Gabrielle,Thagard,Keith
Spring,Toni,Washington,Ella,Spring,Darren
Thagard,Britt,McCool,Gabrielle,Thagard,Keith
Spring,Carla,Washington,Ella,Spring,Darren
Thagard,Corbin,McCool,Gabrielle,Thagard,Keith
Spring,Brianne,Washington,Ella,Spring,Darren
Thagard,Terrell,McCool,Gabrielle,Thagard,Keith
Spring,Ixchel,Washington,Ella,Spring,Darren
Brand,Ronnie,Polk,Brenna,Brand,Kendrick
Spring,Violet,Washington,Ella,Spring,Darren
Brand,Nathan,Polk,Brenna,Brand,Kendrick
Parazynski,Rita,Deardorff,Shea,Parazynski,Gregory
Brand,Yobani,Polk,Brenna,Brand,Kendrick
Parazynski,Louisa,Deardorff,Shea,Parazynski,Gregory
Brand,Trae,Polk,Brenna,Brand,Kendrick
Parazynski,Nicolette,Deardorff,Shea,Parazynski,Gregory
Burbank,Skylar,Currie,Noel,Burbank,Marco
Parazynski,Keanna,Deardorff,Shea,Parazynski,Gregory
Burbank,Zaire,Currie,Noel,Burbank,Marco
Parazynski,Alexandria,Deardorff,Shea,Parazynski,Gregory
Brand,Anders,Crippen,Gabriella,Brand,Marquise
Thagard,Sonia,McCool,Gabrielle,Thagard,Keith
Brand,Alexander,Crippen,Gabriella,Brand,Marquise
Thagard,Carlie,McCool,Gabrielle,Thagard,Keith
Brand,Jashua,Crippen,Gabriella,Brand,Marquise
Thagard,Chelsie,McCool,Gabrielle,Thagard,Keith
Poindexter,Keeton,McCandless,Kenyatta,Poindexter,Justice
Thagard,Shae,McCool,Gabrielle,Thagard,Keith
Poindexter,Frederick,McCandless,Kenyatta,Poindexter,Justice
Thagard,Karishma,McCool,Gabrielle,Thagard,Keith
Poindexter,Raymond,McCandless,Kenyatta,Poindexter,Justice
Thagard,Audrey,McCool,Gabrielle,Thagard,Keith
Harbaugh,Dylon,Melvin,Kelcee,Harbaugh,Desmond
Thagard,Madeline,McCool,Gabrielle,Thagard,Keith
Harbaugh,Shlomo,Melvin,Kelcee,Harbaugh,Desmond
Brand,Kaylin,Polk,Brenna,Brand,Kendrick
Harbaugh,Tyran,Melvin,Kelcee,Harbaugh,Desmond
Brand,Jalen,Polk,Brenna,Brand,Kendrick
Harbaugh,Nick,Melvin,Kelcee,Harbaugh,Desmond
Brand,Sidney,Polk,Brenna,Brand,Kendrick
Harbaugh,Korey,Melvin,Kelcee,Harbaugh,Desmond
Brand,Margarita,Polk,Brenna,Brand,Kendrick
Harbaugh,Wylie,Melvin,Kelcee,Harbaugh,Desmond
Brand,Pamela,Polk,Brenna,Brand,Kendrick
Harbaugh,Kenny,Melvin,Kelcee,Harbaugh,Desmond
Burbank,Anaya,Currie,Noel,Burbank,Marco
Kelly,Remington,Foreman,Asha,Kelly,Deric
Burbank,Carlye,Currie,Noel,Burbank,Marco
Kelly,Reed,Foreman,Asha,Kelly,Deric
Burbank,Emerald,Currie,Noel,Burbank,Marco
Kelly,David,Foreman,Asha,Kelly,Deric
Brand,Edith,Crippen,Gabriella,Brand,Marquise
Kelly,Cyrus,Foreman,Asha,Kelly,Deric
Brand,Karlee,Crippen,Gabriella,Brand,Marquise
Kelly,Amir,Foreman,Asha,Kelly,Deric
Brand,Anne,Crippen,Gabriella,Brand,Marquise
Kelly,Nathan,Foreman,Asha,Kelly,Deric
Brand,Callie,Crippen,Gabriella,Brand,Marquise
Kelly,Samual,Foreman,Asha,Kelly,Deric
Poindexter,Paulina,McCandless,Kenyatta,Poindexter,Justice
Spring,Trace,Bagian,Ashton,Spring,Francisco
Poindexter,Shoshana,McCandless,Kenyatta,Poindexter,Justice
Spring,Devaughn,Bagian,Ashton,Spring,Francisco
Poindexter,Natalie,McCandless,Kenyatta,Poindexter,Justice
Spring,Chris,Bagian,Ashton,Spring,Francisco
Poindexter,Krupa,McCandless,Kenyatta,Poindexter,Justice
Spring,Zachary,Kavandi,Amy,Spring,Trae
Poindexter,Sabrina,McCandless,Kenyatta,Poindexter,Justice
Spring,Augustus,Kavandi,Amy,Spring,Trae
Harbaugh,Kitana,Melvin,Kelcee,Harbaugh,Desmond
Spring,Lukas,Jernigan,Ciarra,Spring,Myles
Harbaugh,Sheridan,Melvin,Kelcee,Harbaugh,Desmond
Spring,Aspen,Jernigan,Ciarra,Spring,Myles
Llewellyn,Haylee,Carter,Charlotte,Llewellyn,Maurice
Spring,Maximillia,Jernigan,Ciarra,Spring,Myles
Llewellyn,Sade,Carter,Charlotte,Llewellyn,Maurice
Spring,James,Jernigan,Ciarra,Spring,Myles
Llewellyn,Diane,Carter,Charlotte,Llewellyn,Maurice
Spring,Gerardo,Jernigan,Ciarra,Spring,Myles
Llewellyn,Victoria,Carter,Charlotte,Llewellyn,Maurice
Spring,Stefan,Jernigan,Ciarra,Spring,Myles
Kelly,Shyann,Foreman,Asha,Kelly,Deric
Spring,Don,Jernigan,Ciarra,Spring,Myles
Kelly,Julianne,Foreman,Asha,Kelly,Deric
Spring,Gabriel,Jernigan,Ciarra,Spring,Myles
Kelly,Marlen,Foreman,Asha,Kelly,Deric
Spring,Edgardo,Meade,Sofia,Spring,Montana
Kelly,Evelyn,Foreman,Asha,Kelly,Deric
Spring,Curtis,Meade,Sofia,Spring,Montana
Kelly,Evelin,Foreman,Asha,Kelly,Deric
Spring,Latrell,Meade,Sofia,Spring,Montana
Kelly,Hayley,Foreman,Asha,Kelly,Deric
Spring,Kristian,Meade,Sofia,Spring,Montana
Spring,Michele,Bagian,Ashton,Spring,Francisco
Spring,Brenton,Meade,Sofia,Spring,Montana
Spring,Cassidy,Kavandi,Amy,Spring,Trae
Spring,Peter,Meade,Sofia,Spring,Montana
Spring,Mary,Jernigan,Ciarra,Spring,Myles
Spring,Jerryd,Meade,Sofia,Spring,Montana
Spring,Siarra,Jernigan,Ciarra,Spring,Myles
Spring,Dylan,Meade,Sofia,Spring,Montana
Spring,Janice,Jernigan,Ciarra,Spring,Myles
Spring,Quinn,Meade,Sofia,Spring,Montana
Spring,Shawna,Jernigan,Ciarra,Spring,Myles
Spring,Isaac,Vanderhooven,Yahaira,Spring,Mohamad
Spring,Elijah,Jernigan,Ciarra,Spring,Myles
Spring,Guillermo,Vanderhooven,Yahaira,Spring,Mohamad
Spring,Jeanna,Jernigan,Ciarra,Spring,Myles
Spring,Anders,Vanderhooven,Yahaira,Spring,Mohamad
Spring,Frances,Jernigan,Ciarra,Spring,Myles
Spring,Edward,Vanderhooven,Yahaira,Spring,Mohamad
Spring,Jessika,Jernigan,Ciarra,Spring,Myles
Spring,Clint,Vanderhooven,Yahaira,Spring,Mohamad
Spring,Calandra,Meade,Sofia,Spring,Montana
Parazynski,Claudio,Vanderhooven,Kendal,Parazynski,Cullen
Spring,Brittany,Meade,Sofia,Spring,Montana
Parazynski,Blake,Vanderhooven,Kendal,Parazynski,Cullen
Spring,Teresa,Meade,Sofia,Spring,Montana
Parazynski,Raphael,Vanderhooven,Kendal,Parazynski,Cullen
Spring,Mahogany,Meade,Sofia,Spring,Montana
Parazynski,Kasey,Vanderhooven,Kendal,Parazynski,Cullen
Spring,Iridiana,Meade,Sofia,Spring,Montana
Parazynski,Jaylan,Vanderhooven,Kendal,Parazynski,Cullen
Spring,Giuliana,Meade,Sofia,Spring,Montana
Parazynski,Romello,Vanderhooven,Kendal,Parazynski,Cullen
Spring,Noel,Vanderhooven,Yahaira,Spring,Mohamad
Parazynski,Caden,Vanderhooven,Kendal,Parazynski,Cullen
Spring,Jazmine,Vanderhooven,Yahaira,Spring,Mohamad
Parazynski,Arthur,Vanderhooven,Kendal,Parazynski,Cullen
Spring,Audra,Vanderhooven,Yahaira,Spring,Mohamad
Parazynski,Leon,Vanderhooven,Kendal,Parazynski,Cullen
Spring,Xian,Vanderhooven,Yahaira,Spring,Mohamad
Parazynski,Deshaun,Vanderhooven,Kendal,Parazynski,Cullen
Spring,Jaclyn,Vanderhooven,Yahaira,Spring,Mohamad
Parazynski,Bradley,Currie,Graciela,Parazynski,Terence
Spring,Chantal,Vanderhooven,Yahaira,Spring,Mohamad
Parazynski,Talon,Currie,Graciela,Parazynski,Terence
Spring,Krista,Vanderhooven,Yahaira,Spring,Mohamad
Parazynski,Francis,Currie,Graciela,Parazynski,Terence
Spring,Georgina,Vanderhooven,Yahaira,Spring,Mohamad
Parazynski,Edgardo,Currie,Graciela,Parazynski,Terence
Spring,Markia,Vanderhooven,Yahaira,Spring,Mohamad
Parazynski,Rudy,Currie,Graciela,Parazynski,Terence
Spring,Dallas,Vanderhooven,Yahaira,Spring,Mohamad
Parazynski,Kerry,Currie,Graciela,Parazynski,Terence
Spring,Katie,Vanderhooven,Yahaira,Spring,Mohamad
Parazynski,Myron,Currie,Graciela,Parazynski,Terence
Spring,Esmeralda,Vanderhooven,Yahaira,Spring,Mohamad
Parazynski,Paris,Ross,Rachel,Parazynski,Jonathan
Spring,Macie,Vanderhooven,Yahaira,Spring,Mohamad
Parazynski,Brodie,Ross,Rachel,Parazynski,Jonathan
Spring,Baily,Vanderhooven,Yahaira,Spring,Mohamad
Parazynski,Jerome,Ross,Rachel,Parazynski,Jonathan
Spring,Molly,Vanderhooven,Yahaira,Spring,Mohamad
Parazynski,Owen,Ross,Rachel,Parazynski,Jonathan
Parazynski,Dasia,Vanderhooven,Kendal,Parazynski,Cullen
Parazynski,Lamont,Ross,Rachel,Parazynski,Jonathan
Parazynski,Jailene,Vanderhooven,Kendal,Parazynski,Cullen
Parazynski,Isiah,Ross,Rachel,Parazynski,Jonathan
Parazynski,Chana,Vanderhooven,Kendal,Parazynski,Cullen
Parazynski,Jarred,Ross,Rachel,Parazynski,Jonathan
Parazynski,Ashanti,Vanderhooven,Kendal,Parazynski,Cullen
Parazynski,Jaquan,Ross,Rachel,Parazynski,Jonathan
Parazynski,Anjelica,Vanderhooven,Kendal,Parazynski,Cullen
Parazynski,Kyler,Ross,Rachel,Parazynski,Jonathan
Parazynski,Peyton,Vanderhooven,Kendal,Parazynski,Cullen
Parazynski,Chase,McCool,Christy,Parazynski,Junior
Parazynski,Synthia,Vanderhooven,Kendal,Parazynski,Cullen
Parazynski,Patric,McCool,Christy,Parazynski,Junior
Parazynski,Carissa,Vanderhooven,Kendal,Parazynski,Cullen
Parazynski,Darren,McCool,Christy,Parazynski,Junior
Parazynski,Estefania,Currie,Graciela,Parazynski,Terence
Parazynski,Jalen,McCool,Christy,Parazynski,Junior
Parazynski,Ariel,Currie,Graciela,Parazynski,Terence
Parazynski,Elijah,Davis,Meagan,Parazynski,Ryan
Parazynski,Georgina,Currie,Graciela,Parazynski,Terence
Parazynski,Isidro,Davis,Meagan,Parazynski,Ryan
Parazynski,Nereida,Currie,Graciela,Parazynski,Terence
Parazynski,Corbin,Davis,Meagan,Parazynski,Ryan
Parazynski,Drew,Currie,Graciela,Parazynski,Terence
Parazynski,Denzel,Davis,Meagan,Parazynski,Ryan
Parazynski,Samara,Currie,Graciela,Parazynski,Terence
Parazynski,Nolan,Davis,Meagan,Parazynski,Ryan
Parazynski,Kiarra,Ross,Rachel,Parazynski,Jonathan
Parazynski,Markus,Davis,Meagan,Parazynski,Ryan
Parazynski,Shanique,Ross,Rachel,Parazynski,Jonathan
Parazynski,Denzell,Spring,Banesa,Parazynski,Zachery
Parazynski,Gabrielle,Ross,Rachel,Parazynski,Jonathan
Parazynski,Bernardo,Spring,Banesa,Parazynski,Zachery
Parazynski,Ceaira,Ross,Rachel,Parazynski,Jonathan
Parazynski,Anders,Spring,Banesa,Parazynski,Zachery
Parazynski,Breeanna,Ross,Rachel,Parazynski,Jonathan
Parazynski,Fabian,Spring,Michel,Parazynski,Lionel
Parazynski,Chastity,Ross,Rachel,Parazynski,Jonathan
Parazynski,Osvaldo,Spring,Michel,Parazynski,Lionel
Parazynski,Taylorann,Ross,Rachel,Parazynski,Jonathan
Thagard,Ricky,Spring,Geneva,Thagard,Daquan
Parazynski,Allison,McCool,Christy,Parazynski,Junior
Thagard,Joseph,Spring,Geneva,Thagard,Daquan
Parazynski,Jessica,McCool,Christy,Parazynski,Junior
Thagard,Deon,Spring,Geneva,Thagard,Daquan
Parazynski,Alina,McCool,Christy,Parazynski,Junior
Thagard,Jorge,Spring,Geneva,Thagard,Daquan
Parazynski,Katelin,Davis,Meagan,Parazynski,Ryan
Thagard,Levi,Spring,Geneva,Thagard,Daquan
Parazynski,Liza,Davis,Meagan,Parazynski,Ryan
Thagard,Tony,Spring,Fabiola,Thagard,Alonso
Parazynski,Keila,Davis,Meagan,Parazynski,Ryan
Thagard,Donte,Spring,Fabiola,Thagard,Alonso
Parazynski,Shaniah,Davis,Meagan,Parazynski,Ryan
Thagard,Leroy,Spring,Fabiola,Thagard,Alonso
Parazynski,Tiyanna,Spring,Banesa,Parazynski,Zachery
Thagard,Dante,Spring,Fabiola,Thagard,Alonso
Parazynski,Brecken,Spring,Banesa,Parazynski,Zachery
Thagard,Benjamen,Spring,Fabiola,Thagard,Alonso
Parazynski,Kaili,Spring,Banesa,Parazynski,Zachery
Thagard,Jovan,Spring,Fabiola,Thagard,Alonso
Parazynski,Esmeralda,Spring,Banesa,Parazynski,Zachery
Thagard,Quayshawn,Spring,Mariana,Thagard,Erick
Parazynski,Margaret,Spring,Banesa,Parazynski,Zachery
Thagard,Javon,Spring,Mariana,Thagard,Erick
Parazynski,Daniella,Spring,Michel,Parazynski,Lionel
Thagard,Slaten,Spring,Mariana,Thagard,Erick
Parazynski,Mikaela,Spring,Michel,Parazynski,Lionel
Thagard,Danny,Spring,Mariana,Thagard,Erick
Parazynski,Autumn,Spring,Michel,Parazynski,Lionel
Thagard,Myron,Spring,Mariana,Thagard,Erick
Parazynski,Simone,Spring,Michel,Parazynski,Lionel
Thagard,Fredy,Spring,Mariana,Thagard,Erick
Parazynski,Allie,Spring,Michel,Parazynski,Lionel
Thagard,Trey,Spring,Mariana,Thagard,Erick
Parazynski,Astrid,Spring,Michel,Parazynski,Lionel
Thagard,Marvin,Spring,Toni,Thagard,Taylor
Thagard,Angela,Spring,Geneva,Thagard,Daquan
Thagard,Anders,Spring,Toni,Thagard,Taylor
Thagard,Rebeca,Spring,Geneva,Thagard,Daquan
Thagard,Troy,Spring,Toni,Thagard,Taylor
Thagard,Marycather,Spring,Geneva,Thagard,Daquan
Thagard,Damian,Spring,Toni,Thagard,Taylor
Thagard,Amari,Spring,Geneva,Thagard,Daquan
Thagard,Tyree,Spring,Carla,Thagard,Britt
Thagard,Shiloh,Spring,Geneva,Thagard,Daquan
Thagard,Shayne,Spring,Carla,Thagard,Britt
Thagard,Lori,Spring,Geneva,Thagard,Daquan
Thagard,Leland,Spring,Carla,Thagard,Britt
Thagard,Klarisa,Spring,Fabiola,Thagard,Alonso
Thagard,Kahlil,Spring,Carla,Thagard,Britt
Thagard,Kaylyn,Spring,Mariana,Thagard,Erick
Thagard,Easton,Spring,Carla,Thagard,Britt
Thagard,Elissa,Spring,Mariana,Thagard,Erick
Thagard,Devante,Spring,Carla,Thagard,Britt
Thagard,Skye,Spring,Mariana,Thagard,Erick
Thagard,Dedrick,Spring,Carla,Thagard,Britt
Thagard,Maricarmen,Spring,Mariana,Thagard,Erick
Thagard,Kolton,Spring,Brianne,Thagard,Corbin
Thagard,Hayley,Spring,Mariana,Thagard,Erick
Thagard,Zackery,Spring,Brianne,Thagard,Corbin
Thagard,Francisca,Spring,Mariana,Thagard,Erick
Thagard,Jermaine,Spring,Brianne,Thagard,Corbin
Thagard,Tasha,Spring,Toni,Thagard,Taylor
Thagard,Garrick,Spring,Brianne,Thagard,Corbin
Thagard,Serenity,Spring,Toni,Thagard,Taylor
Thagard,Jevon,Spring,Brianne,Thagard,Corbin
Thagard,Miracle,Spring,Toni,Thagard,Taylor
Thagard,Skyler,Spring,Brianne,Thagard,Corbin
Thagard,Marcela,Spring,Toni,Thagard,Taylor
Thagard,Ever,Spring,Brianne,Thagard,Corbin
Thagard,Courtney,Spring,Toni,Thagard,Taylor
Thagard,Emilio,Spring,Brianne,Thagard,Corbin
Thagard,Tiani,Spring,Carla,Thagard,Britt
Thagard,Devon,Spring,Brianne,Thagard,Corbin
Thagard,Nayeli,Spring,Carla,Thagard,Britt
Thagard,Tyson,Spring,Brianne,Thagard,Corbin
Thagard,Tristan,Spring,Carla,Thagard,Britt
Thagard,Deleon,Spring,Brianne,Thagard,Corbin
Thagard,Regan,Spring,Carla,Thagard,Britt
Thagard,Phillip,Spring,Ixchel,Thagard,Terrell
Thagard,Katheryn,Spring,Carla,Thagard,Britt
Thagard,Roman,Spring,Ixchel,Thagard,Terrell
Thagard,Robyn,Spring,Carla,Thagard,Britt
Thagard,Khalid,Spring,Ixchel,Thagard,Terrell
Thagard,Latoya,Spring,Carla,Thagard,Britt
Thagard,Ladarius,Spring,Ixchel,Thagard,Terrell
Thagard,Tori,Spring,Carla,Thagard,Britt
Thagard,Daniel,Spring,Ixchel,Thagard,Terrell
Thagard,Leigh,Spring,Carla,Thagard,Britt
Thagard,Jeffrey,Spring,Ixchel,Thagard,Terrell
Thagard,Caitlyn,Spring,Carla,Thagard,Britt
Thagard,Asher,Spring,Ixchel,Thagard,Terrell
Thagard,Aja,Spring,Carla,Thagard,Britt
Thagard,Brent,Spring,Ixchel,Thagard,Terrell
Thagard,Kelsy,Spring,Carla,Thagard,Britt
Thagard,Daryl,Spring,Ixchel,Thagard,Terrell
Thagard,Anabel,Spring,Carla,Thagard,Britt
Thagard,Bryson,Spring,Ixchel,Thagard,Terrell
Thagard,Noemi,Spring,Brianne,Thagard,Corbin
Thagard,Alex,Spring,Ixchel,Thagard,Terrell
Thagard,Constance,Spring,Brianne,Thagard,Corbin
Thagard,Jon,Spring,Ixchel,Thagard,Terrell
Thagard,London,Spring,Brianne,Thagard,Corbin
Brand,Conner,Spring,Violet,Brand,Ronnie
Thagard,Julianne,Spring,Brianne,Thagard,Corbin
Brand,Bryant,Spring,Violet,Brand,Ronnie
Thagard,Caitriona,Spring,Brianne,Thagard,Corbin
Brand,Brooks,Spring,Violet,Brand,Ronnie
Thagard,Paige,Spring,Brianne,Thagard,Corbin
Brand,Garret,Spring,Violet,Brand,Ronnie
Thagard,Candice,Spring,Brianne,Thagard,Corbin
Brand,Isaias,Spring,Violet,Brand,Ronnie
Thagard,Kelsie,Spring,Brianne,Thagard,Corbin
Brand,Liam,Spring,Violet,Brand,Ronnie
Thagard,Breanne,Spring,Ixchel,Thagard,Terrell
Brand,Christian,Spring,Violet,Brand,Ronnie
Thagard,Janae,Spring,Ixchel,Thagard,Terrell
Brand,Brian,Spring,Violet,Brand,Ronnie
Thagard,Siarra,Spring,Ixchel,Thagard,Terrell
Brand,Arjun,Spring,Violet,Brand,Ronnie
Thagard,Celeste,Spring,Ixchel,Thagard,Terrell
Brand,Jack,Spring,Violet,Brand,Ronnie
Thagard,Lizbeth,Spring,Ixchel,Thagard,Terrell
Brand,Yvan,Spring,Violet,Brand,Ronnie
Thagard,Jamee,Spring,Ixchel,Thagard,Terrell
Brand,Shea,Spring,Violet,Brand,Ronnie
Thagard,Emily,Spring,Ixchel,Thagard,Terrell
Brand,Miles,Parazynski,Rita,Brand,Nathan
Brand,Kristi,Spring,Violet,Brand,Ronnie
Brand,Valentine,Parazynski,Rita,Brand,Nathan
Brand,Adrianna,Spring,Violet,Brand,Ronnie
Brand,Neftaly,Parazynski,Rita,Brand,Nathan
Brand,Evelyn,Spring,Violet,Brand,Ronnie
Brand,Peter,Parazynski,Rita,Brand,Nathan
Brand,Nicole,Spring,Violet,Brand,Ronnie
Brand,Trent,Parazynski,Rita,Brand,Nathan
Brand,Maire,Spring,Violet,Brand,Ronnie
Brand,Silas,Parazynski,Rita,Brand,Nathan
Brand,Alana,Spring,Violet,Brand,Ronnie
Brand,Paul,Parazynski,Rita,Brand,Nathan
Brand,Amy,Spring,Violet,Brand,Ronnie
Brand,Soren,Parazynski,Rita,Brand,Nathan
Brand,Michel,Parazynski,Rita,Brand,Nathan
Brand,Noah,Parazynski,Louisa,Brand,Yobani
Brand,Carissa,Parazynski,Rita,Brand,Nathan
Brand,Christen,Parazynski,Louisa,Brand,Yobani
Brand,Lynette,Parazynski,Rita,Brand,Nathan
Brand,Rogelio,Parazynski,Louisa,Brand,Yobani
Brand,Jennah,Parazynski,Louisa,Brand,Yobani
Brand,Emmitt,Parazynski,Louisa,Brand,Yobani
Brand,Janesha,Parazynski,Nicolette,Brand,Trae
Brand,Lauren,Parazynski,Louisa,Brand,Yobani
Brand,Taylorann,Parazynski,Nicolette,Brand,Trae
Brand,Deonte,Parazynski,Louisa,Brand,Yobani
Brand,Danae,Parazynski,Nicolette,Brand,Trae
Brand,Tanner,Parazynski,Nicolette,Brand,Trae
Brand,Sandy,Parazynski,Nicolette,Brand,Trae
Burbank,Ladarius,Parazynski,Keanna,Burbank,Skylar
Burbank,Sabreen,Parazynski,Keanna,Burbank,Skylar
Burbank,Raekwon,Parazynski,Keanna,Burbank,Skylar
Burbank,Terra,Parazynski,Keanna,Burbank,Skylar
Burbank,Deon,Parazynski,Keanna,Burbank,Skylar
Burbank,Kiera,Parazynski,Keanna,Burbank,Skylar
Burbank,Adonis,Parazynski,Keanna,Burbank,Skylar
Burbank,Estefani,Parazynski,Keanna,Burbank,Skylar
Burbank,Alvaro,Parazynski,Keanna,Burbank,Skylar
Burbank,Mattie,Parazynski,Keanna,Burbank,Skylar
Burbank,Cade,Parazynski,Alexandria,Burbank,Zaire
Burbank,Kristie,Parazynski,Keanna,Burbank,Skylar
Burbank,Ahmad,Parazynski,Alexandria,Burbank,Zaire
Burbank,Kaitlin,Parazynski,Keanna,Burbank,Skylar
Burbank,Silas,Parazynski,Alexandria,Burbank,Zaire
Burbank,Breana,Parazynski,Keanna,Burbank,Skylar
Burbank,Charly,Parazynski,Alexandria,Burbank,Zaire
Burbank,Khaliah,Parazynski,Keanna,Burbank,Skylar
Burbank,Darren,Parazynski,Alexandria,Burbank,Zaire
Burbank,Neda,Parazynski,Alexandria,Burbank,Zaire
Burbank,Orion,Parazynski,Alexandria,Burbank,Zaire
Brand,Maranda,Thagard,Sonia,Brand,Anders
Burbank,Ross,Parazynski,Alexandria,Burbank,Zaire
Brand,Colby,Thagard,Sonia,Brand,Anders
Burbank,Vicente,Parazynski,Alexandria,Burbank,Zaire
Brand,Salina,Thagard,Sonia,Brand,Anders
Burbank,Kylan,Parazynski,Alexandria,Burbank,Zaire
Brand,Myranda,Thagard,Carlie,Brand,Alexander
Brand,Alvin,Thagard,Sonia,Brand,Anders
Brand,Rebekkah,Thagard,Carlie,Brand,Alexander
Brand,Dorian,Thagard,Sonia,Brand,Anders
Brand,Carly,Thagard,Carlie,Brand,Alexander
Brand,Baby,Thagard,Carlie,Brand,Alexander
Brand,Eleni,Thagard,Carlie,Brand,Alexander
Brand,Anfernee,Thagard,Carlie,Brand,Alexander
Brand,Karley,Thagard,Carlie,Brand,Alexander
Brand,Ameer,Thagard,Carlie,Brand,Alexander
Brand,Emmalee,Thagard,Carlie,Brand,Alexander
Brand,Demetrius,Thagard,Carlie,Brand,Alexander
Brand,Olivia,Thagard,Carlie,Brand,Alexander
Brand,Ross,Thagard,Carlie,Brand,Alexander
Brand,Tiffani,Thagard,Chelsie,Brand,Jashua
Brand,Korey,Thagard,Carlie,Brand,Alexander
Brand,Shiann,Thagard,Chelsie,Brand,Jashua
Brand,Zaquan,Thagard,Carlie,Brand,Alexander
Brand,Desiree,Thagard,Chelsie,Brand,Jashua
Brand,Frank,Thagard,Chelsie,Brand,Jashua
Brand,Yaritza,Thagard,Chelsie,Brand,Jashua
Brand,Ravon,Thagard,Chelsie,Brand,Jashua
Brand,Sheridan,Thagard,Chelsie,Brand,Jashua
Brand,Manuel,Thagard,Chelsie,Brand,Jashua
Brand,Kristine,Thagard,Chelsie,Brand,Jashua
Brand,Noe,Thagard,Chelsie,Brand,Jashua
Poindexter,Elijah,Thagard,Shae,Poindexter,Keeton
Brand,Trevor,Thagard,Chelsie,Brand,Jashua
Poindexter,Xena,Thagard,Shae,Poindexter,Keeton
Brand,Habram,Thagard,Chelsie,Brand,Jashua
Poindexter,Allysa,Thagard,Shae,Poindexter,Keeton
Brand,Garin,Thagard,Chelsie,Brand,Jashua
Poindexter,Khaila,Thagard,Shae,Poindexter,Keeton
Poindexter,Daxton,Thagard,Shae,Poindexter,Keeton
Poindexter,Devany,Thagard,Shae,Poindexter,Keeton
Poindexter,Ramon,Thagard,Shae,Poindexter,Keeton
Poindexter,Jayme,Thagard,Shae,Poindexter,Keeton
Poindexter,Hudson,Thagard,Shae,Poindexter,Keeton
Poindexter,Mariana,Thagard,Shae,Poindexter,Keeton
Poindexter,Khalil,Thagard,Shae,Poindexter,Keeton
Poindexter,Lillian,Thagard,Shae,Poindexter,Keeton
Poindexter,Kieran,Thagard,Shae,Poindexter,Keeton
Poindexter,Chelsey,Thagard,Shae,Poindexter,Keeton
Poindexter,Andy,Thagard,Shae,Poindexter,Keeton
Poindexter,Kaili,Thagard,Shae,Poindexter,Keeton
Poindexter,Javonte,Thagard,Karishma,Poindexter,Frederick
Poindexter,Tiffanie,Thagard,Shae,Poindexter,Keeton
Poindexter,Adan,Thagard,Karishma,Poindexter,Frederick
Poindexter,Angelika,Thagard,Shae,Poindexter,Keeton
Poindexter,Buford,Thagard,Karishma,Poindexter,Frederick
Poindexter,Stormy,Thagard,Shae,Poindexter,Keeton
Poindexter,Benjamin,Thagard,Audrey,Poindexter,Raymond
Poindexter,Lesli,Thagard,Karishma,Poindexter,Frederick
Poindexter,Harrison,Thagard,Audrey,Poindexter,Raymond
Poindexter,Makala,Thagard,Karishma,Poindexter,Frederick
Harbaugh,Izaiah,Thagard,Madeline,Harbaugh,Dylon
Poindexter,Abby,Thagard,Karishma,Poindexter,Frederick
Harbaugh,Sammie,Thagard,Madeline,Harbaugh,Dylon
Poindexter,Jazmon,Thagard,Karishma,Poindexter,Frederick
Harbaugh,Vincent,Thagard,Madeline,Harbaugh,Dylon
Poindexter,Reina,Thagard,Karishma,Poindexter,Frederick
Harbaugh,Abraham,Thagard,Madeline,Harbaugh,Dylon
Poindexter,Edith,Thagard,Audrey,Poindexter,Raymond
Harbaugh,Salvador,Thagard,Madeline,Harbaugh,Dylon
Poindexter,Julianne,Thagard,Audrey,Poindexter,Raymond
Harbaugh,Rolando,Thagard,Madeline,Harbaugh,Dylon
Poindexter,Milena,Thagard,Audrey,Poindexter,Raymond
Harbaugh,Jaleel,Brand,Kaylin,Harbaugh,Shlomo
Harbaugh,Rubi,Thagard,Madeline,Harbaugh,Dylon
Harbaugh,Devin,Brand,Kaylin,Harbaugh,Shlomo
Harbaugh,Zoee,Thagard,Madeline,Harbaugh,Dylon
Harbaugh,Ronny,Brand,Kaylin,Harbaugh,Shlomo
Harbaugh,Keyondra,Thagard,Madeline,Harbaugh,Dylon
Harbaugh,Kamau,Brand,Jalen,Harbaugh,Tyran
Harbaugh,Cheyenne,Thagard,Madeline,Harbaugh,Dylon
Harbaugh,Ricardo,Brand,Jalen,Harbaugh,Tyran
Harbaugh,Estefania,Thagard,Madeline,Harbaugh,Dylon
Harbaugh,Markell,Brand,Jalen,Harbaugh,Tyran
Harbaugh,Adrianne,Thagard,Madeline,Harbaugh,Dylon
Harbaugh,Jaquan,Brand,Jalen,Harbaugh,Tyran
Harbaugh,Morgen,Thagard,Madeline,Harbaugh,Dylon
Harbaugh,Walter,Brand,Jalen,Harbaugh,Tyran
Harbaugh,Jesslyn,Thagard,Madeline,Harbaugh,Dylon
Harbaugh,Ladarius,Brand,Jalen,Harbaugh,Tyran
Harbaugh,Ivana,Brand,Kaylin,Harbaugh,Shlomo
Harbaugh,Rafael,Brand,Jalen,Harbaugh,Tyran
Harbaugh,Bria,Brand,Kaylin,Harbaugh,Shlomo
Harbaugh,Victor,Brand,Jalen,Harbaugh,Tyran
Harbaugh,Patience,Brand,Kaylin,Harbaugh,Shlomo
Harbaugh,Cody,Brand,Jalen,Harbaugh,Tyran
Harbaugh,Clair,Brand,Jalen,Harbaugh,Tyran
Harbaugh,Brandon,Brand,Jalen,Harbaugh,Tyran
Harbaugh,Kayleen,Brand,Jalen,Harbaugh,Tyran
Harbaugh,Yvan,Brand,Sidney,Harbaugh,Nick
Harbaugh,Sarahi,Brand,Sidney,Harbaugh,Nick
Harbaugh,Elliot,Brand,Sidney,Harbaugh,Nick
Harbaugh,Viviana,Brand,Sidney,Harbaugh,Nick
Harbaugh,Tyreek,Brand,Sidney,Harbaugh,Nick
Harbaugh,Luz,Brand,Sidney,Harbaugh,Nick
Harbaugh,Sean,Brand,Sidney,Harbaugh,Nick
Harbaugh,Jessa,Brand,Sidney,Harbaugh,Nick
Harbaugh,Jules,Brand,Sidney,Harbaugh,Nick
Harbaugh,Shakira,Brand,Sidney,Harbaugh,Nick
Harbaugh,Latrell,Brand,Sidney,Harbaugh,Nick
Harbaugh,Essence,Brand,Sidney,Harbaugh,Nick
Harbaugh,Tucker,Brand,Sidney,Harbaugh,Nick
Harbaugh,Taryn,Brand,Sidney,Harbaugh,Nick
Harbaugh,Jevon,Brand,Margarita,Harbaugh,Korey
Harbaugh,Josey,Brand,Sidney,Harbaugh,Nick
Harbaugh,Moises,Brand,Margarita,Harbaugh,Korey
Harbaugh,Salena,Brand,Margarita,Harbaugh,Korey
Harbaugh,Rodney,Brand,Margarita,Harbaugh,Korey
Harbaugh,Luna,Brand,Margarita,Harbaugh,Korey
Harbaugh,Edgar,Brand,Margarita,Harbaugh,Korey
Harbaugh,Jeanna,Brand,Margarita,Harbaugh,Korey
Harbaugh,Marshall,Brand,Margarita,Harbaugh,Korey
Harbaugh,Shelley,Brand,Margarita,Harbaugh,Korey
Harbaugh,Tyson,Brand,Margarita,Harbaugh,Korey
Harbaugh,Justine,Brand,Margarita,Harbaugh,Korey
Harbaugh,Stefan,Brand,Margarita,Harbaugh,Korey
Harbaugh,Kaili,Brand,Margarita,Harbaugh,Korey
Harbaugh,Gideon,Brand,Margarita,Harbaugh,Korey
Harbaugh,Zahra,Brand,Pamela,Harbaugh,Wylie
Harbaugh,Migel,Brand,Margarita,Harbaugh,Korey
Harbaugh,Marysol,Brand,Pamela,Harbaugh,Wylie
Harbaugh,Emmett,Brand,Margarita,Harbaugh,Korey
Harbaugh,Quinn,Brand,Pamela,Harbaugh,Wylie
Harbaugh,Jabari,Brand,Pamela,Harbaugh,Wylie
Harbaugh,Cassidy,Brand,Pamela,Harbaugh,Wylie
Harbaugh,Emmitt,Brand,Pamela,Harbaugh,Wylie
Harbaugh,Adriana,Brand,Pamela,Harbaugh,Wylie
Harbaugh,Andres,Brand,Pamela,Harbaugh,Wylie
Harbaugh,Janell,Burbank,Anaya,Harbaugh,Kenny
Harbaugh,Darian,Brand,Pamela,Harbaugh,Wylie
Harbaugh,Charlene,Burbank,Anaya,Harbaugh,Kenny
Harbaugh,Lauren,Brand,Pamela,Harbaugh,Wylie
Harbaugh,Bailee,Burbank,Anaya,Harbaugh,Kenny
Harbaugh,Edward,Brand,Pamela,Harbaugh,Wylie
Harbaugh,Yessica,Burbank,Anaya,Harbaugh,Kenny
Harbaugh,Agustin,Brand,Pamela,Harbaugh,Wylie
Harbaugh,Karlie,Burbank,Anaya,Harbaugh,Kenny
Harbaugh,Bennett,Burbank,Anaya,Harbaugh,Kenny
Harbaugh,Iridiana,Burbank,Anaya,Harbaugh,Kenny
Harbaugh,Tavon,Burbank,Anaya,Harbaugh,Kenny
Harbaugh,Tyra,Burbank,Anaya,Harbaugh,Kenny
Harbaugh,Keegan,Burbank,Anaya,Harbaugh,Kenny
Harbaugh,Nora,Burbank,Anaya,Harbaugh,Kenny
Harbaugh,Dane,Burbank,Anaya,Harbaugh,Kenny
Harbaugh,Adrian,Burbank,Anaya,Harbaugh,Kenny
Harbaugh,Ahmad,Burbank,Anaya,Harbaugh,Kenny
Kelly,Faith,Burbank,Carlye,Kelly,Remington
Harbaugh,Kieran,Burbank,Anaya,Harbaugh,Kenny
Kelly,Victoria,Burbank,Carlye,Kelly,Remington
Harbaugh,Stevan,Burbank,Anaya,Harbaugh,Kenny
Kelly,Britney,Burbank,Carlye,Kelly,Remington
Kelly,Jawaun,Burbank,Carlye,Kelly,Remington
Kelly,Maryssa,Burbank,Carlye,Kelly,Remington
Kelly,Danny,Burbank,Carlye,Kelly,Remington
Kelly,Chastity,Burbank,Carlye,Kelly,Remington
Kelly,Luke,Burbank,Carlye,Kelly,Remington
Kelly,Jeanette,Burbank,Carlye,Kelly,Remington
Kelly,Tre,Burbank,Carlye,Kelly,Remington
Kelly,Markia,Burbank,Carlye,Kelly,Remington
Kelly,Kelton,Burbank,Carlye,Kelly,Remington
Kelly,Hallie,Burbank,Emerald,Kelly,Reed
Kelly,Barrett,Burbank,Carlye,Kelly,Remington
Kelly,Guadalupe,Burbank,Emerald,Kelly,Reed
Kelly,Truman,Burbank,Emerald,Kelly,Reed
Kelly,Nereida,Burbank,Emerald,Kelly,Reed
Kelly,Skylar,Burbank,Emerald,Kelly,Reed
Kelly,Anita,Burbank,Emerald,Kelly,Reed
Kelly,Stephon,Burbank,Emerald,Kelly,Reed
Kelly,Lourdes,Burbank,Emerald,Kelly,Reed
Kelly,Khalil,Burbank,Emerald,Kelly,Reed
Kelly,Jenniffer,Burbank,Emerald,Kelly,Reed
Kelly,Jevin,Burbank,Emerald,Kelly,Reed
Kelly,Kiarra,Burbank,Emerald,Kelly,Reed
Kelly,Garett,Burbank,Emerald,Kelly,Reed
Kelly,Abby,Burbank,Emerald,Kelly,Reed
Kelly,Nicholas,Brand,Edith,Kelly,David
Kelly,Anabel,Brand,Edith,Kelly,David
Kelly,Brenden,Brand,Edith,Kelly,David
Kelly,Aaliyah,Brand,Edith,Kelly,David
Kelly,Jarvis,Brand,Edith,Kelly,David
Kelly,Leigh,Brand,Edith,Kelly,David
Kelly,Jaylin,Brand,Edith,Kelly,David
Kelly,Tamra,Brand,Edith,Kelly,David
Kelly,Rashad,Brand,Edith,Kelly,David
Kelly,Chloie,Brand,Edith,Kelly,David
Kelly,Brad,Brand,Edith,Kelly,David
Kelly,Sarina,Brand,Edith,Kelly,David
Kelly,Johnny,Brand,Edith,Kelly,David
Kelly,Tanna,Brand,Edith,Kelly,David
Kelly,Javon,Brand,Edith,Kelly,David
Kelly,Shaniah,Brand,Karlee,Kelly,Cyrus
Kelly,Perry,Brand,Edith,Kelly,David
Kelly,Destiney,Brand,Karlee,Kelly,Cyrus
Kelly,Tevin,Brand,Edith,Kelly,David
Kelly,Rayna,Brand,Karlee,Kelly,Cyrus
Kelly,Kirkland,Brand,Edith,Kelly,David
Kelly,Delilah,Brand,Karlee,Kelly,Cyrus
Kelly,Elijah,Brand,Edith,Kelly,David
Kelly,Lindsay,Brand,Karlee,Kelly,Cyrus
Kelly,Jermaine,Brand,Edith,Kelly,David
Kelly,Roslyn,Brand,Karlee,Kelly,Cyrus
Kelly,Talon,Brand,Karlee,Kelly,Cyrus
Kelly,Charlene,Brand,Karlee,Kelly,Cyrus
Kelly,Kahlil,Brand,Karlee,Kelly,Cyrus
Kelly,Jaycie,Brand,Karlee,Kelly,Cyrus
Kelly,Preston,Brand,Karlee,Kelly,Cyrus
Kelly,Kelsey,Brand,Karlee,Kelly,Cyrus
Kelly,Khalid,Brand,Karlee,Kelly,Cyrus
Kelly,Laura,Brand,Anne,Kelly,Amir
Kelly,Sam,Brand,Karlee,Kelly,Cyrus
Kelly,Darcy,Brand,Anne,Kelly,Amir
Kelly,Mario,Brand,Karlee,Kelly,Cyrus
Kelly,Julia,Brand,Anne,Kelly,Amir
Kelly,Yobani,Brand,Karlee,Kelly,Cyrus
Kelly,Makayla,Brand,Callie,Kelly,Nathan
Kelly,Alexander,Brand,Karlee,Kelly,Cyrus
Kelly,Amber,Brand,Callie,Kelly,Nathan
Kelly,Andreas,Brand,Anne,Kelly,Amir
Kelly,Angelique,Brand,Callie,Kelly,Nathan
Kelly,Dalton,Brand,Anne,Kelly,Amir
Kelly,Abagail,Poindexter,Paulina,Kelly,Samual
Kelly,Roger,Brand,Anne,Kelly,Amir
Kelly,Madalyn,Poindexter,Paulina,Kelly,Samual
Kelly,Carl,Brand,Anne,Kelly,Amir
Kelly,Katie,Poindexter,Paulina,Kelly,Samual
Kelly,Daniel,Brand,Anne,Kelly,Amir
Kelly,Brigitte,Poindexter,Paulina,Kelly,Samual
Kelly,Jason,Brand,Anne,Kelly,Amir
Kelly,Makaila,Poindexter,Paulina,Kelly,Samual
Kelly,Royce,Brand,Anne,Kelly,Amir
Spring,Kenyatta,Poindexter,Shoshana,Spring,Trace
Kelly,Kerrick,Brand,Anne,Kelly,Amir
Spring,Essence,Poindexter,Shoshana,Spring,Trace
Kelly,Jesse,Brand,Anne,Kelly,Amir
Spring,Caylee,Poindexter,Shoshana,Spring,Trace
Kelly,Alonzo,Brand,Anne,Kelly,Amir
Spring,Shiann,Poindexter,Shoshana,Spring,Trace
Kelly,Isaias,Brand,Anne,Kelly,Amir
Spring,Bryana,Poindexter,Shoshana,Spring,Trace
Kelly,Arturo,Brand,Callie,Kelly,Nathan
Spring,Milena,Poindexter,Shoshana,Spring,Trace
Kelly,Lars,Brand,Callie,Kelly,Nathan
Spring,Paxton,Poindexter,Shoshana,Spring,Trace
Kelly,Ron,Brand,Callie,Kelly,Nathan
Spring,Miranda,Poindexter,Shoshana,Spring,Trace
Kelly,Justin,Brand,Callie,Kelly,Nathan
Spring,Sneha,Poindexter,Shoshana,Spring,Trace
Kelly,Brennon,Brand,Callie,Kelly,Nathan
Spring,Regina,Poindexter,Shoshana,Spring,Trace
Kelly,Dorian,Brand,Callie,Kelly,Nathan
Spring,Rebekah,Poindexter,Shoshana,Spring,Trace
Kelly,Byron,Brand,Callie,Kelly,Nathan
Spring,Breonna,Poindexter,Natalie,Spring,Devaughn
Kelly,Fernando,Brand,Callie,Kelly,Nathan
Spring,Shannon,Poindexter,Natalie,Spring,Devaughn
Kelly,Hayes,Brand,Callie,Kelly,Nathan
Spring,Grace,Poindexter,Natalie,Spring,Devaughn
Kelly,Elias,Poindexter,Paulina,Kelly,Samual
Spring,Avery,Poindexter,Natalie,Spring,Devaughn
Kelly,Johnathen,Poindexter,Paulina,Kelly,Samual
Spring,Caitlynn,Poindexter,Natalie,Spring,Devaughn
Spring,Felix,Poindexter,Shoshana,Spring,Trace
Spring,Niki,Poindexter,Natalie,Spring,Devaughn
Spring,Destin,Poindexter,Shoshana,Spring,Trace
Spring,Marlene,Poindexter,Natalie,Spring,Devaughn
Spring,Erik,Poindexter,Shoshana,Spring,Trace
Spring,Devonna,Poindexter,Natalie,Spring,Devaughn
Spring,Quayshawn,Poindexter,Shoshana,Spring,Trace
Spring,Jamiya,Poindexter,Natalie,Spring,Devaughn
Spring,Tobias,Poindexter,Shoshana,Spring,Trace
Spring,Sophia,Poindexter,Krupa,Spring,Chris
Spring,Jesus,Poindexter,Shoshana,Spring,Trace
Spring,Jensen,Poindexter,Krupa,Spring,Chris
Spring,Zackery,Poindexter,Shoshana,Spring,Trace
Spring,Savannah,Poindexter,Krupa,Spring,Chris
Spring,Dusty,Poindexter,Shoshana,Spring,Trace
Spring,Shelly,Poindexter,Krupa,Spring,Chris
Spring,Ezequiel,Poindexter,Shoshana,Spring,Trace
Spring,Monica,Poindexter,Krupa,Spring,Chris
Spring,Dan,Poindexter,Natalie,Spring,Devaughn
Spring,Stella,Poindexter,Krupa,Spring,Chris
Spring,Garin,Poindexter,Natalie,Spring,Devaughn
Spring,Marisa,Poindexter,Krupa,Spring,Chris
Spring,Guy,Poindexter,Natalie,Spring,Devaughn
Spring,Kyana,Poindexter,Sabrina,Spring,Zachary
Spring,Wanya,Poindexter,Natalie,Spring,Devaughn
Spring,Nadine,Poindexter,Sabrina,Spring,Zachary
Spring,Kaden,Poindexter,Natalie,Spring,Devaughn
Spring,Gilda,Harbaugh,Kitana,Spring,Augustus
Spring,Leroy,Poindexter,Natalie,Spring,Devaughn
Spring,Malika,Harbaugh,Kitana,Spring,Augustus
Spring,Alan,Poindexter,Natalie,Spring,Devaughn
Spring,Neda,Harbaugh,Kitana,Spring,Augustus
Spring,Reginald,Poindexter,Natalie,Spring,Devaughn
Spring,Maranda,Harbaugh,Kitana,Spring,Augustus
Spring,Truman,Poindexter,Natalie,Spring,Devaughn
Spring,Joselin,Harbaugh,Kitana,Spring,Augustus
Spring,Antavius,Poindexter,Natalie,Spring,Devaughn
Spring,Terri,Harbaugh,Kitana,Spring,Augustus
Spring,Valentin,Poindexter,Natalie,Spring,Devaughn
Spring,Roxana,Harbaugh,Kitana,Spring,Augustus
Spring,Damion,Poindexter,Krupa,Spring,Chris
Spring,Kirstin,Harbaugh,Kitana,Spring,Augustus
Spring,Dreshaun,Poindexter,Krupa,Spring,Chris
Spring,Hadley,Harbaugh,Kitana,Spring,Augustus
Spring,Javion,Poindexter,Krupa,Spring,Chris
Spring,Carly,Harbaugh,Kitana,Spring,Augustus
Spring,Sydney,Poindexter,Krupa,Spring,Chris
Spring,Jennie,Harbaugh,Sheridan,Spring,Lukas
Spring,Ian,Poindexter,Sabrina,Spring,Zachary
Spring,Camelia,Harbaugh,Sheridan,Spring,Lukas
Spring,Paul,Poindexter,Sabrina,Spring,Zachary
Spring,Holland,Harbaugh,Sheridan,Spring,Lukas
Spring,Coleman,Poindexter,Sabrina,Spring,Zachary
Spring,Kayle,Llewellyn,Haylee,Spring,Aspen
Spring,Douglas,Poindexter,Sabrina,Spring,Zachary
Spring,Jaylynn,Llewellyn,Haylee,Spring,Aspen
Spring,Samson,Harbaugh,Kitana,Spring,Augustus
Spring,Breana,Llewellyn,Haylee,Spring,Aspen
Spring,Sedrick,Harbaugh,Kitana,Spring,Augustus
Spring,Joi,Llewellyn,Haylee,Spring,Aspen
Spring,Kegan,Harbaugh,Kitana,Spring,Augustus
Spring,Dorothy,Llewellyn,Haylee,Spring,Aspen
Spring,Jacori,Harbaugh,Kitana,Spring,Augustus
Spring,Bria,Llewellyn,Haylee,Spring,Aspen
Spring,Jalen,Harbaugh,Kitana,Spring,Augustus
Spring,Khaliah,Llewellyn,Sade,Spring,Maximillia
Spring,Ben,Harbaugh,Kitana,Spring,Augustus
Spring,Jaimie,Llewellyn,Sade,Spring,Maximillia
Spring,Bryson,Harbaugh,Kitana,Spring,Augustus
Spring,Cheyenne,Llewellyn,Sade,Spring,Maximillia
Spring,Alexander,Harbaugh,Sheridan,Spring,Lukas
Spring,Shanise,Llewellyn,Sade,Spring,Maximillia
Spring,Tracy,Harbaugh,Sheridan,Spring,Lukas
Spring,Connie,Llewellyn,Sade,Spring,Maximillia
Spring,Edgar,Harbaugh,Sheridan,Spring,Lukas
Spring,Makenzi,Llewellyn,Sade,Spring,Maximillia
Spring,Rahim,Harbaugh,Sheridan,Spring,Lukas
Spring,Malina,Llewellyn,Sade,Spring,Maximillia
Spring,Javonte,Llewellyn,Haylee,Spring,Aspen
Spring,Marina,Llewellyn,Sade,Spring,Maximillia
Spring,Jermaine,Llewellyn,Haylee,Spring,Aspen
Spring,Colleen,Llewellyn,Diane,Spring,James
Spring,Mohammed,Llewellyn,Haylee,Spring,Aspen
Spring,Caitlin,Llewellyn,Diane,Spring,James
Spring,Jairus,Llewellyn,Haylee,Spring,Aspen
Spring,Marysol,Llewellyn,Diane,Spring,James
Spring,Issac,Llewellyn,Haylee,Spring,Aspen
Spring,India,Llewellyn,Diane,Spring,James
Spring,Zackary,Llewellyn,Haylee,Spring,Aspen
Spring,Haiden,Llewellyn,Diane,Spring,James
Spring,Erich,Llewellyn,Sade,Spring,Maximillia
Spring,Yuki,Llewellyn,Diane,Spring,James
Spring,Ethan,Llewellyn,Sade,Spring,Maximillia
Spring,Maricela,Llewellyn,Diane,Spring,James
Spring,Nick,Llewellyn,Sade,Spring,Maximillia
Spring,Juliet,Llewellyn,Diane,Spring,James
Spring,Justyn,Llewellyn,Sade,Spring,Maximillia
Spring,Liana,Llewellyn,Diane,Spring,James
Spring,Darius,Llewellyn,Sade,Spring,Maximillia
Spring,Nayeli,Llewellyn,Victoria,Spring,Gerardo
Spring,Derek,Llewellyn,Sade,Spring,Maximillia
Spring,Tania,Llewellyn,Victoria,Spring,Gerardo
Spring,Terrance,Llewellyn,Sade,Spring,Maximillia
Spring,Karla,Llewellyn,Victoria,Spring,Gerardo
Spring,Kristofer,Llewellyn,Sade,Spring,Maximillia
Spring,Kori,Llewellyn,Victoria,Spring,Gerardo
Spring,Paris,Llewellyn,Sade,Spring,Maximillia
Spring,Katy,Llewellyn,Victoria,Spring,Gerardo
Spring,Montel,Llewellyn,Sade,Spring,Maximillia
Spring,Lily,Llewellyn,Victoria,Spring,Gerardo
Spring,Liam,Llewellyn,Sade,Spring,Maximillia
Spring,Abby,Llewellyn,Victoria,Spring,Gerardo
Spring,Micah,Llewellyn,Sade,Spring,Maximillia
Spring,Elexus,Llewellyn,Victoria,Spring,Gerardo
Spring,Marco,Llewellyn,Diane,Spring,James
Spring,Kierra,Kelly,Shyann,Spring,Stefan
Spring,Gonzalo,Llewellyn,Diane,Spring,James
Spring,Sommer,Kelly,Shyann,Spring,Stefan
Spring,Daequan,Llewellyn,Diane,Spring,James
Spring,Emilee,Kelly,Julianne,Spring,Don
Spring,Jayson,Llewellyn,Diane,Spring,James
Spring,Roslyn,Kelly,Julianne,Spring,Don
Spring,Bronson,Llewellyn,Diane,Spring,James
Spring,Lillie,Kelly,Julianne,Spring,Don
Spring,Roman,Llewellyn,Diane,Spring,James
Spring,Kaylynn,Kelly,Julianne,Spring,Don
Spring,Tyree,Llewellyn,Diane,Spring,James
Spring,Mykayla,Kelly,Julianne,Spring,Don
Spring,Dedrick,Llewellyn,Diane,Spring,James
Spring,Carolina,Kelly,Julianne,Spring,Don
Spring,Raul,Llewellyn,Victoria,Spring,Gerardo
Spring,Valencia,Kelly,Julianne,Spring,Don
Spring,Trevor,Llewellyn,Victoria,Spring,Gerardo
Spring,Kaylah,Kelly,Julianne,Spring,Don
Spring,Luke,Llewellyn,Victoria,Spring,Gerardo
Spring,Julie,Kelly,Marlen,Spring,Gabriel
Spring,Jamal,Llewellyn,Victoria,Spring,Gerardo
Spring,Kasey,Kelly,Marlen,Spring,Gabriel
Spring,Lawrence,Llewellyn,Victoria,Spring,Gerardo
Spring,Emily,Kelly,Marlen,Spring,Gabriel
Spring,Santana,Llewellyn,Victoria,Spring,Gerardo
Spring,Anja,Kelly,Marlen,Spring,Gabriel
Spring,Zakery,Llewellyn,Victoria,Spring,Gerardo
Spring,Daniela,Kelly,Evelyn,Spring,Edgardo
Spring,Bryant,Llewellyn,Victoria,Spring,Gerardo
Spring,Martha,Kelly,Evelyn,Spring,Edgardo
Spring,Vinh,Llewellyn,Victoria,Spring,Gerardo
Spring,Adrianna,Kelly,Evelyn,Spring,Edgardo
Spring,Damien,Kelly,Shyann,Spring,Stefan
Spring,Vanessa,Kelly,Evelyn,Spring,Edgardo
Spring,Taquan,Kelly,Shyann,Spring,Stefan
Spring,Kierstin,Kelly,Evelyn,Spring,Edgardo
Spring,Denzel,Kelly,Shyann,Spring,Stefan
Spring,Mara,Kelly,Evelin,Spring,Curtis
Spring,Davis,Kelly,Julianne,Spring,Don
Spring,Daja,Kelly,Evelin,Spring,Curtis
Spring,Anibal,Kelly,Julianne,Spring,Don
Spring,Itzel,Kelly,Evelin,Spring,Curtis
Spring,Darien,Kelly,Julianne,Spring,Don
Spring,Cheyann,Kelly,Evelin,Spring,Curtis
Spring,Raphael,Kelly,Julianne,Spring,Don
Spring,Kristin,Kelly,Evelin,Spring,Curtis
Spring,Aleksandr,Kelly,Julianne,Spring,Don
Spring,Ashlynn,Kelly,Evelin,Spring,Curtis
Spring,Bo,Kelly,Julianne,Spring,Don
Spring,Gloria,Kelly,Evelin,Spring,Curtis
Spring,Keaton,Kelly,Julianne,Spring,Don
Spring,Marli,Kelly,Hayley,Spring,Latrell
Spring,Rasheed,Kelly,Julianne,Spring,Don
Spring,Joselyn,Kelly,Hayley,Spring,Latrell
Spring,Brock,Kelly,Julianne,Spring,Don
Spring,Anamaria,Parazynski,Dasia,Spring,Kristian
Spring,Niko,Kelly,Julianne,Spring,Don
Spring,Rebecca,Parazynski,Dasia,Spring,Kristian
Spring,Rodney,Kelly,Julianne,Spring,Don
Spring,Natasha,Parazynski,Dasia,Spring,Kristian
Spring,Craig,Kelly,Marlen,Spring,Gabriel
Spring,Meredith,Parazynski,Dasia,Spring,Kristian
Spring,Brodie,Kelly,Evelyn,Spring,Edgardo
Spring,Shuntara,Parazynski,Dasia,Spring,Kristian
Spring,Demonte,Kelly,Evelyn,Spring,Edgardo
Spring,Ashli,Parazynski,Jailene,Spring,Brenton
Spring,Titus,Kelly,Evelyn,Spring,Edgardo
Spring,Karena,Parazynski,Jailene,Spring,Brenton
Spring,Maurice,Kelly,Evelyn,Spring,Edgardo
Spring,Caitlan,Parazynski,Jailene,Spring,Brenton
Spring,Kelton,Kelly,Evelin,Spring,Curtis
Spring,Taryn,Parazynski,Jailene,Spring,Brenton
Spring,Mathew,Kelly,Evelin,Spring,Curtis
Spring,Vivian,Parazynski,Jailene,Spring,Brenton
Spring,Yair,Kelly,Evelin,Spring,Curtis
Spring,Chantelle,Parazynski,Jailene,Spring,Brenton
Spring,Yakov,Kelly,Evelin,Spring,Curtis
Spring,Maegan,Parazynski,Jailene,Spring,Brenton
Spring,Torey,Kelly,Evelin,Spring,Curtis
Spring,Renee,Parazynski,Jailene,Spring,Brenton
Spring,Roy,Kelly,Hayley,Spring,Latrell
Spring,Clara,Parazynski,Jailene,Spring,Brenton
Spring,Glenn,Kelly,Hayley,Spring,Latrell
Spring,Sharon,Parazynski,Jailene,Spring,Brenton
Spring,Daron,Kelly,Hayley,Spring,Latrell
Spring,Tamera,Parazynski,Jailene,Spring,Brenton
Spring,Alfredo,Kelly,Hayley,Spring,Latrell
Spring,Ali,Parazynski,Chana,Spring,Peter
Spring,Rodrigo,Kelly,Hayley,Spring,Latrell
Spring,Diamond,Parazynski,Chana,Spring,Peter
Spring,Juancarlos,Parazynski,Dasia,Spring,Kristian
Spring,Susana,Parazynski,Ashanti,Spring,Jerryd
Spring,Skyler,Parazynski,Dasia,Spring,Kristian
Spring,Onesha,Parazynski,Ashanti,Spring,Jerryd
Spring,Luciano,Parazynski,Dasia,Spring,Kristian
Spring,Janell,Parazynski,Ashanti,Spring,Jerryd
Spring,Ladarius,Parazynski,Dasia,Spring,Kristian
Spring,Julianne,Parazynski,Ashanti,Spring,Jerryd
Spring,Kenyon,Parazynski,Dasia,Spring,Kristian
Spring,Klee,Parazynski,Ashanti,Spring,Jerryd
Spring,Rex,Parazynski,Dasia,Spring,Kristian
Spring,Kelsey,Parazynski,Ashanti,Spring,Jerryd
Spring,Collin,Parazynski,Dasia,Spring,Kristian
Spring,Noemi,Parazynski,Ashanti,Spring,Jerryd
Spring,Samuel,Parazynski,Jailene,Spring,Brenton
Spring,Rachael,Parazynski,Anjelica,Spring,Dylan
Spring,Bernardo,Parazynski,Jailene,Spring,Brenton
Spring,Tatyana,Parazynski,Anjelica,Spring,Dylan
Spring,Keegan,Parazynski,Jailene,Spring,Brenton
Spring,Erica,Parazynski,Anjelica,Spring,Dylan
Spring,Davon,Parazynski,Jailene,Spring,Brenton
Spring,Leah,Parazynski,Anjelica,Spring,Dylan
Spring,Colbey,Parazynski,Chana,Spring,Peter
Spring,Shakia,Parazynski,Anjelica,Spring,Dylan
Spring,Norman,Parazynski,Chana,Spring,Peter
Spring,Charity,Parazynski,Anjelica,Spring,Dylan
Spring,Ravon,Parazynski,Chana,Spring,Peter
Spring,Autumn,Parazynski,Anjelica,Spring,Dylan
Spring,Melvin,Parazynski,Ashanti,Spring,Jerryd
Spring,Alysia,Parazynski,Anjelica,Spring,Dylan
Spring,Royce,Parazynski,Ashanti,Spring,Jerryd
Spring,Tiera,Parazynski,Anjelica,Spring,Dylan
Spring,Alex,Parazynski,Ashanti,Spring,Jerryd
Spring,Aria,Parazynski,Peyton,Spring,Quinn
Spring,Mckay,Parazynski,Anjelica,Spring,Dylan
Spring,Stephanie,Parazynski,Peyton,Spring,Quinn
Spring,Emmanuel,Parazynski,Anjelica,Spring,Dylan
Spring,Miah,Parazynski,Peyton,Spring,Quinn
