Johnson,Thomas,Deckard,Ladaysha,Johnson,Asa
Chamitoff,Noah,Pffaff,Carley,Chamitoff,Brennon
Resnik,Carson,Zamka,Jasmin,Resnik,Jasper
Truman,Bridgett,Higginbotham,Eliana,Truman,Shan
Lee,Quintyn,Wilson,Audrey,Lee,Gunner
Halsell,Nichole,Adamson,Kiesha,Halsell,Jonathon
Helms,Deonte,Bluford,Rowan,Helms,Easton
Apt,Desaree,England,Jennifer,Apt,Forest
Sega,Raul,Thuot,Tonya,Sega,Enoch
McCool,Annette,Fullerton,Justina,McCool,Abdul
Stewart,Alexander,Hart,Xandria,Stewart,Ben
Cagle,Lacey,Scott,Shelly,Cagle,Kaleb
Llewellyn,Aron,Patrick,Ayanna,Llewellyn,Freeman
Jernigan,Kori,Gardner,Linsey,Jernigan,Leon
Creighton,Benny,Linenger,Shakira,Creighton,Darien
Lu,Caylee,Helms,Keyondra,Lu,Deanthony
Bluford,Gunner,Hoffman,Jensen,Bluford,Paris
Lawrence,Stevie,Creamer,Kimberly,Lawrence,Ted
McCool,Devonta,Cunningham,Valencia,McCool,Kelton
Nelson,Clare,Foreman,Grace,Nelson,Albert
Reisman,Dayton,Schmitt,Chasity,Reisman,Keaton
Helms,Calandra,Zamka,Isadora,Helms,Justus
Grout,Payton,Thomas,Paxton,Grout,Devan
Henize,Jessica,Kennedy,Melinda,Henize,Howard
Young,Ulysses,Fisher,Leann,Young,Tyrone
McCandless,Anthony,Onizuka,Yuki,McCandless,Stephen
Noriega,Payton,Gardner,Melisa,Noriega,Quincy
Poindexter,Angela,Altman,Natalie,Poindexter,Micah
Johnson,Carl,Chamitoff,Noah,Johnson,Thomas
Lind,Casie,Wilson,Krystan,Lind,Maurice
Johnson,Luis,Chamitoff,Noah,Johnson,Thomas
Bolden,India,Lu,Erin,Bolden,Jair
Johnson,Ricardo,Chamitoff,Noah,Johnson,Thomas
Johnson,Danika,Chamitoff,Noah,Johnson,Thomas
Johnson,Ted,Chamitoff,Noah,Johnson,Thomas
Johnson,Tamara,Chamitoff,Noah,Johnson,Thomas
Johnson,Efren,Chamitoff,Noah,Johnson,Thomas
Johnson,Esther,Chamitoff,Noah,Johnson,Thomas
Johnson,Jay,Chamitoff,Noah,Johnson,Thomas
Johnson,Mikaela,Chamitoff,Noah,Johnson,Thomas
Johnson,Theodore,Chamitoff,Noah,Johnson,Thomas
Johnson,Kendra,Chamitoff,Noah,Johnson,Thomas
Johnson,Max,Chamitoff,Noah,Johnson,Thomas
Johnson,Allana,Chamitoff,Noah,Johnson,Thomas
Johnson,Daquan,Chamitoff,Noah,Johnson,Thomas
Resnik,Cecilia,Truman,Bridgett,Resnik,Carson
Johnson,Victor,Chamitoff,Noah,Johnson,Thomas
Resnik,Taylor,Truman,Bridgett,Resnik,Carson
Johnson,Derek,Chamitoff,Noah,Johnson,Thomas
Resnik,Kenna,Truman,Bridgett,Resnik,Carson
Resnik,Kieran,Truman,Bridgett,Resnik,Carson
Resnik,Mari,Truman,Bridgett,Resnik,Carson
Resnik,Ray,Truman,Bridgett,Resnik,Carson
Resnik,Rebeca,Truman,Bridgett,Resnik,Carson
Resnik,Terrance,Truman,Bridgett,Resnik,Carson
Lee,Jeanna,Halsell,Nichole,Lee,Quintyn
Resnik,Giovanni,Truman,Bridgett,Resnik,Carson
Lee,Presley,Halsell,Nichole,Lee,Quintyn
Resnik,Fabian,Truman,Bridgett,Resnik,Carson
Lee,Ashlie,Halsell,Nichole,Lee,Quintyn
Resnik,Al,Truman,Bridgett,Resnik,Carson
Lee,Delilah,Halsell,Nichole,Lee,Quintyn
Lee,Kenneth,Halsell,Nichole,Lee,Quintyn
Lee,Gabriela,Halsell,Nichole,Lee,Quintyn
Lee,Ashton,Halsell,Nichole,Lee,Quintyn
Lee,Iridiana,Halsell,Nichole,Lee,Quintyn
Lee,Trevin,Halsell,Nichole,Lee,Quintyn
Lee,Daja,Halsell,Nichole,Lee,Quintyn
Lee,Dan,Halsell,Nichole,Lee,Quintyn
Lee,Maritza,Halsell,Nichole,Lee,Quintyn
Lee,Mohammed,Halsell,Nichole,Lee,Quintyn
Lee,Sonya,Halsell,Nichole,Lee,Quintyn
Lee,Sutton,Halsell,Nichole,Lee,Quintyn
Lee,Mindi,Halsell,Nichole,Lee,Quintyn
Lee,Mohamed,Halsell,Nichole,Lee,Quintyn
Lee,Chaya,Halsell,Nichole,Lee,Quintyn
Lee,Fabian,Halsell,Nichole,Lee,Quintyn
Helms,Zoey,Apt,Desaree,Helms,Deonte
Helms,Curtis,Apt,Desaree,Helms,Deonte
Helms,Yuki,Apt,Desaree,Helms,Deonte
Helms,Chaz,Apt,Desaree,Helms,Deonte
Helms,Summer,Apt,Desaree,Helms,Deonte
Helms,Donovan,Apt,Desaree,Helms,Deonte
Helms,Stephany,Apt,Desaree,Helms,Deonte
Helms,Ravon,Apt,Desaree,Helms,Deonte
Helms,Siera,Apt,Desaree,Helms,Deonte
Helms,Mohamad,Apt,Desaree,Helms,Deonte
Helms,Amber,Apt,Desaree,Helms,Deonte
Helms,Julio,Apt,Desaree,Helms,Deonte
Helms,Tamia,Apt,Desaree,Helms,Deonte
Helms,Erin,Apt,Desaree,Helms,Deonte
Helms,Katheryn,Apt,Desaree,Helms,Deonte
Helms,Jeremiah,Apt,Desaree,Helms,Deonte
Sega,Lexy,McCool,Annette,Sega,Raul
Helms,Frank,Apt,Desaree,Helms,Deonte
Sega,Trisha,McCool,Annette,Sega,Raul
Helms,Tad,Apt,Desaree,Helms,Deonte
Sega,Amari,McCool,Annette,Sega,Raul
Helms,Jajuan,Apt,Desaree,Helms,Deonte
Stewart,Lexi,Cagle,Lacey,Stewart,Alexander
Sega,Maximillia,McCool,Annette,Sega,Raul
Stewart,Sky,Cagle,Lacey,Stewart,Alexander
Stewart,Walker,Cagle,Lacey,Stewart,Alexander
Stewart,Audrey,Cagle,Lacey,Stewart,Alexander
Stewart,Jose,Cagle,Lacey,Stewart,Alexander
Stewart,Destiny,Cagle,Lacey,Stewart,Alexander
Stewart,Zev,Cagle,Lacey,Stewart,Alexander
Stewart,Colleen,Cagle,Lacey,Stewart,Alexander
Stewart,Dallin,Cagle,Lacey,Stewart,Alexander
Stewart,Kaydee,Cagle,Lacey,Stewart,Alexander
Stewart,Fredrick,Cagle,Lacey,Stewart,Alexander
Stewart,Jasmin,Cagle,Lacey,Stewart,Alexander
Stewart,Ashton,Cagle,Lacey,Stewart,Alexander
Stewart,Kealani,Cagle,Lacey,Stewart,Alexander
Stewart,Joe,Cagle,Lacey,Stewart,Alexander
Stewart,Reyanna,Cagle,Lacey,Stewart,Alexander
Stewart,Claudio,Cagle,Lacey,Stewart,Alexander
Stewart,Beatriz,Cagle,Lacey,Stewart,Alexander
Llewellyn,Raekwon,Jernigan,Kori,Llewellyn,Aron
Stewart,Julissa,Cagle,Lacey,Stewart,Alexander
Llewellyn,Kory,Jernigan,Kori,Llewellyn,Aron
Llewellyn,Chantelle,Jernigan,Kori,Llewellyn,Aron
Llewellyn,Zaire,Jernigan,Kori,Llewellyn,Aron
Llewellyn,Janie,Jernigan,Kori,Llewellyn,Aron
Llewellyn,Esteban,Jernigan,Kori,Llewellyn,Aron
Llewellyn,Mercedes,Jernigan,Kori,Llewellyn,Aron
Llewellyn,Montana,Jernigan,Kori,Llewellyn,Aron
Llewellyn,Dylan,Jernigan,Kori,Llewellyn,Aron
Llewellyn,Barrett,Jernigan,Kori,Llewellyn,Aron
Llewellyn,Caitlyn,Jernigan,Kori,Llewellyn,Aron
Creighton,Devyn,Lu,Caylee,Creighton,Benny
Llewellyn,Maisie,Jernigan,Kori,Llewellyn,Aron
Creighton,Colby,Lu,Caylee,Creighton,Benny
Llewellyn,Malinda,Jernigan,Kori,Llewellyn,Aron
Creighton,Caden,Lu,Caylee,Creighton,Benny
Llewellyn,Maren,Jernigan,Kori,Llewellyn,Aron
Creighton,Rogelio,Lu,Caylee,Creighton,Benny
Creighton,Rikki,Lu,Caylee,Creighton,Benny
Bluford,Deangelo,Lawrence,Stevie,Bluford,Gunner
Creighton,Kendyl,Lu,Caylee,Creighton,Benny
Bluford,Colbey,Lawrence,Stevie,Bluford,Gunner
Creighton,Fabiola,Lu,Caylee,Creighton,Benny
Bluford,Rhett,Lawrence,Stevie,Bluford,Gunner
Creighton,Janessa,Lu,Caylee,Creighton,Benny
Bluford,Jovon,Lawrence,Stevie,Bluford,Gunner
Creighton,Casie,Lu,Caylee,Creighton,Benny
Bluford,Sawyer,Lawrence,Stevie,Bluford,Gunner
Creighton,Beverly,Lu,Caylee,Creighton,Benny
Bluford,Tucker,Lawrence,Stevie,Bluford,Gunner
Creighton,Eva,Lu,Caylee,Creighton,Benny
McCool,Austyn,Nelson,Clare,McCool,Devonta
Bluford,Stephany,Lawrence,Stevie,Bluford,Gunner
McCool,Jaron,Nelson,Clare,McCool,Devonta
Bluford,Cherie,Lawrence,Stevie,Bluford,Gunner
Reisman,Tanner,Helms,Calandra,Reisman,Dayton
Bluford,Alexia,Lawrence,Stevie,Bluford,Gunner
Reisman,Philip,Helms,Calandra,Reisman,Dayton
McCool,Iridian,Nelson,Clare,McCool,Devonta
Reisman,Derek,Helms,Calandra,Reisman,Dayton
Reisman,Summer,Helms,Calandra,Reisman,Dayton
Reisman,Wyatt,Helms,Calandra,Reisman,Dayton
Reisman,Rani,Helms,Calandra,Reisman,Dayton
Reisman,Deondre,Helms,Calandra,Reisman,Dayton
Reisman,Jordyn,Helms,Calandra,Reisman,Dayton
Grout,Russell,Henize,Jessica,Grout,Payton
Reisman,Meaghan,Helms,Calandra,Reisman,Dayton
Grout,Leon,Henize,Jessica,Grout,Payton
Reisman,Mckenna,Helms,Calandra,Reisman,Dayton
Grout,Deante,Henize,Jessica,Grout,Payton
Reisman,Karley,Helms,Calandra,Reisman,Dayton
Grout,Johnathon,Henize,Jessica,Grout,Payton
Reisman,Abbie,Helms,Calandra,Reisman,Dayton
Grout,Alvin,Henize,Jessica,Grout,Payton
Grout,Antoinette,Henize,Jessica,Grout,Payton
Grout,Ted,Henize,Jessica,Grout,Payton
Grout,Maria,Henize,Jessica,Grout,Payton
Grout,Adam,Henize,Jessica,Grout,Payton
Grout,Kaci,Henize,Jessica,Grout,Payton
Grout,Arturo,Henize,Jessica,Grout,Payton
Grout,Rita,Henize,Jessica,Grout,Payton
Grout,Easton,Henize,Jessica,Grout,Payton
Grout,Michelle,Henize,Jessica,Grout,Payton
Grout,Jevon,Henize,Jessica,Grout,Payton
Grout,Sidney,Henize,Jessica,Grout,Payton
Grout,Misael,Henize,Jessica,Grout,Payton
Grout,Fiona,Henize,Jessica,Grout,Payton
Young,Anton,McCandless,Anthony,Young,Ulysses
Grout,Haven,Henize,Jessica,Grout,Payton
Young,Tad,McCandless,Anthony,Young,Ulysses
Grout,Shelly,Henize,Jessica,Grout,Payton
Young,Kurt,McCandless,Anthony,Young,Ulysses
Young,Lydia,McCandless,Anthony,Young,Ulysses
Noriega,Ronnie,Poindexter,Angela,Noriega,Payton
Young,Yasmeen,McCandless,Anthony,Young,Ulysses
Noriega,Jayden,Poindexter,Angela,Noriega,Payton
Young,Haley,McCandless,Anthony,Young,Ulysses
Noriega,Yash,Poindexter,Angela,Noriega,Payton
Young,Kasey,McCandless,Anthony,Young,Ulysses
Noriega,Khalil,Poindexter,Angela,Noriega,Payton
Young,Elizabeth,McCandless,Anthony,Young,Ulysses
Noriega,Deontae,Poindexter,Angela,Noriega,Payton
Young,Daija,McCandless,Anthony,Young,Ulysses
Noriega,Raphael,Poindexter,Angela,Noriega,Payton
Young,Elida,McCandless,Anthony,Young,Ulysses
Noriega,Eli,Poindexter,Angela,Noriega,Payton
Young,Reyanna,McCandless,Anthony,Young,Ulysses
Noriega,Tysen,Poindexter,Angela,Noriega,Payton
Noriega,Leeann,Poindexter,Angela,Noriega,Payton
Johnson,Jackson,Lind,Casie,Johnson,Carl
Noriega,Jesslyn,Poindexter,Angela,Noriega,Payton
Johnson,Ron,Lind,Casie,Johnson,Carl
Noriega,Lakeisha,Poindexter,Angela,Noriega,Payton
Johnson,Austyn,Lind,Casie,Johnson,Carl
Noriega,Eden,Poindexter,Angela,Noriega,Payton
Johnson,Kristopher,Lind,Casie,Johnson,Carl
Johnson,Adrianna,Lind,Casie,Johnson,Carl
Johnson,Enoch,Bolden,India,Johnson,Luis
Johnson,Corina,Lind,Casie,Johnson,Carl
Johnson,Layne,Bolden,India,Johnson,Luis
Johnson,Geraldine,Bolden,India,Johnson,Luis
Johnson,Jeremiah,Bolden,India,Johnson,Luis
Johnson,Beverly,Bolden,India,Johnson,Luis
Johnson,Kirk,Bolden,India,Johnson,Luis
Johnson,Raegan,Bolden,India,Johnson,Luis
Johnson,Nelson,Bolden,India,Johnson,Luis
Johnson,Cynthia,Bolden,India,Johnson,Luis
Johnson,Gage,Bolden,India,Johnson,Luis
Johnson,Elena,Bolden,India,Johnson,Luis
Johnson,Israel,Bolden,India,Johnson,Luis
Johnson,Lyndsey,Resnik,Cecilia,Johnson,Ricardo
Johnson,Blake,Resnik,Cecilia,Johnson,Ricardo
Johnson,Sharon,Resnik,Cecilia,Johnson,Ricardo
Johnson,Zaquan,Resnik,Cecilia,Johnson,Ricardo
Johnson,Mara,Resnik,Cecilia,Johnson,Ricardo
Johnson,Marquis,Resnik,Cecilia,Johnson,Ricardo
Johnson,Leah,Resnik,Cecilia,Johnson,Ricardo
Johnson,Aron,Resnik,Cecilia,Johnson,Ricardo
Johnson,Gilda,Resnik,Cecilia,Johnson,Ricardo
Johnson,Jeffery,Resnik,Cecilia,Johnson,Ricardo
Johnson,Ryann,Resnik,Taylor,Johnson,Ted
Johnson,August,Resnik,Cecilia,Johnson,Ricardo
Johnson,Terri,Resnik,Taylor,Johnson,Ted
Johnson,Sergio,Resnik,Cecilia,Johnson,Ricardo
Johnson,Aerial,Resnik,Taylor,Johnson,Ted
Johnson,Jade,Resnik,Cecilia,Johnson,Ricardo
Johnson,Armani,Resnik,Taylor,Johnson,Ted
Johnson,Erick,Resnik,Cecilia,Johnson,Ricardo
Johnson,Diane,Resnik,Taylor,Johnson,Ted
Johnson,Tyler,Resnik,Cecilia,Johnson,Ricardo
Johnson,Daesha,Resnik,Taylor,Johnson,Ted
Johnson,Guillermo,Resnik,Taylor,Johnson,Ted
Johnson,Nora,Resnik,Kenna,Johnson,Efren
Johnson,Gonzalo,Resnik,Taylor,Johnson,Ted
Johnson,Rebekah,Resnik,Kenna,Johnson,Efren
Johnson,Jovan,Resnik,Taylor,Johnson,Ted
Johnson,Haleigh,Resnik,Kenna,Johnson,Efren
Johnson,Britton,Resnik,Taylor,Johnson,Ted
Johnson,Nathaly,Resnik,Kenna,Johnson,Efren
Johnson,Elijah,Resnik,Taylor,Johnson,Ted
Johnson,Queen,Resnik,Kenna,Johnson,Efren
Johnson,Ever,Resnik,Taylor,Johnson,Ted
Johnson,Kelsey,Resnik,Kenna,Johnson,Efren
Johnson,Dayton,Resnik,Taylor,Johnson,Ted
Johnson,Naomi,Resnik,Kenna,Johnson,Efren
Johnson,Nick,Resnik,Taylor,Johnson,Ted
Johnson,Darcy,Resnik,Kenna,Johnson,Efren
Johnson,Giovanni,Resnik,Taylor,Johnson,Ted
Johnson,Elsa,Resnik,Kenna,Johnson,Efren
Johnson,Rey,Resnik,Taylor,Johnson,Ted
Johnson,Ashanti,Resnik,Kenna,Johnson,Efren
Johnson,Javier,Resnik,Taylor,Johnson,Ted
Johnson,Ashli,Resnik,Mari,Johnson,Jay
Johnson,Deonte,Resnik,Taylor,Johnson,Ted
Johnson,Candice,Resnik,Mari,Johnson,Jay
Johnson,Mathew,Resnik,Taylor,Johnson,Ted
Johnson,Ixchel,Resnik,Mari,Johnson,Jay
Johnson,Coleman,Resnik,Taylor,Johnson,Ted
Johnson,Giovanna,Resnik,Rebeca,Johnson,Theodore
Johnson,Clifford,Resnik,Kenna,Johnson,Efren
Johnson,Anabel,Resnik,Rebeca,Johnson,Theodore
Johnson,Seamus,Resnik,Kenna,Johnson,Efren
Johnson,Elexus,Resnik,Rebeca,Johnson,Theodore
Johnson,Alfonso,Resnik,Kenna,Johnson,Efren
Johnson,Kaleigh,Resnik,Rebeca,Johnson,Theodore
Johnson,Damian,Resnik,Kenna,Johnson,Efren
Johnson,Kathryn,Lee,Jeanna,Johnson,Max
Johnson,Jesus,Resnik,Kenna,Johnson,Efren
Johnson,Kristian,Lee,Jeanna,Johnson,Max
Johnson,Courtney,Resnik,Kenna,Johnson,Efren
Johnson,Chelsey,Lee,Jeanna,Johnson,Max
Johnson,Hiram,Resnik,Kenna,Johnson,Efren
Johnson,Regina,Lee,Jeanna,Johnson,Max
Johnson,Dakotah,Resnik,Kenna,Johnson,Efren
Johnson,Jordan,Lee,Presley,Johnson,Daquan
Johnson,Arjun,Resnik,Mari,Johnson,Jay
Johnson,Lesli,Lee,Ashlie,Johnson,Victor
Johnson,Braeden,Resnik,Mari,Johnson,Jay
Johnson,Ashlynn,Lee,Ashlie,Johnson,Victor
Johnson,Ezequiel,Resnik,Mari,Johnson,Jay
Johnson,Christian,Lee,Ashlie,Johnson,Victor
Johnson,Norman,Resnik,Mari,Johnson,Jay
Johnson,Dayana,Lee,Ashlie,Johnson,Victor
Johnson,Deanthony,Resnik,Mari,Johnson,Jay
Johnson,Kiera,Lee,Delilah,Johnson,Derek
Johnson,Jairo,Resnik,Mari,Johnson,Jay
Johnson,Ariel,Lee,Delilah,Johnson,Derek
Johnson,Shamar,Resnik,Mari,Johnson,Jay
Johnson,Karena,Lee,Delilah,Johnson,Derek
Johnson,Cedric,Resnik,Rebeca,Johnson,Theodore
Johnson,Gabriele,Lee,Delilah,Johnson,Derek
Johnson,Weston,Resnik,Rebeca,Johnson,Theodore
Johnson,Alexis,Lee,Delilah,Johnson,Derek
Johnson,Eric,Resnik,Rebeca,Johnson,Theodore
Johnson,Cody,Lee,Delilah,Johnson,Derek
Johnson,Moshe,Resnik,Rebeca,Johnson,Theodore
Resnik,Macey,Johnson,Danika,Resnik,Kieran
Johnson,Bill,Resnik,Rebeca,Johnson,Theodore
Resnik,Bridgette,Johnson,Danika,Resnik,Kieran
Johnson,Guadalupe,Resnik,Rebeca,Johnson,Theodore
Resnik,Lyric,Johnson,Tamara,Resnik,Ray
Johnson,Tomas,Resnik,Rebeca,Johnson,Theodore
Resnik,Nikki,Johnson,Tamara,Resnik,Ray
Johnson,Devontae,Resnik,Rebeca,Johnson,Theodore
Resnik,Brooklyn,Johnson,Tamara,Resnik,Ray
Johnson,Brandon,Resnik,Rebeca,Johnson,Theodore
Resnik,Eva,Johnson,Tamara,Resnik,Ray
Johnson,Alonso,Lee,Jeanna,Johnson,Max
Resnik,Molli,Johnson,Esther,Resnik,Terrance
Johnson,Tommy,Lee,Jeanna,Johnson,Max
Resnik,Tayler,Johnson,Esther,Resnik,Terrance
Johnson,Dantae,Lee,Presley,Johnson,Daquan
Resnik,Mariangeli,Johnson,Esther,Resnik,Terrance
Johnson,German,Lee,Presley,Johnson,Daquan
Resnik,Marlee,Johnson,Esther,Resnik,Terrance
Johnson,Brenden,Lee,Presley,Johnson,Daquan
Resnik,Payton,Johnson,Esther,Resnik,Terrance
Johnson,Clay,Lee,Presley,Johnson,Daquan
Resnik,Katia,Johnson,Esther,Resnik,Terrance
Johnson,Mark,Lee,Presley,Johnson,Daquan
Resnik,Melissa,Johnson,Esther,Resnik,Terrance
Johnson,David,Lee,Ashlie,Johnson,Victor
Resnik,Blaine,Johnson,Esther,Resnik,Terrance
Johnson,Scott,Lee,Ashlie,Johnson,Victor
Resnik,Luz,Johnson,Esther,Resnik,Terrance
Johnson,Darrion,Lee,Ashlie,Johnson,Victor
Resnik,Shannon,Johnson,Esther,Resnik,Terrance
Johnson,Blaine,Lee,Ashlie,Johnson,Victor
Resnik,Tiera,Johnson,Mikaela,Resnik,Giovanni
Johnson,Caden,Lee,Ashlie,Johnson,Victor
Resnik,Sophia,Johnson,Mikaela,Resnik,Giovanni
Johnson,Davon,Lee,Ashlie,Johnson,Victor
Resnik,Asya,Johnson,Kendra,Resnik,Fabian
Johnson,Landen,Lee,Delilah,Johnson,Derek
Resnik,Caylee,Johnson,Kendra,Resnik,Fabian
Johnson,Ivan,Lee,Delilah,Johnson,Derek
Resnik,Mindy,Johnson,Kendra,Resnik,Fabian
Johnson,Orion,Lee,Delilah,Johnson,Derek
Resnik,Daija,Johnson,Kendra,Resnik,Fabian
Johnson,Jaylan,Lee,Delilah,Johnson,Derek
Resnik,Marlena,Johnson,Kendra,Resnik,Fabian
Johnson,Anibal,Lee,Delilah,Johnson,Derek
Resnik,Siobhan,Johnson,Kendra,Resnik,Fabian
Johnson,Diamond,Lee,Delilah,Johnson,Derek
Resnik,Karina,Johnson,Kendra,Resnik,Fabian
Resnik,Wayne,Johnson,Danika,Resnik,Kieran
Resnik,Celina,Johnson,Kendra,Resnik,Fabian
Resnik,Fred,Johnson,Danika,Resnik,Kieran
Resnik,Shanna,Johnson,Allana,Resnik,Al
Resnik,Colton,Johnson,Danika,Resnik,Kieran
Resnik,Kristin,Johnson,Allana,Resnik,Al
Resnik,Braden,Johnson,Danika,Resnik,Kieran
Resnik,Jaymi,Johnson,Allana,Resnik,Al
Resnik,Adan,Johnson,Tamara,Resnik,Ray
Resnik,Chelsy,Johnson,Allana,Resnik,Al
Resnik,Devaughn,Johnson,Tamara,Resnik,Ray
Resnik,Cherokee,Johnson,Allana,Resnik,Al
Resnik,Adrian,Johnson,Tamara,Resnik,Ray
Resnik,Shanise,Johnson,Allana,Resnik,Al
Resnik,Quincy,Johnson,Tamara,Resnik,Ray
Resnik,Isis,Johnson,Allana,Resnik,Al
Resnik,Ernest,Johnson,Tamara,Resnik,Ray
Resnik,Hanna,Johnson,Allana,Resnik,Al
Resnik,Ali,Johnson,Tamara,Resnik,Ray
Resnik,Kali,Johnson,Allana,Resnik,Al
Resnik,Idris,Johnson,Tamara,Resnik,Ray
Resnik,Carina,Johnson,Allana,Resnik,Al
Resnik,Brett,Johnson,Tamara,Resnik,Ray
Lee,Jazmyne,Helms,Zoey,Lee,Kenneth
Resnik,Langston,Johnson,Tamara,Resnik,Ray
Lee,Kenya,Helms,Zoey,Lee,Kenneth
Resnik,Jalen,Johnson,Tamara,Resnik,Ray
Lee,Callan,Helms,Zoey,Lee,Kenneth
Resnik,Cecil,Johnson,Esther,Resnik,Terrance
Lee,Susan,Helms,Zoey,Lee,Kenneth
Resnik,Roberto,Johnson,Esther,Resnik,Terrance
Lee,Carli,Helms,Zoey,Lee,Kenneth
Resnik,Jaleel,Johnson,Esther,Resnik,Terrance
Lee,Kyra,Helms,Zoey,Lee,Kenneth
Resnik,Kristopher,Johnson,Esther,Resnik,Terrance
Lee,Lizbeth,Helms,Zoey,Lee,Kenneth
Resnik,Jordan,Johnson,Esther,Resnik,Terrance
Lee,Carol,Helms,Yuki,Lee,Ashton
Resnik,Shawn,Johnson,Esther,Resnik,Terrance
Lee,Jenniffer,Helms,Yuki,Lee,Ashton
Resnik,Angelo,Johnson,Esther,Resnik,Terrance
Lee,Kelsey,Helms,Yuki,Lee,Ashton
Resnik,Kory,Johnson,Esther,Resnik,Terrance
Lee,Brittney,Helms,Summer,Lee,Trevin
Resnik,Rowan,Johnson,Mikaela,Resnik,Giovanni
Lee,Sara,Helms,Summer,Lee,Trevin
Resnik,Jair,Johnson,Kendra,Resnik,Fabian
Lee,Elise,Helms,Summer,Lee,Trevin
Resnik,Augustus,Johnson,Kendra,Resnik,Fabian
Lee,Alex,Helms,Stephany,Lee,Dan
Resnik,Yobani,Johnson,Kendra,Resnik,Fabian
Lee,Anahi,Helms,Stephany,Lee,Dan
Resnik,Kelton,Johnson,Kendra,Resnik,Fabian
Lee,Mileena,Helms,Siera,Lee,Mohammed
Resnik,Alec,Johnson,Kendra,Resnik,Fabian
Lee,Kerri,Helms,Amber,Lee,Sutton
Resnik,Derick,Johnson,Kendra,Resnik,Fabian
Lee,Barbara,Helms,Amber,Lee,Sutton
Resnik,Brendan,Johnson,Kendra,Resnik,Fabian
Lee,Shiann,Helms,Amber,Lee,Sutton
Resnik,Calib,Johnson,Kendra,Resnik,Fabian
Lee,Robin,Helms,Amber,Lee,Sutton
Resnik,Terrell,Johnson,Allana,Resnik,Al
Lee,Suleyma,Helms,Amber,Lee,Sutton
Resnik,Deonta,Johnson,Allana,Resnik,Al
Lee,Maryssa,Helms,Amber,Lee,Sutton
Resnik,Martin,Johnson,Allana,Resnik,Al
Lee,Kady,Helms,Amber,Lee,Sutton
Resnik,Adonis,Johnson,Allana,Resnik,Al
Lee,Daisy,Helms,Tamia,Lee,Mohamed
Resnik,Wade,Johnson,Allana,Resnik,Al
Lee,Allana,Helms,Tamia,Lee,Mohamed
Lee,Quintin,Helms,Zoey,Lee,Kenneth
Lee,Guadalupe,Helms,Tamia,Lee,Mohamed
Lee,Van,Helms,Zoey,Lee,Kenneth
Lee,Olivia,Helms,Tamia,Lee,Mohamed
Lee,Chance,Helms,Zoey,Lee,Kenneth
Lee,Kiara,Helms,Katheryn,Lee,Fabian
Lee,Vicente,Helms,Zoey,Lee,Kenneth
Lee,Celia,Helms,Katheryn,Lee,Fabian
Lee,Reginald,Helms,Yuki,Lee,Ashton
Lee,Angelina,Helms,Katheryn,Lee,Fabian
Lee,Jalil,Helms,Summer,Lee,Trevin
Lee,Dena,Helms,Katheryn,Lee,Fabian
Lee,Yair,Helms,Summer,Lee,Trevin
Lee,Deborah,Helms,Katheryn,Lee,Fabian
Lee,Shayne,Helms,Summer,Lee,Trevin
Lee,Janette,Helms,Katheryn,Lee,Fabian
Lee,Nigel,Helms,Summer,Lee,Trevin
Lee,Brigitte,Helms,Katheryn,Lee,Fabian
Lee,Tucker,Helms,Summer,Lee,Trevin
Lee,India,Helms,Katheryn,Lee,Fabian
Lee,Steve,Helms,Summer,Lee,Trevin
Helms,Yazmin,Lee,Gabriela,Helms,Curtis
Lee,Brogan,Helms,Stephany,Lee,Dan
Helms,Alycia,Lee,Gabriela,Helms,Curtis
Lee,Mathew,Helms,Siera,Lee,Mohammed
Helms,Teagan,Lee,Gabriela,Helms,Curtis
Lee,Lauren,Helms,Siera,Lee,Mohammed
Helms,Ivelisse,Lee,Iridiana,Helms,Chaz
Lee,Bill,Helms,Siera,Lee,Mohammed
Helms,Mary,Lee,Iridiana,Helms,Chaz
Lee,Deshawn,Helms,Siera,Lee,Mohammed
Helms,Jania,Lee,Iridiana,Helms,Chaz
Lee,Ayub,Helms,Siera,Lee,Mohammed
Helms,Shauna,Lee,Iridiana,Helms,Chaz
Lee,Tomas,Helms,Amber,Lee,Sutton
Helms,Alejandra,Lee,Iridiana,Helms,Chaz
Lee,Oscar,Helms,Amber,Lee,Sutton
Helms,Sara,Lee,Daja,Helms,Donovan
Lee,Aiden,Helms,Amber,Lee,Sutton
Helms,Lucy,Lee,Daja,Helms,Donovan
Lee,Efren,Helms,Tamia,Lee,Mohamed
Helms,Antonia,Lee,Sonya,Helms,Mohamad
Lee,Ross,Helms,Tamia,Lee,Mohamed
Helms,Ashlyn,Lee,Sonya,Helms,Mohamad
Lee,Zachariah,Helms,Tamia,Lee,Mohamed
Helms,Tatum,Lee,Sonya,Helms,Mohamad
Lee,Garrison,Helms,Tamia,Lee,Mohamed
Helms,Marilyn,Lee,Sonya,Helms,Mohamad
Lee,Saxon,Helms,Tamia,Lee,Mohamed
Helms,Anneliese,Lee,Sonya,Helms,Mohamad
Lee,Marielle,Helms,Tamia,Lee,Mohamed
Helms,Estrella,Lee,Sonya,Helms,Mohamad
Lee,Estevan,Helms,Tamia,Lee,Mohamed
Helms,Martha,Lee,Mindi,Helms,Julio
Lee,Kerry,Helms,Katheryn,Lee,Fabian
Helms,Aileen,Lee,Mindi,Helms,Julio
Lee,Corbin,Helms,Katheryn,Lee,Fabian
Helms,Raven,Lee,Mindi,Helms,Julio
Lee,Sedrick,Helms,Katheryn,Lee,Fabian
Helms,Kierra,Lee,Mindi,Helms,Julio
Lee,Kaleb,Helms,Katheryn,Lee,Fabian
Helms,Mykayla,Lee,Mindi,Helms,Julio
Lee,Jamal,Helms,Katheryn,Lee,Fabian
Helms,Darby,Lee,Mindi,Helms,Julio
Lee,Byron,Helms,Katheryn,Lee,Fabian
Helms,Deanna,Lee,Mindi,Helms,Julio
Lee,Jacoby,Helms,Katheryn,Lee,Fabian
Helms,Sarai,Lee,Mindi,Helms,Julio
Lee,Johnathen,Helms,Katheryn,Lee,Fabian
Helms,Sydni,Lee,Mindi,Helms,Julio
Helms,William,Lee,Gabriela,Helms,Curtis
Helms,Klarisa,Lee,Chaya,Helms,Erin
Helms,Max,Lee,Gabriela,Helms,Curtis
Helms,Hailey,Lee,Chaya,Helms,Erin
Helms,Bryce,Lee,Iridiana,Helms,Chaz
Helms,Tabitha,Lee,Chaya,Helms,Erin
Helms,Enoch,Lee,Iridiana,Helms,Chaz
Helms,Adrianna,Lee,Chaya,Helms,Erin
Helms,Michal,Lee,Iridiana,Helms,Chaz
Helms,Priscilla,Lee,Chaya,Helms,Erin
Helms,Francesco,Lee,Iridiana,Helms,Chaz
Helms,Sienna,Sega,Lexy,Helms,Jeremiah
Helms,Dyllon,Lee,Iridiana,Helms,Chaz
Helms,Latasha,Sega,Lexy,Helms,Jeremiah
Helms,Isidro,Lee,Iridiana,Helms,Chaz
Helms,Jackie,Sega,Trisha,Helms,Frank
Helms,Alejandro,Lee,Iridiana,Helms,Chaz
Helms,Kaitlyn,Sega,Trisha,Helms,Frank
Helms,Noe,Lee,Iridiana,Helms,Chaz
Helms,Chana,Sega,Trisha,Helms,Frank
Helms,Graham,Lee,Iridiana,Helms,Chaz
Helms,Maura,Sega,Trisha,Helms,Frank
Helms,Wade,Lee,Daja,Helms,Donovan
Helms,Kirstie,Sega,Amari,Helms,Tad
Helms,Dominique,Lee,Maritza,Helms,Ravon
Helms,Melisa,Sega,Amari,Helms,Tad
Helms,Deshaun,Lee,Maritza,Helms,Ravon
Helms,Ashtyn,Sega,Amari,Helms,Tad
Helms,Philip,Lee,Maritza,Helms,Ravon
Helms,Kayleen,Sega,Amari,Helms,Tad
Helms,Branden,Lee,Sonya,Helms,Mohamad
Helms,Precious,Sega,Amari,Helms,Tad
Helms,Brett,Lee,Sonya,Helms,Mohamad
Helms,Xochitl,Sega,Amari,Helms,Tad
Helms,Keegan,Lee,Sonya,Helms,Mohamad
Helms,Bridgett,Sega,Amari,Helms,Tad
Helms,Santana,Lee,Sonya,Helms,Mohamad
Helms,Jillian,Sega,Amari,Helms,Tad
Helms,Nickolas,Lee,Sonya,Helms,Mohamad
Helms,Maranda,Stewart,Lexi,Helms,Jajuan
Helms,Izaiah,Lee,Sonya,Helms,Mohamad
Helms,Tayla,Stewart,Lexi,Helms,Jajuan
Helms,Dashane,Lee,Sonya,Helms,Mohamad
Helms,Haylie,Stewart,Lexi,Helms,Jajuan
Helms,Forrest,Lee,Sonya,Helms,Mohamad
Helms,Clarissa,Stewart,Lexi,Helms,Jajuan
Helms,Deangelo,Lee,Sonya,Helms,Mohamad
Helms,Susana,Stewart,Lexi,Helms,Jajuan
Helms,Trevin,Lee,Sonya,Helms,Mohamad
Helms,Jasmin,Stewart,Lexi,Helms,Jajuan
Helms,Demarcus,Lee,Sonya,Helms,Mohamad
Helms,Debora,Stewart,Lexi,Helms,Jajuan
Helms,Habram,Lee,Mindi,Helms,Julio
Helms,Mireya,Stewart,Lexi,Helms,Jajuan
Helms,Jawaun,Lee,Mindi,Helms,Julio
Helms,Kaytlyn,Stewart,Lexi,Helms,Jajuan
Helms,Trace,Lee,Mindi,Helms,Julio
Sega,Mattie,Stewart,Sky,Sega,Maximillia
Helms,Harold,Lee,Mindi,Helms,Julio
Stewart,Malika,Llewellyn,Chantelle,Stewart,Walker
Helms,Levi,Lee,Mindi,Helms,Julio
Stewart,Mckinzie,Llewellyn,Chantelle,Stewart,Walker
Helms,Markus,Lee,Mindi,Helms,Julio
Stewart,Candy,Llewellyn,Chantelle,Stewart,Walker
Helms,Jakob,Lee,Mindi,Helms,Julio
Stewart,Genesis,Llewellyn,Chantelle,Stewart,Walker
Helms,Henry,Lee,Chaya,Helms,Erin
Stewart,Jenny,Llewellyn,Chantelle,Stewart,Walker
Helms,Alberto,Lee,Chaya,Helms,Erin
Stewart,Sally,Llewellyn,Chantelle,Stewart,Walker
Helms,Jonathan,Lee,Chaya,Helms,Erin
Stewart,Kiesha,Llewellyn,Chantelle,Stewart,Walker
Helms,Cruz,Lee,Chaya,Helms,Erin
Stewart,Gilda,Llewellyn,Chantelle,Stewart,Walker
Helms,Ethan,Lee,Chaya,Helms,Erin
Stewart,Maura,Llewellyn,Chantelle,Stewart,Walker
Helms,Eric,Lee,Chaya,Helms,Erin
Stewart,Ashly,Llewellyn,Janie,Stewart,Jose
Helms,Marco,Sega,Lexy,Helms,Jeremiah
Stewart,Jayla,Llewellyn,Janie,Stewart,Jose
Helms,Austin,Sega,Lexy,Helms,Jeremiah
Stewart,Linnea,Llewellyn,Janie,Stewart,Jose
Helms,Keith,Sega,Lexy,Helms,Jeremiah
Stewart,Kailey,Llewellyn,Janie,Stewart,Jose
Helms,Camden,Sega,Lexy,Helms,Jeremiah
Stewart,Lesly,Llewellyn,Janie,Stewart,Jose
Helms,Dreshaun,Sega,Lexy,Helms,Jeremiah
Stewart,Bailee,Llewellyn,Janie,Stewart,Jose
Helms,Lukas,Sega,Lexy,Helms,Jeremiah
Stewart,Karley,Llewellyn,Janie,Stewart,Jose
Helms,Osvaldo,Sega,Lexy,Helms,Jeremiah
Stewart,Angle,Llewellyn,Janie,Stewart,Jose
Helms,Braydon,Sega,Trisha,Helms,Frank
Stewart,Maria,Llewellyn,Janie,Stewart,Jose
Helms,Demetrius,Sega,Trisha,Helms,Frank
Stewart,Lakendra,Llewellyn,Janie,Stewart,Jose
Helms,Bradly,Sega,Trisha,Helms,Frank
Stewart,Morgan,Llewellyn,Janie,Stewart,Jose
Helms,Keon,Sega,Trisha,Helms,Frank
Stewart,Tynia,Llewellyn,Mercedes,Stewart,Zev
Helms,Wanya,Sega,Trisha,Helms,Frank
Stewart,Genevieve,Llewellyn,Mercedes,Stewart,Zev
Helms,Britt,Sega,Trisha,Helms,Frank
Stewart,Ravin,Llewellyn,Mercedes,Stewart,Zev
Helms,Dennis,Sega,Trisha,Helms,Frank
Stewart,Brook,Llewellyn,Mercedes,Stewart,Zev
Helms,Addison,Sega,Trisha,Helms,Frank
Stewart,Aundrea,Llewellyn,Mercedes,Stewart,Zev
Helms,Neil,Sega,Trisha,Helms,Frank
Stewart,Miriam,Llewellyn,Dylan,Stewart,Dallin
Helms,Cristobal,Sega,Trisha,Helms,Frank
Stewart,Alaina,Llewellyn,Dylan,Stewart,Dallin
Helms,Jeremy,Sega,Amari,Helms,Tad
Stewart,Patience,Llewellyn,Dylan,Stewart,Dallin
Helms,Kurtis,Sega,Amari,Helms,Tad
Stewart,Wendy,Llewellyn,Caitlyn,Stewart,Fredrick
Helms,Irvin,Sega,Amari,Helms,Tad
Stewart,Cara,Llewellyn,Caitlyn,Stewart,Fredrick
Helms,Devonte,Sega,Amari,Helms,Tad
Stewart,Ariel,Llewellyn,Caitlyn,Stewart,Fredrick
Helms,Patrick,Sega,Amari,Helms,Tad
Stewart,Jhane,Llewellyn,Caitlyn,Stewart,Fredrick
Helms,Tomas,Sega,Amari,Helms,Tad
Stewart,Jaime,Llewellyn,Caitlyn,Stewart,Fredrick
Helms,Brennen,Sega,Amari,Helms,Tad
Stewart,Jaclyn,Llewellyn,Caitlyn,Stewart,Fredrick
Helms,Yvan,Sega,Amari,Helms,Tad
Stewart,Bridget,Llewellyn,Caitlyn,Stewart,Fredrick
Helms,Mohammad,Sega,Amari,Helms,Tad
Stewart,Trinity,Llewellyn,Caitlyn,Stewart,Fredrick
Helms,Devonta,Stewart,Lexi,Helms,Jajuan
Stewart,Shuntara,Llewellyn,Caitlyn,Stewart,Fredrick
Helms,Jalil,Stewart,Lexi,Helms,Jajuan
Stewart,Alani,Llewellyn,Caitlyn,Stewart,Fredrick
Helms,Cristopher,Stewart,Lexi,Helms,Jajuan
Stewart,Erica,Llewellyn,Caitlyn,Stewart,Fredrick
Helms,Markell,Stewart,Lexi,Helms,Jajuan
Stewart,Michelle,Llewellyn,Maisie,Stewart,Ashton
Helms,Brenton,Stewart,Lexi,Helms,Jajuan
Stewart,Angelica,Llewellyn,Malinda,Stewart,Joe
Helms,Jeremey,Stewart,Lexi,Helms,Jajuan
Stewart,Makenzie,Llewellyn,Malinda,Stewart,Joe
Helms,Truman,Stewart,Lexi,Helms,Jajuan
Stewart,Julianne,Llewellyn,Malinda,Stewart,Joe
Helms,Chance,Stewart,Lexi,Helms,Jajuan
Stewart,Aliyah,Llewellyn,Malinda,Stewart,Joe
Helms,Glenn,Stewart,Lexi,Helms,Jajuan
Stewart,Janelle,Llewellyn,Malinda,Stewart,Joe
Sega,Dangelo,Stewart,Sky,Sega,Maximillia
Stewart,Leann,Llewellyn,Malinda,Stewart,Joe
Sega,Josiah,Stewart,Sky,Sega,Maximillia
Stewart,Karishma,Llewellyn,Malinda,Stewart,Joe
Sega,Jajuan,Stewart,Sky,Sega,Maximillia
Stewart,Arlene,Llewellyn,Malinda,Stewart,Joe
Sega,Vicente,Stewart,Sky,Sega,Maximillia
Stewart,Christian,Llewellyn,Malinda,Stewart,Joe
Sega,Edgar,Stewart,Sky,Sega,Maximillia
Stewart,Abigayle,Llewellyn,Malinda,Stewart,Joe
Sega,Craig,Stewart,Sky,Sega,Maximillia
Stewart,Tianna,Llewellyn,Malinda,Stewart,Joe
Stewart,Dominique,Llewellyn,Chantelle,Stewart,Walker
Stewart,Hayley,Llewellyn,Maren,Stewart,Claudio
Stewart,Jairo,Llewellyn,Chantelle,Stewart,Walker
Stewart,Mia,Llewellyn,Maren,Stewart,Claudio
Stewart,Mitchel,Llewellyn,Chantelle,Stewart,Walker
Stewart,Zaria,Llewellyn,Maren,Stewart,Claudio
Stewart,Benjamin,Llewellyn,Chantelle,Stewart,Walker
Stewart,Karina,Llewellyn,Maren,Stewart,Claudio
Stewart,Quintin,Llewellyn,Janie,Stewart,Jose
Stewart,Marlena,Llewellyn,Maren,Stewart,Claudio
Stewart,Quinton,Llewellyn,Janie,Stewart,Jose
Stewart,Cassidy,Llewellyn,Maren,Stewart,Claudio
Stewart,Keon,Llewellyn,Janie,Stewart,Jose
Stewart,Shanique,Llewellyn,Maren,Stewart,Claudio
Stewart,Leonel,Llewellyn,Janie,Stewart,Jose
Stewart,Jennah,Llewellyn,Maren,Stewart,Claudio
Stewart,Bradley,Llewellyn,Janie,Stewart,Jose
Stewart,Sarah,Llewellyn,Maren,Stewart,Claudio
Stewart,Adonis,Llewellyn,Mercedes,Stewart,Zev
Stewart,Nicole,Llewellyn,Maren,Stewart,Claudio
Stewart,Zane,Llewellyn,Mercedes,Stewart,Zev
Stewart,Catalina,Llewellyn,Maren,Stewart,Claudio
Stewart,Simon,Llewellyn,Mercedes,Stewart,Zev
Llewellyn,Reagan,Stewart,Audrey,Llewellyn,Raekwon
Stewart,Jeff,Llewellyn,Mercedes,Stewart,Zev
Llewellyn,Anneliese,Stewart,Audrey,Llewellyn,Raekwon
Stewart,Darrius,Llewellyn,Mercedes,Stewart,Zev
Llewellyn,Delaney,Stewart,Audrey,Llewellyn,Raekwon
Stewart,Brandon,Llewellyn,Mercedes,Stewart,Zev
Llewellyn,Jenniffer,Stewart,Destiny,Llewellyn,Kory
Stewart,Trevon,Llewellyn,Mercedes,Stewart,Zev
Llewellyn,Mia,Stewart,Destiny,Llewellyn,Kory
Stewart,Devyn,Llewellyn,Mercedes,Stewart,Zev
Llewellyn,Amelia,Stewart,Destiny,Llewellyn,Kory
Stewart,Jacques,Llewellyn,Dylan,Stewart,Dallin
Llewellyn,Ruth,Stewart,Destiny,Llewellyn,Kory
Stewart,Justyn,Llewellyn,Caitlyn,Stewart,Fredrick
Llewellyn,Shea,Stewart,Destiny,Llewellyn,Kory
Stewart,Troy,Llewellyn,Caitlyn,Stewart,Fredrick
Llewellyn,Abbey,Stewart,Destiny,Llewellyn,Kory
Stewart,San,Llewellyn,Caitlyn,Stewart,Fredrick
Llewellyn,Kaylyn,Stewart,Destiny,Llewellyn,Kory
Stewart,Clayton,Llewellyn,Caitlyn,Stewart,Fredrick
Llewellyn,Angelika,Stewart,Colleen,Llewellyn,Zaire
Stewart,Mason,Llewellyn,Caitlyn,Stewart,Fredrick
Llewellyn,Heather,Stewart,Colleen,Llewellyn,Zaire
Stewart,Conrad,Llewellyn,Caitlyn,Stewart,Fredrick
Llewellyn,Mckinzie,Stewart,Colleen,Llewellyn,Zaire
Stewart,James,Llewellyn,Maisie,Stewart,Ashton
Llewellyn,Abigayle,Stewart,Colleen,Llewellyn,Zaire
Stewart,Dylan,Llewellyn,Maisie,Stewart,Ashton
Llewellyn,Bridgette,Stewart,Colleen,Llewellyn,Zaire
Stewart,Andre,Llewellyn,Maisie,Stewart,Ashton
Llewellyn,Dixie,Stewart,Colleen,Llewellyn,Zaire
Stewart,Lloyd,Llewellyn,Malinda,Stewart,Joe
Llewellyn,Milena,Stewart,Colleen,Llewellyn,Zaire
Stewart,Stephanie,Llewellyn,Malinda,Stewart,Joe
Llewellyn,Estefania,Stewart,Colleen,Llewellyn,Zaire
Stewart,Forrest,Llewellyn,Malinda,Stewart,Joe
Llewellyn,Tiyanna,Stewart,Kaydee,Llewellyn,Esteban
Stewart,Levi,Llewellyn,Malinda,Stewart,Joe
Llewellyn,Kacie,Stewart,Kaydee,Llewellyn,Esteban
Stewart,Samuel,Llewellyn,Malinda,Stewart,Joe
Llewellyn,Desaree,Stewart,Kaydee,Llewellyn,Esteban
Stewart,Drew,Llewellyn,Malinda,Stewart,Joe
Llewellyn,Mikyla,Stewart,Kaydee,Llewellyn,Esteban
Stewart,Jay,Llewellyn,Malinda,Stewart,Joe
Llewellyn,Charlene,Stewart,Kaydee,Llewellyn,Esteban
Stewart,Andres,Llewellyn,Malinda,Stewart,Joe
Llewellyn,Anja,Stewart,Kaydee,Llewellyn,Esteban
Stewart,Tre,Llewellyn,Malinda,Stewart,Joe
Llewellyn,Marissa,Stewart,Kaydee,Llewellyn,Esteban
Stewart,Esau,Llewellyn,Maren,Stewart,Claudio
Llewellyn,Austin,Stewart,Jasmin,Llewellyn,Montana
Stewart,Walter,Llewellyn,Maren,Stewart,Claudio
Llewellyn,Dasia,Stewart,Jasmin,Llewellyn,Montana
Stewart,Brodie,Llewellyn,Maren,Stewart,Claudio
Llewellyn,Sneha,Stewart,Jasmin,Llewellyn,Montana
Stewart,Jean,Llewellyn,Maren,Stewart,Claudio
Llewellyn,Keyondra,Stewart,Jasmin,Llewellyn,Montana
Stewart,Malcolm,Llewellyn,Maren,Stewart,Claudio
Llewellyn,Kallee,Stewart,Jasmin,Llewellyn,Montana
Stewart,Tyrell,Llewellyn,Maren,Stewart,Claudio
Llewellyn,Pamela,Stewart,Jasmin,Llewellyn,Montana
Stewart,Jonah,Llewellyn,Maren,Stewart,Claudio
Llewellyn,Jewel,Stewart,Kealani,Llewellyn,Barrett
Stewart,Bill,Llewellyn,Maren,Stewart,Claudio
Llewellyn,Shakira,Stewart,Kealani,Llewellyn,Barrett
Llewellyn,Enrique,Stewart,Audrey,Llewellyn,Raekwon
Llewellyn,Laken,Stewart,Kealani,Llewellyn,Barrett
Llewellyn,Dequan,Stewart,Audrey,Llewellyn,Raekwon
Llewellyn,Astrid,Stewart,Kealani,Llewellyn,Barrett
Llewellyn,Clinton,Stewart,Audrey,Llewellyn,Raekwon
Llewellyn,Justina,Stewart,Kealani,Llewellyn,Barrett
Llewellyn,Brenton,Stewart,Audrey,Llewellyn,Raekwon
Llewellyn,Yaritza,Stewart,Kealani,Llewellyn,Barrett
Llewellyn,Jackson,Stewart,Audrey,Llewellyn,Raekwon
Llewellyn,Laurel,Stewart,Kealani,Llewellyn,Barrett
Llewellyn,Matthew,Stewart,Audrey,Llewellyn,Raekwon
Llewellyn,Kaytlyn,Stewart,Kealani,Llewellyn,Barrett
Llewellyn,Addison,Stewart,Audrey,Llewellyn,Raekwon
Creighton,Marivel,Stewart,Reyanna,Creighton,Devyn
Llewellyn,Dimitri,Stewart,Audrey,Llewellyn,Raekwon
Creighton,Destany,Stewart,Reyanna,Creighton,Devyn
Llewellyn,Humberto,Stewart,Destiny,Llewellyn,Kory
Creighton,Brittani,Stewart,Reyanna,Creighton,Devyn
Llewellyn,Randy,Stewart,Destiny,Llewellyn,Kory
Creighton,Kathryn,Stewart,Reyanna,Creighton,Devyn
Llewellyn,Conrad,Stewart,Destiny,Llewellyn,Kory
Creighton,Kamri,Stewart,Beatriz,Creighton,Colby
Llewellyn,Toby,Stewart,Destiny,Llewellyn,Kory
Creighton,Sheri,Stewart,Beatriz,Creighton,Colby
Llewellyn,Chadwick,Stewart,Colleen,Llewellyn,Zaire
Creighton,Jhane,Stewart,Beatriz,Creighton,Colby
Llewellyn,Travon,Stewart,Colleen,Llewellyn,Zaire
Creighton,Chardonnay,Stewart,Beatriz,Creighton,Colby
Llewellyn,Braxton,Stewart,Colleen,Llewellyn,Zaire
Creighton,Giuliana,Stewart,Beatriz,Creighton,Colby
Llewellyn,Arjun,Stewart,Colleen,Llewellyn,Zaire
Creighton,Alexandria,Stewart,Beatriz,Creighton,Colby
Llewellyn,Lars,Stewart,Colleen,Llewellyn,Zaire
Creighton,Symphony,Stewart,Julissa,Creighton,Caden
Llewellyn,Everett,Stewart,Colleen,Llewellyn,Zaire
Creighton,Callie,Stewart,Julissa,Creighton,Caden
Llewellyn,Daron,Stewart,Colleen,Llewellyn,Zaire
Creighton,Elissa,Bluford,Stephany,Creighton,Rogelio
Llewellyn,Deshaun,Stewart,Colleen,Llewellyn,Zaire
Creighton,Jalen,Bluford,Stephany,Creighton,Rogelio
Llewellyn,Glenn,Stewart,Kaydee,Llewellyn,Esteban
Bluford,Marianne,Creighton,Rikki,Bluford,Deangelo
Llewellyn,Rodolfo,Stewart,Kaydee,Llewellyn,Esteban
Bluford,Elena,Creighton,Kendyl,Bluford,Colbey
Llewellyn,Gregory,Stewart,Kaydee,Llewellyn,Esteban
Bluford,Sabrina,Creighton,Kendyl,Bluford,Colbey
Llewellyn,Dyllon,Stewart,Kaydee,Llewellyn,Esteban
Bluford,Kerri,Creighton,Kendyl,Bluford,Colbey
Llewellyn,Ryan,Stewart,Kaydee,Llewellyn,Esteban
Bluford,Kierra,Creighton,Fabiola,Bluford,Rhett
Llewellyn,Javon,Stewart,Kaydee,Llewellyn,Esteban
Bluford,Kyle,Creighton,Fabiola,Bluford,Rhett
Llewellyn,Frank,Stewart,Kaydee,Llewellyn,Esteban
Bluford,Holli,Creighton,Fabiola,Bluford,Rhett
Llewellyn,Brenden,Stewart,Kaydee,Llewellyn,Esteban
Bluford,Sapphire,Creighton,Fabiola,Bluford,Rhett
Llewellyn,Jarrod,Stewart,Kaydee,Llewellyn,Esteban
Bluford,Kali,Creighton,Janessa,Bluford,Jovon
Llewellyn,Benito,Stewart,Kaydee,Llewellyn,Esteban
Bluford,Catherine,Creighton,Janessa,Bluford,Jovon
Llewellyn,Dan,Stewart,Kaydee,Llewellyn,Esteban
Bluford,Aleisha,Creighton,Janessa,Bluford,Jovon
Llewellyn,Jordin,Stewart,Jasmin,Llewellyn,Montana
Bluford,Colleen,Creighton,Janessa,Bluford,Jovon
Llewellyn,Orion,Stewart,Jasmin,Llewellyn,Montana
Bluford,Marivel,Creighton,Janessa,Bluford,Jovon
Llewellyn,Brannon,Stewart,Jasmin,Llewellyn,Montana
Bluford,Carley,Creighton,Janessa,Bluford,Jovon
Llewellyn,Philip,Stewart,Kealani,Llewellyn,Barrett
Bluford,Ellen,Creighton,Janessa,Bluford,Jovon
Llewellyn,Anfernee,Stewart,Kealani,Llewellyn,Barrett
Bluford,Allie,Creighton,Casie,Bluford,Sawyer
Llewellyn,Daxton,Stewart,Kealani,Llewellyn,Barrett
Bluford,Skyler,Creighton,Casie,Bluford,Sawyer
Llewellyn,Kerrick,Stewart,Kealani,Llewellyn,Barrett
Bluford,Odalys,Creighton,Casie,Bluford,Sawyer
Llewellyn,Collin,Stewart,Kealani,Llewellyn,Barrett
Bluford,Shana,Creighton,Casie,Bluford,Sawyer
Llewellyn,Micheal,Stewart,Kealani,Llewellyn,Barrett
Bluford,Breanna,Creighton,Casie,Bluford,Sawyer
Llewellyn,Trey,Stewart,Kealani,Llewellyn,Barrett
Bluford,Tiani,Creighton,Beverly,Bluford,Tucker
Llewellyn,Braydon,Stewart,Kealani,Llewellyn,Barrett
Bluford,Casie,Creighton,Beverly,Bluford,Tucker
Llewellyn,Anton,Stewart,Kealani,Llewellyn,Barrett
Bluford,Dulce,Creighton,Beverly,Bluford,Tucker
Llewellyn,Tarik,Stewart,Kealani,Llewellyn,Barrett
Bluford,Lyndsey,Creighton,Beverly,Bluford,Tucker
Llewellyn,Mathew,Stewart,Kealani,Llewellyn,Barrett
Bluford,Ixchel,Creighton,Beverly,Bluford,Tucker
Llewellyn,Andy,Stewart,Kealani,Llewellyn,Barrett
Bluford,Malia,Creighton,Beverly,Bluford,Tucker
Creighton,Valentine,Stewart,Reyanna,Creighton,Devyn
McCool,Alexia,Creighton,Eva,McCool,Austyn
Creighton,Jayden,Stewart,Reyanna,Creighton,Devyn
McCool,Lara,Creighton,Eva,McCool,Austyn
Creighton,Tristan,Stewart,Beatriz,Creighton,Colby
McCool,Siobhan,Creighton,Eva,McCool,Austyn
Creighton,Myles,Stewart,Beatriz,Creighton,Colby
McCool,Anita,Bluford,Cherie,McCool,Jaron
Creighton,Wilmer,Stewart,Beatriz,Creighton,Colby
McCool,Kyla,Bluford,Cherie,McCool,Jaron
Creighton,Tony,Stewart,Beatriz,Creighton,Colby
McCool,Keila,Bluford,Cherie,McCool,Jaron
Creighton,Habram,Stewart,Beatriz,Creighton,Colby
McCool,Joi,Bluford,Cherie,McCool,Jaron
Creighton,Kaden,Stewart,Beatriz,Creighton,Colby
McCool,Flor,Bluford,Cherie,McCool,Jaron
Creighton,Andreas,Stewart,Beatriz,Creighton,Colby
McCool,Trisha,Bluford,Cherie,McCool,Jaron
Creighton,Menachem,Stewart,Beatriz,Creighton,Colby
McCool,Gabrielle,Bluford,Cherie,McCool,Jaron
Creighton,German,Stewart,Beatriz,Creighton,Colby
McCool,Imani,Bluford,Cherie,McCool,Jaron
Creighton,Kody,Stewart,Beatriz,Creighton,Colby
McCool,Mercedes,Bluford,Cherie,McCool,Jaron
Creighton,Javon,Stewart,Julissa,Creighton,Caden
McCool,Kristie,Bluford,Cherie,McCool,Jaron
Creighton,Justin,Stewart,Julissa,Creighton,Caden
McCool,Niki,Bluford,Cherie,McCool,Jaron
Creighton,Jan,Stewart,Julissa,Creighton,Caden
McCool,Jayda,Bluford,Cherie,McCool,Jaron
Creighton,Sean,Bluford,Stephany,Creighton,Rogelio
Reisman,Emmalee,Bluford,Alexia,Reisman,Tanner
Creighton,Tyrone,Bluford,Stephany,Creighton,Rogelio
Reisman,Robin,Bluford,Alexia,Reisman,Tanner
Bluford,Dreshaun,Creighton,Rikki,Bluford,Deangelo
Reisman,Paige,Bluford,Alexia,Reisman,Tanner
Bluford,Casey,Creighton,Rikki,Bluford,Deangelo
Reisman,Tasha,Bluford,Alexia,Reisman,Tanner
Bluford,Allan,Creighton,Rikki,Bluford,Deangelo
Reisman,Kaylie,Bluford,Alexia,Reisman,Tanner
Bluford,Adrian,Creighton,Rikki,Bluford,Deangelo
Reisman,Maggie,Bluford,Alexia,Reisman,Tanner
Bluford,Esteban,Creighton,Kendyl,Bluford,Colbey
Reisman,Selena,Bluford,Alexia,Reisman,Tanner
Bluford,Wade,Creighton,Kendyl,Bluford,Colbey
Reisman,Brooklyn,Bluford,Alexia,Reisman,Tanner
Bluford,Deric,Creighton,Fabiola,Bluford,Rhett
Reisman,Dorothy,Bluford,Alexia,Reisman,Tanner
Bluford,Arian,Creighton,Fabiola,Bluford,Rhett
Reisman,Mykayla,Bluford,Alexia,Reisman,Tanner
Bluford,Ravon,Creighton,Fabiola,Bluford,Rhett
Reisman,Kennedy,Bluford,Alexia,Reisman,Tanner
Bluford,Rodney,Creighton,Janessa,Bluford,Jovon
Reisman,Chelsy,Bluford,Alexia,Reisman,Tanner
Bluford,Brenden,Creighton,Janessa,Bluford,Jovon
Reisman,Evangelina,Bluford,Alexia,Reisman,Tanner
Bluford,Augustus,Creighton,Janessa,Bluford,Jovon
Reisman,Emiley,Bluford,Alexia,Reisman,Tanner
Bluford,Vinh,Creighton,Janessa,Bluford,Jovon
Reisman,Frances,Bluford,Alexia,Reisman,Tanner
Bluford,Troy,Creighton,Janessa,Bluford,Jovon
Reisman,Marisa,Bluford,Alexia,Reisman,Tanner
Bluford,Geordan,Creighton,Janessa,Bluford,Jovon
Reisman,Yvonne,Bluford,Alexia,Reisman,Tanner
Bluford,Koby,Creighton,Janessa,Bluford,Jovon
Reisman,Tiyanna,Bluford,Alexia,Reisman,Tanner
Bluford,Gunnar,Creighton,Janessa,Bluford,Jovon
Reisman,Raquel,Bluford,Alexia,Reisman,Tanner
Bluford,Colton,Creighton,Casie,Bluford,Sawyer
Reisman,Dayana,Bluford,Alexia,Reisman,Tanner
Bluford,Erin,Creighton,Casie,Bluford,Sawyer
Reisman,Jordan,McCool,Iridian,Reisman,Philip
Bluford,Josue,Creighton,Casie,Bluford,Sawyer
Reisman,Sandy,McCool,Iridian,Reisman,Philip
Bluford,Douglas,Creighton,Casie,Bluford,Sawyer
Reisman,Jillian,McCool,Iridian,Reisman,Philip
Bluford,Isaac,Creighton,Casie,Bluford,Sawyer
Reisman,Alexandra,McCool,Iridian,Reisman,Philip
Bluford,Austyn,Creighton,Casie,Bluford,Sawyer
Reisman,Kendra,McCool,Iridian,Reisman,Philip
Bluford,William,Creighton,Beverly,Bluford,Tucker
Reisman,Viviana,McCool,Iridian,Reisman,Philip
Bluford,Ryan,Creighton,Beverly,Bluford,Tucker
Reisman,Judy,McCool,Iridian,Reisman,Philip
Bluford,Jeremy,Creighton,Beverly,Bluford,Tucker
Reisman,Zandria,McCool,Iridian,Reisman,Philip
Bluford,Taquan,Creighton,Beverly,Bluford,Tucker
Reisman,Leandra,McCool,Iridian,Reisman,Philip
McCool,Elias,Creighton,Eva,McCool,Austyn
Reisman,Celena,Grout,Antoinette,Reisman,Derek
McCool,Guillermo,Bluford,Cherie,McCool,Jaron
Reisman,Kylee,Grout,Antoinette,Reisman,Derek
McCool,Conor,Bluford,Cherie,McCool,Jaron
Reisman,Nathaly,Grout,Antoinette,Reisman,Derek
