Patrick,Kamau,Brand,Bryana,Patrick,Frederick
McBride,Abigail,Grinch,Itzel,McBride,Kai
Garfield,Quincy,Bluford,Jenna,Garfield,Heriberto
Bursch,Natalya,Harrison,Kelsee,Bursch,Jairus
Low,Jordon,Shaw,Breonna,Low,Deric
Coolidge,Daja,Massimino,Odalys,Coolidge,Jessie
Michel,Alfonso,Grabe,Sandra,Michel,Larry
Magnus,Deyaneira,Hoover,Aylin,Magnus,Charlie
Harding,Anders,Tyler,Sasha,Harding,Tracy
Jernigan,Trinity,Burbank,Kaleigh,Jernigan,Levi
Newman,Spencer,Resnik,Clara,Newman,Sergio
Adams,Helen,Smith,Karena,Adams,Abdiel
Patrick,Garrick,Linenger,Anastasia,Patrick,Patric
Grabe,Chasity,Daniels,Rayna,Grabe,Cyrus
Godwin,Kerry,Spring,Natasha,Godwin,Ethan
Bluford,Shae,England,Kelsee,Bluford,Zackary
Griggs,Mohamed,Evans,Callie,Griggs,Ezra
Patrick,Helena,McBride,Abigail,Patrick,Kamau
Cox,Jessie,Pffaff,Taryn,Cox,Ruben
Patrick,Mykayla,McBride,Abigail,Patrick,Kamau
Jackson,Frankie,Carey,Alycia,Jackson,Sheldon
Patrick,Shari,McBride,Abigail,Patrick,Kamau
Thomas,Bryant,Fabian,Jacklyn,Thomas,Tristin
Patrick,Patience,McBride,Abigail,Patrick,Kamau
Hayes,Jasper,Searfoss,Johana,Hayes,Rand
Patrick,Johana,McBride,Abigail,Patrick,Kamau
Whitson,Chance,Loria,Elaina,Whitson,Deion
Patrick,Gina,McBride,Abigail,Patrick,Kamau
McCandless,Avery,Hayes,Hayley,McCandless,Lars
Patrick,Haylee,McBride,Abigail,Patrick,Kamau
McKinley,Ricardo,Parker,Raquel,McKinley,Trenton
Garfield,Shelley,Bursch,Natalya,Garfield,Quincy
Wilcutt,Brayden,Glenn,Jazmyne,Wilcutt,Colin
Garfield,Austin,Bursch,Natalya,Garfield,Quincy
Loria,Hakeem,Harris,Jazmon,Loria,Justice
Garfield,Baily,Bursch,Natalya,Garfield,Quincy
Fossum,Errol,Buchanan,Cassidy,Fossum,Yuri
Garfield,Minnie,Bursch,Natalya,Garfield,Quincy
Runco,Trent,Reilly,Maison,Runco,Gunnar
Garfield,Lisa,Bursch,Natalya,Garfield,Quincy
Smith,Trey,Curbeam,Elise,Smith,Dean
Garfield,Tatum,Bursch,Natalya,Garfield,Quincy
Henricks,Damon,Melnick,Diamond,Henricks,Barry
Garfield,Jhane,Bursch,Natalya,Garfield,Quincy
Patrick,Yvan,McBride,Abigail,Patrick,Kamau
Garfield,Alison,Bursch,Natalya,Garfield,Quincy
Patrick,Javon,McBride,Abigail,Patrick,Kamau
Garfield,Gabrielle,Bursch,Natalya,Garfield,Quincy
Garfield,Daequan,Bursch,Natalya,Garfield,Quincy
Garfield,Berenice,Bursch,Natalya,Garfield,Quincy
Garfield,Shane,Bursch,Natalya,Garfield,Quincy
Low,Elisabeth,Coolidge,Daja,Low,Jordon
Garfield,Javen,Bursch,Natalya,Garfield,Quincy
Low,Destiney,Coolidge,Daja,Low,Jordon
Garfield,Clay,Bursch,Natalya,Garfield,Quincy
Michel,Arianna,Magnus,Deyaneira,Michel,Alfonso
Garfield,Brad,Bursch,Natalya,Garfield,Quincy
Michel,Makaila,Magnus,Deyaneira,Michel,Alfonso
Garfield,Quinton,Bursch,Natalya,Garfield,Quincy
Michel,Kayleen,Magnus,Deyaneira,Michel,Alfonso
Low,Gordon,Coolidge,Daja,Low,Jordon
Michel,Devany,Magnus,Deyaneira,Michel,Alfonso
Low,Conner,Coolidge,Daja,Low,Jordon
Michel,Felisha,Magnus,Deyaneira,Michel,Alfonso
Low,Francis,Coolidge,Daja,Low,Jordon
Michel,Diana,Magnus,Deyaneira,Michel,Alfonso
Low,Wilfredo,Coolidge,Daja,Low,Jordon
Harding,Arlene,Jernigan,Trinity,Harding,Anders
Michel,Rakeem,Magnus,Deyaneira,Michel,Alfonso
Harding,Samara,Jernigan,Trinity,Harding,Anders
Michel,Dedrick,Magnus,Deyaneira,Michel,Alfonso
Harding,Breona,Jernigan,Trinity,Harding,Anders
Michel,Jair,Magnus,Deyaneira,Michel,Alfonso
Harding,Tasha,Jernigan,Trinity,Harding,Anders
Michel,Kenyon,Magnus,Deyaneira,Michel,Alfonso
Harding,Selena,Jernigan,Trinity,Harding,Anders
Michel,Freddy,Magnus,Deyaneira,Michel,Alfonso
Harding,Lilibeth,Jernigan,Trinity,Harding,Anders
Harding,Trace,Jernigan,Trinity,Harding,Anders
Harding,Julianna,Jernigan,Trinity,Harding,Anders
Harding,Samson,Jernigan,Trinity,Harding,Anders
Harding,Marisol,Jernigan,Trinity,Harding,Anders
Harding,Adonis,Jernigan,Trinity,Harding,Anders
Newman,Kelley,Adams,Helen,Newman,Spencer
Harding,Seth,Jernigan,Trinity,Harding,Anders
Patrick,Sabrina,Grabe,Chasity,Patrick,Garrick
Harding,Alek,Jernigan,Trinity,Harding,Anders
Patrick,Lily,Grabe,Chasity,Patrick,Garrick
Harding,Matthew,Jernigan,Trinity,Harding,Anders
Godwin,Adrianne,Bluford,Shae,Godwin,Kerry
Harding,Nestor,Jernigan,Trinity,Harding,Anders
Godwin,Lila,Bluford,Shae,Godwin,Kerry
Harding,Zachary,Jernigan,Trinity,Harding,Anders
Godwin,Kyra,Bluford,Shae,Godwin,Kerry
Harding,Darian,Jernigan,Trinity,Harding,Anders
Godwin,Lydia,Bluford,Shae,Godwin,Kerry
Newman,Wanya,Adams,Helen,Newman,Spencer
Godwin,Keiarra,Bluford,Shae,Godwin,Kerry
Newman,Hector,Adams,Helen,Newman,Spencer
Godwin,Susan,Bluford,Shae,Godwin,Kerry
Newman,Karl,Adams,Helen,Newman,Spencer
Godwin,Shakia,Bluford,Shae,Godwin,Kerry
Newman,Damon,Adams,Helen,Newman,Spencer
Griggs,Talia,Patrick,Helena,Griggs,Mohamed
Patrick,Israel,Grabe,Chasity,Patrick,Garrick
Griggs,Marcia,Patrick,Helena,Griggs,Mohamed
Patrick,Kendrick,Grabe,Chasity,Patrick,Garrick
Griggs,Janet,Patrick,Helena,Griggs,Mohamed
Patrick,Johnathon,Grabe,Chasity,Patrick,Garrick
Griggs,Anabel,Patrick,Helena,Griggs,Mohamed
Patrick,Trenton,Grabe,Chasity,Patrick,Garrick
Cox,Jazmon,Patrick,Mykayla,Cox,Jessie
Patrick,Devin,Grabe,Chasity,Patrick,Garrick
Jackson,Monika,Patrick,Shari,Jackson,Frankie
Godwin,Julius,Bluford,Shae,Godwin,Kerry
Jackson,Angelika,Patrick,Shari,Jackson,Frankie
Godwin,Mark,Bluford,Shae,Godwin,Kerry
Thomas,Kirsten,Patrick,Patience,Thomas,Bryant
Godwin,Kieran,Bluford,Shae,Godwin,Kerry
Thomas,Katarina,Patrick,Patience,Thomas,Bryant
Godwin,Dashane,Bluford,Shae,Godwin,Kerry
Thomas,Jenny,Patrick,Patience,Thomas,Bryant
Godwin,Dale,Bluford,Shae,Godwin,Kerry
Thomas,Geneva,Patrick,Patience,Thomas,Bryant
Godwin,Ashton,Bluford,Shae,Godwin,Kerry
Thomas,Kitana,Patrick,Patience,Thomas,Bryant
Godwin,Jonathan,Bluford,Shae,Godwin,Kerry
Thomas,Savannah,Patrick,Patience,Thomas,Bryant
Griggs,Gilbert,Patrick,Helena,Griggs,Mohamed
Hayes,Kacey,Patrick,Johana,Hayes,Jasper
Griggs,Jakob,Patrick,Helena,Griggs,Mohamed
Hayes,Savannah,Patrick,Johana,Hayes,Jasper
Griggs,Jaleel,Patrick,Helena,Griggs,Mohamed
Hayes,Charlene,Patrick,Johana,Hayes,Jasper
Cox,Rene,Patrick,Mykayla,Cox,Jessie
Hayes,Greer,Patrick,Johana,Hayes,Jasper
Cox,Theodore,Patrick,Mykayla,Cox,Jessie
Hayes,Ayanna,Patrick,Johana,Hayes,Jasper
Cox,Esteban,Patrick,Mykayla,Cox,Jessie
Whitson,Dena,Patrick,Gina,Whitson,Chance
Cox,Trae,Patrick,Mykayla,Cox,Jessie
Whitson,Deanna,Patrick,Gina,Whitson,Chance
Cox,Jawaun,Patrick,Mykayla,Cox,Jessie
Whitson,Josey,Patrick,Gina,Whitson,Chance
Cox,Saxon,Patrick,Mykayla,Cox,Jessie
Whitson,Aubrey,Patrick,Gina,Whitson,Chance
Jackson,Josiah,Patrick,Shari,Jackson,Frankie
Whitson,Molli,Patrick,Gina,Whitson,Chance
Thomas,Zakery,Patrick,Patience,Thomas,Bryant
Whitson,Allyson,Patrick,Gina,Whitson,Chance
Thomas,Campbell,Patrick,Patience,Thomas,Bryant
McCandless,Bertha,Patrick,Haylee,McCandless,Avery
Thomas,Angel,Patrick,Patience,Thomas,Bryant
McCandless,Asha,Patrick,Haylee,McCandless,Avery
Thomas,Payton,Patrick,Patience,Thomas,Bryant
McCandless,Kelley,Patrick,Haylee,McCandless,Avery
Thomas,Augustus,Patrick,Patience,Thomas,Bryant
McCandless,Rikki,Patrick,Haylee,McCandless,Avery
Thomas,Marcanthon,Patrick,Patience,Thomas,Bryant
McCandless,Nakia,Patrick,Haylee,McCandless,Avery
Thomas,Dallin,Patrick,Patience,Thomas,Bryant
McCandless,Lyndsey,Patrick,Haylee,McCandless,Avery
Hayes,Kenyon,Patrick,Johana,Hayes,Jasper
McCandless,Yessenia,Patrick,Haylee,McCandless,Avery
Hayes,Gregory,Patrick,Johana,Hayes,Jasper
McCandless,Haven,Patrick,Haylee,McCandless,Avery
Hayes,Keanu,Patrick,Johana,Hayes,Jasper
McCandless,Sonia,Patrick,Haylee,McCandless,Avery
Hayes,Demarcus,Patrick,Johana,Hayes,Jasper
McKinley,Destinee,Garfield,Shelley,McKinley,Ricardo
Whitson,Dominique,Patrick,Gina,Whitson,Chance
McKinley,Erika,Garfield,Shelley,McKinley,Ricardo
Whitson,Alec,Patrick,Gina,Whitson,Chance
McKinley,Johana,Garfield,Shelley,McKinley,Ricardo
Whitson,Arnold,Patrick,Gina,Whitson,Chance
McKinley,Lindsay,Garfield,Shelley,McKinley,Ricardo
Whitson,Myron,Patrick,Gina,Whitson,Chance
McKinley,Shelly,Garfield,Shelley,McKinley,Ricardo
Whitson,Jeffrey,Patrick,Gina,Whitson,Chance
McKinley,Allegra,Garfield,Shelley,McKinley,Ricardo
Whitson,Aspen,Patrick,Gina,Whitson,Chance
Wilcutt,Christian,Garfield,Austin,Wilcutt,Brayden
Whitson,Bobby,Patrick,Gina,Whitson,Chance
Wilcutt,Jena,Garfield,Austin,Wilcutt,Brayden
Whitson,Barry,Patrick,Gina,Whitson,Chance
Loria,Kamri,Garfield,Baily,Loria,Hakeem
Whitson,Edgar,Patrick,Gina,Whitson,Chance
Loria,Aisha,Garfield,Baily,Loria,Hakeem
Whitson,Van,Patrick,Gina,Whitson,Chance
Loria,Giselle,Garfield,Baily,Loria,Hakeem
McCandless,Ariel,Patrick,Haylee,McCandless,Avery
Loria,Summer,Garfield,Baily,Loria,Hakeem
McCandless,Orlando,Patrick,Haylee,McCandless,Avery
Loria,Trisha,Garfield,Baily,Loria,Hakeem
McCandless,Brannon,Patrick,Haylee,McCandless,Avery
Loria,Blaze,Garfield,Baily,Loria,Hakeem
McCandless,Diamond,Patrick,Haylee,McCandless,Avery
Loria,Suzanna,Garfield,Baily,Loria,Hakeem
McCandless,Conner,Patrick,Haylee,McCandless,Avery
Loria,Blaine,Garfield,Baily,Loria,Hakeem
McCandless,Seamus,Patrick,Haylee,McCandless,Avery
Loria,Alisia,Garfield,Baily,Loria,Hakeem
McCandless,Gustavo,Patrick,Haylee,McCandless,Avery
Loria,Mara,Garfield,Baily,Loria,Hakeem
McKinley,Keion,Garfield,Shelley,McKinley,Ricardo
Loria,Joyce,Garfield,Baily,Loria,Hakeem
McKinley,Jamar,Garfield,Shelley,McKinley,Ricardo
Fossum,Suleyma,Garfield,Minnie,Fossum,Errol
McKinley,Bennett,Garfield,Shelley,McKinley,Ricardo
Fossum,Rosalinda,Garfield,Minnie,Fossum,Errol
McKinley,Ernesto,Garfield,Shelley,McKinley,Ricardo
Fossum,Lyndsey,Garfield,Minnie,Fossum,Errol
Wilcutt,Clint,Garfield,Austin,Wilcutt,Brayden
Fossum,Catherine,Garfield,Minnie,Fossum,Errol
Wilcutt,Marquise,Garfield,Austin,Wilcutt,Brayden
Fossum,Katy,Garfield,Minnie,Fossum,Errol
Wilcutt,Abdul,Garfield,Austin,Wilcutt,Brayden
Fossum,Diamond,Garfield,Minnie,Fossum,Errol
Wilcutt,Henry,Garfield,Austin,Wilcutt,Brayden
Fossum,Deja,Garfield,Minnie,Fossum,Errol
Loria,Calib,Garfield,Baily,Loria,Hakeem
Fossum,Shakia,Garfield,Minnie,Fossum,Errol
Loria,Evan,Garfield,Baily,Loria,Hakeem
Fossum,Audrey,Garfield,Minnie,Fossum,Errol
Loria,Devyn,Garfield,Baily,Loria,Hakeem
Fossum,Felicia,Garfield,Minnie,Fossum,Errol
Loria,Ted,Garfield,Baily,Loria,Hakeem
Runco,Leeann,Garfield,Lisa,Runco,Trent
Fossum,Adonis,Garfield,Minnie,Fossum,Errol
Runco,Suzette,Garfield,Lisa,Runco,Trent
Fossum,Timothy,Garfield,Minnie,Fossum,Errol
Runco,Carrie,Garfield,Lisa,Runco,Trent
Fossum,Domonic,Garfield,Minnie,Fossum,Errol
Runco,Caitlin,Garfield,Lisa,Runco,Trent
Fossum,Issac,Garfield,Minnie,Fossum,Errol
Runco,Makenna,Garfield,Lisa,Runco,Trent
Fossum,Ayub,Garfield,Minnie,Fossum,Errol
Runco,Brittani,Garfield,Lisa,Runco,Trent
Fossum,Jay,Garfield,Minnie,Fossum,Errol
Runco,Rani,Garfield,Lisa,Runco,Trent
Fossum,Nickolas,Garfield,Minnie,Fossum,Errol
Runco,Yvonne,Garfield,Lisa,Runco,Trent
Fossum,Shmuel,Garfield,Minnie,Fossum,Errol
Runco,Harmony,Garfield,Lisa,Runco,Trent
Runco,Alejandro,Garfield,Lisa,Runco,Trent
Runco,Austin,Garfield,Lisa,Runco,Trent
Runco,Marcell,Garfield,Lisa,Runco,Trent
Smith,Nicolle,Garfield,Tatum,Smith,Trey
Runco,Keeton,Garfield,Lisa,Runco,Trent
Smith,Olga,Garfield,Tatum,Smith,Trey
Runco,Denzel,Garfield,Lisa,Runco,Trent
Henricks,Lindsey,Garfield,Jhane,Henricks,Damon
Runco,Justice,Garfield,Lisa,Runco,Trent
Henricks,Mollie,Garfield,Jhane,Henricks,Damon
Runco,Jaylan,Garfield,Lisa,Runco,Trent
Henricks,Miranda,Garfield,Jhane,Henricks,Damon
Runco,Westley,Garfield,Lisa,Runco,Trent
Patrick,Adriane,Garfield,Alison,Patrick,Yvan
Runco,Nick,Garfield,Lisa,Runco,Trent
Patrick,Marjorie,Garfield,Alison,Patrick,Yvan
Runco,Benny,Garfield,Lisa,Runco,Trent
Patrick,Carol,Garfield,Gabrielle,Patrick,Javon
Smith,Al,Garfield,Tatum,Smith,Trey
Patrick,Jean,Garfield,Gabrielle,Patrick,Javon
Smith,Raymond,Garfield,Tatum,Smith,Trey
Garfield,Whitney,Low,Elisabeth,Garfield,Daequan
Henricks,Julio,Garfield,Jhane,Henricks,Damon
Garfield,Anna,Low,Elisabeth,Garfield,Daequan
Patrick,Aaron,Garfield,Alison,Patrick,Yvan
Garfield,Mari,Low,Elisabeth,Garfield,Daequan
Patrick,Austyn,Garfield,Alison,Patrick,Yvan
Garfield,Porsha,Low,Elisabeth,Garfield,Daequan
Patrick,Patrick,Garfield,Alison,Patrick,Yvan
Garfield,Camila,Low,Elisabeth,Garfield,Daequan
Patrick,Avery,Garfield,Alison,Patrick,Yvan
Garfield,Jacquelin,Low,Elisabeth,Garfield,Daequan
Patrick,Yovani,Garfield,Gabrielle,Patrick,Javon
Garfield,Lily,Low,Destiney,Garfield,Shane
Patrick,Simeon,Garfield,Gabrielle,Patrick,Javon
Garfield,Harley,Low,Destiney,Garfield,Shane
Patrick,Gonzalo,Garfield,Gabrielle,Patrick,Javon
Garfield,Christy,Low,Destiney,Garfield,Shane
Patrick,Riley,Garfield,Gabrielle,Patrick,Javon
Garfield,Lexi,Low,Destiney,Garfield,Shane
Patrick,Kareem,Garfield,Gabrielle,Patrick,Javon
Garfield,Malia,Low,Destiney,Garfield,Shane
Patrick,Hashim,Garfield,Gabrielle,Patrick,Javon
Garfield,Hallie,Michel,Arianna,Garfield,Javen
Patrick,Brendan,Garfield,Gabrielle,Patrick,Javon
Garfield,Ayla,Michel,Arianna,Garfield,Javen
Patrick,Corey,Garfield,Gabrielle,Patrick,Javon
Garfield,Camilla,Michel,Arianna,Garfield,Javen
Garfield,Ezra,Low,Elisabeth,Garfield,Daequan
Garfield,Juliet,Michel,Arianna,Garfield,Javen
Garfield,Adan,Low,Elisabeth,Garfield,Daequan
Garfield,Keila,Michel,Makaila,Garfield,Clay
Garfield,Kameron,Low,Elisabeth,Garfield,Daequan
Garfield,Chanelle,Michel,Makaila,Garfield,Clay
Garfield,Douglas,Low,Elisabeth,Garfield,Daequan
Garfield,Aimee,Michel,Makaila,Garfield,Clay
Garfield,Brendan,Low,Elisabeth,Garfield,Daequan
Garfield,Tatianna,Michel,Makaila,Garfield,Clay
Garfield,Ezekiel,Low,Destiney,Garfield,Shane
Garfield,Debbie,Michel,Makaila,Garfield,Clay
Garfield,Roland,Low,Destiney,Garfield,Shane
Garfield,Kori,Michel,Makaila,Garfield,Clay
Garfield,Jared,Low,Destiney,Garfield,Shane
Garfield,Ashly,Michel,Makaila,Garfield,Clay
Garfield,Jerryd,Low,Destiney,Garfield,Shane
Garfield,Brandy,Michel,Kayleen,Garfield,Brad
Garfield,Brennen,Low,Destiney,Garfield,Shane
Garfield,Keyondra,Michel,Kayleen,Garfield,Brad
Garfield,Jaylan,Low,Destiney,Garfield,Shane
Garfield,Kelsi,Michel,Kayleen,Garfield,Brad
Garfield,Vincent,Michel,Arianna,Garfield,Javen
Garfield,Annabel,Michel,Kayleen,Garfield,Brad
Garfield,Ariel,Michel,Arianna,Garfield,Javen
Garfield,Gretchen,Michel,Devany,Garfield,Quinton
Garfield,Gerard,Michel,Arianna,Garfield,Javen
Garfield,Reyna,Michel,Devany,Garfield,Quinton
Garfield,Damian,Michel,Arianna,Garfield,Javen
Garfield,Marysol,Michel,Devany,Garfield,Quinton
Garfield,Devyn,Michel,Arianna,Garfield,Javen
Garfield,Karla,Michel,Devany,Garfield,Quinton
Garfield,Josie,Michel,Makaila,Garfield,Clay
Garfield,Moesha,Michel,Devany,Garfield,Quinton
Garfield,Kayle,Michel,Makaila,Garfield,Clay
Low,Ariana,Garfield,Berenice,Low,Gordon
Garfield,Leon,Michel,Makaila,Garfield,Clay
Low,Emmily,Michel,Felisha,Low,Conner
Garfield,Xavier,Michel,Makaila,Garfield,Clay
Low,Alysha,Michel,Felisha,Low,Conner
Garfield,Jameson,Michel,Kayleen,Garfield,Brad
Low,Ryann,Michel,Felisha,Low,Conner
Garfield,Bruce,Michel,Kayleen,Garfield,Brad
Low,Sean,Michel,Diana,Low,Francis
Garfield,Zev,Michel,Kayleen,Garfield,Brad
Low,Demi,Michel,Diana,Low,Francis
Garfield,Samuel,Michel,Kayleen,Garfield,Brad
Low,Danae,Michel,Diana,Low,Francis
Garfield,Terrance,Michel,Kayleen,Garfield,Brad
Low,Lyric,Michel,Diana,Low,Francis
Garfield,Micheal,Michel,Kayleen,Garfield,Brad
Low,Maeghan,Harding,Arlene,Low,Wilfredo
Garfield,Alvaro,Michel,Kayleen,Garfield,Brad
Low,Kelsee,Harding,Arlene,Low,Wilfredo
Garfield,Noel,Michel,Kayleen,Garfield,Brad
Low,Kaylynn,Harding,Arlene,Low,Wilfredo
Garfield,Adalberto,Michel,Kayleen,Garfield,Brad
Low,Lena,Harding,Arlene,Low,Wilfredo
Garfield,Nestor,Michel,Kayleen,Garfield,Brad
Low,Roslyn,Harding,Arlene,Low,Wilfredo
Garfield,Hiram,Michel,Devany,Garfield,Quinton
Low,Sneha,Harding,Arlene,Low,Wilfredo
Garfield,Bennett,Michel,Devany,Garfield,Quinton
Low,Mara,Harding,Arlene,Low,Wilfredo
Garfield,Cristopher,Michel,Devany,Garfield,Quinton
Low,Emiley,Harding,Arlene,Low,Wilfredo
Garfield,Misael,Michel,Devany,Garfield,Quinton
Low,Jade,Harding,Arlene,Low,Wilfredo
Low,Don,Garfield,Berenice,Low,Gordon
Low,Xandria,Harding,Arlene,Low,Wilfredo
Low,Claudio,Garfield,Berenice,Low,Gordon
Michel,Genesis,Harding,Samara,Michel,Rakeem
Low,Jeff,Michel,Felisha,Low,Conner
Michel,Annie,Harding,Samara,Michel,Rakeem
Low,Landen,Michel,Felisha,Low,Conner
Michel,Octavia,Harding,Samara,Michel,Rakeem
Low,Quintyn,Michel,Felisha,Low,Conner
Michel,Annette,Harding,Samara,Michel,Rakeem
Low,Branden,Michel,Felisha,Low,Conner
Michel,Sky,Harding,Samara,Michel,Rakeem
Low,Trent,Michel,Felisha,Low,Conner
Michel,Bobbie,Harding,Samara,Michel,Rakeem
Low,Brice,Michel,Felisha,Low,Conner
Michel,Sherridan,Harding,Breona,Michel,Dedrick
Low,Oren,Michel,Felisha,Low,Conner
Michel,Amberly,Harding,Breona,Michel,Dedrick
Low,Trevon,Michel,Diana,Low,Francis
Michel,Vivian,Harding,Tasha,Michel,Jair
Low,Jai,Michel,Diana,Low,Francis
Michel,Isabella,Harding,Tasha,Michel,Jair
Low,Cristian,Michel,Diana,Low,Francis
Michel,Linda,Harding,Tasha,Michel,Jair
Low,Kirk,Michel,Diana,Low,Francis
Michel,Vianey,Harding,Selena,Michel,Kenyon
Low,Rigoberto,Michel,Diana,Low,Francis
Michel,Elaine,Harding,Selena,Michel,Kenyon
Low,Babyboy,Michel,Diana,Low,Francis
Michel,Donisha,Harding,Selena,Michel,Kenyon
Low,Marcos,Michel,Diana,Low,Francis
Michel,Calli,Harding,Selena,Michel,Kenyon
Low,Jakob,Michel,Diana,Low,Francis
Michel,Yesenia,Harding,Selena,Michel,Kenyon
Low,Bronson,Michel,Diana,Low,Francis
Michel,Aubrey,Harding,Selena,Michel,Kenyon
Low,Roland,Michel,Diana,Low,Francis
Michel,Aleisha,Harding,Selena,Michel,Kenyon
Low,Chandler,Michel,Diana,Low,Francis
Michel,Gina,Harding,Lilibeth,Michel,Freddy
Low,Alfredo,Michel,Diana,Low,Francis
Michel,Robyn,Harding,Lilibeth,Michel,Freddy
Low,Travis,Michel,Diana,Low,Francis
Michel,Adele,Harding,Lilibeth,Michel,Freddy
Low,Terrell,Michel,Diana,Low,Francis
Michel,Annalie,Harding,Lilibeth,Michel,Freddy
Low,Isaias,Harding,Arlene,Low,Wilfredo
Michel,Genna,Harding,Lilibeth,Michel,Freddy
Low,Jesus,Harding,Arlene,Low,Wilfredo
Michel,Krupa,Harding,Lilibeth,Michel,Freddy
Low,Calib,Harding,Arlene,Low,Wilfredo
Harding,Precious,Newman,Kelley,Harding,Trace
Low,Dominick,Harding,Arlene,Low,Wilfredo
Harding,Jaimie,Newman,Kelley,Harding,Trace
Low,Jarrett,Harding,Arlene,Low,Wilfredo
Harding,Evelyn,Patrick,Sabrina,Harding,Samson
Low,Mohamad,Harding,Arlene,Low,Wilfredo
Harding,Jaycee,Patrick,Sabrina,Harding,Samson
Low,Ronnie,Harding,Arlene,Low,Wilfredo
Harding,Abigail,Patrick,Sabrina,Harding,Samson
Low,Ahmed,Harding,Arlene,Low,Wilfredo
Harding,Synthia,Patrick,Lily,Harding,Adonis
Low,Craig,Harding,Arlene,Low,Wilfredo
Harding,Monika,Patrick,Lily,Harding,Adonis
Michel,Jaime,Harding,Samara,Michel,Rakeem
Harding,Mikala,Patrick,Lily,Harding,Adonis
Michel,Deonte,Harding,Samara,Michel,Rakeem
Harding,Anabel,Godwin,Adrianne,Harding,Seth
Michel,Braydon,Harding,Samara,Michel,Rakeem
Harding,Lora,Godwin,Adrianne,Harding,Seth
Michel,Cristian,Harding,Samara,Michel,Rakeem
Harding,Carmelita,Godwin,Lila,Harding,Alek
Michel,Allan,Harding,Samara,Michel,Rakeem
Harding,Paloma,Godwin,Lila,Harding,Alek
Michel,Alec,Harding,Samara,Michel,Rakeem
Harding,Ivelisse,Godwin,Lila,Harding,Alek
Michel,Ahmad,Harding,Breona,Michel,Dedrick
Harding,Christian,Godwin,Lila,Harding,Alek
Michel,Marquise,Harding,Breona,Michel,Dedrick
Harding,Kiesha,Godwin,Kyra,Harding,Matthew
Michel,Devante,Harding,Breona,Michel,Dedrick
Harding,Latasha,Godwin,Kyra,Harding,Matthew
Michel,Leon,Harding,Breona,Michel,Dedrick
Harding,Amanda,Godwin,Kyra,Harding,Matthew
Michel,Paul,Harding,Breona,Michel,Dedrick
Harding,Ivana,Godwin,Kyra,Harding,Matthew
Michel,Brenton,Harding,Breona,Michel,Dedrick
Harding,Berenice,Godwin,Kyra,Harding,Matthew
Michel,Oneil,Harding,Breona,Michel,Dedrick
Harding,Chantelle,Godwin,Lydia,Harding,Nestor
Michel,Jairus,Harding,Tasha,Michel,Jair
Harding,Mollie,Godwin,Lydia,Harding,Nestor
Michel,Quayshawn,Harding,Tasha,Michel,Jair
Harding,Delaney,Godwin,Lydia,Harding,Nestor
Michel,Mickey,Harding,Selena,Michel,Kenyon
Harding,Maricarmen,Godwin,Lydia,Harding,Nestor
Michel,Draven,Harding,Selena,Michel,Kenyon
Harding,Dayna,Godwin,Lydia,Harding,Nestor
Michel,Darian,Harding,Selena,Michel,Kenyon
Harding,Sarafina,Godwin,Lydia,Harding,Nestor
Michel,Dennis,Harding,Selena,Michel,Kenyon
Harding,Gabrielle,Godwin,Lydia,Harding,Nestor
Michel,Neal,Harding,Selena,Michel,Kenyon
Harding,Aja,Godwin,Lydia,Harding,Nestor
Michel,Seamus,Harding,Selena,Michel,Kenyon
Harding,Marelyn,Godwin,Keiarra,Harding,Zachary
Michel,Sheldon,Harding,Selena,Michel,Kenyon
Harding,Lisa,Godwin,Susan,Harding,Darian
Michel,Ronnie,Harding,Lilibeth,Michel,Freddy
Harding,Yesenia,Godwin,Susan,Harding,Darian
Michel,Gary,Harding,Lilibeth,Michel,Freddy
Harding,Stefanie,Godwin,Susan,Harding,Darian
Michel,Alexander,Harding,Lilibeth,Michel,Freddy
Harding,Spencer,Godwin,Susan,Harding,Darian
Michel,Jayce,Harding,Lilibeth,Michel,Freddy
Harding,Maren,Godwin,Susan,Harding,Darian
Michel,Edgar,Harding,Lilibeth,Michel,Freddy
Harding,Chase,Godwin,Susan,Harding,Darian
Michel,Cristopher,Harding,Lilibeth,Michel,Freddy
Harding,Evelin,Godwin,Susan,Harding,Darian
Michel,Leo,Harding,Lilibeth,Michel,Freddy
Newman,Maegen,Harding,Julianna,Newman,Wanya
Michel,Brendon,Harding,Lilibeth,Michel,Freddy
Newman,Leana,Harding,Julianna,Newman,Wanya
Michel,Devan,Harding,Lilibeth,Michel,Freddy
Newman,Jessie,Harding,Julianna,Newman,Wanya
Michel,Camden,Harding,Lilibeth,Michel,Freddy
Newman,Anneliese,Harding,Julianna,Newman,Wanya
Michel,Nathaniel,Harding,Lilibeth,Michel,Freddy
Newman,Calandra,Harding,Julianna,Newman,Wanya
Harding,Levi,Newman,Kelley,Harding,Trace
Newman,Kelsie,Harding,Julianna,Newman,Wanya
Harding,Jessie,Newman,Kelley,Harding,Trace
Newman,Odalys,Harding,Julianna,Newman,Wanya
Harding,Thaddeus,Newman,Kelley,Harding,Trace
Newman,Khyla,Harding,Julianna,Newman,Wanya
Harding,Rahim,Newman,Kelley,Harding,Trace
Newman,Yessenia,Harding,Marisol,Newman,Hector
Harding,Deshaun,Patrick,Sabrina,Harding,Samson
Newman,Mattea,Harding,Marisol,Newman,Hector
Harding,Samuel,Patrick,Sabrina,Harding,Samson
Newman,Stacy,Harding,Marisol,Newman,Hector
Harding,Brodie,Patrick,Sabrina,Harding,Samson
Newman,Caitlynn,Harding,Marisol,Newman,Hector
Harding,Kristopher,Patrick,Sabrina,Harding,Samson
Newman,Chandler,Godwin,Shakia,Newman,Karl
Harding,Tyler,Patrick,Sabrina,Harding,Samson
Newman,Vera,Godwin,Shakia,Newman,Karl
Harding,Deondre,Patrick,Sabrina,Harding,Samson
Newman,Ronni,Godwin,Shakia,Newman,Karl
Harding,Julian,Patrick,Sabrina,Harding,Samson
Newman,Nyla,Godwin,Shakia,Newman,Karl
Harding,Griffin,Patrick,Lily,Harding,Adonis
Newman,Daniella,Godwin,Shakia,Newman,Karl
Harding,Julius,Patrick,Lily,Harding,Adonis
Newman,Marjorie,Godwin,Shakia,Newman,Karl
Harding,Frankie,Patrick,Lily,Harding,Adonis
Newman,Micaela,Godwin,Shakia,Newman,Karl
Harding,Ashton,Patrick,Lily,Harding,Adonis
Newman,Noemi,Griggs,Talia,Newman,Damon
Harding,Elvin,Patrick,Lily,Harding,Adonis
Newman,Allegra,Griggs,Talia,Newman,Damon
Harding,Stephan,Patrick,Lily,Harding,Adonis
Newman,Leah,Griggs,Talia,Newman,Damon
Harding,Bobby,Patrick,Lily,Harding,Adonis
Newman,Heidy,Griggs,Talia,Newman,Damon
Harding,Idris,Patrick,Lily,Harding,Adonis
Newman,Kaylah,Griggs,Talia,Newman,Damon
Harding,Nickolas,Godwin,Adrianne,Harding,Seth
Newman,Natasha,Griggs,Talia,Newman,Damon
Harding,Andrew,Godwin,Adrianne,Harding,Seth
Patrick,Ashtyn,Griggs,Marcia,Patrick,Israel
Harding,Mathew,Godwin,Adrianne,Harding,Seth
Patrick,Silvia,Griggs,Marcia,Patrick,Israel
Harding,Ted,Godwin,Adrianne,Harding,Seth
Patrick,Salena,Griggs,Marcia,Patrick,Israel
Harding,Shemar,Godwin,Adrianne,Harding,Seth
Patrick,Kenyetta,Griggs,Marcia,Patrick,Israel
Harding,Eli,Godwin,Adrianne,Harding,Seth
Patrick,Anitra,Griggs,Marcia,Patrick,Israel
Harding,Jamison,Godwin,Adrianne,Harding,Seth
Patrick,Leandra,Griggs,Janet,Patrick,Kendrick
Harding,Yuri,Godwin,Adrianne,Harding,Seth
Patrick,Aleasha,Griggs,Janet,Patrick,Kendrick
Harding,Justice,Godwin,Adrianne,Harding,Seth
Patrick,Carmelita,Griggs,Janet,Patrick,Kendrick
Harding,Marcus,Godwin,Adrianne,Harding,Seth
Patrick,Chandler,Griggs,Anabel,Patrick,Johnathon
Harding,Manuel,Godwin,Lila,Harding,Alek
Patrick,Jamee,Griggs,Anabel,Patrick,Johnathon
Harding,Moises,Godwin,Lila,Harding,Alek
Patrick,Jacklyn,Griggs,Anabel,Patrick,Johnathon
Harding,Sheldon,Godwin,Lila,Harding,Alek
Patrick,Sage,Griggs,Anabel,Patrick,Johnathon
Harding,Josejuan,Godwin,Lila,Harding,Alek
Patrick,Karissa,Griggs,Anabel,Patrick,Johnathon
Harding,Eugene,Godwin,Kyra,Harding,Matthew
Patrick,Kali,Griggs,Anabel,Patrick,Johnathon
Harding,Dexter,Godwin,Kyra,Harding,Matthew
Patrick,Leticia,Griggs,Anabel,Patrick,Johnathon
Harding,Jacori,Godwin,Kyra,Harding,Matthew
Patrick,Elijah,Griggs,Anabel,Patrick,Johnathon
Harding,Dyllon,Godwin,Kyra,Harding,Matthew
Patrick,Leslie,Griggs,Anabel,Patrick,Johnathon
Harding,Gene,Godwin,Kyra,Harding,Matthew
Patrick,Casey,Griggs,Anabel,Patrick,Johnathon
Harding,Tucker,Godwin,Lydia,Harding,Nestor
Patrick,Suzanna,Griggs,Anabel,Patrick,Johnathon
Harding,Agustin,Godwin,Lydia,Harding,Nestor
Patrick,Kiera,Cox,Jazmon,Patrick,Trenton
Harding,Zackery,Godwin,Lydia,Harding,Nestor
Patrick,Janesha,Jackson,Monika,Patrick,Devin
Harding,Nour,Godwin,Lydia,Harding,Nestor
Patrick,Joselin,Jackson,Monika,Patrick,Devin
Harding,Dane,Godwin,Lydia,Harding,Nestor
Patrick,Laurel,Jackson,Monika,Patrick,Devin
Harding,Marshall,Godwin,Lydia,Harding,Nestor
Patrick,Nia,Jackson,Monika,Patrick,Devin
Harding,Trent,Godwin,Lydia,Harding,Nestor
Patrick,Coral,Jackson,Monika,Patrick,Devin
Harding,Brent,Godwin,Keiarra,Harding,Zachary
Patrick,Shelby,Jackson,Monika,Patrick,Devin
Harding,Wayne,Godwin,Keiarra,Harding,Zachary
Patrick,Malika,Jackson,Monika,Patrick,Devin
Harding,Abdul,Godwin,Keiarra,Harding,Zachary
Patrick,Ramona,Jackson,Monika,Patrick,Devin
Harding,Ross,Godwin,Susan,Harding,Darian
Patrick,Bailee,Jackson,Monika,Patrick,Devin
Harding,Elliott,Godwin,Susan,Harding,Darian
Godwin,Abigayle,Jackson,Angelika,Godwin,Julius
Harding,Camden,Godwin,Susan,Harding,Darian
Godwin,Summer,Jackson,Angelika,Godwin,Julius
Harding,Aspen,Godwin,Susan,Harding,Darian
Godwin,Shaye,Jackson,Angelika,Godwin,Julius
Harding,Dillon,Godwin,Susan,Harding,Darian
Godwin,Shuntara,Jackson,Angelika,Godwin,Julius
Harding,Harley,Godwin,Susan,Harding,Darian
Godwin,Anika,Jackson,Angelika,Godwin,Julius
Newman,Niko,Harding,Julianna,Newman,Wanya
Godwin,Dallas,Jackson,Angelika,Godwin,Julius
Newman,Simon,Harding,Julianna,Newman,Wanya
Godwin,Rylee,Jackson,Angelika,Godwin,Julius
Newman,Jaquan,Harding,Julianna,Newman,Wanya
Godwin,Jeanette,Jackson,Angelika,Godwin,Julius
Newman,Stefan,Harding,Julianna,Newman,Wanya
Godwin,Ashli,Jackson,Angelika,Godwin,Julius
Newman,Yobani,Harding,Julianna,Newman,Wanya
Godwin,Marycather,Jackson,Angelika,Godwin,Julius
Newman,Maximilian,Harding,Julianna,Newman,Wanya
Godwin,Shaina,Thomas,Kirsten,Godwin,Mark
Newman,Bretton,Harding,Julianna,Newman,Wanya
Godwin,Anaya,Thomas,Kirsten,Godwin,Mark
Newman,Adrian,Harding,Julianna,Newman,Wanya
Godwin,Brielle,Thomas,Kirsten,Godwin,Mark
Newman,Marshall,Harding,Julianna,Newman,Wanya
Godwin,Natalie,Thomas,Kirsten,Godwin,Mark
Newman,Antavius,Harding,Julianna,Newman,Wanya
Godwin,Melanie,Thomas,Kirsten,Godwin,Mark
Newman,John,Harding,Julianna,Newman,Wanya
Godwin,Carmela,Thomas,Katarina,Godwin,Kieran
Newman,Maurice,Harding,Marisol,Newman,Hector
Godwin,Yolanda,Thomas,Katarina,Godwin,Kieran
Newman,Jeffrey,Harding,Marisol,Newman,Hector
Godwin,Reyna,Thomas,Katarina,Godwin,Kieran
Newman,Leroy,Harding,Marisol,Newman,Hector
Godwin,Gabriela,Thomas,Jenny,Godwin,Dashane
Newman,Harold,Godwin,Shakia,Newman,Karl
Godwin,Dayana,Thomas,Jenny,Godwin,Dashane
Newman,Willie,Godwin,Shakia,Newman,Karl
Godwin,Odalys,Thomas,Jenny,Godwin,Dashane
Newman,Bo,Godwin,Shakia,Newman,Karl
Godwin,Allison,Thomas,Jenny,Godwin,Dashane
Newman,Ahmad,Godwin,Shakia,Newman,Karl
Godwin,Bailee,Thomas,Jenny,Godwin,Dashane
Newman,Bret,Godwin,Shakia,Newman,Karl
Godwin,Margo,Thomas,Jenny,Godwin,Dashane
Newman,Abdul,Godwin,Shakia,Newman,Karl
Godwin,Sheniqua,Thomas,Jenny,Godwin,Dashane
Newman,Ray,Godwin,Shakia,Newman,Karl
Godwin,Alisia,Thomas,Jenny,Godwin,Dashane
Newman,Troy,Godwin,Shakia,Newman,Karl
Godwin,Chasity,Thomas,Jenny,Godwin,Dashane
Newman,Milton,Godwin,Shakia,Newman,Karl
Godwin,Annabel,Thomas,Geneva,Godwin,Dale
Newman,Lloyd,Godwin,Shakia,Newman,Karl
Godwin,Donisha,Thomas,Geneva,Godwin,Dale
Newman,Collin,Godwin,Shakia,Newman,Karl
Godwin,Noemi,Thomas,Geneva,Godwin,Dale
Newman,Maverick,Godwin,Shakia,Newman,Karl
Godwin,Octavia,Thomas,Geneva,Godwin,Dale
Newman,Jonah,Griggs,Talia,Newman,Damon
Godwin,Haley,Thomas,Geneva,Godwin,Dale
Newman,Marcanthon,Griggs,Talia,Newman,Damon
Godwin,Desaree,Thomas,Kitana,Godwin,Ashton
Newman,Efrain,Griggs,Talia,Newman,Damon
Godwin,Nora,Thomas,Kitana,Godwin,Ashton
Newman,Blaine,Griggs,Talia,Newman,Damon
Godwin,Bianca,Thomas,Savannah,Godwin,Jonathan
Patrick,Tysheem,Griggs,Marcia,Patrick,Israel
Godwin,Bree,Thomas,Savannah,Godwin,Jonathan
Patrick,Fabian,Griggs,Marcia,Patrick,Israel
Godwin,Madelyn,Thomas,Savannah,Godwin,Jonathan
Patrick,Chadwick,Griggs,Marcia,Patrick,Israel
Godwin,Kori,Thomas,Savannah,Godwin,Jonathan
Patrick,Skylar,Griggs,Marcia,Patrick,Israel
Godwin,Kiersten,Thomas,Savannah,Godwin,Jonathan
Patrick,Liam,Griggs,Marcia,Patrick,Israel
Godwin,Camilla,Thomas,Savannah,Godwin,Jonathan
Patrick,Rashad,Griggs,Marcia,Patrick,Israel
Godwin,Alycia,Thomas,Savannah,Godwin,Jonathan
Patrick,Walker,Griggs,Marcia,Patrick,Israel
Godwin,Keely,Thomas,Savannah,Godwin,Jonathan
Patrick,Shemar,Griggs,Marcia,Patrick,Israel
Godwin,Dulce,Thomas,Savannah,Godwin,Jonathan
Patrick,Jalen,Griggs,Marcia,Patrick,Israel
Godwin,Elizabet,Thomas,Savannah,Godwin,Jonathan
Patrick,Pablo,Griggs,Marcia,Patrick,Israel
Griggs,Yajayra,McKinley,Destinee,Griggs,Gilbert
Patrick,Irvin,Griggs,Janet,Patrick,Kendrick
Griggs,Cheryl,McKinley,Destinee,Griggs,Gilbert
Patrick,Conner,Griggs,Janet,Patrick,Kendrick
Griggs,Kaila,McKinley,Destinee,Griggs,Gilbert
Patrick,Dorian,Griggs,Janet,Patrick,Kendrick
Griggs,Karyna,McKinley,Destinee,Griggs,Gilbert
Patrick,Norman,Griggs,Janet,Patrick,Kendrick
Griggs,Jaymie,McKinley,Destinee,Griggs,Gilbert
Patrick,Brannon,Griggs,Janet,Patrick,Kendrick
Griggs,Deja,McKinley,Erika,Griggs,Jakob
Patrick,Ryland,Griggs,Anabel,Patrick,Johnathon
Griggs,Kimberly,McKinley,Erika,Griggs,Jakob
Patrick,Agustin,Griggs,Anabel,Patrick,Johnathon
Griggs,Madalyn,McKinley,Erika,Griggs,Jakob
Patrick,Jamar,Griggs,Anabel,Patrick,Johnathon
Griggs,Kaci,McKinley,Erika,Griggs,Jakob
Patrick,Rolando,Griggs,Anabel,Patrick,Johnathon
Griggs,Mercedes,McKinley,Johana,Griggs,Jaleel
Patrick,Vincent,Griggs,Anabel,Patrick,Johnathon
Griggs,Melanie,McKinley,Johana,Griggs,Jaleel
Patrick,Miguel,Griggs,Anabel,Patrick,Johnathon
Griggs,Symphony,McKinley,Johana,Griggs,Jaleel
Patrick,Jovon,Griggs,Anabel,Patrick,Johnathon
Griggs,Dallas,McKinley,Johana,Griggs,Jaleel
Patrick,Quanterriu,Griggs,Anabel,Patrick,Johnathon
Griggs,Madeleine,McKinley,Johana,Griggs,Jaleel
Patrick,Graham,Cox,Jazmon,Patrick,Trenton
Griggs,Megan,McKinley,Johana,Griggs,Jaleel
Patrick,Wanya,Cox,Jazmon,Patrick,Trenton
Griggs,Monika,McKinley,Johana,Griggs,Jaleel
Patrick,Bennie,Jackson,Monika,Patrick,Devin
Griggs,Sabreen,McKinley,Johana,Griggs,Jaleel
Patrick,Darrell,Jackson,Monika,Patrick,Devin
Griggs,Noah,McKinley,Johana,Griggs,Jaleel
Patrick,Paul,Jackson,Monika,Patrick,Devin
Griggs,Demi,McKinley,Johana,Griggs,Jaleel
Patrick,Deshawn,Jackson,Monika,Patrick,Devin
Cox,Vivian,McKinley,Lindsay,Cox,Rene
Patrick,Dwayne,Jackson,Monika,Patrick,Devin
Cox,Carolyn,McKinley,Shelly,Cox,Theodore
Patrick,Jamison,Jackson,Monika,Patrick,Devin
Cox,Alesia,McKinley,Shelly,Cox,Theodore
Patrick,Dandre,Jackson,Monika,Patrick,Devin
Cox,Frida,McKinley,Allegra,Cox,Esteban
Patrick,Rogelio,Jackson,Monika,Patrick,Devin
Cox,Yvonne,McKinley,Allegra,Cox,Esteban
Godwin,Dillon,Jackson,Angelika,Godwin,Julius
Cox,Joselyn,McKinley,Allegra,Cox,Esteban
Godwin,Bradley,Jackson,Angelika,Godwin,Julius
Cox,Kealani,McKinley,Allegra,Cox,Esteban
Godwin,Daequan,Jackson,Angelika,Godwin,Julius
Cox,Sinai,Wilcutt,Christian,Cox,Trae
Godwin,Leonel,Jackson,Angelika,Godwin,Julius
Cox,Macy,Wilcutt,Christian,Cox,Trae
Godwin,Chaim,Jackson,Angelika,Godwin,Julius
Cox,Destany,Wilcutt,Jena,Cox,Jawaun
Godwin,Dominic,Jackson,Angelika,Godwin,Julius
Cox,Debra,Wilcutt,Jena,Cox,Jawaun
Godwin,Landon,Jackson,Angelika,Godwin,Julius
Cox,Catherine,Wilcutt,Jena,Cox,Jawaun
Godwin,Denzell,Thomas,Kirsten,Godwin,Mark
Cox,Carina,Wilcutt,Jena,Cox,Jawaun
Godwin,Howard,Thomas,Kirsten,Godwin,Mark
Cox,Lisette,Wilcutt,Jena,Cox,Jawaun
Godwin,Hunter,Thomas,Katarina,Godwin,Kieran
Cox,Valerie,Loria,Kamri,Cox,Saxon
Godwin,Tylar,Thomas,Jenny,Godwin,Dashane
Cox,Kristen,Loria,Kamri,Cox,Saxon
Godwin,Emanuel,Thomas,Jenny,Godwin,Dashane
Cox,Salina,Loria,Kamri,Cox,Saxon
Godwin,Montana,Thomas,Jenny,Godwin,Dashane
Cox,Emma,Loria,Kamri,Cox,Saxon
Godwin,Javonte,Thomas,Jenny,Godwin,Dashane
Cox,Doris,Loria,Kamri,Cox,Saxon
Godwin,Cooper,Thomas,Jenny,Godwin,Dashane
Cox,Katharine,Loria,Kamri,Cox,Saxon
Godwin,Sterling,Thomas,Jenny,Godwin,Dashane
Cox,Madelyne,Loria,Kamri,Cox,Saxon
Godwin,Elvin,Thomas,Jenny,Godwin,Dashane
Cox,Tanna,Loria,Kamri,Cox,Saxon
Godwin,Nolan,Thomas,Jenny,Godwin,Dashane
Cox,Sariah,Loria,Kamri,Cox,Saxon
Godwin,Oliver,Thomas,Geneva,Godwin,Dale
Jackson,Zandria,Loria,Aisha,Jackson,Josiah
Godwin,Habram,Thomas,Geneva,Godwin,Dale
Jackson,Daja,Loria,Aisha,Jackson,Josiah
Godwin,Abel,Thomas,Geneva,Godwin,Dale
Jackson,Tessa,Loria,Aisha,Jackson,Josiah
Godwin,Vinh,Thomas,Geneva,Godwin,Dale
Jackson,Alexi,Loria,Aisha,Jackson,Josiah
Godwin,Saul,Thomas,Geneva,Godwin,Dale
Thomas,Karina,Loria,Giselle,Thomas,Zakery
Godwin,Humberto,Thomas,Geneva,Godwin,Dale
Thomas,Lynette,Loria,Giselle,Thomas,Zakery
Godwin,Tavon,Thomas,Geneva,Godwin,Dale
Thomas,Sally,Loria,Giselle,Thomas,Zakery
Godwin,Tom,Thomas,Geneva,Godwin,Dale
Thomas,Sarahmarie,Loria,Giselle,Thomas,Zakery
Godwin,Harold,Thomas,Geneva,Godwin,Dale
Thomas,Carolyn,Loria,Giselle,Thomas,Zakery
Godwin,Trent,Thomas,Kitana,Godwin,Ashton
Thomas,Mariam,Loria,Summer,Thomas,Campbell
Godwin,Keon,Thomas,Kitana,Godwin,Ashton
Thomas,Alexus,Loria,Summer,Thomas,Campbell
Godwin,Remington,Thomas,Savannah,Godwin,Jonathan
Thomas,Shyanne,Loria,Summer,Thomas,Campbell
Godwin,Rodrigo,Thomas,Savannah,Godwin,Jonathan
Thomas,Tabatha,Loria,Summer,Thomas,Campbell
Godwin,Brogan,Thomas,Savannah,Godwin,Jonathan
Thomas,Cheyann,Loria,Summer,Thomas,Campbell
Godwin,Asher,Thomas,Savannah,Godwin,Jonathan
Thomas,Sierra,Loria,Summer,Thomas,Campbell
Godwin,Royce,Thomas,Savannah,Godwin,Jonathan
Thomas,Jaime,Loria,Trisha,Thomas,Angel
Godwin,Destin,Thomas,Savannah,Godwin,Jonathan
Thomas,Moriah,Loria,Trisha,Thomas,Angel
Godwin,Noel,Thomas,Savannah,Godwin,Jonathan
Thomas,Dayna,Loria,Trisha,Thomas,Angel
Godwin,Santana,Thomas,Savannah,Godwin,Jonathan
Thomas,Emiley,Loria,Trisha,Thomas,Angel
Godwin,Jordon,Thomas,Savannah,Godwin,Jonathan
Thomas,Elaina,Loria,Trisha,Thomas,Angel
Griggs,German,McKinley,Destinee,Griggs,Gilbert
Thomas,Sandy,Loria,Trisha,Thomas,Angel
Griggs,Ross,McKinley,Destinee,Griggs,Gilbert
Thomas,Skylar,Loria,Trisha,Thomas,Angel
Griggs,Andreas,McKinley,Destinee,Griggs,Gilbert
Thomas,Josie,Loria,Trisha,Thomas,Angel
Griggs,Eugene,McKinley,Destinee,Griggs,Gilbert
Thomas,Kaila,Loria,Blaze,Thomas,Payton
Griggs,Bronson,McKinley,Destinee,Griggs,Gilbert
Thomas,Janette,Loria,Blaze,Thomas,Payton
Griggs,Titus,McKinley,Destinee,Griggs,Gilbert
Thomas,Logan,Loria,Blaze,Thomas,Payton
Griggs,Benjamen,McKinley,Destinee,Griggs,Gilbert
Thomas,Michele,Loria,Blaze,Thomas,Payton
Griggs,Trentin,McKinley,Destinee,Griggs,Gilbert
Thomas,Lisa,Loria,Blaze,Thomas,Payton
Griggs,Jarrett,McKinley,Erika,Griggs,Jakob
Thomas,Cortney,Loria,Blaze,Thomas,Payton
Griggs,Kai,McKinley,Erika,Griggs,Jakob
Thomas,Saige,Loria,Blaze,Thomas,Payton
Griggs,Tre,McKinley,Erika,Griggs,Jakob
Thomas,Yolanda,Loria,Blaze,Thomas,Payton
Griggs,Hudson,McKinley,Erika,Griggs,Jakob
Thomas,Juliet,Loria,Blaze,Thomas,Payton
Griggs,Errol,McKinley,Erika,Griggs,Jakob
Thomas,Adele,Loria,Blaze,Thomas,Payton
Griggs,Deonte,McKinley,Johana,Griggs,Jaleel
Thomas,Justina,Loria,Suzanna,Thomas,Augustus
Griggs,Tyreek,McKinley,Johana,Griggs,Jaleel
Thomas,Jaycee,Loria,Suzanna,Thomas,Augustus
Griggs,Antonio,McKinley,Johana,Griggs,Jaleel
Thomas,Karlee,Loria,Suzanna,Thomas,Augustus
Griggs,Demonte,McKinley,Johana,Griggs,Jaleel
Thomas,Debbie,Loria,Suzanna,Thomas,Augustus
Griggs,Garrick,McKinley,Johana,Griggs,Jaleel
Thomas,Janie,Loria,Suzanna,Thomas,Augustus
Griggs,Terrell,McKinley,Johana,Griggs,Jaleel
Thomas,Aesha,Loria,Suzanna,Thomas,Augustus
Griggs,George,McKinley,Johana,Griggs,Jaleel
Thomas,Bethany,Loria,Suzanna,Thomas,Augustus
Griggs,Alvin,McKinley,Johana,Griggs,Jaleel
Thomas,Xian,Loria,Suzanna,Thomas,Augustus
Cox,Kayle,McKinley,Lindsay,Cox,Rene
Thomas,Alma,Loria,Suzanna,Thomas,Augustus
Cox,Keeton,McKinley,Lindsay,Cox,Rene
Thomas,Regina,Loria,Suzanna,Thomas,Augustus
Cox,Luciano,McKinley,Lindsay,Cox,Rene
Thomas,Ashlee,Loria,Suzanna,Thomas,Augustus
Cox,Jarod,McKinley,Shelly,Cox,Theodore
Thomas,Dajah,Loria,Suzanna,Thomas,Augustus
Cox,Rahim,McKinley,Shelly,Cox,Theodore
Thomas,Cody,Loria,Suzanna,Thomas,Augustus
Cox,Stefan,McKinley,Shelly,Cox,Theodore
Thomas,Jesslyn,Loria,Suzanna,Thomas,Augustus
Cox,Trevin,McKinley,Allegra,Cox,Esteban
Thomas,Lexi,Loria,Suzanna,Thomas,Augustus
Cox,Jesus,McKinley,Allegra,Cox,Esteban
Thomas,Ashton,Loria,Suzanna,Thomas,Augustus
Cox,Andres,McKinley,Allegra,Cox,Esteban
Thomas,Alani,Loria,Blaine,Thomas,Marcanthon
Cox,Samual,McKinley,Allegra,Cox,Esteban
Thomas,Kenyetta,Loria,Blaine,Thomas,Marcanthon
Cox,Kieran,McKinley,Allegra,Cox,Esteban
Thomas,Reyna,Loria,Blaine,Thomas,Marcanthon
Cox,Andreas,McKinley,Allegra,Cox,Esteban
Thomas,Kristine,Loria,Blaine,Thomas,Marcanthon
Cox,Barry,McKinley,Allegra,Cox,Esteban
Thomas,Kendal,Loria,Blaine,Thomas,Marcanthon
Cox,Ravon,McKinley,Allegra,Cox,Esteban
Thomas,Krysta,Loria,Blaine,Thomas,Marcanthon
Cox,Alonso,Wilcutt,Christian,Cox,Trae
Thomas,Miah,Loria,Alisia,Thomas,Dallin
Cox,Raekwon,Wilcutt,Christian,Cox,Trae
Thomas,Trevor,Loria,Alisia,Thomas,Dallin
Cox,Ismael,Wilcutt,Christian,Cox,Trae
Thomas,Rebekah,Loria,Alisia,Thomas,Dallin
Cox,Charles,Wilcutt,Christian,Cox,Trae
Thomas,Alice,Loria,Alisia,Thomas,Dallin
Cox,Tobias,Wilcutt,Christian,Cox,Trae
Thomas,Ashlynn,Loria,Alisia,Thomas,Dallin
Cox,Braydon,Wilcutt,Jena,Cox,Jawaun
Thomas,Chandler,Loria,Alisia,Thomas,Dallin
Cox,Aleksandr,Wilcutt,Jena,Cox,Jawaun
Thomas,Danae,Loria,Alisia,Thomas,Dallin
Cox,Khalid,Loria,Kamri,Cox,Saxon
Thomas,Andrea,Loria,Alisia,Thomas,Dallin
Cox,Mateo,Loria,Kamri,Cox,Saxon
Thomas,Trinity,Loria,Alisia,Thomas,Dallin
Cox,Davin,Loria,Kamri,Cox,Saxon
Thomas,Camila,Loria,Alisia,Thomas,Dallin
Cox,Rafael,Loria,Kamri,Cox,Saxon
Thomas,Rowan,Loria,Alisia,Thomas,Dallin
Cox,Nathaniel,Loria,Kamri,Cox,Saxon
Thomas,Jennah,Loria,Alisia,Thomas,Dallin
Cox,George,Loria,Kamri,Cox,Saxon
Thomas,Lyric,Loria,Alisia,Thomas,Dallin
Cox,Blake,Loria,Kamri,Cox,Saxon
Thomas,Danika,Loria,Alisia,Thomas,Dallin
Cox,Lars,Loria,Kamri,Cox,Saxon
Hayes,Idaly,Loria,Mara,Hayes,Kenyon
Cox,Travon,Loria,Kamri,Cox,Saxon
Hayes,Ravin,Loria,Mara,Hayes,Kenyon
Cox,Colby,Loria,Kamri,Cox,Saxon
Hayes,Linnea,Loria,Mara,Hayes,Kenyon
Jackson,Elliot,Loria,Aisha,Jackson,Josiah
Hayes,Geraldine,Loria,Mara,Hayes,Kenyon
Jackson,Brad,Loria,Aisha,Jackson,Josiah
Hayes,Maureen,Loria,Mara,Hayes,Kenyon
Jackson,Trevon,Loria,Aisha,Jackson,Josiah
Hayes,Allie,Loria,Mara,Hayes,Kenyon
Thomas,Andrew,Loria,Giselle,Thomas,Zakery
Hayes,Kenia,Loria,Mara,Hayes,Kenyon
Thomas,Darrin,Loria,Giselle,Thomas,Zakery
Hayes,Jaden,Loria,Mara,Hayes,Kenyon
Thomas,Kaleb,Loria,Giselle,Thomas,Zakery
Hayes,Leticia,Loria,Mara,Hayes,Kenyon
Thomas,Javonte,Loria,Giselle,Thomas,Zakery
Hayes,Selina,Loria,Mara,Hayes,Kenyon
Thomas,Daquan,Loria,Giselle,Thomas,Zakery
Hayes,Jane,Loria,Mara,Hayes,Kenyon
Thomas,Aiden,Loria,Giselle,Thomas,Zakery
Hayes,Farrah,Loria,Mara,Hayes,Kenyon
Thomas,Jamison,Loria,Giselle,Thomas,Zakery
Hayes,Eva,Loria,Mara,Hayes,Kenyon
Thomas,Junior,Loria,Giselle,Thomas,Zakery
Hayes,Sydney,Loria,Mara,Hayes,Kenyon
Thomas,Westley,Loria,Giselle,Thomas,Zakery
Hayes,Barbara,Loria,Mara,Hayes,Kenyon
Thomas,Raheem,Loria,Giselle,Thomas,Zakery
Hayes,Alma,Loria,Mara,Hayes,Kenyon
Thomas,Moises,Loria,Summer,Thomas,Campbell
Hayes,Patsy,Loria,Mara,Hayes,Kenyon
Thomas,Marco,Loria,Summer,Thomas,Campbell
Hayes,Maricarmen,Loria,Joyce,Hayes,Gregory
Thomas,Rayquan,Loria,Summer,Thomas,Campbell
Hayes,Carolina,Loria,Joyce,Hayes,Gregory
Thomas,Geordan,Loria,Trisha,Thomas,Angel
Hayes,Cherie,Loria,Joyce,Hayes,Gregory
Thomas,Domonic,Loria,Trisha,Thomas,Angel
Hayes,Makenzie,Loria,Joyce,Hayes,Gregory
