Irwin,Leon,Shriver,Lisa,Irwin,Mckay
Torvalds,Janell,Franklin,Lisette,Torvalds,Lionel
Henize,Silas,Culbertson,Celena,Henize,Jason
Slayton,Noelle,Monroe,Stacey,Slayton,Gordon
Gibson,Stephan,Nelson,Yasmin,Gibson,Dakota
Wilcutt,Shakia,Zophar,Kiana,Wilcutt,Terry
Leestma,Jackson,Conrad,Dianne,Leestma,Ethan
Pflugel,April,Lawrence,Kaira,Pflugel,Grant
McNair,Dakotah,Bowersox,Kristy,McNair,Denzel
Meade,Celeste,Seddon,Sheila,Meade,Tylor
Poindexter,Kendrick,Ride,Crystal,Poindexter,Shaun
Llewellyn,Patricia,Garfield,Milena,Llewellyn,River
Thorne,Isiah,Olivas,Annette,Thorne,Elvin
Gemar,Lila,Young,Trevor,Gemar,Reginald
Wolf,Demarcus,Gernhardt,Maren,Wolf,Kapil
McMonagle,Maire,McNair,Leslie,McMonagle,Reid
Mitchell,Anfernee,Buchli,Bethany,Mitchell,Stanley
Kennedy,Kenyatta,McBride,Gladys,Kennedy,Sergio
Hilmers,Jeb,Akers,Hattie,Hilmers,Frankie
Collins,Maureen,Ferguson,Johana,Collins,Jaylon
Blaha,Karl,McCulley,Sarah,Blaha,Kayle
Harrison,Aubree,Pierce,Mariangeli,Harrison,Alvin
Caldwell,Javen,Valheim,Banesa,Caldwell,Efren
Jett,Ann,Currie,Selena,Jett,Jerry
Gutierrez,Jaquan,Nixon,Johnna,Gutierrez,Leonel
Akers,Siarra,Lawrence,Kristin,Akers,Anthony
Aldrin,Thaddeus,Culbertson,Patsy,Aldrin,Dallin
Mitchell,Lizette,Thuot,Siearra,Mitchell,Jacori
Thornton,Adalberto,See,Deanne,Thornton,Desmond
Irwin,Madison,Torvalds,Janell,Irwin,Leon
Clark,Denzell,Reisman,Devonna,Clark,Jarred
Irwin,Jaden,Torvalds,Janell,Irwin,Leon
Irwin,Alexander,Torvalds,Janell,Irwin,Leon
Irwin,Elida,Torvalds,Janell,Irwin,Leon
Irwin,Raymond,Torvalds,Janell,Irwin,Leon
Irwin,Shirley,Torvalds,Janell,Irwin,Leon
Irwin,Benito,Torvalds,Janell,Irwin,Leon
Irwin,Cali,Torvalds,Janell,Irwin,Leon
Henize,Jamie,Slayton,Noelle,Henize,Silas
Henize,Jaymi,Slayton,Noelle,Henize,Silas
Henize,Abel,Slayton,Noelle,Henize,Silas
Henize,Anitra,Slayton,Noelle,Henize,Silas
Henize,Elliot,Slayton,Noelle,Henize,Silas
Henize,Marissa,Slayton,Noelle,Henize,Silas
Henize,Anfernee,Slayton,Noelle,Henize,Silas
Henize,Gabriella,Slayton,Noelle,Henize,Silas
Henize,Colin,Slayton,Noelle,Henize,Silas
Henize,Vanessa,Slayton,Noelle,Henize,Silas
Henize,Zachery,Slayton,Noelle,Henize,Silas
Henize,Calandra,Slayton,Noelle,Henize,Silas
Henize,Jawaun,Slayton,Noelle,Henize,Silas
Gibson,Kelly,Wilcutt,Shakia,Gibson,Stephan
Henize,Derek,Slayton,Noelle,Henize,Silas
Gibson,Linsey,Wilcutt,Shakia,Gibson,Stephan
Henize,Hector,Slayton,Noelle,Henize,Silas
Gibson,Yazmin,Wilcutt,Shakia,Gibson,Stephan
Henize,Bradlee,Slayton,Noelle,Henize,Silas
Gibson,Kirstin,Wilcutt,Shakia,Gibson,Stephan
Henize,Yovani,Slayton,Noelle,Henize,Silas
Gibson,Mari,Wilcutt,Shakia,Gibson,Stephan
Gibson,Ben,Wilcutt,Shakia,Gibson,Stephan
Leestma,Tehya,Pflugel,April,Leestma,Jackson
Gibson,Raymond,Wilcutt,Shakia,Gibson,Stephan
Leestma,Tayler,Pflugel,April,Leestma,Jackson
Gibson,Cecil,Wilcutt,Shakia,Gibson,Stephan
Leestma,Elexus,Pflugel,April,Leestma,Jackson
Gibson,Jalen,Wilcutt,Shakia,Gibson,Stephan
McNair,Taryn,Meade,Celeste,McNair,Dakotah
Gibson,Fabian,Wilcutt,Shakia,Gibson,Stephan
Poindexter,Brecken,Llewellyn,Patricia,Poindexter,Kendrick
Gibson,Maximillia,Wilcutt,Shakia,Gibson,Stephan
Poindexter,Makena,Llewellyn,Patricia,Poindexter,Kendrick
Gibson,Stanley,Wilcutt,Shakia,Gibson,Stephan
Poindexter,Blanca,Llewellyn,Patricia,Poindexter,Kendrick
Gibson,Brogan,Wilcutt,Shakia,Gibson,Stephan
Thorne,Katy,Gemar,Lila,Thorne,Isiah
Gibson,Jovon,Wilcutt,Shakia,Gibson,Stephan
Thorne,Lianna,Gemar,Lila,Thorne,Isiah
Gibson,Edgardo,Wilcutt,Shakia,Gibson,Stephan
Thorne,Yasmin,Gemar,Lila,Thorne,Isiah
Gibson,Derrick,Wilcutt,Shakia,Gibson,Stephan
Thorne,Camila,Gemar,Lila,Thorne,Isiah
Gibson,Steven,Wilcutt,Shakia,Gibson,Stephan
Thorne,Katelyn,Gemar,Lila,Thorne,Isiah
Gibson,Shawn,Wilcutt,Shakia,Gibson,Stephan
Wolf,Anne,McMonagle,Maire,Wolf,Demarcus
Leestma,Louis,Pflugel,April,Leestma,Jackson
Wolf,Alaina,McMonagle,Maire,Wolf,Demarcus
Leestma,Bradlee,Pflugel,April,Leestma,Jackson
Wolf,Teagan,McMonagle,Maire,Wolf,Demarcus
Leestma,Colbey,Pflugel,April,Leestma,Jackson
Wolf,Rita,McMonagle,Maire,Wolf,Demarcus
Leestma,Shea,Pflugel,April,Leestma,Jackson
Mitchell,Cheyann,Kennedy,Kenyatta,Mitchell,Anfernee
McNair,Lamonte,Meade,Celeste,McNair,Dakotah
Mitchell,Breonna,Kennedy,Kenyatta,Mitchell,Anfernee
McNair,Nadav,Meade,Celeste,McNair,Dakotah
Mitchell,Chyanne,Kennedy,Kenyatta,Mitchell,Anfernee
Poindexter,Callahan,Llewellyn,Patricia,Poindexter,Kendrick
Mitchell,Makenna,Kennedy,Kenyatta,Mitchell,Anfernee
Poindexter,Dusty,Llewellyn,Patricia,Poindexter,Kendrick
Hilmers,Krupa,Collins,Maureen,Hilmers,Jeb
Poindexter,Justin,Llewellyn,Patricia,Poindexter,Kendrick
Hilmers,Marissa,Collins,Maureen,Hilmers,Jeb
Thorne,Ameer,Gemar,Lila,Thorne,Isiah
Hilmers,Morgen,Collins,Maureen,Hilmers,Jeb
Thorne,Vincent,Gemar,Lila,Thorne,Isiah
Hilmers,Isamar,Collins,Maureen,Hilmers,Jeb
Thorne,Chase,Gemar,Lila,Thorne,Isiah
Hilmers,Sasha,Collins,Maureen,Hilmers,Jeb
Thorne,Montana,Gemar,Lila,Thorne,Isiah
Blaha,Alexis,Harrison,Aubree,Blaha,Karl
Thorne,Cade,Gemar,Lila,Thorne,Isiah
Blaha,Stephany,Harrison,Aubree,Blaha,Karl
Thorne,Bennett,Gemar,Lila,Thorne,Isiah
Blaha,Denise,Harrison,Aubree,Blaha,Karl
Thorne,Tommy,Gemar,Lila,Thorne,Isiah
Blaha,Keara,Harrison,Aubree,Blaha,Karl
Thorne,Byron,Gemar,Lila,Thorne,Isiah
Blaha,Baylee,Harrison,Aubree,Blaha,Karl
Thorne,Damian,Gemar,Lila,Thorne,Isiah
Blaha,Kallee,Harrison,Aubree,Blaha,Karl
Thorne,Reginald,Gemar,Lila,Thorne,Isiah
Blaha,Adriana,Harrison,Aubree,Blaha,Karl
Wolf,Dean,McMonagle,Maire,Wolf,Demarcus
Blaha,Chynna,Harrison,Aubree,Blaha,Karl
Wolf,Korey,McMonagle,Maire,Wolf,Demarcus
Blaha,Stormy,Harrison,Aubree,Blaha,Karl
Wolf,Santana,McMonagle,Maire,Wolf,Demarcus
Caldwell,Laura,Jett,Ann,Caldwell,Javen
Wolf,Andre,McMonagle,Maire,Wolf,Demarcus
Caldwell,Alexi,Jett,Ann,Caldwell,Javen
Wolf,Wanya,McMonagle,Maire,Wolf,Demarcus
Caldwell,Guadalupe,Jett,Ann,Caldwell,Javen
Wolf,Landin,McMonagle,Maire,Wolf,Demarcus
Caldwell,Melody,Jett,Ann,Caldwell,Javen
Wolf,Daequan,McMonagle,Maire,Wolf,Demarcus
Caldwell,Brynn,Jett,Ann,Caldwell,Javen
Wolf,Melvin,McMonagle,Maire,Wolf,Demarcus
Caldwell,Kyla,Jett,Ann,Caldwell,Javen
Mitchell,Edwin,Kennedy,Kenyatta,Mitchell,Anfernee
Gutierrez,Cara,Akers,Siarra,Gutierrez,Jaquan
Hilmers,Barry,Collins,Maureen,Hilmers,Jeb
Gutierrez,Emerald,Akers,Siarra,Gutierrez,Jaquan
Hilmers,Brodie,Collins,Maureen,Hilmers,Jeb
Gutierrez,Klarisa,Akers,Siarra,Gutierrez,Jaquan
Hilmers,Diamond,Collins,Maureen,Hilmers,Jeb
Gutierrez,Khaliah,Akers,Siarra,Gutierrez,Jaquan
Hilmers,Timothy,Collins,Maureen,Hilmers,Jeb
Gutierrez,Emilee,Akers,Siarra,Gutierrez,Jaquan
Hilmers,Preston,Collins,Maureen,Hilmers,Jeb
Gutierrez,Tatum,Akers,Siarra,Gutierrez,Jaquan
Hilmers,Rasheed,Collins,Maureen,Hilmers,Jeb
Aldrin,Nallely,Mitchell,Lizette,Aldrin,Thaddeus
Hilmers,Nicholas,Collins,Maureen,Hilmers,Jeb
Thornton,Audra,Irwin,Madison,Thornton,Adalberto
Hilmers,Marcus,Collins,Maureen,Hilmers,Jeb
Thornton,Alexa,Irwin,Madison,Thornton,Adalberto
Hilmers,Roy,Collins,Maureen,Hilmers,Jeb
Thornton,Cheyanne,Irwin,Madison,Thornton,Adalberto
Blaha,Marco,Harrison,Aubree,Blaha,Karl
Clark,Gabriella,Irwin,Jaden,Clark,Denzell
Blaha,Oren,Harrison,Aubree,Blaha,Karl
Clark,Damaris,Irwin,Jaden,Clark,Denzell
Blaha,Lance,Harrison,Aubree,Blaha,Karl
Clark,Ashanti,Irwin,Jaden,Clark,Denzell
Blaha,Issac,Harrison,Aubree,Blaha,Karl
Irwin,Bonnie,Henize,Jaymi,Irwin,Alexander
Blaha,Daylon,Harrison,Aubree,Blaha,Karl
Irwin,Kyra,Henize,Jaymi,Irwin,Alexander
Blaha,Sutton,Harrison,Aubree,Blaha,Karl
Irwin,Regina,Henize,Jaymi,Irwin,Alexander
Blaha,Lamar,Harrison,Aubree,Blaha,Karl
Irwin,Kenzie,Henize,Jaymi,Irwin,Alexander
Blaha,Aaron,Harrison,Aubree,Blaha,Karl
Irwin,Stephania,Henize,Jaymi,Irwin,Alexander
Caldwell,Conner,Jett,Ann,Caldwell,Javen
Irwin,Karyna,Henize,Jaymi,Irwin,Alexander
Caldwell,Ronald,Jett,Ann,Caldwell,Javen
Irwin,Macy,Henize,Jaymi,Irwin,Alexander
Caldwell,Campbell,Jett,Ann,Caldwell,Javen
Irwin,Jonae,Henize,Jaymi,Irwin,Alexander
Caldwell,Lane,Jett,Ann,Caldwell,Javen
Irwin,Elizabeth,Henize,Anitra,Irwin,Raymond
Caldwell,Shea,Jett,Ann,Caldwell,Javen
Irwin,Marilyn,Henize,Anitra,Irwin,Raymond
Caldwell,Guy,Jett,Ann,Caldwell,Javen
Irwin,Moesha,Henize,Anitra,Irwin,Raymond
Caldwell,Austen,Jett,Ann,Caldwell,Javen
Irwin,Raegan,Henize,Anitra,Irwin,Raymond
Caldwell,Reuben,Jett,Ann,Caldwell,Javen
Irwin,Rikki,Henize,Anitra,Irwin,Raymond
Gutierrez,Emilio,Akers,Siarra,Gutierrez,Jaquan
Irwin,Lesley,Henize,Marissa,Irwin,Benito
Gutierrez,Bennie,Akers,Siarra,Gutierrez,Jaquan
Irwin,Maricarmen,Henize,Marissa,Irwin,Benito
Gutierrez,Gavin,Akers,Siarra,Gutierrez,Jaquan
Henize,Khaliah,Irwin,Elida,Henize,Jamie
Gutierrez,Misael,Akers,Siarra,Gutierrez,Jaquan
Henize,Alexa,Irwin,Elida,Henize,Jamie
Gutierrez,Rodney,Akers,Siarra,Gutierrez,Jaquan
Henize,Hayley,Irwin,Elida,Henize,Jamie
Gutierrez,Jashua,Akers,Siarra,Gutierrez,Jaquan
Henize,Carlie,Irwin,Elida,Henize,Jamie
Gutierrez,Mickey,Akers,Siarra,Gutierrez,Jaquan
Henize,Ashlynn,Irwin,Shirley,Henize,Abel
Gutierrez,Rashaun,Akers,Siarra,Gutierrez,Jaquan
Henize,Danielle,Irwin,Shirley,Henize,Abel
Gutierrez,Jeremy,Akers,Siarra,Gutierrez,Jaquan
Henize,Tasia,Irwin,Shirley,Henize,Abel
Gutierrez,Triston,Akers,Siarra,Gutierrez,Jaquan
Henize,Sasha,Irwin,Shirley,Henize,Abel
Aldrin,Neftaly,Mitchell,Lizette,Aldrin,Thaddeus
Henize,Blake,Irwin,Shirley,Henize,Abel
Aldrin,Ivan,Mitchell,Lizette,Aldrin,Thaddeus
Henize,Madelyne,Irwin,Shirley,Henize,Abel
Aldrin,Ralph,Mitchell,Lizette,Aldrin,Thaddeus
Henize,Kaitlyn,Irwin,Shirley,Henize,Abel
Aldrin,Zane,Mitchell,Lizette,Aldrin,Thaddeus
Henize,Kylee,Irwin,Cali,Henize,Elliot
Aldrin,Dimitri,Mitchell,Lizette,Aldrin,Thaddeus
Henize,Logan,Irwin,Cali,Henize,Elliot
Aldrin,Valentin,Mitchell,Lizette,Aldrin,Thaddeus
Henize,Leigh,Irwin,Cali,Henize,Elliot
Thornton,Marlon,Irwin,Madison,Thornton,Adalberto
Henize,Lori,Irwin,Cali,Henize,Elliot
Thornton,Ezra,Irwin,Madison,Thornton,Adalberto
Henize,Caitriona,Irwin,Cali,Henize,Elliot
Thornton,Angel,Irwin,Madison,Thornton,Adalberto
Henize,Alysia,Irwin,Cali,Henize,Elliot
Clark,Christophe,Irwin,Jaden,Clark,Denzell
Henize,Desaree,Irwin,Cali,Henize,Elliot
Clark,Alonzo,Irwin,Jaden,Clark,Denzell
Henize,Priscilla,Gibson,Kelly,Henize,Anfernee
Clark,Ronald,Irwin,Jaden,Clark,Denzell
Henize,Estrella,Gibson,Kelly,Henize,Anfernee
Irwin,Bradly,Henize,Jaymi,Irwin,Alexander
Henize,Tiana,Gibson,Kelly,Henize,Anfernee
Irwin,Abraham,Henize,Jaymi,Irwin,Alexander
Henize,Raquel,Gibson,Kelly,Henize,Anfernee
Irwin,Aaron,Henize,Jaymi,Irwin,Alexander
Henize,Emerald,Gibson,Kelly,Henize,Anfernee
Irwin,Rodney,Henize,Jaymi,Irwin,Alexander
Henize,Myra,Gibson,Linsey,Henize,Colin
Irwin,Marquise,Henize,Jaymi,Irwin,Alexander
Henize,Devany,Gibson,Linsey,Henize,Colin
Irwin,Shaun,Henize,Jaymi,Irwin,Alexander
Henize,Iman,Gibson,Linsey,Henize,Colin
Irwin,Jerome,Henize,Jaymi,Irwin,Alexander
Henize,Susan,Gibson,Linsey,Henize,Colin
Irwin,Zachary,Henize,Jaymi,Irwin,Alexander
Henize,Latasha,Gibson,Linsey,Henize,Colin
Irwin,Kelsey,Henize,Anitra,Irwin,Raymond
Henize,Dajah,Gibson,Linsey,Henize,Colin
Irwin,Destin,Henize,Anitra,Irwin,Raymond
Henize,Kenya,Gibson,Linsey,Henize,Colin
Irwin,Kevin,Henize,Anitra,Irwin,Raymond
Henize,Alexandrea,Gibson,Linsey,Henize,Colin
Irwin,Tre,Henize,Anitra,Irwin,Raymond
Henize,Tory,Gibson,Linsey,Henize,Colin
Irwin,Cruz,Henize,Anitra,Irwin,Raymond
Henize,Kate,Gibson,Linsey,Henize,Colin
Irwin,Amari,Henize,Anitra,Irwin,Raymond
Henize,Tabitha,Gibson,Linsey,Henize,Colin
Irwin,Reese,Henize,Anitra,Irwin,Raymond
Henize,Keosha,Gibson,Linsey,Henize,Colin
Irwin,Elliott,Henize,Anitra,Irwin,Raymond
Henize,Mileena,Gibson,Yazmin,Henize,Zachery
Irwin,Isaias,Henize,Anitra,Irwin,Raymond
Henize,Giselle,Gibson,Yazmin,Henize,Zachery
Irwin,Charles,Henize,Marissa,Irwin,Benito
Henize,Eden,Gibson,Yazmin,Henize,Zachery
Henize,Stewart,Irwin,Elida,Henize,Jamie
Henize,Emilia,Gibson,Yazmin,Henize,Zachery
Henize,Mauricio,Irwin,Elida,Henize,Jamie
Henize,Makenzie,Gibson,Yazmin,Henize,Zachery
Henize,Nathaniel,Irwin,Elida,Henize,Jamie
Henize,Kaylyn,Gibson,Yazmin,Henize,Zachery
Henize,Esteban,Irwin,Shirley,Henize,Abel
Henize,Shania,Gibson,Yazmin,Henize,Zachery
Henize,Jovan,Irwin,Shirley,Henize,Abel
Henize,Mackenzie,Gibson,Yazmin,Henize,Zachery
Henize,Jarrod,Irwin,Shirley,Henize,Abel
Henize,Marivel,Gibson,Yazmin,Henize,Zachery
Henize,Bjorn,Irwin,Shirley,Henize,Abel
Henize,Kaleigh,Gibson,Kirstin,Henize,Jawaun
Henize,Deonta,Irwin,Shirley,Henize,Abel
Henize,Candice,Gibson,Kirstin,Henize,Jawaun
Henize,Gilberto,Irwin,Shirley,Henize,Abel
Henize,Lorena,Gibson,Kirstin,Henize,Jawaun
Henize,Steven,Irwin,Shirley,Henize,Abel
Henize,Tatiana,Gibson,Kirstin,Henize,Jawaun
Henize,Lauren,Irwin,Shirley,Henize,Abel
Henize,Rose,Gibson,Kirstin,Henize,Jawaun
Henize,Moises,Irwin,Shirley,Henize,Abel
Henize,Ana,Gibson,Mari,Henize,Derek
Henize,Ibrahim,Irwin,Shirley,Henize,Abel
Henize,Rayna,Gibson,Mari,Henize,Derek
Henize,Trae,Irwin,Shirley,Henize,Abel
Henize,Xiomara,Gibson,Mari,Henize,Derek
Henize,Bennie,Irwin,Cali,Henize,Elliot
Henize,Alexandra,Gibson,Mari,Henize,Derek
Henize,Enrique,Irwin,Cali,Henize,Elliot
Henize,Aleisha,Gibson,Mari,Henize,Derek
Henize,Abdul,Irwin,Cali,Henize,Elliot
Henize,Whitney,Gibson,Mari,Henize,Derek
Henize,Jessie,Irwin,Cali,Henize,Elliot
Henize,Lenora,Gibson,Mari,Henize,Derek
Henize,Rand,Irwin,Cali,Henize,Elliot
Henize,Karla,Gibson,Mari,Henize,Derek
Henize,Hayes,Gibson,Kelly,Henize,Anfernee
Henize,Katarina,Gibson,Mari,Henize,Derek
Henize,Noe,Gibson,Kelly,Henize,Anfernee
Henize,Debra,Gibson,Mari,Henize,Derek
Henize,Shaun,Gibson,Kelly,Henize,Anfernee
Henize,Yasmeen,Gibson,Mari,Henize,Derek
Henize,Draven,Gibson,Kelly,Henize,Anfernee
Henize,Leann,Gibson,Mari,Henize,Derek
Henize,Gonzalo,Gibson,Kelly,Henize,Anfernee
Henize,Rubi,Gibson,Mari,Henize,Derek
Henize,Colt,Gibson,Kelly,Henize,Anfernee
Henize,Symone,Leestma,Tehya,Henize,Hector
Henize,Daquan,Gibson,Linsey,Henize,Colin
Henize,Angelique,Leestma,Tehya,Henize,Hector
Henize,Dylan,Gibson,Linsey,Henize,Colin
Henize,Kady,Leestma,Tayler,Henize,Bradlee
Henize,Carlos,Gibson,Linsey,Henize,Colin
Henize,Kerri,Leestma,Tayler,Henize,Bradlee
Henize,Nathanael,Gibson,Linsey,Henize,Colin
Henize,Molly,Leestma,Tayler,Henize,Bradlee
Henize,Hugo,Gibson,Yazmin,Henize,Zachery
Henize,Evelin,Leestma,Tayler,Henize,Bradlee
Henize,Melvin,Gibson,Yazmin,Henize,Zachery
Henize,Clarissa,Leestma,Tayler,Henize,Bradlee
Henize,Slaten,Gibson,Yazmin,Henize,Zachery
Henize,Emmily,Leestma,Tayler,Henize,Bradlee
Henize,Jayden,Gibson,Yazmin,Henize,Zachery
Henize,Allison,Leestma,Tayler,Henize,Bradlee
Henize,Edwin,Gibson,Yazmin,Henize,Zachery
Henize,Keri,Leestma,Tayler,Henize,Bradlee
Henize,Roger,Gibson,Yazmin,Henize,Zachery
Henize,Savannah,Leestma,Tayler,Henize,Bradlee
Henize,Courtney,Gibson,Yazmin,Henize,Zachery
Henize,Sheyla,Leestma,Elexus,Henize,Yovani
Henize,Quinn,Gibson,Yazmin,Henize,Zachery
Henize,Merideth,Leestma,Elexus,Henize,Yovani
Henize,Andres,Gibson,Yazmin,Henize,Zachery
Henize,Jensen,Leestma,Elexus,Henize,Yovani
Henize,Langston,Gibson,Kirstin,Henize,Jawaun
Henize,Sharae,Leestma,Elexus,Henize,Yovani
Henize,Darryl,Gibson,Kirstin,Henize,Jawaun
Henize,Laurel,Leestma,Elexus,Henize,Yovani
Henize,Sebastien,Gibson,Kirstin,Henize,Jawaun
Henize,Karli,Leestma,Elexus,Henize,Yovani
Henize,Cole,Gibson,Kirstin,Henize,Jawaun
Gibson,Sarina,Henize,Gabriella,Gibson,Ben
Henize,Neal,Gibson,Kirstin,Henize,Jawaun
Gibson,Adele,Henize,Gabriella,Gibson,Ben
Henize,Rakeem,Gibson,Kirstin,Henize,Jawaun
Gibson,Kayland,Henize,Gabriella,Gibson,Ben
Henize,Kapil,Gibson,Kirstin,Henize,Jawaun
Gibson,Kelsi,Henize,Gabriella,Gibson,Ben
Henize,Taquan,Gibson,Mari,Henize,Derek
Gibson,Kaylyn,Henize,Vanessa,Gibson,Raymond
Henize,Brenton,Gibson,Mari,Henize,Derek
Gibson,Susanna,Henize,Vanessa,Gibson,Raymond
Henize,Mark,Gibson,Mari,Henize,Derek
Gibson,Nora,Henize,Vanessa,Gibson,Raymond
Henize,Geoffrey,Gibson,Mari,Henize,Derek
Gibson,Tamia,Henize,Vanessa,Gibson,Raymond
Henize,Guy,Gibson,Mari,Henize,Derek
Gibson,Angelica,Henize,Vanessa,Gibson,Raymond
Henize,Emerson,Gibson,Mari,Henize,Derek
Gibson,Chardonnay,Henize,Vanessa,Gibson,Raymond
Henize,Myles,Leestma,Tehya,Henize,Hector
Gibson,Jacquelin,Henize,Calandra,Gibson,Cecil
Henize,Rashaun,Leestma,Tehya,Henize,Hector
Gibson,Alysha,Henize,Calandra,Gibson,Cecil
Henize,Savion,Leestma,Tehya,Henize,Hector
Gibson,Joelle,Henize,Calandra,Gibson,Cecil
Henize,Rene,Leestma,Tehya,Henize,Hector
Gibson,Jami,Henize,Calandra,Gibson,Cecil
Henize,Rex,Leestma,Tehya,Henize,Hector
Gibson,Roslyn,Henize,Calandra,Gibson,Cecil
Henize,Demarco,Leestma,Tayler,Henize,Bradlee
Gibson,Valerie,Henize,Calandra,Gibson,Cecil
Henize,Tavon,Leestma,Tayler,Henize,Bradlee
Gibson,Mallory,Henize,Calandra,Gibson,Cecil
Henize,Elvin,Leestma,Tayler,Henize,Bradlee
Gibson,Gladys,Henize,Calandra,Gibson,Cecil
Henize,Julius,Leestma,Tayler,Henize,Bradlee
Gibson,Yesenia,McNair,Taryn,Gibson,Jalen
Henize,Zachary,Leestma,Tayler,Henize,Bradlee
Gibson,Jill,McNair,Taryn,Gibson,Jalen
Henize,Idris,Leestma,Tayler,Henize,Bradlee
Gibson,Joceline,McNair,Taryn,Gibson,Jalen
Henize,Thomas,Leestma,Tayler,Henize,Bradlee
Gibson,Simone,McNair,Taryn,Gibson,Jalen
Henize,Carson,Leestma,Tayler,Henize,Bradlee
Gibson,Maryann,McNair,Taryn,Gibson,Jalen
Henize,Roman,Leestma,Tayler,Henize,Bradlee
Gibson,Suzanne,McNair,Taryn,Gibson,Jalen
Henize,Jasen,Leestma,Tayler,Henize,Bradlee
Gibson,Kimberlee,McNair,Taryn,Gibson,Jalen
Henize,Ward,Leestma,Elexus,Henize,Yovani
Gibson,Arianna,McNair,Taryn,Gibson,Jalen
Henize,Joe,Leestma,Elexus,Henize,Yovani
Gibson,Rayven,Poindexter,Brecken,Gibson,Fabian
Henize,Tom,Leestma,Elexus,Henize,Yovani
Gibson,Dominique,Poindexter,Brecken,Gibson,Fabian
Henize,Houston,Leestma,Elexus,Henize,Yovani
Gibson,Sania,Poindexter,Brecken,Gibson,Fabian
Henize,Guillermo,Leestma,Elexus,Henize,Yovani
Gibson,Zaria,Poindexter,Brecken,Gibson,Fabian
Henize,Migel,Leestma,Elexus,Henize,Yovani
Gibson,Angel,Poindexter,Brecken,Gibson,Fabian
Henize,Byron,Leestma,Elexus,Henize,Yovani
Gibson,Francesca,Poindexter,Makena,Gibson,Maximillia
Henize,Francesco,Leestma,Elexus,Henize,Yovani
Gibson,Destiana,Poindexter,Makena,Gibson,Maximillia
Henize,Casey,Leestma,Elexus,Henize,Yovani
Gibson,Nadia,Poindexter,Makena,Gibson,Maximillia
Henize,Drake,Leestma,Elexus,Henize,Yovani
Gibson,Joan,Poindexter,Makena,Gibson,Maximillia
Henize,Kamau,Leestma,Elexus,Henize,Yovani
Gibson,Hana,Poindexter,Blanca,Gibson,Stanley
Gibson,Garret,Henize,Gabriella,Gibson,Ben
Gibson,Dixie,Poindexter,Blanca,Gibson,Stanley
Gibson,Jamar,Henize,Gabriella,Gibson,Ben
Gibson,Melanie,Poindexter,Blanca,Gibson,Stanley
Gibson,Kayle,Henize,Vanessa,Gibson,Raymond
Gibson,Calandra,Poindexter,Blanca,Gibson,Stanley
Gibson,Micah,Henize,Vanessa,Gibson,Raymond
Gibson,Aylssa,Thorne,Katy,Gibson,Brogan
Gibson,Keshaun,Henize,Vanessa,Gibson,Raymond
Gibson,Trisha,Thorne,Katy,Gibson,Brogan
Gibson,Asa,Henize,Vanessa,Gibson,Raymond
Gibson,Malina,Thorne,Katy,Gibson,Brogan
Gibson,Martin,Henize,Vanessa,Gibson,Raymond
Gibson,Jenniffer,Thorne,Katy,Gibson,Brogan
Gibson,Dusty,Henize,Vanessa,Gibson,Raymond
Gibson,Sidney,Thorne,Katy,Gibson,Brogan
Gibson,Peter,Henize,Calandra,Gibson,Cecil
Gibson,April,Thorne,Katy,Gibson,Brogan
Gibson,Ignacio,Henize,Calandra,Gibson,Cecil
Gibson,Christine,Thorne,Katy,Gibson,Brogan
Gibson,Lauren,Henize,Calandra,Gibson,Cecil
Gibson,Heidi,Thorne,Lianna,Gibson,Jovon
Gibson,Aleksandr,McNair,Taryn,Gibson,Jalen
Gibson,Magdalena,Thorne,Lianna,Gibson,Jovon
Gibson,Roland,McNair,Taryn,Gibson,Jalen
Gibson,Juanita,Thorne,Lianna,Gibson,Jovon
Gibson,Anibal,McNair,Taryn,Gibson,Jalen
Gibson,Sky,Thorne,Lianna,Gibson,Jovon
Gibson,Lorenzo,McNair,Taryn,Gibson,Jalen
Gibson,Rochelle,Thorne,Lianna,Gibson,Jovon
Gibson,Cory,Poindexter,Brecken,Gibson,Fabian
Gibson,Janette,Thorne,Yasmin,Gibson,Edgardo
Gibson,Bill,Poindexter,Brecken,Gibson,Fabian
Gibson,Tayla,Thorne,Yasmin,Gibson,Edgardo
Gibson,Reginald,Poindexter,Brecken,Gibson,Fabian
Gibson,Jeanna,Thorne,Camila,Gibson,Derrick
Gibson,Rodolfo,Poindexter,Makena,Gibson,Maximillia
Gibson,Ansley,Thorne,Camila,Gibson,Derrick
Gibson,Samual,Poindexter,Makena,Gibson,Maximillia
Gibson,Kristi,Thorne,Camila,Gibson,Derrick
Gibson,Adalberto,Poindexter,Makena,Gibson,Maximillia
Gibson,Melisa,Thorne,Camila,Gibson,Derrick
Gibson,Weston,Poindexter,Makena,Gibson,Maximillia
Gibson,Khyla,Thorne,Camila,Gibson,Derrick
Gibson,Patrick,Poindexter,Makena,Gibson,Maximillia
Gibson,Laurel,Thorne,Katelyn,Gibson,Steven
Gibson,Mathew,Poindexter,Makena,Gibson,Maximillia
Gibson,Darrian,Thorne,Katelyn,Gibson,Steven
Gibson,Myles,Poindexter,Makena,Gibson,Maximillia
Gibson,Jazmine,Thorne,Katelyn,Gibson,Steven
Gibson,Nour,Poindexter,Makena,Gibson,Maximillia
Gibson,Valeria,Wolf,Anne,Gibson,Shawn
Gibson,Montana,Poindexter,Makena,Gibson,Maximillia
Gibson,Suzanna,Wolf,Anne,Gibson,Shawn
Gibson,Gabriel,Poindexter,Blanca,Gibson,Stanley
Gibson,Chyanne,Wolf,Anne,Gibson,Shawn
Gibson,Jonah,Poindexter,Blanca,Gibson,Stanley
Gibson,Desteny,Wolf,Anne,Gibson,Shawn
Gibson,Destin,Poindexter,Blanca,Gibson,Stanley
Gibson,Ashlee,Wolf,Anne,Gibson,Shawn
Gibson,Markus,Poindexter,Blanca,Gibson,Stanley
Gibson,Yadira,Wolf,Anne,Gibson,Shawn
Gibson,Israel,Thorne,Katy,Gibson,Brogan
Gibson,Vera,Wolf,Anne,Gibson,Shawn
Gibson,Alec,Thorne,Katy,Gibson,Brogan
Gibson,Scarlett,Wolf,Anne,Gibson,Shawn
Gibson,Kevon,Thorne,Katy,Gibson,Brogan
Gibson,Larissa,Wolf,Anne,Gibson,Shawn
Gibson,Ezequiel,Thorne,Katy,Gibson,Brogan
Gibson,Keri,Wolf,Anne,Gibson,Shawn
Gibson,Ezekiel,Thorne,Katy,Gibson,Brogan
Gibson,Lexy,Wolf,Anne,Gibson,Shawn
Gibson,Kenyon,Thorne,Katy,Gibson,Brogan
Gibson,Maryssa,Wolf,Anne,Gibson,Shawn
Gibson,Malachi,Thorne,Katy,Gibson,Brogan
Gibson,Kaitlyn,Wolf,Anne,Gibson,Shawn
Gibson,Johnathan,Thorne,Katy,Gibson,Brogan
Gibson,Holland,Wolf,Anne,Gibson,Shawn
Gibson,Alfonso,Thorne,Katy,Gibson,Brogan
Leestma,Irene,Wolf,Teagan,Leestma,Bradlee
Gibson,Luciano,Thorne,Lianna,Gibson,Jovon
Leestma,Lesly,Wolf,Teagan,Leestma,Bradlee
Gibson,Arjun,Thorne,Lianna,Gibson,Jovon
Leestma,Chastity,Wolf,Teagan,Leestma,Bradlee
Gibson,Graham,Thorne,Lianna,Gibson,Jovon
Leestma,Brittany,Wolf,Teagan,Leestma,Bradlee
Gibson,Jajuan,Thorne,Lianna,Gibson,Jovon
Leestma,Alysa,Wolf,Rita,Leestma,Colbey
Gibson,Eric,Thorne,Lianna,Gibson,Jovon
Leestma,Rosemary,Wolf,Rita,Leestma,Colbey
Gibson,Errol,Thorne,Lianna,Gibson,Jovon
Leestma,Bridgett,Wolf,Rita,Leestma,Colbey
Gibson,Brad,Thorne,Lianna,Gibson,Jovon
Leestma,Tiera,Wolf,Rita,Leestma,Colbey
Gibson,Zackery,Thorne,Yasmin,Gibson,Edgardo
Leestma,Breona,Wolf,Rita,Leestma,Colbey
Gibson,Larry,Thorne,Yasmin,Gibson,Edgardo
Leestma,Cheryl,Mitchell,Cheyann,Leestma,Shea
Gibson,Gerardo,Thorne,Yasmin,Gibson,Edgardo
Leestma,Sheyla,Mitchell,Cheyann,Leestma,Shea
Gibson,Tracy,Thorne,Yasmin,Gibson,Edgardo
McNair,Tiana,Mitchell,Breonna,McNair,Lamonte
Gibson,Adonis,Thorne,Yasmin,Gibson,Edgardo
McNair,Lorena,Mitchell,Breonna,McNair,Lamonte
Gibson,Jerome,Thorne,Yasmin,Gibson,Edgardo
McNair,Amari,Mitchell,Chyanne,McNair,Nadav
Gibson,Wade,Thorne,Yasmin,Gibson,Edgardo
McNair,Jayda,Mitchell,Chyanne,McNair,Nadav
Gibson,Justyn,Thorne,Camila,Gibson,Derrick
Poindexter,Joleen,Mitchell,Makenna,Poindexter,Callahan
Gibson,Dedrick,Thorne,Camila,Gibson,Derrick
Poindexter,Breonna,Mitchell,Makenna,Poindexter,Callahan
Gibson,Kirkland,Thorne,Camila,Gibson,Derrick
Poindexter,Elaina,Mitchell,Makenna,Poindexter,Callahan
Gibson,Leo,Thorne,Camila,Gibson,Derrick
Poindexter,Sania,Mitchell,Makenna,Poindexter,Callahan
Gibson,Sammie,Thorne,Katelyn,Gibson,Steven
Poindexter,Kiarra,Mitchell,Makenna,Poindexter,Callahan
Gibson,Alberto,Wolf,Anne,Gibson,Shawn
Poindexter,Chelsey,Mitchell,Makenna,Poindexter,Callahan
Gibson,Beau,Wolf,Anne,Gibson,Shawn
Poindexter,Felicia,Mitchell,Makenna,Poindexter,Callahan
Gibson,Kapil,Wolf,Anne,Gibson,Shawn
Poindexter,Moesha,Mitchell,Makenna,Poindexter,Callahan
Gibson,Jeff,Wolf,Anne,Gibson,Shawn
Poindexter,Joceline,Mitchell,Makenna,Poindexter,Callahan
Gibson,Isaac,Wolf,Anne,Gibson,Shawn
Poindexter,Carmela,Mitchell,Makenna,Poindexter,Callahan
Leestma,Cody,Wolf,Alaina,Leestma,Louis
Poindexter,Amna,Mitchell,Makenna,Poindexter,Callahan
Leestma,Treshaun,Wolf,Alaina,Leestma,Louis
Poindexter,Skyler,Mitchell,Makenna,Poindexter,Callahan
Leestma,Gunner,Wolf,Alaina,Leestma,Louis
Poindexter,Daija,Hilmers,Krupa,Poindexter,Dusty
Leestma,Nathanael,Wolf,Teagan,Leestma,Bradlee
Poindexter,Sheridan,Hilmers,Marissa,Poindexter,Justin
Leestma,Johnathen,Wolf,Rita,Leestma,Colbey
Poindexter,Stacie,Hilmers,Marissa,Poindexter,Justin
Leestma,Camden,Wolf,Rita,Leestma,Colbey
Poindexter,Maison,Hilmers,Marissa,Poindexter,Justin
Leestma,Ibrahim,Wolf,Rita,Leestma,Colbey
Poindexter,Samantha,Hilmers,Marissa,Poindexter,Justin
Leestma,Alek,Wolf,Rita,Leestma,Colbey
Poindexter,Gabrielle,Hilmers,Marissa,Poindexter,Justin
Leestma,Coleman,Mitchell,Cheyann,Leestma,Shea
Poindexter,Tania,Hilmers,Marissa,Poindexter,Justin
Leestma,Eli,Mitchell,Cheyann,Leestma,Shea
Thorne,Keana,Hilmers,Morgen,Thorne,Ameer
McNair,Silas,Mitchell,Breonna,McNair,Lamonte
Thorne,Brooklyn,Hilmers,Morgen,Thorne,Ameer
McNair,Leroy,Mitchell,Breonna,McNair,Lamonte
Thorne,Tianna,Hilmers,Morgen,Thorne,Ameer
McNair,Felix,Mitchell,Breonna,McNair,Lamonte
Thorne,Halee,Hilmers,Morgen,Thorne,Ameer
McNair,Grant,Mitchell,Chyanne,McNair,Nadav
Thorne,Celina,Hilmers,Morgen,Thorne,Ameer
Poindexter,Casey,Mitchell,Makenna,Poindexter,Callahan
Thorne,Holli,Hilmers,Morgen,Thorne,Ameer
Poindexter,Raul,Mitchell,Makenna,Poindexter,Callahan
Thorne,Charlene,Hilmers,Morgen,Thorne,Ameer
Poindexter,Roger,Mitchell,Makenna,Poindexter,Callahan
Thorne,Samantha,Hilmers,Morgen,Thorne,Ameer
Poindexter,Mitchell,Mitchell,Makenna,Poindexter,Callahan
Thorne,Terra,Hilmers,Morgen,Thorne,Ameer
Poindexter,Jaylin,Mitchell,Makenna,Poindexter,Callahan
Thorne,Kaira,Hilmers,Morgen,Thorne,Ameer
Poindexter,Diamond,Mitchell,Makenna,Poindexter,Callahan
Thorne,Rachael,Hilmers,Morgen,Thorne,Ameer
Poindexter,Babyboy,Mitchell,Makenna,Poindexter,Callahan
Thorne,Cheyanna,Hilmers,Isamar,Thorne,Vincent
Poindexter,Alfonso,Mitchell,Makenna,Poindexter,Callahan
Thorne,Cody,Hilmers,Isamar,Thorne,Vincent
Poindexter,Devaughn,Hilmers,Krupa,Poindexter,Dusty
Thorne,Keri,Hilmers,Isamar,Thorne,Vincent
Poindexter,Dakotah,Hilmers,Krupa,Poindexter,Dusty
Thorne,Madalyn,Hilmers,Isamar,Thorne,Vincent
Poindexter,Brett,Hilmers,Krupa,Poindexter,Dusty
Thorne,Aria,Hilmers,Isamar,Thorne,Vincent
Poindexter,Darrell,Hilmers,Marissa,Poindexter,Justin
Thorne,Yoana,Hilmers,Isamar,Thorne,Vincent
Poindexter,Emmett,Hilmers,Marissa,Poindexter,Justin
Thorne,Jaymie,Hilmers,Isamar,Thorne,Vincent
Poindexter,Donald,Hilmers,Marissa,Poindexter,Justin
Thorne,Kristyn,Hilmers,Sasha,Thorne,Chase
Poindexter,Neil,Hilmers,Marissa,Poindexter,Justin
Thorne,Rylee,Hilmers,Sasha,Thorne,Chase
Poindexter,Humberto,Hilmers,Marissa,Poindexter,Justin
Thorne,Ashlyn,Hilmers,Sasha,Thorne,Chase
Poindexter,Mathew,Hilmers,Marissa,Poindexter,Justin
Thorne,Corina,Hilmers,Sasha,Thorne,Chase
Poindexter,Johnny,Hilmers,Marissa,Poindexter,Justin
Thorne,Kelsi,Hilmers,Sasha,Thorne,Chase
Thorne,Jeff,Hilmers,Morgen,Thorne,Ameer
Thorne,Jaymi,Hilmers,Sasha,Thorne,Chase
Thorne,Callahan,Hilmers,Morgen,Thorne,Ameer
Thorne,Cherie,Blaha,Alexis,Thorne,Montana
Thorne,Allan,Hilmers,Morgen,Thorne,Ameer
Thorne,Hunter,Blaha,Alexis,Thorne,Montana
Thorne,Dedrick,Hilmers,Morgen,Thorne,Ameer
Thorne,Margo,Blaha,Alexis,Thorne,Montana
Thorne,Reece,Hilmers,Morgen,Thorne,Ameer
Thorne,Khaliah,Blaha,Alexis,Thorne,Montana
Thorne,Ernesto,Hilmers,Morgen,Thorne,Ameer
Thorne,Shari,Blaha,Alexis,Thorne,Montana
Thorne,Gilbert,Hilmers,Morgen,Thorne,Ameer
Thorne,Katerina,Blaha,Alexis,Thorne,Montana
Thorne,Jamari,Hilmers,Isamar,Thorne,Vincent
Thorne,Maryssa,Blaha,Alexis,Thorne,Montana
Thorne,Francesco,Hilmers,Isamar,Thorne,Vincent
Thorne,Liana,Blaha,Alexis,Thorne,Montana
Thorne,Ronny,Hilmers,Isamar,Thorne,Vincent
Thorne,Ayla,Blaha,Alexis,Thorne,Montana
Thorne,Barrett,Hilmers,Isamar,Thorne,Vincent
Thorne,Devon,Blaha,Alexis,Thorne,Montana
Thorne,Gustavo,Hilmers,Isamar,Thorne,Vincent
Thorne,Darcy,Blaha,Alexis,Thorne,Montana
Thorne,Shawn,Hilmers,Isamar,Thorne,Vincent
Thorne,Doris,Blaha,Stephany,Thorne,Cade
Thorne,Omar,Hilmers,Isamar,Thorne,Vincent
Thorne,Kyana,Blaha,Stephany,Thorne,Cade
Thorne,Russell,Hilmers,Isamar,Thorne,Vincent
Thorne,Kaycee,Blaha,Stephany,Thorne,Cade
Thorne,Jeremey,Hilmers,Isamar,Thorne,Vincent
Thorne,Leann,Blaha,Stephany,Thorne,Cade
Thorne,Wilson,Hilmers,Isamar,Thorne,Vincent
Thorne,Tiona,Blaha,Denise,Thorne,Bennett
Thorne,Kirkland,Hilmers,Isamar,Thorne,Vincent
Thorne,Lizette,Blaha,Denise,Thorne,Bennett
Thorne,Ervin,Hilmers,Sasha,Thorne,Chase
Thorne,Kathleen,Blaha,Denise,Thorne,Bennett
Thorne,Heriberto,Hilmers,Sasha,Thorne,Chase
Thorne,Nyasia,Blaha,Keara,Thorne,Tommy
Thorne,Tristen,Hilmers,Sasha,Thorne,Chase
Thorne,Lea,Blaha,Keara,Thorne,Tommy
Thorne,Clayton,Hilmers,Sasha,Thorne,Chase
Thorne,Estefani,Blaha,Keara,Thorne,Tommy
Thorne,Anfernee,Hilmers,Sasha,Thorne,Chase
Thorne,Ashleigh,Blaha,Keara,Thorne,Tommy
Thorne,Patric,Hilmers,Sasha,Thorne,Chase
Thorne,Kaci,Blaha,Keara,Thorne,Tommy
Thorne,Tucker,Hilmers,Sasha,Thorne,Chase
Thorne,Lynn,Blaha,Keara,Thorne,Tommy
Thorne,Jairo,Blaha,Alexis,Thorne,Montana
Thorne,Kirstie,Blaha,Keara,Thorne,Tommy
Thorne,Ulysses,Blaha,Alexis,Thorne,Montana
Thorne,Asha,Blaha,Keara,Thorne,Tommy
Thorne,Draven,Blaha,Alexis,Thorne,Montana
Thorne,Tamra,Blaha,Baylee,Thorne,Byron
Thorne,Augustus,Blaha,Alexis,Thorne,Montana
Thorne,Genevieve,Blaha,Baylee,Thorne,Byron
Thorne,Edward,Blaha,Stephany,Thorne,Cade
Thorne,Dalila,Blaha,Baylee,Thorne,Byron
Thorne,Cecil,Blaha,Stephany,Thorne,Cade
Thorne,Amina,Blaha,Baylee,Thorne,Byron
Thorne,Tre,Blaha,Stephany,Thorne,Cade
Thorne,Edith,Blaha,Baylee,Thorne,Byron
Thorne,Jakob,Blaha,Denise,Thorne,Bennett
Thorne,Tehya,Blaha,Baylee,Thorne,Byron
Thorne,Lauren,Blaha,Keara,Thorne,Tommy
Thorne,Amelia,Blaha,Kallee,Thorne,Damian
Thorne,Stephen,Blaha,Keara,Thorne,Tommy
Thorne,Adrianne,Blaha,Kallee,Thorne,Damian
Thorne,Edgar,Blaha,Keara,Thorne,Tommy
Thorne,Myranda,Blaha,Kallee,Thorne,Damian
Thorne,Keifer,Blaha,Baylee,Thorne,Byron
Thorne,Talia,Blaha,Kallee,Thorne,Damian
Thorne,Marques,Blaha,Baylee,Thorne,Byron
Thorne,Iesha,Blaha,Kallee,Thorne,Damian
Thorne,Charly,Blaha,Baylee,Thorne,Byron
Thorne,Alisa,Blaha,Adriana,Thorne,Reginald
Thorne,Reynaldo,Blaha,Kallee,Thorne,Damian
Wolf,Rachelle,Blaha,Chynna,Wolf,Dean
Thorne,Buford,Blaha,Adriana,Thorne,Reginald
Wolf,Kirstie,Blaha,Chynna,Wolf,Dean
Thorne,Marco,Blaha,Adriana,Thorne,Reginald
Wolf,Delaney,Blaha,Chynna,Wolf,Dean
Wolf,Jaron,Blaha,Chynna,Wolf,Dean
Wolf,Karissa,Blaha,Chynna,Wolf,Dean
Wolf,Jeremiah,Blaha,Chynna,Wolf,Dean
Wolf,Juliette,Blaha,Stormy,Wolf,Korey
Wolf,Esau,Blaha,Stormy,Wolf,Korey
Wolf,Salena,Blaha,Stormy,Wolf,Korey
Wolf,Zachery,Blaha,Stormy,Wolf,Korey
Wolf,Anja,Blaha,Stormy,Wolf,Korey
Wolf,Moses,Blaha,Stormy,Wolf,Korey
Wolf,Yasmeen,Blaha,Stormy,Wolf,Korey
Wolf,Saxon,Blaha,Stormy,Wolf,Korey
Wolf,Celeste,Blaha,Stormy,Wolf,Korey
Wolf,Louis,Blaha,Stormy,Wolf,Korey
Wolf,Alice,Blaha,Stormy,Wolf,Korey
Wolf,Lamonte,Blaha,Stormy,Wolf,Korey
Wolf,Daisy,Caldwell,Laura,Wolf,Santana
Wolf,Franklin,Blaha,Stormy,Wolf,Korey
Wolf,Hadley,Caldwell,Laura,Wolf,Santana
Wolf,Mariano,Blaha,Stormy,Wolf,Korey
Wolf,Elaine,Caldwell,Laura,Wolf,Santana
Wolf,Corey,Blaha,Stormy,Wolf,Korey
Wolf,Alex,Caldwell,Alexi,Wolf,Andre
Wolf,Jed,Blaha,Stormy,Wolf,Korey
Wolf,Leana,Caldwell,Alexi,Wolf,Andre
Wolf,Shaquille,Caldwell,Laura,Wolf,Santana
Wolf,Holland,Caldwell,Alexi,Wolf,Andre
Wolf,Charly,Caldwell,Laura,Wolf,Santana
Wolf,Dorian,Caldwell,Alexi,Wolf,Andre
Wolf,Irfan,Caldwell,Laura,Wolf,Santana
Wolf,Fiona,Caldwell,Alexi,Wolf,Andre
Wolf,Austen,Caldwell,Laura,Wolf,Santana
Wolf,Karyna,Caldwell,Alexi,Wolf,Andre
Wolf,Clinton,Caldwell,Laura,Wolf,Santana
Wolf,Shannon,Caldwell,Alexi,Wolf,Andre
Wolf,Shea,Caldwell,Laura,Wolf,Santana
Wolf,Shanyce,Caldwell,Alexi,Wolf,Andre
Wolf,Jordin,Caldwell,Laura,Wolf,Santana
Wolf,Maeghan,Caldwell,Alexi,Wolf,Andre
Wolf,Liam,Caldwell,Laura,Wolf,Santana
Wolf,Damaris,Caldwell,Alexi,Wolf,Andre
Wolf,Dedrick,Caldwell,Laura,Wolf,Santana
Wolf,Heidy,Caldwell,Alexi,Wolf,Andre
Wolf,Reese,Caldwell,Laura,Wolf,Santana
Wolf,Kirstin,Caldwell,Alexi,Wolf,Andre
Wolf,Forest,Caldwell,Laura,Wolf,Santana
Wolf,Sharae,Caldwell,Alexi,Wolf,Andre
Wolf,Drake,Caldwell,Alexi,Wolf,Andre
Wolf,Hallie,Caldwell,Guadalupe,Wolf,Wanya
Wolf,Shareef,Caldwell,Alexi,Wolf,Andre
Wolf,Mollie,Caldwell,Guadalupe,Wolf,Wanya
Wolf,Donovan,Caldwell,Alexi,Wolf,Andre
Wolf,Tiani,Caldwell,Guadalupe,Wolf,Wanya
Wolf,Erick,Caldwell,Alexi,Wolf,Andre
Wolf,Elsa,Caldwell,Guadalupe,Wolf,Wanya
Wolf,Deandre,Caldwell,Alexi,Wolf,Andre
Wolf,Sherridan,Caldwell,Guadalupe,Wolf,Wanya
Wolf,Joey,Caldwell,Alexi,Wolf,Andre
Wolf,Leslie,Caldwell,Guadalupe,Wolf,Wanya
Wolf,Kurt,Caldwell,Alexi,Wolf,Andre
Wolf,Kiana,Caldwell,Guadalupe,Wolf,Wanya
Wolf,Deleon,Caldwell,Guadalupe,Wolf,Wanya
Wolf,Kayli,Caldwell,Melody,Wolf,Landin
Wolf,Idris,Caldwell,Guadalupe,Wolf,Wanya
Wolf,Bernadette,Caldwell,Melody,Wolf,Landin
Wolf,Layne,Caldwell,Guadalupe,Wolf,Wanya
Wolf,Kaya,Caldwell,Melody,Wolf,Landin
Wolf,Brenden,Caldwell,Guadalupe,Wolf,Wanya
Wolf,Chantel,Caldwell,Melody,Wolf,Landin
Wolf,Fredy,Caldwell,Guadalupe,Wolf,Wanya
Wolf,Minna,Caldwell,Melody,Wolf,Landin
Wolf,Britton,Caldwell,Melody,Wolf,Landin
Wolf,Tiera,Caldwell,Brynn,Wolf,Daequan
Wolf,Trent,Caldwell,Melody,Wolf,Landin
Wolf,Janae,Caldwell,Brynn,Wolf,Daequan
Wolf,Josejuan,Caldwell,Melody,Wolf,Landin
Wolf,Karen,Caldwell,Brynn,Wolf,Daequan
Wolf,Sebastien,Caldwell,Melody,Wolf,Landin
Wolf,Devin,Caldwell,Brynn,Wolf,Daequan
Wolf,Brennan,Caldwell,Melody,Wolf,Landin
Wolf,Christa,Caldwell,Brynn,Wolf,Daequan
Wolf,Darren,Caldwell,Melody,Wolf,Landin
Wolf,Jazmine,Caldwell,Brynn,Wolf,Daequan
Wolf,Devonte,Caldwell,Melody,Wolf,Landin
Wolf,Vivian,Caldwell,Brynn,Wolf,Daequan
Wolf,Sergio,Caldwell,Melody,Wolf,Landin
Wolf,Glenda,Caldwell,Kyla,Wolf,Melvin
Wolf,Patric,Caldwell,Melody,Wolf,Landin
Wolf,Stacie,Caldwell,Kyla,Wolf,Melvin
Wolf,Andy,Caldwell,Melody,Wolf,Landin
Wolf,Toni,Caldwell,Kyla,Wolf,Melvin
Wolf,Ariel,Caldwell,Melody,Wolf,Landin
Wolf,Daesha,Caldwell,Kyla,Wolf,Melvin
Wolf,Juancarlos,Caldwell,Brynn,Wolf,Daequan
Wolf,Hayley,Caldwell,Kyla,Wolf,Melvin
Wolf,Deontae,Caldwell,Brynn,Wolf,Daequan
Wolf,Daniella,Caldwell,Kyla,Wolf,Melvin
Wolf,Forrest,Caldwell,Brynn,Wolf,Daequan
Wolf,Lori,Caldwell,Kyla,Wolf,Melvin
Wolf,Carl,Caldwell,Brynn,Wolf,Daequan
Wolf,Karina,Caldwell,Kyla,Wolf,Melvin
Wolf,Migel,Caldwell,Brynn,Wolf,Daequan
Wolf,Britni,Caldwell,Kyla,Wolf,Melvin
Wolf,Oliver,Caldwell,Brynn,Wolf,Daequan
Wolf,Kaylyn,Caldwell,Kyla,Wolf,Melvin
Wolf,Martin,Caldwell,Brynn,Wolf,Daequan
Wolf,Haley,Caldwell,Kyla,Wolf,Melvin
Wolf,Kamau,Caldwell,Brynn,Wolf,Daequan
Wolf,Joceline,Caldwell,Kyla,Wolf,Melvin
Wolf,Antonio,Caldwell,Brynn,Wolf,Daequan
Mitchell,Kasey,Gutierrez,Cara,Mitchell,Edwin
Wolf,Dustin,Caldwell,Kyla,Wolf,Melvin
Mitchell,Cherokee,Gutierrez,Cara,Mitchell,Edwin
Wolf,Mohamad,Caldwell,Kyla,Wolf,Melvin
Mitchell,Elizabeth,Gutierrez,Cara,Mitchell,Edwin
Wolf,Valentin,Caldwell,Kyla,Wolf,Melvin
Mitchell,Abbigail,Gutierrez,Cara,Mitchell,Edwin
Wolf,Mohammed,Caldwell,Kyla,Wolf,Melvin
Mitchell,Olga,Gutierrez,Cara,Mitchell,Edwin
Wolf,Yair,Caldwell,Kyla,Wolf,Melvin
Hilmers,Skylar,Gutierrez,Emerald,Hilmers,Barry
Wolf,Wilson,Caldwell,Kyla,Wolf,Melvin
Hilmers,Kaylah,Gutierrez,Emerald,Hilmers,Barry
Wolf,Irvin,Caldwell,Kyla,Wolf,Melvin
Hilmers,Meaghan,Gutierrez,Emerald,Hilmers,Barry
Wolf,Rigoberto,Caldwell,Kyla,Wolf,Melvin
Hilmers,Cailin,Gutierrez,Emerald,Hilmers,Barry
Mitchell,Zachary,Gutierrez,Cara,Mitchell,Edwin
Hilmers,Ariel,Gutierrez,Emerald,Hilmers,Barry
Mitchell,Eli,Gutierrez,Cara,Mitchell,Edwin
Hilmers,Anja,Gutierrez,Emerald,Hilmers,Barry
Mitchell,Isaiah,Gutierrez,Cara,Mitchell,Edwin
Hilmers,Joselin,Gutierrez,Emerald,Hilmers,Barry
Mitchell,Estevan,Gutierrez,Cara,Mitchell,Edwin
Hilmers,Mckenzie,Gutierrez,Emerald,Hilmers,Barry
Mitchell,Marco,Gutierrez,Cara,Mitchell,Edwin
Hilmers,Tyra,Gutierrez,Klarisa,Hilmers,Brodie
Mitchell,Terrence,Gutierrez,Cara,Mitchell,Edwin
Hilmers,Breann,Gutierrez,Klarisa,Hilmers,Brodie
Mitchell,Devon,Gutierrez,Cara,Mitchell,Edwin
Hilmers,Brigitte,Gutierrez,Klarisa,Hilmers,Brodie
Hilmers,Osvaldo,Gutierrez,Emerald,Hilmers,Barry
Hilmers,Chastity,Gutierrez,Klarisa,Hilmers,Brodie
Hilmers,Romeo,Gutierrez,Emerald,Hilmers,Barry
Hilmers,Skyler,Gutierrez,Khaliah,Hilmers,Diamond
Hilmers,Anibal,Gutierrez,Emerald,Hilmers,Barry
Hilmers,Shayla,Gutierrez,Khaliah,Hilmers,Diamond
Hilmers,Habram,Gutierrez,Emerald,Hilmers,Barry
Hilmers,Kayle,Gutierrez,Khaliah,Hilmers,Diamond
Hilmers,Jamir,Gutierrez,Emerald,Hilmers,Barry
Hilmers,Austin,Gutierrez,Khaliah,Hilmers,Diamond
Hilmers,Jon,Gutierrez,Klarisa,Hilmers,Brodie
Hilmers,Isadora,Gutierrez,Khaliah,Hilmers,Diamond
Hilmers,Forest,Gutierrez,Klarisa,Hilmers,Brodie
Hilmers,Anthony,Gutierrez,Emilee,Hilmers,Timothy
Hilmers,Gonzalo,Gutierrez,Klarisa,Hilmers,Brodie
Hilmers,Kyndra,Gutierrez,Emilee,Hilmers,Timothy
Hilmers,Corbin,Gutierrez,Khaliah,Hilmers,Diamond
Hilmers,Veronica,Gutierrez,Emilee,Hilmers,Timothy
Hilmers,Erick,Gutierrez,Khaliah,Hilmers,Diamond
Hilmers,Anne,Gutierrez,Emilee,Hilmers,Timothy
Hilmers,Leland,Gutierrez,Khaliah,Hilmers,Diamond
Hilmers,Makenna,Gutierrez,Tatum,Hilmers,Preston
Hilmers,Tre,Gutierrez,Khaliah,Hilmers,Diamond
Hilmers,Jameisha,Gutierrez,Tatum,Hilmers,Preston
Hilmers,Jeremy,Gutierrez,Emilee,Hilmers,Timothy
Hilmers,Marion,Gutierrez,Tatum,Hilmers,Preston
Hilmers,Derek,Gutierrez,Tatum,Hilmers,Preston
Hilmers,Alma,Gutierrez,Tatum,Hilmers,Preston
Hilmers,Quayshawn,Gutierrez,Tatum,Hilmers,Preston
Hilmers,Martha,Gutierrez,Tatum,Hilmers,Preston
Hilmers,Philip,Aldrin,Nallely,Hilmers,Rasheed
Hilmers,Christine,Aldrin,Nallely,Hilmers,Rasheed
Hilmers,Sydney,Aldrin,Nallely,Hilmers,Rasheed
Hilmers,Brecken,Aldrin,Nallely,Hilmers,Rasheed
Hilmers,Dashane,Aldrin,Nallely,Hilmers,Rasheed
Hilmers,Dorothy,Aldrin,Nallely,Hilmers,Rasheed
Hilmers,Jalil,Thornton,Audra,Hilmers,Nicholas
Hilmers,Keirra,Aldrin,Nallely,Hilmers,Rasheed
Hilmers,Conrad,Thornton,Audra,Hilmers,Nicholas
Hilmers,Maryanna,Aldrin,Nallely,Hilmers,Rasheed
Hilmers,Truman,Thornton,Audra,Hilmers,Nicholas
Hilmers,Alexandra,Aldrin,Nallely,Hilmers,Rasheed
Hilmers,Hugh,Thornton,Alexa,Hilmers,Marcus
Hilmers,Sherridan,Thornton,Audra,Hilmers,Nicholas
Hilmers,Jack,Thornton,Alexa,Hilmers,Marcus
Hilmers,Makenzie,Thornton,Audra,Hilmers,Nicholas
Hilmers,Aspen,Thornton,Alexa,Hilmers,Marcus
Hilmers,Heaven,Thornton,Audra,Hilmers,Nicholas
Hilmers,Quanterriu,Thornton,Alexa,Hilmers,Marcus
Hilmers,Paola,Thornton,Audra,Hilmers,Nicholas
Hilmers,Allen,Thornton,Alexa,Hilmers,Marcus
Hilmers,Kandice,Thornton,Audra,Hilmers,Nicholas
Hilmers,Marcos,Thornton,Cheyanne,Hilmers,Roy
Hilmers,Esperanza,Thornton,Audra,Hilmers,Nicholas
Hilmers,Nestor,Thornton,Cheyanne,Hilmers,Roy
Hilmers,Lucia,Thornton,Alexa,Hilmers,Marcus
Hilmers,Seamus,Thornton,Cheyanne,Hilmers,Roy
Hilmers,Sara,Thornton,Alexa,Hilmers,Marcus
Hilmers,Cade,Thornton,Cheyanne,Hilmers,Roy
Hilmers,Linsey,Thornton,Alexa,Hilmers,Marcus
Hilmers,Ladarius,Thornton,Cheyanne,Hilmers,Roy
Hilmers,Cali,Thornton,Alexa,Hilmers,Marcus
Hilmers,Jeremey,Thornton,Cheyanne,Hilmers,Roy
Hilmers,Cindy,Thornton,Alexa,Hilmers,Marcus
Blaha,Mohamad,Clark,Gabriella,Blaha,Marco
Hilmers,Rebeca,Thornton,Alexa,Hilmers,Marcus
Blaha,Douglas,Clark,Gabriella,Blaha,Marco
Hilmers,Britni,Thornton,Alexa,Hilmers,Marcus
Blaha,James,Clark,Gabriella,Blaha,Marco
Hilmers,Deandrea,Thornton,Alexa,Hilmers,Marcus
Blaha,Omar,Clark,Gabriella,Blaha,Marco
Hilmers,Zaria,Thornton,Alexa,Hilmers,Marcus
Blaha,Shane,Clark,Gabriella,Blaha,Marco
Hilmers,Stacie,Thornton,Alexa,Hilmers,Marcus
Blaha,Terrance,Clark,Damaris,Blaha,Oren
Hilmers,Johana,Thornton,Alexa,Hilmers,Marcus
Blaha,Tyreek,Clark,Damaris,Blaha,Oren
Hilmers,Christian,Thornton,Cheyanne,Hilmers,Roy
Blaha,Charly,Clark,Damaris,Blaha,Oren
Hilmers,Desiree,Thornton,Cheyanne,Hilmers,Roy
Blaha,Cedric,Clark,Damaris,Blaha,Oren
Hilmers,Kaci,Thornton,Cheyanne,Hilmers,Roy
Blaha,Deric,Clark,Damaris,Blaha,Oren
Hilmers,Maritza,Thornton,Cheyanne,Hilmers,Roy
Blaha,Tristan,Clark,Damaris,Blaha,Oren
Hilmers,Tasia,Thornton,Cheyanne,Hilmers,Roy
Blaha,Skyler,Clark,Damaris,Blaha,Oren
Hilmers,Robyn,Thornton,Cheyanne,Hilmers,Roy
Blaha,Khalid,Clark,Damaris,Blaha,Oren
Hilmers,Mattea,Thornton,Cheyanne,Hilmers,Roy
Blaha,Jamir,Clark,Damaris,Blaha,Oren
Blaha,Joy,Clark,Gabriella,Blaha,Marco
Blaha,Charles,Clark,Damaris,Blaha,Oren
Blaha,Kaitlynn,Clark,Gabriella,Blaha,Marco
Blaha,Benjamen,Clark,Damaris,Blaha,Oren
Blaha,Violet,Clark,Gabriella,Blaha,Marco
Blaha,Anthony,Clark,Damaris,Blaha,Oren
Blaha,Caitlynn,Clark,Gabriella,Blaha,Marco
