Covey,Josie,Reilly,Tania,Covey,Noe
Chiao,Michelle,Harrison,Kenzie,Chiao,Chadwick
Griggs,Stephanie,Glenn,Alana,Griggs,Devin
Kavandi,Halie,Gibson,Ashleigh,Kavandi,Brannon
Springer,Shayne,Newman,Paula,Springer,Darrion
Fincke,Miracle,Jackson,Esperanza,Fincke,Tommy
Stefanyshyn,Terence,Halsell,Shanique,Stefanyshyn,Garret
Harbaugh,Bonnie,Swanson,Donisha,Harbaugh,Joel
Evans,Mauricio,Gregory,Hope,Evans,Jerry
Still,Brianne,Worden,Khaliah,Still,Gavin
Thuot,Erich,Brandenstein,Sidney,Thuot,Raekwon
Williams,Idaly,Kavandi,Ciarra,Williams,Jamar
See,Titus,Kelly,Jewel,See,Jacques
Loria,Sheridan,Nixon,Kathleen,Loria,Douglas
Hilmers,Malachi,Nowak,Deyaneira,Hilmers,Ulysses
Buchanan,Brynn,Swigert,Luna,Buchanan,Eddie
Roosevelt,Van,McMonagle,Chloie,Roosevelt,Preston
Hoover,Jessica,Fossum,Annette,Hoover,Gary
Worden,Kyler,Freeman,Kaytlyn,Worden,Kolton
Swanson,Kayleen,Gemar,Carson,Swanson,Enoch
Brandenstein,Logan,Still,Zahra,Brandenstein,Tristian
Ferguson,Keana,Woodward,Annika,Ferguson,Johnathon
Henize,Roberto,Fullerton,Keira,Henize,Julius
White,Jonae,O'Leary,Kayla,White,Davin
Covey,Anthoni,Chiao,Michelle,Covey,Josie
Brown,Myesha,Morin,Luz,Brown,Kevin
Covey,Erick,Chiao,Michelle,Covey,Josie
Cleveland,Alexandrea,Harris,Natalee,Cleveland,Wilson
Covey,Jayson,Chiao,Michelle,Covey,Josie
Burbank,Kourtney,Mullane,Maria,Burbank,Dayton
Covey,Luis,Chiao,Michelle,Covey,Josie
Chiao,Cassidy,Smith,Taryn,Chiao,Tavon
Covey,Titus,Chiao,Michelle,Covey,Josie
Schweickart,Hilda,Gardner,Darrian,Schweickart,Taquan
Covey,Kaden,Chiao,Michelle,Covey,Josie
Jones,Ashtyn,Melroy,Jailene,Jones,Victor
Covey,Vincent,Chiao,Michelle,Covey,Josie
Covey,Tory,Chiao,Michelle,Covey,Josie
Covey,Allen,Chiao,Michelle,Covey,Josie
Covey,Kara,Chiao,Michelle,Covey,Josie
Covey,Barrett,Chiao,Michelle,Covey,Josie
Covey,Valentina,Chiao,Michelle,Covey,Josie
Covey,Brendan,Chiao,Michelle,Covey,Josie
Covey,Tamra,Chiao,Michelle,Covey,Josie
Covey,Walker,Chiao,Michelle,Covey,Josie
Covey,Gwendolyn,Chiao,Michelle,Covey,Josie
Covey,Steven,Chiao,Michelle,Covey,Josie
Griggs,Aleasha,Kavandi,Halie,Griggs,Stephanie
Griggs,Grady,Kavandi,Halie,Griggs,Stephanie
Griggs,Berenice,Kavandi,Halie,Griggs,Stephanie
Griggs,Ted,Kavandi,Halie,Griggs,Stephanie
Griggs,Reilly,Kavandi,Halie,Griggs,Stephanie
Griggs,Chadwick,Kavandi,Halie,Griggs,Stephanie
Griggs,Avery,Kavandi,Halie,Griggs,Stephanie
Griggs,Malachi,Kavandi,Halie,Griggs,Stephanie
Griggs,Jaida,Kavandi,Halie,Griggs,Stephanie
Griggs,Armani,Kavandi,Halie,Griggs,Stephanie
Griggs,Libby,Kavandi,Halie,Griggs,Stephanie
Griggs,Kerrick,Kavandi,Halie,Griggs,Stephanie
Griggs,Valencia,Kavandi,Halie,Griggs,Stephanie
Springer,Clinton,Fincke,Miracle,Springer,Shayne
Griggs,Jaymie,Kavandi,Halie,Griggs,Stephanie
Stefanyshyn,Aron,Harbaugh,Bonnie,Stefanyshyn,Terence
Griggs,Mattea,Kavandi,Halie,Griggs,Stephanie
Stefanyshyn,Joan,Harbaugh,Bonnie,Stefanyshyn,Terence
Griggs,Allysa,Kavandi,Halie,Griggs,Stephanie
Stefanyshyn,Mckay,Harbaugh,Bonnie,Stefanyshyn,Terence
Griggs,Aimee,Kavandi,Halie,Griggs,Stephanie
Stefanyshyn,Slaten,Harbaugh,Bonnie,Stefanyshyn,Terence
Springer,Imani,Fincke,Miracle,Springer,Shayne
Stefanyshyn,Izaiah,Harbaugh,Bonnie,Stefanyshyn,Terence
Springer,Cailin,Fincke,Miracle,Springer,Shayne
Stefanyshyn,Dylon,Harbaugh,Bonnie,Stefanyshyn,Terence
Springer,Jana,Fincke,Miracle,Springer,Shayne
Stefanyshyn,Mathew,Harbaugh,Bonnie,Stefanyshyn,Terence
Springer,Asia,Fincke,Miracle,Springer,Shayne
Stefanyshyn,Tyree,Harbaugh,Bonnie,Stefanyshyn,Terence
Springer,Danielle,Fincke,Miracle,Springer,Shayne
Evans,Ignacio,Still,Brianne,Evans,Mauricio
Stefanyshyn,Giovanna,Harbaugh,Bonnie,Stefanyshyn,Terence
Evans,Kapil,Still,Brianne,Evans,Mauricio
Stefanyshyn,Cambria,Harbaugh,Bonnie,Stefanyshyn,Terence
Evans,Rodney,Still,Brianne,Evans,Mauricio
Stefanyshyn,Lenora,Harbaugh,Bonnie,Stefanyshyn,Terence
Evans,Remington,Still,Brianne,Evans,Mauricio
Stefanyshyn,Nia,Harbaugh,Bonnie,Stefanyshyn,Terence
Evans,Ulysses,Still,Brianne,Evans,Mauricio
Stefanyshyn,Kendall,Harbaugh,Bonnie,Stefanyshyn,Terence
Evans,Arturo,Still,Brianne,Evans,Mauricio
Stefanyshyn,Toni,Harbaugh,Bonnie,Stefanyshyn,Terence
Evans,Rafael,Still,Brianne,Evans,Mauricio
Evans,Tatianna,Still,Brianne,Evans,Mauricio
Thuot,Brett,Williams,Idaly,Thuot,Erich
Evans,Aja,Still,Brianne,Evans,Mauricio
Thuot,Freddy,Williams,Idaly,Thuot,Erich
Evans,Katrina,Still,Brianne,Evans,Mauricio
Thuot,Dana,Williams,Idaly,Thuot,Erich
Evans,Carmen,Still,Brianne,Evans,Mauricio
Thuot,Roger,Williams,Idaly,Thuot,Erich
Evans,Jacklyn,Still,Brianne,Evans,Mauricio
Thuot,Trevor,Williams,Idaly,Thuot,Erich
Evans,Patsy,Still,Brianne,Evans,Mauricio
Thuot,Tyren,Williams,Idaly,Thuot,Erich
Evans,Anne,Still,Brianne,Evans,Mauricio
Thuot,Roland,Williams,Idaly,Thuot,Erich
Evans,Tatyana,Still,Brianne,Evans,Mauricio
Thuot,Quintyn,Williams,Idaly,Thuot,Erich
Evans,Chantelle,Still,Brianne,Evans,Mauricio
See,Thaddeus,Loria,Sheridan,See,Titus
Thuot,Kayley,Williams,Idaly,Thuot,Erich
See,Jay,Loria,Sheridan,See,Titus
Thuot,Tasia,Williams,Idaly,Thuot,Erich
See,Jameson,Loria,Sheridan,See,Titus
Thuot,Carley,Williams,Idaly,Thuot,Erich
See,Jaron,Loria,Sheridan,See,Titus
Thuot,Clara,Williams,Idaly,Thuot,Erich
See,Maliki,Loria,Sheridan,See,Titus
Thuot,Anahi,Williams,Idaly,Thuot,Erich
See,Jairus,Loria,Sheridan,See,Titus
Thuot,Keosha,Williams,Idaly,Thuot,Erich
Hilmers,Jalen,Buchanan,Brynn,Hilmers,Malachi
See,Corinne,Loria,Sheridan,See,Titus
Hilmers,Levi,Buchanan,Brynn,Hilmers,Malachi
See,Kortney,Loria,Sheridan,See,Titus
Hilmers,Brenton,Buchanan,Brynn,Hilmers,Malachi
See,Maire,Loria,Sheridan,See,Titus
Hilmers,Christophe,Buchanan,Brynn,Hilmers,Malachi
See,Fatima,Loria,Sheridan,See,Titus
Hilmers,Julio,Buchanan,Brynn,Hilmers,Malachi
See,Veronica,Loria,Sheridan,See,Titus
Hilmers,Bryson,Buchanan,Brynn,Hilmers,Malachi
Hilmers,Leann,Buchanan,Brynn,Hilmers,Malachi
Roosevelt,Moshe,Hoover,Jessica,Roosevelt,Van
Hilmers,Katheryn,Buchanan,Brynn,Hilmers,Malachi
Roosevelt,Julian,Hoover,Jessica,Roosevelt,Van
Hilmers,Blaze,Buchanan,Brynn,Hilmers,Malachi
Roosevelt,Grady,Hoover,Jessica,Roosevelt,Van
Hilmers,Molli,Buchanan,Brynn,Hilmers,Malachi
Roosevelt,Deonte,Hoover,Jessica,Roosevelt,Van
Hilmers,Shakia,Buchanan,Brynn,Hilmers,Malachi
Roosevelt,Douglas,Hoover,Jessica,Roosevelt,Van
Hilmers,Helen,Buchanan,Brynn,Hilmers,Malachi
Roosevelt,Kevin,Hoover,Jessica,Roosevelt,Van
Hilmers,Karli,Buchanan,Brynn,Hilmers,Malachi
Roosevelt,Bryson,Hoover,Jessica,Roosevelt,Van
Hilmers,Shelby,Buchanan,Brynn,Hilmers,Malachi
Worden,Israel,Swanson,Kayleen,Worden,Kyler
Hilmers,Natalya,Buchanan,Brynn,Hilmers,Malachi
Worden,Tayler,Swanson,Kayleen,Worden,Kyler
Hilmers,Karina,Buchanan,Brynn,Hilmers,Malachi
Worden,Lashawn,Swanson,Kayleen,Worden,Kyler
Roosevelt,Virginia,Hoover,Jessica,Roosevelt,Van
Brandenstein,Timothy,Ferguson,Keana,Brandenstein,Logan
Roosevelt,Adele,Hoover,Jessica,Roosevelt,Van
Brandenstein,Ian,Ferguson,Keana,Brandenstein,Logan
Roosevelt,Jaycee,Hoover,Jessica,Roosevelt,Van
Brandenstein,Kendall,Ferguson,Keana,Brandenstein,Logan
Roosevelt,Sierra,Hoover,Jessica,Roosevelt,Van
Brandenstein,Dillon,Ferguson,Keana,Brandenstein,Logan
Roosevelt,Chloie,Hoover,Jessica,Roosevelt,Van
Brandenstein,Kelton,Ferguson,Keana,Brandenstein,Logan
Roosevelt,Constance,Hoover,Jessica,Roosevelt,Van
Brandenstein,Dontae,Ferguson,Keana,Brandenstein,Logan
Roosevelt,Audra,Hoover,Jessica,Roosevelt,Van
Henize,Tyrell,White,Jonae,Henize,Roberto
Worden,Ciara,Swanson,Kayleen,Worden,Kyler
Henize,Kyle,White,Jonae,Henize,Roberto
Worden,Noemi,Swanson,Kayleen,Worden,Kyler
Henize,Emilio,White,Jonae,Henize,Roberto
Worden,Yasmeen,Swanson,Kayleen,Worden,Kyler
Henize,Howard,White,Jonae,Henize,Roberto
Worden,Kristy,Swanson,Kayleen,Worden,Kyler
Henize,Zachariah,White,Jonae,Henize,Roberto
Worden,Lara,Swanson,Kayleen,Worden,Kyler
Henize,Gerardo,White,Jonae,Henize,Roberto
Worden,Shamaria,Swanson,Kayleen,Worden,Kyler
Henize,Brody,White,Jonae,Henize,Roberto
Worden,Yesenia,Swanson,Kayleen,Worden,Kyler
Henize,Tobias,White,Jonae,Henize,Roberto
Brandenstein,Carissa,Ferguson,Keana,Brandenstein,Logan
Covey,Kenny,Brown,Myesha,Covey,Anthoni
Brandenstein,Johana,Ferguson,Keana,Brandenstein,Logan
Covey,Zachariah,Brown,Myesha,Covey,Anthoni
Brandenstein,Kansas,Ferguson,Keana,Brandenstein,Logan
Covey,Jovan,Brown,Myesha,Covey,Anthoni
Brandenstein,Deandrea,Ferguson,Keana,Brandenstein,Logan
Covey,Charles,Brown,Myesha,Covey,Anthoni
Brandenstein,Keosha,Ferguson,Keana,Brandenstein,Logan
Covey,Benjamin,Brown,Myesha,Covey,Anthoni
Brandenstein,Breanna,Ferguson,Keana,Brandenstein,Logan
Covey,Torey,Brown,Myesha,Covey,Anthoni
Henize,Aesha,White,Jonae,Henize,Roberto
Covey,Andre,Brown,Myesha,Covey,Anthoni
Henize,Bethany,White,Jonae,Henize,Roberto
Covey,Darryl,Brown,Myesha,Covey,Anthoni
Henize,Kayleigh,White,Jonae,Henize,Roberto
Covey,Koby,Brown,Myesha,Covey,Anthoni
Henize,Rhiannon,White,Jonae,Henize,Roberto
Covey,Trae,Cleveland,Alexandrea,Covey,Erick
Henize,Annalie,White,Jonae,Henize,Roberto
Covey,Tyran,Cleveland,Alexandrea,Covey,Erick
Covey,Faith,Brown,Myesha,Covey,Anthoni
Covey,Addison,Cleveland,Alexandrea,Covey,Erick
Covey,Holly,Brown,Myesha,Covey,Anthoni
Covey,Osvaldo,Cleveland,Alexandrea,Covey,Erick
Covey,Estefani,Brown,Myesha,Covey,Anthoni
Covey,Tanner,Cleveland,Alexandrea,Covey,Erick
Covey,Melody,Brown,Myesha,Covey,Anthoni
Covey,Jamir,Cleveland,Alexandrea,Covey,Erick
Covey,Chaya,Brown,Myesha,Covey,Anthoni
Covey,Sydney,Cleveland,Alexandrea,Covey,Erick
Covey,Destinee,Brown,Myesha,Covey,Anthoni
Covey,Cyrus,Cleveland,Alexandrea,Covey,Erick
Covey,Ashlynn,Brown,Myesha,Covey,Anthoni
Covey,Salvatore,Cleveland,Alexandrea,Covey,Erick
Covey,Alyson,Brown,Myesha,Covey,Anthoni
Covey,Quinn,Burbank,Kourtney,Covey,Jayson
Covey,Darby,Brown,Myesha,Covey,Anthoni
Covey,Daxton,Burbank,Kourtney,Covey,Jayson
Covey,Brionna,Brown,Myesha,Covey,Anthoni
Covey,Raheem,Burbank,Kourtney,Covey,Jayson
Covey,Haven,Brown,Myesha,Covey,Anthoni
Covey,Yair,Burbank,Kourtney,Covey,Jayson
Covey,Promise,Cleveland,Alexandrea,Covey,Erick
Covey,Glenn,Burbank,Kourtney,Covey,Jayson
Covey,Ciarra,Cleveland,Alexandrea,Covey,Erick
Covey,Paris,Burbank,Kourtney,Covey,Jayson
Covey,Margo,Cleveland,Alexandrea,Covey,Erick
Covey,Mauro,Burbank,Kourtney,Covey,Jayson
Covey,Casie,Cleveland,Alexandrea,Covey,Erick
Covey,Spencer,Burbank,Kourtney,Covey,Jayson
Covey,Nicole,Cleveland,Alexandrea,Covey,Erick
Covey,Dante,Burbank,Kourtney,Covey,Jayson
Covey,Danae,Cleveland,Alexandrea,Covey,Erick
Covey,Jacky,Burbank,Kourtney,Covey,Jayson
Covey,Lucy,Cleveland,Alexandrea,Covey,Erick
Covey,Montel,Burbank,Kourtney,Covey,Jayson
Covey,Marycather,Burbank,Kourtney,Covey,Jayson
Covey,Israel,Burbank,Kourtney,Covey,Jayson
Covey,Katlyn,Burbank,Kourtney,Covey,Jayson
Covey,Reginald,Chiao,Cassidy,Covey,Luis
Covey,Debora,Burbank,Kourtney,Covey,Jayson
Covey,Christian,Chiao,Cassidy,Covey,Luis
Covey,Teagan,Burbank,Kourtney,Covey,Jayson
Covey,Raymond,Chiao,Cassidy,Covey,Luis
Covey,Bernadette,Burbank,Kourtney,Covey,Jayson
Covey,Garrick,Chiao,Cassidy,Covey,Luis
Covey,Linda,Burbank,Kourtney,Covey,Jayson
Covey,Savion,Chiao,Cassidy,Covey,Luis
Covey,Taylor,Chiao,Cassidy,Covey,Luis
Covey,Leonard,Chiao,Cassidy,Covey,Luis
Covey,Brandy,Chiao,Cassidy,Covey,Luis
Covey,Keith,Chiao,Cassidy,Covey,Luis
Covey,Serena,Chiao,Cassidy,Covey,Luis
Covey,Trevor,Schweickart,Hilda,Covey,Titus
Covey,Lynette,Chiao,Cassidy,Covey,Luis
Covey,Davis,Schweickart,Hilda,Covey,Titus
Covey,Mckinzie,Chiao,Cassidy,Covey,Luis
Covey,Yovani,Schweickart,Hilda,Covey,Titus
Covey,Jewel,Chiao,Cassidy,Covey,Luis
Covey,Lamonte,Schweickart,Hilda,Covey,Titus
Covey,Aundrea,Chiao,Cassidy,Covey,Luis
Covey,Jajuan,Schweickart,Hilda,Covey,Titus
Covey,Frances,Chiao,Cassidy,Covey,Luis
Covey,Corey,Schweickart,Hilda,Covey,Titus
Covey,Karlie,Chiao,Cassidy,Covey,Luis
Covey,Tom,Schweickart,Hilda,Covey,Titus
Covey,Lynda,Chiao,Cassidy,Covey,Luis
Covey,Charlie,Schweickart,Hilda,Covey,Titus
Covey,Nallely,Chiao,Cassidy,Covey,Luis
Covey,Ward,Schweickart,Hilda,Covey,Titus
Covey,Guadalupe,Schweickart,Hilda,Covey,Titus
Covey,Tarik,Schweickart,Hilda,Covey,Titus
Covey,Emilie,Schweickart,Hilda,Covey,Titus
Covey,Travon,Jones,Ashtyn,Covey,Kaden
Covey,Marlen,Schweickart,Hilda,Covey,Titus
Covey,Darrius,Jones,Ashtyn,Covey,Kaden
Covey,Michele,Schweickart,Hilda,Covey,Titus
Covey,Baby,Jones,Ashtyn,Covey,Kaden
Covey,Kristyn,Schweickart,Hilda,Covey,Titus
Covey,Tyquan,Jones,Ashtyn,Covey,Kaden
Covey,Brynn,Jones,Ashtyn,Covey,Kaden
Covey,Idris,Jones,Ashtyn,Covey,Kaden
Covey,Aubrey,Jones,Ashtyn,Covey,Kaden
Covey,Terance,Jones,Ashtyn,Covey,Kaden
Covey,Joanna,Jones,Ashtyn,Covey,Kaden
Covey,Desmond,Jones,Ashtyn,Covey,Kaden
Covey,Kaley,Jones,Ashtyn,Covey,Kaden
Covey,Arnold,Jones,Ashtyn,Covey,Kaden
Covey,Julissa,Jones,Ashtyn,Covey,Kaden
Covey,Ramon,Griggs,Berenice,Covey,Allen
Covey,Khyla,Jones,Ashtyn,Covey,Kaden
Covey,Danny,Griggs,Berenice,Covey,Allen
Covey,Shawn,Jones,Ashtyn,Covey,Kaden
Covey,Daquan,Griggs,Berenice,Covey,Allen
Covey,Sylvia,Jones,Ashtyn,Covey,Kaden
Covey,Ever,Griggs,Berenice,Covey,Allen
Covey,Ravin,Jones,Ashtyn,Covey,Kaden
Covey,Julio,Griggs,Berenice,Covey,Allen
Covey,Bayleigh,Griggs,Aleasha,Covey,Vincent
Covey,Bennett,Griggs,Reilly,Covey,Barrett
Covey,Alma,Griggs,Aleasha,Covey,Vincent
Covey,Adonis,Griggs,Reilly,Covey,Barrett
Covey,Jada,Griggs,Aleasha,Covey,Vincent
Covey,Stephanie,Griggs,Reilly,Covey,Barrett
Covey,Armani,Griggs,Berenice,Covey,Allen
Covey,Ronald,Griggs,Reilly,Covey,Barrett
Covey,Ashton,Griggs,Berenice,Covey,Allen
Covey,Irfan,Griggs,Reilly,Covey,Barrett
Covey,Maya,Griggs,Berenice,Covey,Allen
Covey,Benito,Griggs,Avery,Covey,Brendan
Covey,Tracy,Griggs,Berenice,Covey,Allen
Covey,Bo,Griggs,Avery,Covey,Brendan
Covey,Mona,Griggs,Berenice,Covey,Allen
Covey,Paul,Griggs,Avery,Covey,Brendan
Covey,Gilda,Griggs,Berenice,Covey,Allen
Covey,Jon,Griggs,Avery,Covey,Brendan
Covey,Adriana,Griggs,Berenice,Covey,Allen
Covey,Gary,Griggs,Avery,Covey,Brendan
Covey,Essence,Griggs,Berenice,Covey,Allen
Covey,Carson,Griggs,Avery,Covey,Brendan
Covey,Lianna,Griggs,Berenice,Covey,Allen
Covey,Quanterriu,Griggs,Jaida,Covey,Walker
Covey,Tianna,Griggs,Reilly,Covey,Barrett
Covey,Stephan,Griggs,Jaida,Covey,Walker
Covey,Elexus,Griggs,Reilly,Covey,Barrett
Covey,Raul,Griggs,Jaida,Covey,Walker
Covey,Latosha,Griggs,Reilly,Covey,Barrett
Covey,Elliot,Griggs,Jaida,Covey,Walker
Covey,Tierra,Griggs,Reilly,Covey,Barrett
Covey,Chad,Griggs,Jaida,Covey,Walker
Covey,Alesia,Griggs,Reilly,Covey,Barrett
Covey,Terrance,Griggs,Jaida,Covey,Walker
Covey,Kealani,Griggs,Reilly,Covey,Barrett
Covey,Devin,Griggs,Jaida,Covey,Walker
Covey,Valeria,Griggs,Reilly,Covey,Barrett
Covey,Nicholaus,Griggs,Jaida,Covey,Walker
Covey,Miracle,Griggs,Avery,Covey,Brendan
Covey,Jamari,Griggs,Jaida,Covey,Walker
Covey,Alina,Griggs,Avery,Covey,Brendan
Covey,Deleon,Griggs,Libby,Covey,Steven
Covey,Bonnie,Griggs,Avery,Covey,Brendan
Griggs,Felipe,Covey,Tory,Griggs,Grady
Covey,Karley,Griggs,Avery,Covey,Brendan
Griggs,Carson,Covey,Tory,Griggs,Grady
Covey,Jaylynn,Griggs,Avery,Covey,Brendan
Griggs,Delonta,Covey,Tory,Griggs,Grady
Covey,Elana,Griggs,Avery,Covey,Brendan
Griggs,Alonso,Covey,Tory,Griggs,Grady
Covey,Helena,Griggs,Jaida,Covey,Walker
Griggs,Damien,Covey,Tory,Griggs,Grady
Covey,Liz,Griggs,Jaida,Covey,Walker
Griggs,Hakeem,Covey,Tory,Griggs,Grady
Covey,Kalsie,Griggs,Jaida,Covey,Walker
Griggs,Samson,Covey,Tory,Griggs,Grady
Covey,Vera,Griggs,Jaida,Covey,Walker
Griggs,Zackery,Covey,Tory,Griggs,Grady
Covey,Kaira,Griggs,Jaida,Covey,Walker
Griggs,Shmuel,Covey,Tory,Griggs,Grady
Covey,Amari,Griggs,Jaida,Covey,Walker
Griggs,Charlie,Covey,Tory,Griggs,Grady
Covey,Aishah,Griggs,Libby,Covey,Steven
Griggs,Darrell,Covey,Kara,Griggs,Ted
Covey,Ariana,Griggs,Libby,Covey,Steven
Griggs,Wyatt,Covey,Kara,Griggs,Ted
Griggs,Micah,Covey,Tory,Griggs,Grady
Griggs,Adrian,Covey,Kara,Griggs,Ted
Griggs,Bertha,Covey,Tory,Griggs,Grady
Griggs,Rashad,Covey,Kara,Griggs,Ted
Griggs,Maisie,Covey,Tory,Griggs,Grady
Griggs,Jeremiah,Covey,Kara,Griggs,Ted
Griggs,Anitra,Covey,Tory,Griggs,Grady
Griggs,Kellen,Covey,Kara,Griggs,Ted
Griggs,Estefani,Covey,Tory,Griggs,Grady
Griggs,Austyn,Covey,Kara,Griggs,Ted
Griggs,Chelsy,Covey,Tory,Griggs,Grady
Griggs,Zakery,Covey,Kara,Griggs,Ted
Griggs,Frida,Covey,Tory,Griggs,Grady
Griggs,Terrence,Covey,Kara,Griggs,Ted
Griggs,Mariam,Covey,Kara,Griggs,Ted
Griggs,Kristofer,Covey,Valentina,Griggs,Chadwick
Griggs,Myranda,Covey,Kara,Griggs,Ted
Griggs,Gregory,Covey,Valentina,Griggs,Chadwick
Griggs,Mikala,Covey,Kara,Griggs,Ted
Griggs,Owen,Covey,Valentina,Griggs,Chadwick
Griggs,Lexy,Covey,Kara,Griggs,Ted
Griggs,Forest,Covey,Valentina,Griggs,Chadwick
Griggs,Evangelina,Covey,Kara,Griggs,Ted
Griggs,Jakob,Covey,Valentina,Griggs,Chadwick
Griggs,Ellen,Covey,Kara,Griggs,Ted
Griggs,Vinh,Covey,Valentina,Griggs,Chadwick
Griggs,Josey,Covey,Kara,Griggs,Ted
Griggs,Grant,Covey,Valentina,Griggs,Chadwick
Griggs,Meghan,Covey,Kara,Griggs,Ted
Griggs,Caden,Covey,Valentina,Griggs,Chadwick
Griggs,Benita,Covey,Kara,Griggs,Ted
Griggs,Bobby,Covey,Tamra,Griggs,Malachi
Griggs,Serenity,Covey,Kara,Griggs,Ted
Griggs,Moses,Covey,Tamra,Griggs,Malachi
Griggs,Allison,Covey,Valentina,Griggs,Chadwick
Griggs,Bruce,Covey,Tamra,Griggs,Malachi
Griggs,Tyeisha,Covey,Valentina,Griggs,Chadwick
Griggs,Roman,Covey,Tamra,Griggs,Malachi
Griggs,Marycather,Covey,Valentina,Griggs,Chadwick
Griggs,Ron,Covey,Tamra,Griggs,Malachi
Griggs,Brandi,Covey,Valentina,Griggs,Chadwick
Griggs,Kenneth,Covey,Tamra,Griggs,Malachi
Griggs,Eleni,Covey,Valentina,Griggs,Chadwick
Griggs,Dequan,Covey,Tamra,Griggs,Malachi
Griggs,Carley,Covey,Valentina,Griggs,Chadwick
Griggs,Josie,Covey,Tamra,Griggs,Malachi
Griggs,Dajah,Covey,Valentina,Griggs,Chadwick
Griggs,Camron,Covey,Tamra,Griggs,Malachi
Griggs,Rita,Covey,Valentina,Griggs,Chadwick
Griggs,Migel,Covey,Tamra,Griggs,Malachi
Griggs,Genevieve,Covey,Valentina,Griggs,Chadwick
Griggs,Xzavier,Covey,Tamra,Griggs,Malachi
Griggs,Marcia,Covey,Valentina,Griggs,Chadwick
Griggs,Jaime,Covey,Gwendolyn,Griggs,Armani
Griggs,Ceaira,Covey,Valentina,Griggs,Chadwick
Griggs,Steven,Covey,Gwendolyn,Griggs,Armani
Griggs,Lynn,Covey,Valentina,Griggs,Chadwick
Griggs,Pedro,Covey,Gwendolyn,Griggs,Armani
Griggs,Yajaira,Covey,Tamra,Griggs,Malachi
Griggs,Angelo,Covey,Gwendolyn,Griggs,Armani
Griggs,Colleen,Covey,Tamra,Griggs,Malachi
Griggs,John,Covey,Gwendolyn,Griggs,Armani
Griggs,Jenniffer,Covey,Tamra,Griggs,Malachi
Griggs,Darian,Covey,Gwendolyn,Griggs,Armani
Griggs,Erin,Covey,Tamra,Griggs,Malachi
Griggs,Jasper,Covey,Gwendolyn,Griggs,Armani
Griggs,Aileen,Covey,Tamra,Griggs,Malachi
Griggs,Wade,Covey,Gwendolyn,Griggs,Armani
Griggs,Karina,Covey,Tamra,Griggs,Malachi
Griggs,Ignacio,Springer,Imani,Griggs,Kerrick
Griggs,Brittani,Covey,Tamra,Griggs,Malachi
Griggs,Yvan,Springer,Imani,Griggs,Kerrick
Griggs,Deandrea,Covey,Tamra,Griggs,Malachi
Springer,Jacky,Griggs,Valencia,Springer,Clinton
Griggs,Reina,Covey,Gwendolyn,Griggs,Armani
Springer,Javen,Griggs,Valencia,Springer,Clinton
Griggs,Mona,Covey,Gwendolyn,Griggs,Armani
Springer,Rodrigo,Griggs,Valencia,Springer,Clinton
Griggs,Lynette,Covey,Gwendolyn,Griggs,Armani
Stefanyshyn,Kellen,Griggs,Jaymie,Stefanyshyn,Aron
Griggs,Neda,Covey,Gwendolyn,Griggs,Armani
Stefanyshyn,Walker,Griggs,Jaymie,Stefanyshyn,Aron
Griggs,Kenzie,Covey,Gwendolyn,Griggs,Armani
Stefanyshyn,Dorian,Griggs,Jaymie,Stefanyshyn,Aron
Griggs,Devonna,Springer,Imani,Griggs,Kerrick
Stefanyshyn,Dimitri,Griggs,Jaymie,Stefanyshyn,Aron
Springer,Maryssa,Griggs,Valencia,Springer,Clinton
Stefanyshyn,Marvin,Griggs,Jaymie,Stefanyshyn,Aron
Springer,Madelyne,Griggs,Valencia,Springer,Clinton
Stefanyshyn,Willis,Griggs,Mattea,Stefanyshyn,Joan
Springer,Lizette,Griggs,Valencia,Springer,Clinton
Stefanyshyn,Bennie,Griggs,Mattea,Stefanyshyn,Joan
Stefanyshyn,Denise,Griggs,Jaymie,Stefanyshyn,Aron
Stefanyshyn,Diego,Griggs,Allysa,Stefanyshyn,Mckay
Stefanyshyn,Abbey,Griggs,Jaymie,Stefanyshyn,Aron
Stefanyshyn,Toby,Griggs,Allysa,Stefanyshyn,Mckay
Stefanyshyn,Emely,Griggs,Jaymie,Stefanyshyn,Aron
Stefanyshyn,Jan,Griggs,Allysa,Stefanyshyn,Mckay
Stefanyshyn,Katelyn,Griggs,Jaymie,Stefanyshyn,Aron
Stefanyshyn,Gregory,Griggs,Allysa,Stefanyshyn,Mckay
Stefanyshyn,Destiana,Griggs,Mattea,Stefanyshyn,Joan
Stefanyshyn,Jawaun,Griggs,Aimee,Stefanyshyn,Slaten
Stefanyshyn,Randi,Griggs,Mattea,Stefanyshyn,Joan
Stefanyshyn,Jamal,Springer,Cailin,Stefanyshyn,Izaiah
Stefanyshyn,Jazmyn,Griggs,Mattea,Stefanyshyn,Joan
Stefanyshyn,Stephon,Springer,Cailin,Stefanyshyn,Izaiah
Stefanyshyn,Diane,Griggs,Mattea,Stefanyshyn,Joan
Stefanyshyn,Nestor,Springer,Cailin,Stefanyshyn,Izaiah
Stefanyshyn,Candy,Griggs,Mattea,Stefanyshyn,Joan
Stefanyshyn,Courtney,Springer,Cailin,Stefanyshyn,Izaiah
Stefanyshyn,Kaylah,Griggs,Aimee,Stefanyshyn,Slaten
Stefanyshyn,Brannon,Springer,Cailin,Stefanyshyn,Izaiah
Stefanyshyn,Keiarra,Griggs,Aimee,Stefanyshyn,Slaten
Stefanyshyn,Shayne,Springer,Cailin,Stefanyshyn,Izaiah
Stefanyshyn,Anika,Springer,Cailin,Stefanyshyn,Izaiah
Stefanyshyn,Pablo,Springer,Cailin,Stefanyshyn,Izaiah
Stefanyshyn,Beatriz,Springer,Cailin,Stefanyshyn,Izaiah
Stefanyshyn,Nick,Springer,Cailin,Stefanyshyn,Izaiah
Stefanyshyn,Mona,Springer,Cailin,Stefanyshyn,Izaiah
Stefanyshyn,Tyran,Springer,Cailin,Stefanyshyn,Izaiah
Stefanyshyn,Jena,Springer,Cailin,Stefanyshyn,Izaiah
Stefanyshyn,Jerryd,Springer,Cailin,Stefanyshyn,Izaiah
Stefanyshyn,Keila,Springer,Cailin,Stefanyshyn,Izaiah
Stefanyshyn,Benjamin,Springer,Cailin,Stefanyshyn,Izaiah
Stefanyshyn,Makenna,Springer,Jana,Stefanyshyn,Dylon
Stefanyshyn,Andy,Springer,Jana,Stefanyshyn,Dylon
Stefanyshyn,Dania,Springer,Jana,Stefanyshyn,Dylon
Stefanyshyn,Graham,Springer,Jana,Stefanyshyn,Dylon
Stefanyshyn,Esperanza,Springer,Jana,Stefanyshyn,Dylon
Stefanyshyn,Charlie,Springer,Jana,Stefanyshyn,Dylon
Stefanyshyn,Chastity,Springer,Jana,Stefanyshyn,Dylon
Stefanyshyn,Mohamad,Springer,Jana,Stefanyshyn,Dylon
Stefanyshyn,Aerial,Springer,Jana,Stefanyshyn,Dylon
Stefanyshyn,Nico,Springer,Jana,Stefanyshyn,Dylon
Stefanyshyn,Ciera,Springer,Jana,Stefanyshyn,Dylon
Stefanyshyn,Nicholaus,Springer,Jana,Stefanyshyn,Dylon
Stefanyshyn,Valencia,Springer,Jana,Stefanyshyn,Dylon
Stefanyshyn,Leo,Springer,Asia,Stefanyshyn,Mathew
Stefanyshyn,Marlena,Springer,Asia,Stefanyshyn,Mathew
Stefanyshyn,Camron,Springer,Asia,Stefanyshyn,Mathew
Stefanyshyn,Essence,Springer,Asia,Stefanyshyn,Mathew
Stefanyshyn,Dwayne,Springer,Asia,Stefanyshyn,Mathew
Stefanyshyn,Margaret,Springer,Asia,Stefanyshyn,Mathew
Stefanyshyn,Shan,Springer,Asia,Stefanyshyn,Mathew
Stefanyshyn,Camisha,Springer,Asia,Stefanyshyn,Mathew
Stefanyshyn,Erich,Springer,Asia,Stefanyshyn,Mathew
Stefanyshyn,Giselle,Springer,Asia,Stefanyshyn,Mathew
Stefanyshyn,Kameron,Springer,Asia,Stefanyshyn,Mathew
Stefanyshyn,Domonique,Springer,Asia,Stefanyshyn,Mathew
Stefanyshyn,Stanley,Springer,Asia,Stefanyshyn,Mathew
Stefanyshyn,Justine,Springer,Danielle,Stefanyshyn,Tyree
Stefanyshyn,Darius,Springer,Asia,Stefanyshyn,Mathew
Stefanyshyn,Wendy,Springer,Danielle,Stefanyshyn,Tyree
Stefanyshyn,Kirk,Springer,Asia,Stefanyshyn,Mathew
Stefanyshyn,Adriane,Springer,Danielle,Stefanyshyn,Tyree
Stefanyshyn,Callahan,Springer,Asia,Stefanyshyn,Mathew
Stefanyshyn,Raven,Springer,Danielle,Stefanyshyn,Tyree
Stefanyshyn,Conner,Springer,Asia,Stefanyshyn,Mathew
Stefanyshyn,Jami,Springer,Danielle,Stefanyshyn,Tyree
Stefanyshyn,Francesco,Springer,Danielle,Stefanyshyn,Tyree
Stefanyshyn,Marisa,Springer,Danielle,Stefanyshyn,Tyree
Stefanyshyn,Drew,Springer,Danielle,Stefanyshyn,Tyree
Stefanyshyn,Gretchen,Springer,Danielle,Stefanyshyn,Tyree
Stefanyshyn,Trent,Springer,Danielle,Stefanyshyn,Tyree
Evans,Nora,Stefanyshyn,Giovanna,Evans,Ignacio
Stefanyshyn,Emmanuel,Springer,Danielle,Stefanyshyn,Tyree
Evans,Jasmin,Stefanyshyn,Giovanna,Evans,Ignacio
Stefanyshyn,Torey,Springer,Danielle,Stefanyshyn,Tyree
Evans,Judy,Stefanyshyn,Giovanna,Evans,Ignacio
Stefanyshyn,Dan,Springer,Danielle,Stefanyshyn,Tyree
Evans,Liza,Stefanyshyn,Giovanna,Evans,Ignacio
Stefanyshyn,Earl,Springer,Danielle,Stefanyshyn,Tyree
Evans,Joyce,Stefanyshyn,Cambria,Evans,Kapil
Stefanyshyn,Chandler,Springer,Danielle,Stefanyshyn,Tyree
Evans,Leah,Stefanyshyn,Cambria,Evans,Kapil
Stefanyshyn,Devaughn,Springer,Danielle,Stefanyshyn,Tyree
Evans,Katherine,Stefanyshyn,Cambria,Evans,Kapil
Stefanyshyn,Elias,Springer,Danielle,Stefanyshyn,Tyree
Evans,Kaina,Stefanyshyn,Cambria,Evans,Kapil
Stefanyshyn,Juan,Springer,Danielle,Stefanyshyn,Tyree
Evans,Anahi,Stefanyshyn,Cambria,Evans,Kapil
Evans,Daylon,Stefanyshyn,Giovanna,Evans,Ignacio
Evans,Itati,Stefanyshyn,Cambria,Evans,Kapil
Evans,Spenser,Stefanyshyn,Giovanna,Evans,Ignacio
Evans,Ramona,Stefanyshyn,Lenora,Evans,Rodney
Evans,Cecil,Stefanyshyn,Giovanna,Evans,Ignacio
Evans,Niyah,Stefanyshyn,Lenora,Evans,Rodney
Evans,Kendall,Stefanyshyn,Giovanna,Evans,Ignacio
Evans,Carla,Stefanyshyn,Lenora,Evans,Rodney
Evans,Walker,Stefanyshyn,Giovanna,Evans,Ignacio
Evans,Yasmine,Stefanyshyn,Lenora,Evans,Rodney
Evans,Junior,Stefanyshyn,Giovanna,Evans,Ignacio
Evans,Alycia,Stefanyshyn,Lenora,Evans,Rodney
Evans,Jacori,Stefanyshyn,Giovanna,Evans,Ignacio
Evans,Shelly,Stefanyshyn,Lenora,Evans,Rodney
Evans,Lawrence,Stefanyshyn,Giovanna,Evans,Ignacio
Evans,Hailee,Stefanyshyn,Nia,Evans,Remington
Evans,Landon,Stefanyshyn,Giovanna,Evans,Ignacio
Evans,Joelle,Stefanyshyn,Nia,Evans,Remington
Evans,Bjorn,Stefanyshyn,Cambria,Evans,Kapil
Evans,Janae,Stefanyshyn,Nia,Evans,Remington
Evans,Stephanie,Stefanyshyn,Cambria,Evans,Kapil
Evans,Kelsey,Stefanyshyn,Nia,Evans,Remington
Evans,Danny,Stefanyshyn,Cambria,Evans,Kapil
Evans,Sherridan,Stefanyshyn,Nia,Evans,Remington
Evans,Jasen,Stefanyshyn,Cambria,Evans,Kapil
Evans,Destiney,Stefanyshyn,Nia,Evans,Remington
Evans,Seth,Stefanyshyn,Cambria,Evans,Kapil
Evans,Kelci,Stefanyshyn,Nia,Evans,Remington
Evans,Rudy,Stefanyshyn,Cambria,Evans,Kapil
Evans,Graciela,Stefanyshyn,Nia,Evans,Remington
Evans,Claudio,Stefanyshyn,Cambria,Evans,Kapil
Evans,Jocelyn,Stefanyshyn,Nia,Evans,Remington
Evans,Kody,Stefanyshyn,Lenora,Evans,Rodney
Evans,Cassandra,Stefanyshyn,Nia,Evans,Remington
Evans,Marcos,Stefanyshyn,Lenora,Evans,Rodney
Evans,Shaylee,Stefanyshyn,Kendall,Evans,Ulysses
Evans,Ted,Stefanyshyn,Lenora,Evans,Rodney
Evans,Meghan,Stefanyshyn,Toni,Evans,Arturo
Evans,Shaun,Stefanyshyn,Lenora,Evans,Rodney
Evans,Adrianna,Thuot,Kayley,Evans,Rafael
Evans,Greyson,Stefanyshyn,Lenora,Evans,Rodney
Evans,Ashlie,Thuot,Kayley,Evans,Rafael
Evans,Yvan,Stefanyshyn,Nia,Evans,Remington
Evans,Jailene,Thuot,Kayley,Evans,Rafael
Evans,Nikolas,Stefanyshyn,Nia,Evans,Remington
Evans,Ciera,Thuot,Kayley,Evans,Rafael
Evans,Kyler,Stefanyshyn,Nia,Evans,Remington
Evans,Jadah,Thuot,Kayley,Evans,Rafael
Evans,Darrion,Stefanyshyn,Nia,Evans,Remington
Evans,Celina,Thuot,Kayley,Evans,Rafael
Evans,Brady,Stefanyshyn,Nia,Evans,Remington
Evans,Veronica,Thuot,Kayley,Evans,Rafael
Evans,Dandre,Stefanyshyn,Nia,Evans,Remington
Evans,Zaria,Thuot,Kayley,Evans,Rafael
Evans,Brice,Stefanyshyn,Nia,Evans,Remington
Evans,Bayleigh,Thuot,Kayley,Evans,Rafael
Evans,Anthony,Stefanyshyn,Nia,Evans,Remington
Evans,Kori,Thuot,Kayley,Evans,Rafael
Evans,Preston,Stefanyshyn,Nia,Evans,Remington
Evans,Kaitlin,Thuot,Kayley,Evans,Rafael
Evans,Jawaun,Stefanyshyn,Nia,Evans,Remington
Evans,Kiesha,Thuot,Kayley,Evans,Rafael
Evans,Rene,Stefanyshyn,Kendall,Evans,Ulysses
Evans,Hope,Thuot,Kayley,Evans,Rafael
Evans,Jordon,Stefanyshyn,Kendall,Evans,Ulysses
Thuot,Bridgette,Evans,Tatianna,Thuot,Brett
Evans,Peyton,Stefanyshyn,Kendall,Evans,Ulysses
Thuot,Rosemarie,Evans,Tatianna,Thuot,Brett
Evans,Jaquan,Stefanyshyn,Toni,Evans,Arturo
Thuot,Valerie,Evans,Tatianna,Thuot,Brett
Evans,Bobby,Stefanyshyn,Toni,Evans,Arturo
Thuot,Sade,Evans,Aja,Thuot,Freddy
Evans,Houston,Stefanyshyn,Toni,Evans,Arturo
Thuot,Talia,Evans,Aja,Thuot,Freddy
Evans,Bret,Stefanyshyn,Toni,Evans,Arturo
Thuot,Annalisa,Evans,Aja,Thuot,Freddy
Evans,Quinton,Stefanyshyn,Toni,Evans,Arturo
Thuot,Zulema,Evans,Aja,Thuot,Freddy
Evans,Vernon,Stefanyshyn,Toni,Evans,Arturo
Thuot,Tiana,Evans,Aja,Thuot,Freddy
Evans,Francesco,Stefanyshyn,Toni,Evans,Arturo
Thuot,Itzel,Evans,Aja,Thuot,Freddy
Evans,Samual,Thuot,Kayley,Evans,Rafael
Thuot,Toni,Evans,Aja,Thuot,Freddy
Evans,Payton,Thuot,Kayley,Evans,Rafael
Thuot,Dakota,Evans,Aja,Thuot,Freddy
Evans,Raekwon,Thuot,Kayley,Evans,Rafael
Thuot,Karla,Evans,Aja,Thuot,Freddy
Evans,Tayler,Thuot,Kayley,Evans,Rafael
Thuot,Aerial,Evans,Aja,Thuot,Freddy
Evans,Allan,Thuot,Kayley,Evans,Rafael
Thuot,Suzette,Evans,Katrina,Thuot,Dana
Evans,Deondre,Thuot,Kayley,Evans,Rafael
Thuot,Yessenia,Evans,Katrina,Thuot,Dana
Evans,Irfan,Thuot,Kayley,Evans,Rafael
Thuot,Mattie,Evans,Katrina,Thuot,Dana
Thuot,Keifer,Evans,Tatianna,Thuot,Brett
Thuot,Alexandra,Evans,Carmen,Thuot,Roger
Thuot,Ali,Evans,Tatianna,Thuot,Brett
Thuot,Chrystal,Evans,Carmen,Thuot,Roger
Thuot,Chadwick,Evans,Tatianna,Thuot,Brett
Thuot,Perla,Evans,Carmen,Thuot,Roger
Thuot,Terron,Evans,Tatianna,Thuot,Brett
Thuot,Sarahmarie,Evans,Carmen,Thuot,Roger
Thuot,Dominick,Evans,Tatianna,Thuot,Brett
Thuot,Gabriella,Evans,Carmen,Thuot,Roger
Thuot,Rashad,Evans,Tatianna,Thuot,Brett
Thuot,Tanisha,Evans,Carmen,Thuot,Roger
Thuot,Fredy,Evans,Tatianna,Thuot,Brett
Thuot,Jessika,Evans,Carmen,Thuot,Roger
Thuot,Jovan,Evans,Tatianna,Thuot,Brett
Thuot,Paige,Evans,Jacklyn,Thuot,Trevor
Thuot,Garett,Evans,Tatianna,Thuot,Brett
Thuot,Miriam,Evans,Jacklyn,Thuot,Trevor
Thuot,Byron,Evans,Aja,Thuot,Freddy
Thuot,Edith,Evans,Patsy,Thuot,Tyren
Thuot,Ryen,Evans,Aja,Thuot,Freddy
Thuot,Melisa,Evans,Patsy,Thuot,Tyren
Thuot,Ezekiel,Evans,Aja,Thuot,Freddy
Thuot,Lorena,Evans,Patsy,Thuot,Tyren
Thuot,Yovani,Evans,Aja,Thuot,Freddy
Thuot,Britney,Evans,Patsy,Thuot,Tyren
Thuot,Mohamad,Evans,Aja,Thuot,Freddy
Thuot,Nathalia,Evans,Patsy,Thuot,Tyren
Thuot,Niko,Evans,Aja,Thuot,Freddy
Thuot,Charlene,Evans,Patsy,Thuot,Tyren
Thuot,Josie,Evans,Aja,Thuot,Freddy
Thuot,Deyaneira,Evans,Patsy,Thuot,Tyren
Thuot,Sergio,Evans,Aja,Thuot,Freddy
Thuot,Olga,Evans,Patsy,Thuot,Tyren
Thuot,Ramon,Evans,Katrina,Thuot,Dana
Thuot,Ayanna,Evans,Patsy,Thuot,Tyren
Thuot,Quincy,Evans,Katrina,Thuot,Dana
Thuot,Tasha,Evans,Patsy,Thuot,Tyren
Thuot,Jacques,Evans,Katrina,Thuot,Dana
Thuot,Kady,Evans,Anne,Thuot,Roland
Thuot,Tristan,Evans,Katrina,Thuot,Dana
Thuot,Joan,Evans,Anne,Thuot,Roland
Thuot,Terance,Evans,Katrina,Thuot,Dana
Thuot,Margo,Evans,Anne,Thuot,Roland
Thuot,Marcus,Evans,Katrina,Thuot,Dana
Thuot,Dallas,Evans,Anne,Thuot,Roland
Thuot,Buford,Evans,Katrina,Thuot,Dana
Thuot,Delilah,Evans,Anne,Thuot,Roland
Thuot,Deante,Evans,Katrina,Thuot,Dana
Thuot,Destany,Evans,Tatyana,Thuot,Quintyn
Thuot,Soren,Evans,Katrina,Thuot,Dana
Thuot,Amberly,Evans,Tatyana,Thuot,Quintyn
Thuot,Jeremiah,Evans,Carmen,Thuot,Roger
Thuot,Mona,Evans,Tatyana,Thuot,Quintyn
Thuot,Ameer,Evans,Carmen,Thuot,Roger
Thuot,Aubrie,Evans,Tatyana,Thuot,Quintyn
Thuot,Garrison,Evans,Jacklyn,Thuot,Trevor
Thuot,Niki,Evans,Tatyana,Thuot,Quintyn
Thuot,Jay,Evans,Jacklyn,Thuot,Trevor
Thuot,Amelia,Evans,Tatyana,Thuot,Quintyn
Thuot,Barry,Evans,Patsy,Thuot,Tyren
Thuot,Caitlan,Evans,Tatyana,Thuot,Quintyn
Thuot,Demarcus,Evans,Patsy,Thuot,Tyren
Thuot,Kenzie,Evans,Tatyana,Thuot,Quintyn
Thuot,Brice,Evans,Patsy,Thuot,Tyren
See,Lexus,Evans,Chantelle,See,Thaddeus
Thuot,Bennie,Evans,Patsy,Thuot,Tyren
See,Mikaela,Evans,Chantelle,See,Thaddeus
Thuot,Jovonte,Evans,Patsy,Thuot,Tyren
See,Rocio,Evans,Chantelle,See,Thaddeus
Thuot,Shamar,Evans,Patsy,Thuot,Tyren
See,Diane,Evans,Chantelle,See,Thaddeus
Thuot,Cory,Evans,Patsy,Thuot,Tyren
See,Marion,Evans,Chantelle,See,Thaddeus
Thuot,Jamar,Evans,Patsy,Thuot,Tyren
See,Tyler,Thuot,Tasia,See,Jay
Thuot,Kai,Evans,Patsy,Thuot,Tyren
See,Karley,Thuot,Tasia,See,Jay
Thuot,Simon,Evans,Anne,Thuot,Roland
See,Carmelita,Thuot,Tasia,See,Jay
Thuot,Emilio,Evans,Anne,Thuot,Roland
See,Shanique,Thuot,Tasia,See,Jay
Thuot,Hayden,Evans,Anne,Thuot,Roland
See,Promise,Thuot,Carley,See,Jameson
Thuot,Errol,Evans,Anne,Thuot,Roland
See,Joelle,Thuot,Carley,See,Jameson
Thuot,Kristofer,Evans,Anne,Thuot,Roland
See,Juliet,Thuot,Carley,See,Jameson
Thuot,Mitchell,Evans,Anne,Thuot,Roland
See,Kaytlin,Thuot,Clara,See,Jaron
Thuot,Shea,Evans,Anne,Thuot,Roland
See,Keosha,Thuot,Anahi,See,Maliki
Thuot,Brad,Evans,Anne,Thuot,Roland
See,Keri,Thuot,Anahi,See,Maliki
Thuot,Keion,Evans,Anne,Thuot,Roland
See,Savanna,Thuot,Anahi,See,Maliki
Thuot,Alejandro,Evans,Anne,Thuot,Roland
See,Aidan,Thuot,Keosha,See,Jairus
Thuot,Darrius,Evans,Anne,Thuot,Roland
See,Mindi,Thuot,Keosha,See,Jairus
Thuot,Caleb,Evans,Anne,Thuot,Roland
See,Lauren,Thuot,Keosha,See,Jairus
Thuot,Alexander,Evans,Anne,Thuot,Roland
Hilmers,Jabria,See,Corinne,Hilmers,Jalen
Thuot,Jonathan,Evans,Anne,Thuot,Roland
Hilmers,Tori,See,Corinne,Hilmers,Jalen
Thuot,Jordon,Evans,Tatyana,Thuot,Quintyn
Hilmers,Danica,See,Corinne,Hilmers,Jalen
Thuot,Ted,Evans,Tatyana,Thuot,Quintyn
Hilmers,Connie,See,Corinne,Hilmers,Jalen
Thuot,Lucas,Evans,Tatyana,Thuot,Quintyn
Hilmers,Breann,See,Corinne,Hilmers,Jalen
Thuot,Devonte,Evans,Tatyana,Thuot,Quintyn
Hilmers,Hayley,See,Corinne,Hilmers,Jalen
Thuot,Kevin,Evans,Tatyana,Thuot,Quintyn
Hilmers,Clare,See,Corinne,Hilmers,Jalen
Thuot,Armando,Evans,Tatyana,Thuot,Quintyn
Hilmers,Yessenia,See,Corinne,Hilmers,Jalen
Thuot,Brent,Evans,Tatyana,Thuot,Quintyn
Hilmers,Kailey,See,Corinne,Hilmers,Jalen
See,Johnathon,Evans,Chantelle,See,Thaddeus
Hilmers,Asia,See,Kortney,Hilmers,Levi
See,Kody,Evans,Chantelle,See,Thaddeus
Hilmers,Darian,See,Kortney,Hilmers,Levi
See,Mathieu,Evans,Chantelle,See,Thaddeus
Hilmers,Paloma,See,Kortney,Hilmers,Levi
See,Daxton,Evans,Chantelle,See,Thaddeus
Hilmers,Elsa,See,Kortney,Hilmers,Levi
See,Keenan,Evans,Chantelle,See,Thaddeus
Hilmers,Emilia,See,Kortney,Hilmers,Levi
See,Max,Evans,Chantelle,See,Thaddeus
Hilmers,Lesley,See,Kortney,Hilmers,Levi
See,Nigel,Evans,Chantelle,See,Thaddeus
Hilmers,Lizette,See,Kortney,Hilmers,Levi
See,Layne,Evans,Chantelle,See,Thaddeus
Hilmers,Juanita,See,Kortney,Hilmers,Levi
See,Deangelo,Evans,Chantelle,See,Thaddeus
Hilmers,Elisa,See,Maire,Hilmers,Brenton
See,Ibrahim,Thuot,Tasia,See,Jay
Hilmers,Shanique,See,Maire,Hilmers,Brenton
See,Hassan,Thuot,Carley,See,Jameson
Hilmers,Lindsay,See,Maire,Hilmers,Brenton
See,Jarvis,Thuot,Carley,See,Jameson
Hilmers,Chandler,See,Maire,Hilmers,Brenton
See,Enoch,Thuot,Carley,See,Jameson
Hilmers,Imani,See,Maire,Hilmers,Brenton
See,Marcanthon,Thuot,Carley,See,Jameson
Hilmers,Kortney,See,Maire,Hilmers,Brenton
See,Dallas,Thuot,Clara,See,Jaron
Hilmers,Sophia,See,Maire,Hilmers,Brenton
See,Esteban,Thuot,Clara,See,Jaron
Hilmers,Anneliese,See,Maire,Hilmers,Brenton
See,Armando,Thuot,Clara,See,Jaron
Hilmers,Liz,See,Fatima,Hilmers,Christophe
See,Garrick,Thuot,Anahi,See,Maliki
Hilmers,Suleyma,See,Fatima,Hilmers,Christophe
See,Emiliano,Thuot,Anahi,See,Maliki
Hilmers,Elida,See,Fatima,Hilmers,Christophe
See,Peter,Thuot,Anahi,See,Maliki
Hilmers,Debra,See,Veronica,Hilmers,Julio
See,Perry,Thuot,Anahi,See,Maliki
Hilmers,Julissa,See,Veronica,Hilmers,Julio
See,Tony,Thuot,Keosha,See,Jairus
Hilmers,Meagan,See,Veronica,Hilmers,Julio
See,Philip,Thuot,Keosha,See,Jairus
Hilmers,Tiffani,See,Veronica,Hilmers,Julio
See,Luis,Thuot,Keosha,See,Jairus
Hilmers,Constance,Roosevelt,Virginia,Hilmers,Bryson
See,Andy,Thuot,Keosha,See,Jairus
Hilmers,Monica,Roosevelt,Virginia,Hilmers,Bryson
Hilmers,Raymond,See,Corinne,Hilmers,Jalen
Hilmers,Jamiya,Roosevelt,Virginia,Hilmers,Bryson
Hilmers,Mathew,See,Corinne,Hilmers,Jalen
Roosevelt,Tianna,Hilmers,Leann,Roosevelt,Moshe
Hilmers,Quayshawn,See,Corinne,Hilmers,Jalen
Roosevelt,Shiane,Hilmers,Leann,Roosevelt,Moshe
Hilmers,Vernon,See,Corinne,Hilmers,Jalen
Roosevelt,Raegan,Hilmers,Katheryn,Roosevelt,Julian
Hilmers,Britt,See,Kortney,Hilmers,Levi
Roosevelt,Janette,Hilmers,Katheryn,Roosevelt,Julian
Hilmers,Mark,See,Kortney,Hilmers,Levi
Roosevelt,Ivana,Hilmers,Katheryn,Roosevelt,Julian
Hilmers,Ezekiel,See,Kortney,Hilmers,Levi
Roosevelt,Tyeisha,Hilmers,Katheryn,Roosevelt,Julian
Hilmers,Jacoby,See,Kortney,Hilmers,Levi
Roosevelt,Kasandra,Hilmers,Katheryn,Roosevelt,Julian
Hilmers,Bretton,See,Kortney,Hilmers,Levi
Roosevelt,Willow,Hilmers,Blaze,Roosevelt,Grady
Hilmers,Paris,See,Kortney,Hilmers,Levi
Roosevelt,Zoi,Hilmers,Blaze,Roosevelt,Grady
Hilmers,Vinh,See,Maire,Hilmers,Brenton
Roosevelt,Sheyla,Hilmers,Blaze,Roosevelt,Grady
Hilmers,Skyler,See,Maire,Hilmers,Brenton
Roosevelt,Marilyn,Hilmers,Blaze,Roosevelt,Grady
Hilmers,Jaylen,See,Maire,Hilmers,Brenton
Roosevelt,Jana,Hilmers,Blaze,Roosevelt,Grady
Hilmers,Oscar,See,Maire,Hilmers,Brenton
Roosevelt,Cameron,Hilmers,Blaze,Roosevelt,Grady
Hilmers,Cyrus,See,Maire,Hilmers,Brenton
Roosevelt,Meghan,Hilmers,Molli,Roosevelt,Deonte
Hilmers,Darrius,See,Maire,Hilmers,Brenton
Roosevelt,Marycather,Hilmers,Molli,Roosevelt,Deonte
Hilmers,Zaquan,See,Maire,Hilmers,Brenton
Roosevelt,Sarai,Hilmers,Molli,Roosevelt,Deonte
Hilmers,Daxton,See,Fatima,Hilmers,Christophe
Roosevelt,Shirley,Hilmers,Molli,Roosevelt,Deonte
Hilmers,Romello,See,Veronica,Hilmers,Julio
Roosevelt,Yvonne,Hilmers,Molli,Roosevelt,Deonte
Hilmers,Jamel,See,Veronica,Hilmers,Julio
Roosevelt,Kacie,Hilmers,Shakia,Roosevelt,Douglas
Hilmers,Josie,See,Veronica,Hilmers,Julio
Roosevelt,Christie,Hilmers,Shakia,Roosevelt,Douglas
Roosevelt,Adalberto,Hilmers,Leann,Roosevelt,Moshe
Roosevelt,Yasmeen,Hilmers,Shakia,Roosevelt,Douglas
Roosevelt,Jarvis,Hilmers,Leann,Roosevelt,Moshe
Roosevelt,Bridgette,Hilmers,Shakia,Roosevelt,Douglas
Roosevelt,Daequan,Hilmers,Leann,Roosevelt,Moshe
Roosevelt,Ansley,Hilmers,Helen,Roosevelt,Kevin
Roosevelt,Adan,Hilmers,Katheryn,Roosevelt,Julian
Roosevelt,Nyasia,Hilmers,Karli,Roosevelt,Bryson
Roosevelt,Santana,Hilmers,Katheryn,Roosevelt,Julian
Roosevelt,Emilia,Hilmers,Karli,Roosevelt,Bryson
Roosevelt,Nathanael,Hilmers,Katheryn,Roosevelt,Julian
Roosevelt,Leandra,Hilmers,Karli,Roosevelt,Bryson
Roosevelt,Asa,Hilmers,Katheryn,Roosevelt,Julian
Worden,Carol,Hilmers,Shelby,Worden,Israel
Roosevelt,Gabriel,Hilmers,Blaze,Roosevelt,Grady
Worden,Marian,Hilmers,Shelby,Worden,Israel
Roosevelt,Charlie,Hilmers,Blaze,Roosevelt,Grady
Worden,Myesha,Hilmers,Shelby,Worden,Israel
Roosevelt,Keegan,Hilmers,Blaze,Roosevelt,Grady
Worden,Myranda,Hilmers,Shelby,Worden,Israel
Roosevelt,Elmer,Hilmers,Blaze,Roosevelt,Grady
Worden,Margaret,Hilmers,Natalya,Worden,Tayler
Roosevelt,Daniel,Hilmers,Blaze,Roosevelt,Grady
Worden,Brynn,Hilmers,Natalya,Worden,Tayler
Roosevelt,Brenton,Hilmers,Blaze,Roosevelt,Grady
Worden,Teagan,Hilmers,Natalya,Worden,Tayler
Roosevelt,Joseph,Hilmers,Blaze,Roosevelt,Grady
Worden,Ebony,Hilmers,Natalya,Worden,Tayler
Roosevelt,Brayden,Hilmers,Blaze,Roosevelt,Grady
Worden,Karah,Hilmers,Natalya,Worden,Tayler
Roosevelt,Romello,Hilmers,Blaze,Roosevelt,Grady
Worden,Natasha,Hilmers,Natalya,Worden,Tayler
Roosevelt,Julius,Hilmers,Blaze,Roosevelt,Grady
Worden,Paige,Hilmers,Natalya,Worden,Tayler
Roosevelt,Branden,Hilmers,Blaze,Roosevelt,Grady
Worden,Alysia,Hilmers,Natalya,Worden,Tayler
Roosevelt,Lane,Hilmers,Blaze,Roosevelt,Grady
Worden,Monet,Hilmers,Natalya,Worden,Tayler
Roosevelt,Dashane,Hilmers,Blaze,Roosevelt,Grady
Worden,Trisha,Hilmers,Natalya,Worden,Tayler
Roosevelt,Ryan,Hilmers,Blaze,Roosevelt,Grady
Worden,Kacie,Hilmers,Natalya,Worden,Tayler
Roosevelt,Lars,Hilmers,Molli,Roosevelt,Deonte
Worden,Sophie,Hilmers,Natalya,Worden,Tayler
Roosevelt,Jorge,Hilmers,Molli,Roosevelt,Deonte
Worden,Vianey,Hilmers,Natalya,Worden,Tayler
Roosevelt,Samual,Hilmers,Molli,Roosevelt,Deonte
Worden,Janie,Hilmers,Natalya,Worden,Tayler
Roosevelt,Agustin,Hilmers,Shakia,Roosevelt,Douglas
Worden,Audrey,Hilmers,Natalya,Worden,Tayler
Roosevelt,Ernesto,Hilmers,Shakia,Roosevelt,Douglas
Worden,Tyeisha,Hilmers,Natalya,Worden,Tayler
Roosevelt,Allan,Hilmers,Shakia,Roosevelt,Douglas
Worden,Alycia,Hilmers,Karina,Worden,Lashawn
Roosevelt,Johnathen,Hilmers,Shakia,Roosevelt,Douglas
Worden,Evangelina,Hilmers,Karina,Worden,Lashawn
Roosevelt,Adrian,Hilmers,Shakia,Roosevelt,Douglas
Worden,Genevieve,Hilmers,Karina,Worden,Lashawn
Roosevelt,Shaun,Hilmers,Shakia,Roosevelt,Douglas
Worden,Abagail,Hilmers,Karina,Worden,Lashawn
Roosevelt,Arjun,Hilmers,Shakia,Roosevelt,Douglas
Worden,Loni,Hilmers,Karina,Worden,Lashawn
Roosevelt,Triston,Hilmers,Shakia,Roosevelt,Douglas
Worden,Isabel,Hilmers,Karina,Worden,Lashawn
Roosevelt,Lee,Hilmers,Shakia,Roosevelt,Douglas
Worden,Julie,Hilmers,Karina,Worden,Lashawn
Roosevelt,Garrick,Hilmers,Helen,Roosevelt,Kevin
Worden,Makena,Hilmers,Karina,Worden,Lashawn
Roosevelt,Darrin,Hilmers,Helen,Roosevelt,Kevin
Worden,Thalia,Hilmers,Karina,Worden,Lashawn
Roosevelt,Kerrick,Hilmers,Helen,Roosevelt,Kevin
Worden,Gabrielle,Hilmers,Karina,Worden,Lashawn
Roosevelt,Lauren,Hilmers,Karli,Roosevelt,Bryson
Worden,Maryanne,Hilmers,Karina,Worden,Lashawn
Worden,Gary,Hilmers,Shelby,Worden,Israel
Worden,Kaitlynn,Hilmers,Karina,Worden,Lashawn
Worden,Ricardo,Hilmers,Shelby,Worden,Israel
Worden,Elena,Hilmers,Karina,Worden,Lashawn
Worden,Treshaun,Hilmers,Shelby,Worden,Israel
Worden,Katheryn,Hilmers,Karina,Worden,Lashawn
Worden,Lars,Hilmers,Shelby,Worden,Israel
Worden,Darby,Hilmers,Karina,Worden,Lashawn
Worden,Duncan,Hilmers,Shelby,Worden,Israel
Brandenstein,Breana,Roosevelt,Adele,Brandenstein,Timothy
Worden,Brad,Hilmers,Shelby,Worden,Israel
Brandenstein,Stefanie,Roosevelt,Adele,Brandenstein,Timothy
