Hieb,Michael,Moore,Kimberly,Hieb,Arnold
Mastracchio,Shanyce,Deckard,Annalisa,Mastracchio,Allen
Meade,Troy,Helms,Adriane,Meade,Ray
Smith,Ashleigh,Johnson,Lesly,Smith,Kahlil
Cockrell,Jamie,Polansky,Malia,Cockrell,Brice
McDivitt,Sydni,Grissom,Chastity,McDivitt,Trevon
Gruber,Jevon,McMonagle,Delaney,Gruber,Karl
Taft,Tyra,Patrick,Tyler,Taft,Lazaro
Moore,Calvin,Grabe,Jhane,Moore,Frank
Ford,Drew,Kennedy,Ashleigh,Ford,Amari
Grant,Nick,Thagard,Lillian,Grant,Juan
Noriega,Chaya,Hire,Kailee,Noriega,Kayvon
Baker,Wade,Peterson,Valencia,Baker,Walter
Thomas,Monika,Deckard,Gwendolyn,Thomas,Dequan
Pogue,Marcanthon,Torvalds,Darby,Pogue,Van
Buchanan,April,Swigert,Kristian,Buchanan,Bernard
Herrington,Brad,Hilliard,Jayla,Herrington,Jarvis
McArthur,Eleni,White,Jana,McArthur,Jarred
Michel,Taquan,Cabana,Kiersten,Michel,Kristofer
Deardorff,Breanne,Anders,Jenny,Deardorff,Wilson
Arthur,Jamal,Mullane,Keri,Arthur,Zachery
Lenoir,Macie,Sturckow,Ashlie,Lenoir,Terrance
Gruber,Rodney,Fullerton,Asia,Gruber,Johnathon
Irwin,Katherine,Buchli,Annika,Irwin,Jaquan
Hieb,Kade,Mastracchio,Shanyce,Hieb,Michael
Whitson,Kaylynn,Michel,Lynette,Whitson,Austin
Hieb,Marcell,Mastracchio,Shanyce,Hieb,Michael
Lousma,Estefani,Chilton,Malia,Lousma,Donald
Hieb,Gerardo,Mastracchio,Shanyce,Hieb,Michael
Franklin,Janelle,Hilmers,April,Franklin,Damien
Hieb,Domenic,Mastracchio,Shanyce,Hieb,Michael
Halsell,Chynna,Akers,Presley,Halsell,Jordin
Hieb,Gavin,Mastracchio,Shanyce,Hieb,Michael
White,Tianna,Gordon,Alesha,White,Kaleb
Hieb,Alberto,Mastracchio,Shanyce,Hieb,Michael
McNair,Allison,Morgan,Judy,McNair,Izaiah
Hieb,Raymond,Mastracchio,Shanyce,Hieb,Michael
Hieb,Ashley,Mastracchio,Shanyce,Hieb,Michael
Hieb,Leonardo,Mastracchio,Shanyce,Hieb,Michael
Hieb,Maranda,Mastracchio,Shanyce,Hieb,Michael
Meade,Jamir,Smith,Ashleigh,Meade,Troy
Hieb,Kenyatta,Mastracchio,Shanyce,Hieb,Michael
Meade,Titus,Smith,Ashleigh,Meade,Troy
Hieb,Chelsie,Mastracchio,Shanyce,Hieb,Michael
Meade,Keshaun,Smith,Ashleigh,Meade,Troy
Hieb,Cassandra,Mastracchio,Shanyce,Hieb,Michael
Meade,Jerry,Smith,Ashleigh,Meade,Troy
Hieb,Tasia,Mastracchio,Shanyce,Hieb,Michael
Cockrell,Oscar,McDivitt,Sydni,Cockrell,Jamie
Hieb,Willow,Mastracchio,Shanyce,Hieb,Michael
Cockrell,Neftaly,McDivitt,Sydni,Cockrell,Jamie
Hieb,Antonia,Mastracchio,Shanyce,Hieb,Michael
Cockrell,Torey,McDivitt,Sydni,Cockrell,Jamie
Meade,Barbara,Smith,Ashleigh,Meade,Troy
Cockrell,Chaz,McDivitt,Sydni,Cockrell,Jamie
Meade,Rikki,Smith,Ashleigh,Meade,Troy
Gruber,Ibrahim,Taft,Tyra,Gruber,Jevon
Meade,Bernadette,Smith,Ashleigh,Meade,Troy
Gruber,Bryson,Taft,Tyra,Gruber,Jevon
Cockrell,Jenna,McDivitt,Sydni,Cockrell,Jamie
Gruber,Dustin,Taft,Tyra,Gruber,Jevon
Cockrell,Katelyn,McDivitt,Sydni,Cockrell,Jamie
Gruber,Barrett,Taft,Tyra,Gruber,Jevon
Cockrell,Esther,McDivitt,Sydni,Cockrell,Jamie
Moore,Dexter,Ford,Drew,Moore,Calvin
Cockrell,Cristal,McDivitt,Sydni,Cockrell,Jamie
Moore,Charly,Ford,Drew,Moore,Calvin
Cockrell,Adrian,McDivitt,Sydni,Cockrell,Jamie
Moore,Luke,Ford,Drew,Moore,Calvin
Gruber,Jaymee,Taft,Tyra,Gruber,Jevon
Grant,Marcos,Noriega,Chaya,Grant,Nick
Gruber,Bailey,Taft,Tyra,Gruber,Jevon
Grant,Malachi,Noriega,Chaya,Grant,Nick
Gruber,Sandy,Taft,Tyra,Gruber,Jevon
Grant,Marco,Noriega,Chaya,Grant,Nick
Gruber,Yessenia,Taft,Tyra,Gruber,Jevon
Grant,Marcell,Noriega,Chaya,Grant,Nick
Gruber,Rachelle,Taft,Tyra,Gruber,Jevon
Grant,Landin,Noriega,Chaya,Grant,Nick
Gruber,Jaqueline,Taft,Tyra,Gruber,Jevon
Grant,Sean,Noriega,Chaya,Grant,Nick
Gruber,Nia,Taft,Tyra,Gruber,Jevon
Baker,Britton,Thomas,Monika,Baker,Wade
Moore,Leana,Ford,Drew,Moore,Calvin
Baker,Antonio,Thomas,Monika,Baker,Wade
Grant,Camilla,Noriega,Chaya,Grant,Nick
Baker,Larry,Thomas,Monika,Baker,Wade
Grant,Tayler,Noriega,Chaya,Grant,Nick
Baker,Raequan,Thomas,Monika,Baker,Wade
Grant,Aisha,Noriega,Chaya,Grant,Nick
Baker,Sutton,Thomas,Monika,Baker,Wade
Grant,Flor,Noriega,Chaya,Grant,Nick
Baker,Danny,Thomas,Monika,Baker,Wade
Grant,Chelsy,Noriega,Chaya,Grant,Nick
Baker,Tomas,Thomas,Monika,Baker,Wade
Grant,Chastity,Noriega,Chaya,Grant,Nick
Baker,Julio,Thomas,Monika,Baker,Wade
Grant,Iman,Noriega,Chaya,Grant,Nick
Pogue,Quintyn,Buchanan,April,Pogue,Marcanthon
Grant,Joanna,Noriega,Chaya,Grant,Nick
Pogue,Santana,Buchanan,April,Pogue,Marcanthon
Baker,Carlie,Thomas,Monika,Baker,Wade
Herrington,Conor,McArthur,Eleni,Herrington,Brad
Baker,Chasity,Thomas,Monika,Baker,Wade
Herrington,Dillon,McArthur,Eleni,Herrington,Brad
Baker,Jesslyn,Thomas,Monika,Baker,Wade
Herrington,Pierce,McArthur,Eleni,Herrington,Brad
Baker,Torrie,Thomas,Monika,Baker,Wade
Herrington,Rodolfo,McArthur,Eleni,Herrington,Brad
Baker,Yoana,Thomas,Monika,Baker,Wade
Herrington,Nour,McArthur,Eleni,Herrington,Brad
Baker,Lakeisha,Thomas,Monika,Baker,Wade
Herrington,Douglas,McArthur,Eleni,Herrington,Brad
Baker,Josie,Thomas,Monika,Baker,Wade
Herrington,Patric,McArthur,Eleni,Herrington,Brad
Baker,Shaniah,Thomas,Monika,Baker,Wade
Michel,Jeffery,Deardorff,Breanne,Michel,Taquan
Baker,Sally,Thomas,Monika,Baker,Wade
Michel,Mateo,Deardorff,Breanne,Michel,Taquan
Baker,Tanna,Thomas,Monika,Baker,Wade
Michel,Courtney,Deardorff,Breanne,Michel,Taquan
Baker,Ayanna,Thomas,Monika,Baker,Wade
Michel,Esteban,Deardorff,Breanne,Michel,Taquan
Baker,Callan,Thomas,Monika,Baker,Wade
Michel,Slaten,Deardorff,Breanne,Michel,Taquan
Pogue,Theresa,Buchanan,April,Pogue,Marcanthon
Michel,Hector,Deardorff,Breanne,Michel,Taquan
Pogue,Sinai,Buchanan,April,Pogue,Marcanthon
Michel,Nicholas,Deardorff,Breanne,Michel,Taquan
Herrington,Bianca,McArthur,Eleni,Herrington,Brad
Michel,Jean,Deardorff,Breanne,Michel,Taquan
Herrington,Yvette,McArthur,Eleni,Herrington,Brad
Michel,Quentin,Deardorff,Breanne,Michel,Taquan
Herrington,Kendal,McArthur,Eleni,Herrington,Brad
Arthur,Efrain,Lenoir,Macie,Arthur,Jamal
Herrington,Frida,McArthur,Eleni,Herrington,Brad
Arthur,Ross,Lenoir,Macie,Arthur,Jamal
Herrington,Jasmin,McArthur,Eleni,Herrington,Brad
Gruber,Roland,Irwin,Katherine,Gruber,Rodney
Herrington,Damaris,McArthur,Eleni,Herrington,Brad
Gruber,Coleman,Irwin,Katherine,Gruber,Rodney
Herrington,Lucia,McArthur,Eleni,Herrington,Brad
Gruber,Clinton,Irwin,Katherine,Gruber,Rodney
Michel,Brionna,Deardorff,Breanne,Michel,Taquan
Hieb,Ramon,Whitson,Kaylynn,Hieb,Kade
Michel,Destiny,Deardorff,Breanne,Michel,Taquan
Hieb,Raequan,Whitson,Kaylynn,Hieb,Kade
Michel,Stacie,Deardorff,Breanne,Michel,Taquan
Hieb,Kevon,Whitson,Kaylynn,Hieb,Kade
Michel,Constance,Deardorff,Breanne,Michel,Taquan
Hieb,Conor,Lousma,Estefani,Hieb,Marcell
Michel,Margo,Deardorff,Breanne,Michel,Taquan
Hieb,Tevin,Lousma,Estefani,Hieb,Marcell
Michel,Adriana,Deardorff,Breanne,Michel,Taquan
Hieb,Yair,Lousma,Estefani,Hieb,Marcell
Michel,Dayana,Deardorff,Breanne,Michel,Taquan
Hieb,Tre,Lousma,Estefani,Hieb,Marcell
Michel,Kayle,Deardorff,Breanne,Michel,Taquan
Hieb,Jashua,Lousma,Estefani,Hieb,Marcell
Michel,Asha,Deardorff,Breanne,Michel,Taquan
Hieb,Jayce,Lousma,Estefani,Hieb,Marcell
Arthur,Darian,Lenoir,Macie,Arthur,Jamal
Hieb,Daequan,Franklin,Janelle,Hieb,Gerardo
Arthur,Alexandria,Lenoir,Macie,Arthur,Jamal
Hieb,Deante,Franklin,Janelle,Hieb,Gerardo
Gruber,Rosemarie,Irwin,Katherine,Gruber,Rodney
Hieb,Bradly,Franklin,Janelle,Hieb,Gerardo
Gruber,Kelci,Irwin,Katherine,Gruber,Rodney
Hieb,Tylor,Franklin,Janelle,Hieb,Gerardo
Gruber,Brieanna,Irwin,Katherine,Gruber,Rodney
Hieb,Callahan,Franklin,Janelle,Hieb,Gerardo
Gruber,Gladys,Irwin,Katherine,Gruber,Rodney
Hieb,Sunny,Franklin,Janelle,Hieb,Gerardo
Gruber,Kaleigh,Irwin,Katherine,Gruber,Rodney
Hieb,Johnathon,Franklin,Janelle,Hieb,Gerardo
Hieb,Riley,Whitson,Kaylynn,Hieb,Kade
Hieb,Mitchel,Franklin,Janelle,Hieb,Gerardo
Hieb,Makena,Whitson,Kaylynn,Hieb,Kade
Hieb,Jeremey,Franklin,Janelle,Hieb,Gerardo
Hieb,Carolyn,Lousma,Estefani,Hieb,Marcell
Hieb,Killian,Halsell,Chynna,Hieb,Domenic
Hieb,Nathaly,Lousma,Estefani,Hieb,Marcell
Hieb,Walker,Halsell,Chynna,Hieb,Domenic
Hieb,Krystal,Lousma,Estefani,Hieb,Marcell
Hieb,Greyson,Halsell,Chynna,Hieb,Domenic
Hieb,Kiersten,Franklin,Janelle,Hieb,Gerardo
Hieb,Brenton,White,Tianna,Hieb,Gavin
Hieb,Kali,Franklin,Janelle,Hieb,Gerardo
Hieb,Pierce,White,Tianna,Hieb,Gavin
Hieb,Georgia,Franklin,Janelle,Hieb,Gerardo
Hieb,Luke,White,Tianna,Hieb,Gavin
Hieb,Catherine,Franklin,Janelle,Hieb,Gerardo
Hieb,Vincent,White,Tianna,Hieb,Gavin
Hieb,Caroline,Franklin,Janelle,Hieb,Gerardo
Hieb,Devonte,White,Tianna,Hieb,Gavin
Hieb,Gilda,Franklin,Janelle,Hieb,Gerardo
Hieb,Mauro,White,Tianna,Hieb,Gavin
Hieb,Kaylie,Franklin,Janelle,Hieb,Gerardo
Hieb,Dimitri,White,Tianna,Hieb,Gavin
Hieb,Tiyanna,Halsell,Chynna,Hieb,Domenic
Hieb,Tommy,White,Tianna,Hieb,Gavin
Hieb,Anissa,Halsell,Chynna,Hieb,Domenic
Hieb,Elias,White,Tianna,Hieb,Gavin
Hieb,Anna,Halsell,Chynna,Hieb,Domenic
Hieb,Devonta,White,Tianna,Hieb,Gavin
Hieb,Mckayla,White,Tianna,Hieb,Gavin
Hieb,Darnell,White,Tianna,Hieb,Gavin
Hieb,Tehya,White,Tianna,Hieb,Gavin
Hieb,Geoffrey,White,Tianna,Hieb,Gavin
Hieb,Joy,White,Tianna,Hieb,Gavin
Hieb,Destin,White,Tianna,Hieb,Gavin
Hieb,Zoe,White,Tianna,Hieb,Gavin
Hieb,Kayle,McNair,Allison,Hieb,Alberto
Hieb,Jayla,White,Tianna,Hieb,Gavin
Hieb,Aron,McNair,Allison,Hieb,Alberto
Hieb,Christine,White,Tianna,Hieb,Gavin
Hieb,Zackary,McNair,Allison,Hieb,Alberto
Hieb,Karyna,White,Tianna,Hieb,Gavin
Hieb,Dyllon,McNair,Allison,Hieb,Alberto
Hieb,Frida,McNair,Allison,Hieb,Alberto
Hieb,Francesco,McNair,Allison,Hieb,Alberto
Hieb,Gabrielle,McNair,Allison,Hieb,Alberto
Hieb,Luciano,McNair,Allison,Hieb,Alberto
Hieb,Shannon,McNair,Allison,Hieb,Alberto
Hieb,Kareem,McNair,Allison,Hieb,Alberto
Hieb,Kianna,McNair,Allison,Hieb,Alberto
Hieb,Gonzalo,McNair,Allison,Hieb,Alberto
Hieb,Kaleigh,McNair,Allison,Hieb,Alberto
Hieb,Brenden,Meade,Barbara,Hieb,Raymond
Hieb,Madeline,McNair,Allison,Hieb,Alberto
Hieb,Damion,Meade,Barbara,Hieb,Raymond
Hieb,Marysol,McNair,Allison,Hieb,Alberto
Hieb,Daryl,Meade,Barbara,Hieb,Raymond
Hieb,Sidney,McNair,Allison,Hieb,Alberto
Hieb,Tyrone,Meade,Barbara,Hieb,Raymond
Hieb,Noemi,McNair,Allison,Hieb,Alberto
Hieb,Terrance,Meade,Barbara,Hieb,Raymond
Hieb,Mary,McNair,Allison,Hieb,Alberto
Hieb,Josiah,Meade,Barbara,Hieb,Raymond
Hieb,Jodie,Meade,Barbara,Hieb,Raymond
Hieb,Liam,Meade,Rikki,Hieb,Leonardo
Hieb,Rita,Meade,Barbara,Hieb,Raymond
Hieb,Arjun,Meade,Rikki,Hieb,Leonardo
Hieb,Breana,Meade,Barbara,Hieb,Raymond
Hieb,Markell,Meade,Rikki,Hieb,Leonardo
Hieb,Violet,Meade,Barbara,Hieb,Raymond
Hieb,Kristopher,Meade,Rikki,Hieb,Leonardo
Hieb,Carson,Meade,Barbara,Hieb,Raymond
Hieb,Delonta,Meade,Rikki,Hieb,Leonardo
Hieb,Jessie,Meade,Barbara,Hieb,Raymond
Hieb,Jerryd,Meade,Rikki,Hieb,Leonardo
Hieb,Haylie,Meade,Barbara,Hieb,Raymond
Hieb,Sebastien,Meade,Rikki,Hieb,Leonardo
Hieb,Sadia,Meade,Barbara,Hieb,Raymond
Hieb,Kerry,Meade,Rikki,Hieb,Leonardo
Hieb,Shawna,Meade,Barbara,Hieb,Raymond
Hieb,Owen,Meade,Rikki,Hieb,Leonardo
Hieb,Sheridan,Meade,Barbara,Hieb,Raymond
Hieb,Brendan,Meade,Rikki,Hieb,Leonardo
Hieb,Alexa,Meade,Barbara,Hieb,Raymond
Meade,Tony,Hieb,Ashley,Meade,Jamir
Hieb,Merideth,Meade,Barbara,Hieb,Raymond
Meade,Winston,Hieb,Ashley,Meade,Jamir
Hieb,Kaitlynn,Meade,Rikki,Hieb,Leonardo
Meade,Yobani,Hieb,Ashley,Meade,Jamir
Hieb,Caylee,Meade,Rikki,Hieb,Leonardo
Meade,Shemar,Hieb,Ashley,Meade,Jamir
Hieb,Angelina,Meade,Rikki,Hieb,Leonardo
Meade,Josiah,Hieb,Ashley,Meade,Jamir
Hieb,Cierra,Meade,Rikki,Hieb,Leonardo
Meade,Christen,Hieb,Ashley,Meade,Jamir
Hieb,Kortney,Meade,Rikki,Hieb,Leonardo
Meade,Jai,Hieb,Ashley,Meade,Jamir
Hieb,Judith,Meade,Rikki,Hieb,Leonardo
Meade,Johnathon,Hieb,Ashley,Meade,Jamir
Hieb,Carolina,Meade,Rikki,Hieb,Leonardo
Meade,Deonta,Hieb,Maranda,Meade,Titus
Hieb,Daija,Meade,Rikki,Hieb,Leonardo
Meade,Byron,Hieb,Maranda,Meade,Titus
Hieb,Dorian,Meade,Rikki,Hieb,Leonardo
Meade,Alberto,Hieb,Kenyatta,Meade,Keshaun
Meade,Noemi,Hieb,Ashley,Meade,Jamir
Meade,Benito,Hieb,Kenyatta,Meade,Keshaun
Meade,Sonia,Hieb,Ashley,Meade,Jamir
Meade,Toby,Hieb,Kenyatta,Meade,Keshaun
Meade,Maryssa,Hieb,Ashley,Meade,Jamir
Meade,Tate,Hieb,Kenyatta,Meade,Keshaun
Meade,Annabel,Hieb,Ashley,Meade,Jamir
Meade,Gerardo,Hieb,Kenyatta,Meade,Keshaun
Meade,Frances,Hieb,Ashley,Meade,Jamir
Meade,Van,Hieb,Kenyatta,Meade,Keshaun
Meade,Lena,Hieb,Ashley,Meade,Jamir
Meade,Spencer,Hieb,Kenyatta,Meade,Keshaun
Meade,Serenity,Hieb,Ashley,Meade,Jamir
Meade,Zakery,Hieb,Kenyatta,Meade,Keshaun
Meade,Sydni,Hieb,Ashley,Meade,Jamir
Meade,Liam,Hieb,Kenyatta,Meade,Keshaun
Meade,Shanyce,Hieb,Ashley,Meade,Jamir
Meade,Brayden,Hieb,Chelsie,Meade,Jerry
Meade,Xochitl,Hieb,Ashley,Meade,Jamir
Meade,Delonta,Hieb,Chelsie,Meade,Jerry
Meade,Gabriella,Hieb,Ashley,Meade,Jamir
Meade,Jayce,Hieb,Chelsie,Meade,Jerry
Meade,Addison,Hieb,Maranda,Meade,Titus
Meade,Gene,Hieb,Chelsie,Meade,Jerry
Meade,Karla,Hieb,Maranda,Meade,Titus
Meade,Gavin,Hieb,Chelsie,Meade,Jerry
Meade,Aleasha,Hieb,Kenyatta,Meade,Keshaun
Meade,Don,Hieb,Chelsie,Meade,Jerry
Meade,Lesli,Hieb,Kenyatta,Meade,Keshaun
Cockrell,Korey,Hieb,Cassandra,Cockrell,Oscar
Meade,Jewel,Hieb,Kenyatta,Meade,Keshaun
Cockrell,Jarred,Hieb,Cassandra,Cockrell,Oscar
Meade,Synthia,Hieb,Kenyatta,Meade,Keshaun
Cockrell,Demarco,Hieb,Cassandra,Cockrell,Oscar
Meade,Violet,Hieb,Kenyatta,Meade,Keshaun
Cockrell,Colin,Hieb,Cassandra,Cockrell,Oscar
Meade,Trista,Hieb,Kenyatta,Meade,Keshaun
Cockrell,Migel,Hieb,Cassandra,Cockrell,Oscar
Meade,Miah,Hieb,Kenyatta,Meade,Keshaun
Cockrell,Jerryd,Hieb,Cassandra,Cockrell,Oscar
Meade,Makenzie,Hieb,Kenyatta,Meade,Keshaun
Cockrell,Jaylan,Hieb,Cassandra,Cockrell,Oscar
Meade,Elana,Hieb,Kenyatta,Meade,Keshaun
Cockrell,Tylor,Hieb,Tasia,Cockrell,Neftaly
Meade,Rhiannon,Hieb,Chelsie,Meade,Jerry
Cockrell,Hector,Hieb,Tasia,Cockrell,Neftaly
Meade,Laquisha,Hieb,Chelsie,Meade,Jerry
Cockrell,Graham,Hieb,Tasia,Cockrell,Neftaly
Meade,Alessandra,Hieb,Chelsie,Meade,Jerry
Cockrell,Oneil,Hieb,Tasia,Cockrell,Neftaly
Meade,Rachelle,Hieb,Chelsie,Meade,Jerry
Cockrell,Niko,Hieb,Willow,Cockrell,Torey
Meade,Teresa,Hieb,Chelsie,Meade,Jerry
Cockrell,Alejandro,Hieb,Antonia,Cockrell,Chaz
Meade,Zoe,Hieb,Chelsie,Meade,Jerry
Cockrell,Claudio,Hieb,Antonia,Cockrell,Chaz
Meade,Janie,Hieb,Chelsie,Meade,Jerry
Cockrell,Ethan,Hieb,Antonia,Cockrell,Chaz
Cockrell,Kaya,Hieb,Cassandra,Cockrell,Oscar
Cockrell,Brannon,Hieb,Antonia,Cockrell,Chaz
Cockrell,Imani,Hieb,Cassandra,Cockrell,Oscar
Cockrell,Javon,Hieb,Antonia,Cockrell,Chaz
Cockrell,Scarlett,Hieb,Cassandra,Cockrell,Oscar
Gruber,Brent,Meade,Bernadette,Gruber,Ibrahim
Cockrell,Kirstin,Hieb,Cassandra,Cockrell,Oscar
Gruber,Moses,Meade,Bernadette,Gruber,Ibrahim
Cockrell,Libby,Hieb,Cassandra,Cockrell,Oscar
Gruber,Zachary,Meade,Bernadette,Gruber,Ibrahim
Cockrell,Kasandra,Hieb,Cassandra,Cockrell,Oscar
Gruber,Kayvon,Meade,Bernadette,Gruber,Ibrahim
Cockrell,Kiera,Hieb,Cassandra,Cockrell,Oscar
Gruber,Guadalupe,Meade,Bernadette,Gruber,Ibrahim
Cockrell,Danae,Hieb,Cassandra,Cockrell,Oscar
Gruber,Bryan,Meade,Bernadette,Gruber,Ibrahim
Cockrell,Bobbie,Hieb,Cassandra,Cockrell,Oscar
Gruber,Ray,Meade,Bernadette,Gruber,Ibrahim
Cockrell,Elisabeth,Hieb,Cassandra,Cockrell,Oscar
Gruber,Damien,Meade,Bernadette,Gruber,Ibrahim
Cockrell,Lesley,Hieb,Tasia,Cockrell,Neftaly
Gruber,Keenan,Meade,Bernadette,Gruber,Ibrahim
Cockrell,Nichole,Hieb,Tasia,Cockrell,Neftaly
Gruber,Marcell,Meade,Bernadette,Gruber,Ibrahim
Cockrell,Iridiana,Hieb,Tasia,Cockrell,Neftaly
Gruber,Josejuan,Cockrell,Jenna,Gruber,Bryson
Cockrell,Sandra,Hieb,Tasia,Cockrell,Neftaly
Gruber,Alden,Cockrell,Jenna,Gruber,Bryson
Cockrell,Harmony,Hieb,Tasia,Cockrell,Neftaly
Gruber,Brandon,Cockrell,Jenna,Gruber,Bryson
Cockrell,Rubi,Hieb,Willow,Cockrell,Torey
Gruber,Erik,Cockrell,Jenna,Gruber,Bryson
Cockrell,Tynia,Hieb,Willow,Cockrell,Torey
Gruber,Ralph,Cockrell,Jenna,Gruber,Bryson
Cockrell,Bethany,Hieb,Willow,Cockrell,Torey
Gruber,Daryl,Cockrell,Jenna,Gruber,Bryson
Cockrell,Kenia,Hieb,Antonia,Cockrell,Chaz
Gruber,Jordin,Cockrell,Jenna,Gruber,Bryson
Cockrell,Keiarra,Hieb,Antonia,Cockrell,Chaz
Gruber,Kurt,Cockrell,Jenna,Gruber,Bryson
Cockrell,Keirra,Hieb,Antonia,Cockrell,Chaz
Gruber,Harry,Cockrell,Jenna,Gruber,Bryson
Cockrell,Breona,Hieb,Antonia,Cockrell,Chaz
Gruber,Avery,Cockrell,Jenna,Gruber,Bryson
Cockrell,Chyanne,Hieb,Antonia,Cockrell,Chaz
Gruber,Fredrick,Cockrell,Jenna,Gruber,Bryson
Gruber,Francisca,Meade,Bernadette,Gruber,Ibrahim
Gruber,Isaac,Cockrell,Jenna,Gruber,Bryson
Gruber,Nichelle,Meade,Bernadette,Gruber,Ibrahim
Gruber,Arthur,Cockrell,Katelyn,Gruber,Dustin
Gruber,Anjelica,Meade,Bernadette,Gruber,Ibrahim
Gruber,Charly,Cockrell,Katelyn,Gruber,Dustin
Gruber,Aliyah,Meade,Bernadette,Gruber,Ibrahim
Gruber,Jamar,Cockrell,Katelyn,Gruber,Dustin
Gruber,Ebony,Meade,Bernadette,Gruber,Ibrahim
Gruber,Efren,Cockrell,Katelyn,Gruber,Dustin
Gruber,Kennedy,Meade,Bernadette,Gruber,Ibrahim
Gruber,Clarence,Cockrell,Katelyn,Gruber,Dustin
Gruber,Janesha,Meade,Bernadette,Gruber,Ibrahim
Gruber,Parker,Cockrell,Katelyn,Gruber,Dustin
Gruber,Keri,Meade,Bernadette,Gruber,Ibrahim
Gruber,Terence,Cockrell,Katelyn,Gruber,Dustin
Gruber,Fatima,Meade,Bernadette,Gruber,Ibrahim
Gruber,Ruben,Cockrell,Katelyn,Gruber,Dustin
Gruber,Desiree,Meade,Bernadette,Gruber,Ibrahim
Gruber,Guy,Cockrell,Katelyn,Gruber,Dustin
Gruber,Dina,Cockrell,Jenna,Gruber,Bryson
Gruber,Reed,Cockrell,Katelyn,Gruber,Dustin
Gruber,Mykelle,Cockrell,Jenna,Gruber,Bryson
Gruber,Antonio,Cockrell,Esther,Gruber,Barrett
Gruber,Kelley,Cockrell,Jenna,Gruber,Bryson
Gruber,Isaiah,Cockrell,Esther,Gruber,Barrett
Gruber,Anastasia,Cockrell,Jenna,Gruber,Bryson
Gruber,Dale,Cockrell,Esther,Gruber,Barrett
Gruber,Michele,Cockrell,Jenna,Gruber,Bryson
Gruber,Aaron,Cockrell,Esther,Gruber,Barrett
Gruber,Kady,Cockrell,Jenna,Gruber,Bryson
Gruber,Billy,Cockrell,Esther,Gruber,Barrett
Gruber,Taelor,Cockrell,Jenna,Gruber,Bryson
Gruber,Deleon,Cockrell,Esther,Gruber,Barrett
Gruber,Adele,Cockrell,Katelyn,Gruber,Dustin
Gruber,Frankie,Cockrell,Esther,Gruber,Barrett
Gruber,Andrea,Cockrell,Katelyn,Gruber,Dustin
Gruber,Nestor,Cockrell,Esther,Gruber,Barrett
Gruber,Camisha,Cockrell,Katelyn,Gruber,Dustin
Moore,Maurice,Cockrell,Cristal,Moore,Dexter
Gruber,Katharine,Cockrell,Katelyn,Gruber,Dustin
Moore,Travis,Cockrell,Cristal,Moore,Dexter
Gruber,Erin,Cockrell,Esther,Gruber,Barrett
Moore,Jacori,Cockrell,Cristal,Moore,Dexter
Gruber,Sandra,Cockrell,Esther,Gruber,Barrett
Moore,Keifer,Cockrell,Cristal,Moore,Dexter
Gruber,Lisette,Cockrell,Esther,Gruber,Barrett
Moore,Langston,Cockrell,Cristal,Moore,Dexter
Gruber,Shekinah,Cockrell,Esther,Gruber,Barrett
Moore,Felipe,Cockrell,Cristal,Moore,Dexter
Gruber,Cecilia,Cockrell,Esther,Gruber,Barrett
Moore,Amir,Cockrell,Cristal,Moore,Dexter
Gruber,Gabriella,Cockrell,Esther,Gruber,Barrett
Moore,Ryen,Cockrell,Adrian,Moore,Charly
Gruber,Kelsi,Cockrell,Esther,Gruber,Barrett
Moore,Trey,Cockrell,Adrian,Moore,Charly
Gruber,Ayanna,Cockrell,Esther,Gruber,Barrett
Moore,Keon,Cockrell,Adrian,Moore,Charly
Moore,Maia,Cockrell,Cristal,Moore,Dexter
Moore,Wesley,Gruber,Jaymee,Moore,Luke
Moore,Alexia,Cockrell,Cristal,Moore,Dexter
Moore,Jakob,Gruber,Jaymee,Moore,Luke
Moore,Baily,Cockrell,Cristal,Moore,Dexter
Moore,Anthoni,Gruber,Jaymee,Moore,Luke
Moore,Lourdes,Cockrell,Cristal,Moore,Dexter
Grant,Brooks,Gruber,Bailey,Grant,Marcos
Moore,Shari,Cockrell,Cristal,Moore,Dexter
Grant,Leonard,Gruber,Bailey,Grant,Marcos
Moore,Dandrea,Cockrell,Cristal,Moore,Dexter
Grant,Bradly,Gruber,Sandy,Grant,Malachi
Moore,Bailee,Cockrell,Cristal,Moore,Dexter
Grant,Bradlee,Gruber,Sandy,Grant,Malachi
Moore,Anamarie,Cockrell,Adrian,Moore,Charly
Grant,Francisco,Gruber,Sandy,Grant,Malachi
Moore,Julissa,Cockrell,Adrian,Moore,Charly
Grant,Maxwell,Gruber,Yessenia,Grant,Marco
Moore,Casie,Cockrell,Adrian,Moore,Charly
Grant,Jeffery,Gruber,Yessenia,Grant,Marco
Grant,Linda,Gruber,Bailey,Grant,Marcos
Grant,Brice,Gruber,Yessenia,Grant,Marco
Grant,Zandria,Gruber,Bailey,Grant,Marcos
Grant,Taylor,Gruber,Yessenia,Grant,Marco
Grant,Yamilex,Gruber,Bailey,Grant,Marcos
Grant,Dante,Gruber,Yessenia,Grant,Marco
Grant,Mahogany,Gruber,Yessenia,Grant,Marco
Grant,Alden,Gruber,Yessenia,Grant,Marco
Grant,Nyla,Gruber,Yessenia,Grant,Marco
Grant,Cameron,Gruber,Yessenia,Grant,Marco
Grant,Lizette,Gruber,Yessenia,Grant,Marco
Grant,Tom,Gruber,Rachelle,Grant,Marcell
Grant,Charlene,Gruber,Yessenia,Grant,Marco
Grant,San,Gruber,Rachelle,Grant,Marcell
Grant,Kylee,Gruber,Yessenia,Grant,Marco
Grant,Trey,Gruber,Rachelle,Grant,Marcell
Grant,Kealani,Gruber,Yessenia,Grant,Marco
Grant,Brogan,Gruber,Rachelle,Grant,Marcell
Grant,Abbey,Gruber,Yessenia,Grant,Marco
Grant,Miles,Gruber,Jaqueline,Grant,Landin
Grant,Lexi,Gruber,Yessenia,Grant,Marco
Grant,Kayvon,Gruber,Jaqueline,Grant,Landin
Grant,Gabriella,Gruber,Yessenia,Grant,Marco
Grant,Rand,Gruber,Jaqueline,Grant,Landin
Grant,Paris,Gruber,Yessenia,Grant,Marco
Grant,Deante,Gruber,Nia,Grant,Sean
Grant,Aaliyah,Gruber,Rachelle,Grant,Marcell
Grant,Isaac,Gruber,Nia,Grant,Sean
Grant,Kendyl,Gruber,Rachelle,Grant,Marcell
Grant,Terance,Gruber,Nia,Grant,Sean
Grant,Sadie,Gruber,Rachelle,Grant,Marcell
Grant,Aspen,Gruber,Nia,Grant,Sean
Grant,Mattea,Gruber,Rachelle,Grant,Marcell
Grant,Cyrus,Gruber,Nia,Grant,Sean
Grant,Melissa,Gruber,Rachelle,Grant,Marcell
Grant,Alek,Gruber,Nia,Grant,Sean
Grant,Tristan,Gruber,Jaqueline,Grant,Landin
Grant,Orion,Gruber,Nia,Grant,Sean
Grant,Yoana,Gruber,Jaqueline,Grant,Landin
Grant,Deondre,Gruber,Nia,Grant,Sean
Grant,Marlene,Gruber,Jaqueline,Grant,Landin
Grant,Wilson,Gruber,Nia,Grant,Sean
Grant,Alysa,Gruber,Jaqueline,Grant,Landin
Baker,Austyn,Moore,Leana,Baker,Britton
Grant,Merideth,Gruber,Jaqueline,Grant,Landin
Baker,Dreshaun,Moore,Leana,Baker,Britton
Grant,Mikhaila,Gruber,Jaqueline,Grant,Landin
Baker,German,Moore,Leana,Baker,Britton
Grant,Dominique,Gruber,Jaqueline,Grant,Landin
Baker,Erin,Grant,Camilla,Baker,Antonio
Grant,Camila,Gruber,Jaqueline,Grant,Landin
Baker,Estevan,Grant,Camilla,Baker,Antonio
Grant,Calandra,Gruber,Jaqueline,Grant,Landin
Baker,Tylor,Grant,Camilla,Baker,Antonio
Grant,Ashanti,Gruber,Jaqueline,Grant,Landin
Baker,Kody,Grant,Camilla,Baker,Antonio
Grant,Minnie,Gruber,Jaqueline,Grant,Landin
Baker,Rudy,Grant,Camilla,Baker,Antonio
Grant,Diana,Gruber,Jaqueline,Grant,Landin
Baker,Cooper,Grant,Tayler,Baker,Larry
Grant,Rita,Gruber,Nia,Grant,Sean
Baker,Brogan,Grant,Tayler,Baker,Larry
Grant,Taryn,Gruber,Nia,Grant,Sean
Baker,Dan,Grant,Tayler,Baker,Larry
Grant,Joceline,Gruber,Nia,Grant,Sean
Baker,Conrad,Grant,Tayler,Baker,Larry
Grant,Reagan,Gruber,Nia,Grant,Sean
Baker,Zakery,Grant,Tayler,Baker,Larry
Grant,Lilibeth,Gruber,Nia,Grant,Sean
Baker,Camron,Grant,Tayler,Baker,Larry
Baker,Anna,Moore,Leana,Baker,Britton
Baker,Dennis,Grant,Tayler,Baker,Larry
Baker,Cierra,Moore,Leana,Baker,Britton
Baker,Wilfredo,Grant,Aisha,Baker,Raequan
Baker,Delanie,Grant,Camilla,Baker,Antonio
Baker,Esteban,Grant,Aisha,Baker,Raequan
Baker,Casey,Grant,Camilla,Baker,Antonio
Baker,Paul,Grant,Aisha,Baker,Raequan
Baker,Lakendra,Grant,Camilla,Baker,Antonio
Baker,Ishmael,Grant,Aisha,Baker,Raequan
Baker,Rowan,Grant,Camilla,Baker,Antonio
Baker,Jesus,Grant,Aisha,Baker,Raequan
Baker,Demi,Grant,Camilla,Baker,Antonio
Baker,Kellen,Grant,Flor,Baker,Sutton
Baker,Aylin,Grant,Camilla,Baker,Antonio
Baker,Kristofer,Grant,Flor,Baker,Sutton
Baker,Sean,Grant,Tayler,Baker,Larry
Baker,Deric,Grant,Flor,Baker,Sutton
Baker,Trinity,Grant,Tayler,Baker,Larry
Baker,Latrell,Grant,Flor,Baker,Sutton
Baker,Carina,Grant,Tayler,Baker,Larry
Baker,Heriberto,Grant,Flor,Baker,Sutton
Baker,Delilah,Grant,Tayler,Baker,Larry
Baker,Chris,Grant,Chelsy,Baker,Danny
Baker,Coral,Grant,Tayler,Baker,Larry
Baker,Ralph,Grant,Chelsy,Baker,Danny
Baker,Karah,Grant,Tayler,Baker,Larry
Baker,Tysen,Grant,Chelsy,Baker,Danny
Baker,Priscilla,Grant,Tayler,Baker,Larry
Baker,Cole,Grant,Chelsy,Baker,Danny
Baker,Kiersten,Grant,Tayler,Baker,Larry
Baker,Nathanael,Grant,Chelsy,Baker,Danny
Baker,Dandrea,Grant,Aisha,Baker,Raequan
Baker,Harry,Grant,Chelsy,Baker,Danny
Baker,Juliana,Grant,Aisha,Baker,Raequan
Baker,Remington,Grant,Chelsy,Baker,Danny
Baker,Skylar,Grant,Aisha,Baker,Raequan
Baker,Terance,Grant,Chastity,Baker,Tomas
Baker,Cheyenne,Grant,Aisha,Baker,Raequan
Baker,Francis,Grant,Chastity,Baker,Tomas
Baker,Carolyn,Grant,Aisha,Baker,Raequan
Baker,Chaz,Grant,Chastity,Baker,Tomas
Baker,Shawna,Grant,Aisha,Baker,Raequan
Baker,Titus,Grant,Chastity,Baker,Tomas
Baker,Tabitha,Grant,Aisha,Baker,Raequan
Baker,Antavius,Grant,Chastity,Baker,Tomas
Baker,Johanna,Grant,Aisha,Baker,Raequan
Baker,Adam,Grant,Chastity,Baker,Tomas
Baker,Moesha,Grant,Aisha,Baker,Raequan
Baker,Patrick,Grant,Chastity,Baker,Tomas
Baker,Shane,Grant,Flor,Baker,Sutton
Baker,Luke,Grant,Chastity,Baker,Tomas
Baker,Kirsten,Grant,Flor,Baker,Sutton
Baker,Dalton,Grant,Chastity,Baker,Tomas
Baker,Amberly,Grant,Flor,Baker,Sutton
Baker,Brennan,Grant,Chastity,Baker,Tomas
Baker,Destini,Grant,Flor,Baker,Sutton
Baker,George,Grant,Chastity,Baker,Tomas
Baker,Devin,Grant,Flor,Baker,Sutton
Baker,Ernest,Grant,Chastity,Baker,Tomas
Baker,Deanne,Grant,Flor,Baker,Sutton
Baker,Jeffery,Grant,Iman,Baker,Julio
Baker,Rayven,Grant,Chelsy,Baker,Danny
Baker,Javier,Grant,Iman,Baker,Julio
Baker,Minna,Grant,Chelsy,Baker,Danny
Baker,Claudio,Grant,Iman,Baker,Julio
Baker,Angelique,Grant,Chelsy,Baker,Danny
Baker,Joe,Grant,Iman,Baker,Julio
Baker,Nadine,Grant,Chelsy,Baker,Danny
Baker,Bailey,Grant,Iman,Baker,Julio
Baker,Desaree,Grant,Chelsy,Baker,Danny
Baker,Alberto,Grant,Iman,Baker,Julio
Baker,Regina,Grant,Chelsy,Baker,Danny
Pogue,Idris,Grant,Joanna,Pogue,Quintyn
Baker,Chaya,Grant,Chelsy,Baker,Danny
Pogue,Diego,Grant,Joanna,Pogue,Quintyn
Baker,Shuntara,Grant,Chelsy,Baker,Danny
Pogue,Reece,Grant,Joanna,Pogue,Quintyn
Baker,Sidney,Grant,Chastity,Baker,Tomas
Pogue,Eli,Baker,Carlie,Pogue,Santana
Baker,Fiona,Grant,Chastity,Baker,Tomas
Pogue,Leon,Baker,Carlie,Pogue,Santana
Baker,Jillian,Grant,Chastity,Baker,Tomas
Pogue,Romeo,Baker,Carlie,Pogue,Santana
Baker,Magdalena,Grant,Chastity,Baker,Tomas
Pogue,Jovan,Baker,Carlie,Pogue,Santana
Baker,Katelynn,Grant,Chastity,Baker,Tomas
Pogue,Tylar,Baker,Carlie,Pogue,Santana
Baker,Carson,Grant,Iman,Baker,Julio
Herrington,Keaton,Baker,Chasity,Herrington,Conor
Baker,Sarahmarie,Grant,Iman,Baker,Julio
Herrington,Montana,Baker,Chasity,Herrington,Conor
Baker,Asha,Grant,Iman,Baker,Julio
Herrington,Roy,Baker,Chasity,Herrington,Conor
Baker,Breann,Grant,Iman,Baker,Julio
Herrington,Kristian,Baker,Chasity,Herrington,Conor
Baker,Tori,Grant,Iman,Baker,Julio
Herrington,Perry,Baker,Chasity,Herrington,Conor
Baker,Lauryn,Grant,Iman,Baker,Julio
Herrington,Corey,Baker,Chasity,Herrington,Conor
Pogue,Lesli,Grant,Joanna,Pogue,Quintyn
Herrington,Tomas,Baker,Jesslyn,Herrington,Dillon
Pogue,Latosha,Grant,Joanna,Pogue,Quintyn
Herrington,Neal,Baker,Jesslyn,Herrington,Dillon
Pogue,Bianca,Grant,Joanna,Pogue,Quintyn
Herrington,Arian,Baker,Jesslyn,Herrington,Dillon
Pogue,Shianne,Grant,Joanna,Pogue,Quintyn
Herrington,Danny,Baker,Torrie,Herrington,Pierce
Pogue,Leana,Grant,Joanna,Pogue,Quintyn
Herrington,Austyn,Baker,Torrie,Herrington,Pierce
Pogue,Casie,Grant,Joanna,Pogue,Quintyn
Herrington,Jamel,Baker,Torrie,Herrington,Pierce
Pogue,Grecia,Grant,Joanna,Pogue,Quintyn
Herrington,Ramon,Baker,Torrie,Herrington,Pierce
Pogue,Noah,Grant,Joanna,Pogue,Quintyn
Herrington,Brennon,Baker,Torrie,Herrington,Pierce
Pogue,Heaven,Baker,Carlie,Pogue,Santana
Herrington,Triston,Baker,Torrie,Herrington,Pierce
Pogue,Kortney,Baker,Carlie,Pogue,Santana
Herrington,Timothy,Baker,Yoana,Herrington,Rodolfo
Herrington,Annette,Baker,Chasity,Herrington,Conor
Herrington,Jake,Baker,Lakeisha,Herrington,Nour
Herrington,Kaitlin,Baker,Chasity,Herrington,Conor
Herrington,Joey,Baker,Lakeisha,Herrington,Nour
Herrington,Marcia,Baker,Chasity,Herrington,Conor
Herrington,Marcell,Baker,Lakeisha,Herrington,Nour
Herrington,Allyssa,Baker,Chasity,Herrington,Conor
Herrington,Ethan,Baker,Lakeisha,Herrington,Nour
Herrington,Divya,Baker,Chasity,Herrington,Conor
Herrington,Ahmad,Baker,Josie,Herrington,Douglas
Herrington,Daphne,Baker,Chasity,Herrington,Conor
Herrington,Tre,Baker,Josie,Herrington,Douglas
Herrington,Tianna,Baker,Chasity,Herrington,Conor
Herrington,Ishmael,Baker,Josie,Herrington,Douglas
Herrington,Evangelina,Baker,Chasity,Herrington,Conor
Herrington,Edwin,Baker,Josie,Herrington,Douglas
Herrington,Josey,Baker,Jesslyn,Herrington,Dillon
Herrington,Justyn,Baker,Josie,Herrington,Douglas
Herrington,Genevieve,Baker,Jesslyn,Herrington,Dillon
Herrington,Hayes,Baker,Josie,Herrington,Douglas
Herrington,Karlee,Baker,Jesslyn,Herrington,Dillon
Herrington,Alfredo,Baker,Shaniah,Herrington,Patric
Herrington,Abagail,Baker,Jesslyn,Herrington,Dillon
Herrington,Josejuan,Baker,Shaniah,Herrington,Patric
Herrington,Kathryn,Baker,Jesslyn,Herrington,Dillon
Herrington,Robert,Baker,Shaniah,Herrington,Patric
Herrington,Porsha,Baker,Jesslyn,Herrington,Dillon
Herrington,Hunter,Baker,Shaniah,Herrington,Patric
Herrington,Raegan,Baker,Jesslyn,Herrington,Dillon
Herrington,Mason,Baker,Shaniah,Herrington,Patric
Herrington,Sheri,Baker,Jesslyn,Herrington,Dillon
Herrington,Gideon,Baker,Shaniah,Herrington,Patric
Herrington,Evelin,Baker,Jesslyn,Herrington,Dillon
Herrington,Brogan,Baker,Shaniah,Herrington,Patric
Herrington,Itati,Baker,Jesslyn,Herrington,Dillon
Michel,Kerrick,Baker,Sally,Michel,Jeffery
Herrington,Kayland,Baker,Jesslyn,Herrington,Dillon
Michel,Reuben,Baker,Sally,Michel,Jeffery
Herrington,Angelica,Baker,Torrie,Herrington,Pierce
Michel,Gage,Baker,Sally,Michel,Jeffery
Herrington,Dasia,Baker,Torrie,Herrington,Pierce
Michel,Jamir,Baker,Sally,Michel,Jeffery
Herrington,Cassandra,Baker,Torrie,Herrington,Pierce
Michel,Dedrick,Baker,Sally,Michel,Jeffery
Herrington,Ixchel,Baker,Torrie,Herrington,Pierce
Michel,Ross,Baker,Sally,Michel,Jeffery
Herrington,Maddison,Baker,Torrie,Herrington,Pierce
Michel,Rodrigo,Baker,Sally,Michel,Jeffery
Herrington,Raven,Baker,Torrie,Herrington,Pierce
Michel,Josejuan,Baker,Sally,Michel,Jeffery
Herrington,Hana,Baker,Torrie,Herrington,Pierce
Michel,Jessie,Baker,Tanna,Michel,Mateo
Herrington,Cindy,Baker,Torrie,Herrington,Pierce
Michel,Bradly,Baker,Tanna,Michel,Mateo
Herrington,Cassie,Baker,Torrie,Herrington,Pierce
Michel,Diondre,Baker,Tanna,Michel,Mateo
Herrington,Kira,Baker,Torrie,Herrington,Pierce
Michel,Ryan,Baker,Tanna,Michel,Mateo
Herrington,Marlen,Baker,Yoana,Herrington,Rodolfo
Michel,Titus,Baker,Tanna,Michel,Mateo
Herrington,Crystal,Baker,Yoana,Herrington,Rodolfo
Michel,Wilson,Baker,Tanna,Michel,Mateo
Herrington,Nicolle,Baker,Yoana,Herrington,Rodolfo
Michel,Bronson,Baker,Tanna,Michel,Mateo
Herrington,Camila,Baker,Yoana,Herrington,Rodolfo
Michel,Franklin,Baker,Tanna,Michel,Mateo
Herrington,Kiera,Baker,Yoana,Herrington,Rodolfo
Michel,Stanley,Baker,Tanna,Michel,Mateo
Herrington,Joan,Baker,Lakeisha,Herrington,Nour
Michel,Dominique,Baker,Tanna,Michel,Mateo
Herrington,Maire,Baker,Lakeisha,Herrington,Nour
Michel,Chandler,Baker,Tanna,Michel,Mateo
Herrington,Alma,Baker,Josie,Herrington,Douglas
Michel,Casey,Baker,Ayanna,Michel,Courtney
Herrington,Sania,Baker,Josie,Herrington,Douglas
Michel,Fredrick,Baker,Ayanna,Michel,Courtney
Herrington,Kortney,Baker,Josie,Herrington,Douglas
Michel,Johnny,Baker,Ayanna,Michel,Courtney
Herrington,Lyric,Baker,Josie,Herrington,Douglas
Michel,Garrett,Baker,Ayanna,Michel,Courtney
Herrington,Kallee,Baker,Josie,Herrington,Douglas
Michel,Trey,Baker,Ayanna,Michel,Courtney
Herrington,Kaila,Baker,Josie,Herrington,Douglas
Michel,Jair,Baker,Ayanna,Michel,Courtney
Herrington,Jamie,Baker,Josie,Herrington,Douglas
Michel,Dallas,Baker,Ayanna,Michel,Courtney
Herrington,Yasmeen,Baker,Shaniah,Herrington,Patric
Michel,Jed,Baker,Ayanna,Michel,Courtney
Herrington,Kristy,Baker,Shaniah,Herrington,Patric
Michel,Ariel,Baker,Callan,Michel,Esteban
Herrington,Stefanie,Baker,Shaniah,Herrington,Patric
Michel,Caleb,Baker,Callan,Michel,Esteban
Herrington,Phoebe,Baker,Shaniah,Herrington,Patric
Michel,Moises,Baker,Callan,Michel,Esteban
Herrington,Mayra,Baker,Shaniah,Herrington,Patric
Michel,Roman,Baker,Callan,Michel,Esteban
Michel,Veda,Baker,Sally,Michel,Jeffery
Michel,Stefan,Baker,Callan,Michel,Esteban
Michel,Dianne,Baker,Sally,Michel,Jeffery
Michel,Myron,Baker,Callan,Michel,Esteban
Michel,Lea,Baker,Sally,Michel,Jeffery
Michel,Alex,Baker,Callan,Michel,Esteban
Michel,Destany,Baker,Sally,Michel,Jeffery
Michel,Kirk,Baker,Callan,Michel,Esteban
Michel,Joi,Baker,Sally,Michel,Jeffery
Michel,Matthew,Baker,Callan,Michel,Esteban
Michel,Donisha,Baker,Sally,Michel,Jeffery
Michel,Issac,Baker,Callan,Michel,Esteban
Michel,Christian,Baker,Tanna,Michel,Mateo
Michel,Rory,Baker,Callan,Michel,Esteban
Michel,Brielle,Baker,Tanna,Michel,Mateo
Michel,Benjamin,Baker,Callan,Michel,Esteban
Michel,Susan,Baker,Tanna,Michel,Mateo
Michel,Kirkland,Baker,Callan,Michel,Esteban
Michel,Arielle,Baker,Tanna,Michel,Mateo
Michel,Britt,Baker,Callan,Michel,Esteban
Michel,Marysol,Baker,Tanna,Michel,Mateo
Michel,Shlomo,Baker,Callan,Michel,Esteban
Michel,Fatima,Baker,Tanna,Michel,Mateo
Michel,Terrell,Baker,Callan,Michel,Esteban
Michel,Dayna,Baker,Tanna,Michel,Mateo
Michel,Fredy,Baker,Callan,Michel,Esteban
Michel,Abbie,Baker,Tanna,Michel,Mateo
Michel,Raekwon,Pogue,Theresa,Michel,Slaten
Michel,Sky,Baker,Tanna,Michel,Mateo
Michel,Raymond,Pogue,Theresa,Michel,Slaten
Michel,Angle,Baker,Ayanna,Michel,Courtney
Michel,Shayne,Pogue,Theresa,Michel,Slaten
Michel,Janette,Baker,Ayanna,Michel,Courtney
Michel,Coleman,Pogue,Theresa,Michel,Slaten
Michel,Jaime,Baker,Ayanna,Michel,Courtney
Michel,Sergio,Pogue,Theresa,Michel,Slaten
Michel,Ashton,Baker,Ayanna,Michel,Courtney
Michel,Paris,Pogue,Theresa,Michel,Slaten
Michel,Savanah,Baker,Ayanna,Michel,Courtney
Michel,Ravon,Pogue,Theresa,Michel,Slaten
Michel,Rianna,Baker,Ayanna,Michel,Courtney
Michel,Mohamed,Pogue,Theresa,Michel,Slaten
Michel,Latosha,Baker,Ayanna,Michel,Courtney
Michel,Ibrahim,Pogue,Theresa,Michel,Slaten
Michel,Mikala,Baker,Ayanna,Michel,Courtney
Michel,Jorge,Pogue,Theresa,Michel,Slaten
Michel,Breanna,Baker,Ayanna,Michel,Courtney
Michel,Sebastien,Pogue,Theresa,Michel,Slaten
Michel,Alisia,Baker,Callan,Michel,Esteban
Michel,Thomas,Pogue,Theresa,Michel,Slaten
Michel,Lena,Baker,Callan,Michel,Esteban
Michel,Miles,Pogue,Theresa,Michel,Slaten
Michel,Aireona,Pogue,Theresa,Michel,Slaten
Michel,Rashaun,Pogue,Theresa,Michel,Slaten
Michel,Molly,Pogue,Theresa,Michel,Slaten
Michel,Owen,Pogue,Sinai,Michel,Hector
Michel,Bree,Pogue,Theresa,Michel,Slaten
Michel,Cyrus,Pogue,Sinai,Michel,Hector
Michel,Suzanna,Pogue,Theresa,Michel,Slaten
Michel,Roy,Pogue,Sinai,Michel,Hector
Michel,Emmily,Pogue,Theresa,Michel,Slaten
Michel,Austin,Herrington,Bianca,Michel,Nicholas
Michel,Diane,Pogue,Sinai,Michel,Hector
Michel,Kalon,Herrington,Bianca,Michel,Nicholas
Michel,Kelsee,Pogue,Sinai,Michel,Hector
Michel,Chaim,Herrington,Bianca,Michel,Nicholas
Michel,Brynn,Pogue,Sinai,Michel,Hector
Michel,Jacky,Herrington,Bianca,Michel,Nicholas
Michel,Patience,Pogue,Sinai,Michel,Hector
Michel,Ahmed,Herrington,Bianca,Michel,Nicholas
Michel,Lillian,Herrington,Bianca,Michel,Nicholas
Michel,Neil,Herrington,Bianca,Michel,Nicholas
Michel,Lakeisha,Herrington,Bianca,Michel,Nicholas
Michel,Harrison,Herrington,Bianca,Michel,Nicholas
Michel,Dania,Herrington,Bianca,Michel,Nicholas
Michel,Elliott,Herrington,Yvette,Michel,Jean
Michel,Monet,Herrington,Bianca,Michel,Nicholas
Michel,Jerry,Herrington,Yvette,Michel,Jean
Michel,Ilana,Herrington,Bianca,Michel,Nicholas
Michel,Idris,Herrington,Yvette,Michel,Jean
Michel,Linnea,Herrington,Bianca,Michel,Nicholas
Michel,Asa,Herrington,Yvette,Michel,Jean
Michel,Samantha,Herrington,Bianca,Michel,Nicholas
Michel,Gilberto,Herrington,Yvette,Michel,Jean
Michel,Fabiola,Herrington,Bianca,Michel,Nicholas
Michel,Colton,Herrington,Yvette,Michel,Jean
Michel,Abagail,Herrington,Bianca,Michel,Nicholas
Michel,Aron,Herrington,Yvette,Michel,Jean
Michel,Jailene,Herrington,Bianca,Michel,Nicholas
Michel,Guillermo,Herrington,Yvette,Michel,Jean
Michel,Eleni,Herrington,Bianca,Michel,Nicholas
Michel,Elliot,Herrington,Kendal,Michel,Quentin
Michel,Niyah,Herrington,Yvette,Michel,Jean
Michel,Davon,Herrington,Kendal,Michel,Quentin
Michel,Sara,Herrington,Yvette,Michel,Jean
Michel,Raphael,Herrington,Kendal,Michel,Quentin
Michel,Camilla,Herrington,Yvette,Michel,Jean
Michel,Braden,Herrington,Kendal,Michel,Quentin
Michel,Kailee,Herrington,Yvette,Michel,Jean
Arthur,Mariano,Herrington,Frida,Arthur,Efrain
Michel,Brittany,Herrington,Yvette,Michel,Jean
Arthur,Kirk,Herrington,Frida,Arthur,Efrain
Michel,Shianne,Herrington,Yvette,Michel,Jean
Arthur,Roy,Herrington,Frida,Arthur,Efrain
Michel,Jeanna,Herrington,Yvette,Michel,Jean
Arthur,Jairo,Herrington,Frida,Arthur,Efrain
Michel,Kyla,Herrington,Yvette,Michel,Jean
Arthur,Guadalupe,Herrington,Frida,Arthur,Efrain
Michel,Alani,Herrington,Yvette,Michel,Jean
Arthur,Bryson,Herrington,Jasmin,Arthur,Ross
Michel,Estefany,Herrington,Kendal,Michel,Quentin
Arthur,Neal,Herrington,Jasmin,Arthur,Ross
Michel,Lacey,Herrington,Kendal,Michel,Quentin
Gruber,Quincy,Herrington,Damaris,Gruber,Roland
Michel,Raquel,Herrington,Kendal,Michel,Quentin
Gruber,Devyn,Herrington,Damaris,Gruber,Roland
Michel,Sarai,Herrington,Kendal,Michel,Quentin
Gruber,Fabian,Herrington,Damaris,Gruber,Roland
Arthur,Casie,Herrington,Frida,Arthur,Efrain
Gruber,Rogelio,Herrington,Damaris,Gruber,Roland
Arthur,Ashanti,Herrington,Frida,Arthur,Efrain
Gruber,Stephanie,Herrington,Damaris,Gruber,Roland
Arthur,Mari,Herrington,Frida,Arthur,Efrain
Gruber,Jimmy,Herrington,Lucia,Gruber,Coleman
Arthur,Adrianna,Herrington,Frida,Arthur,Efrain
Gruber,Easton,Herrington,Lucia,Gruber,Coleman
Arthur,Deborah,Herrington,Frida,Arthur,Efrain
Gruber,Landen,Herrington,Lucia,Gruber,Coleman
Arthur,Noah,Herrington,Frida,Arthur,Efrain
Gruber,Taylor,Herrington,Lucia,Gruber,Coleman
Arthur,Natalee,Herrington,Frida,Arthur,Efrain
Gruber,Alexis,Herrington,Lucia,Gruber,Coleman
Arthur,Iridian,Herrington,Frida,Arthur,Efrain
Gruber,Remington,Michel,Brionna,Gruber,Clinton
Arthur,Maxine,Herrington,Frida,Arthur,Efrain
Gruber,Wilson,Michel,Brionna,Gruber,Clinton
Arthur,Ashtyn,Herrington,Frida,Arthur,Efrain
Gruber,Terance,Michel,Brionna,Gruber,Clinton
Arthur,Cheyann,Herrington,Frida,Arthur,Efrain
Hieb,Ahmad,Michel,Destiny,Hieb,Ramon
Arthur,Analisa,Herrington,Jasmin,Arthur,Ross
Hieb,Rey,Michel,Destiny,Hieb,Ramon
Arthur,Isabelle,Herrington,Jasmin,Arthur,Ross
Hieb,Jair,Michel,Destiny,Hieb,Ramon
Gruber,Brianne,Herrington,Damaris,Gruber,Roland
Hieb,Stephan,Michel,Destiny,Hieb,Ramon
Gruber,Farrah,Herrington,Damaris,Gruber,Roland
Hieb,Dreshaun,Michel,Destiny,Hieb,Ramon
Gruber,Justina,Herrington,Damaris,Gruber,Roland
Hieb,Emmett,Michel,Destiny,Hieb,Ramon
Gruber,Lillian,Herrington,Damaris,Gruber,Roland
Hieb,Scott,Michel,Destiny,Hieb,Ramon
Gruber,Alannah,Herrington,Damaris,Gruber,Roland
Hieb,Charles,Michel,Destiny,Hieb,Ramon
Gruber,Keosha,Herrington,Damaris,Gruber,Roland
Hieb,Jameson,Michel,Destiny,Hieb,Ramon
Gruber,Gabriel,Herrington,Damaris,Gruber,Roland
Hieb,Devontae,Michel,Destiny,Hieb,Ramon
Gruber,Giselle,Herrington,Damaris,Gruber,Roland
Hieb,Latrell,Michel,Destiny,Hieb,Ramon
Gruber,Jesslyn,Herrington,Damaris,Gruber,Roland
Hieb,Shemar,Michel,Destiny,Hieb,Ramon
Gruber,Jameisha,Herrington,Lucia,Gruber,Coleman
Hieb,Quinn,Michel,Destiny,Hieb,Ramon
Gruber,Kaya,Herrington,Lucia,Gruber,Coleman
Hieb,Shlomo,Michel,Destiny,Hieb,Ramon
Gruber,Sidney,Herrington,Lucia,Gruber,Coleman
Hieb,Keegan,Michel,Destiny,Hieb,Ramon
Gruber,Joi,Herrington,Lucia,Gruber,Coleman
Hieb,Draven,Michel,Destiny,Hieb,Ramon
Gruber,Kiana,Herrington,Lucia,Gruber,Coleman
Hieb,Peyton,Michel,Destiny,Hieb,Ramon
Gruber,Nina,Herrington,Lucia,Gruber,Coleman
Hieb,Keifer,Michel,Destiny,Hieb,Ramon
Gruber,Drew,Herrington,Lucia,Gruber,Coleman
Hieb,Colby,Michel,Destiny,Hieb,Ramon
Gruber,Ravin,Herrington,Lucia,Gruber,Coleman
Hieb,Kristofer,Michel,Stacie,Hieb,Raequan
Gruber,Kara,Herrington,Lucia,Gruber,Coleman
Hieb,Miles,Michel,Stacie,Hieb,Raequan
Gruber,Kyana,Herrington,Lucia,Gruber,Coleman
Hieb,Kenyon,Michel,Stacie,Hieb,Raequan
Gruber,Makenzie,Herrington,Lucia,Gruber,Coleman
Hieb,Trentin,Michel,Stacie,Hieb,Raequan
Gruber,Elijah,Herrington,Lucia,Gruber,Coleman
Hieb,Bill,Michel,Stacie,Hieb,Raequan
Gruber,Michal,Michel,Brionna,Gruber,Clinton
Hieb,Lazaro,Michel,Stacie,Hieb,Raequan
Gruber,Cody,Michel,Brionna,Gruber,Clinton
Hieb,Adonis,Michel,Stacie,Hieb,Raequan
Gruber,Tiffanie,Michel,Brionna,Gruber,Clinton
