McNair,Jeremy,Searfoss,Mallory,McNair,Abel
Tanner,Presley,Melnick,Amari,Tanner,Jairus
Hilmers,Kieran,Hilliard,Mikala,Hilmers,Ron
Sullivan,Brionna,Franklin,Rebekah,Sullivan,Quintyn
Duke,Marshall,Tani,Deisy,Duke,Kelvin
Nixon,Kaytlyn,Reilly,Micaela,Nixon,Edwin
Cernan,Dashane,Stafford,Diana,Cernan,Aidan
Lu,Viviana,Stefanyshyn,Nia,Lu,Khalid
Roosa,Angelo,Hammond,Michel,Roosa,Wanya
Sturckow,Candy,Thorne,Lexy,Sturckow,Blaine
Tanner,Don,Shaw,Tynia,Tanner,Devaughn
Kerwin,Mckenna,Gutierrez,Breona,Kerwin,Armani
Shaw,Moises,Ride,Skyler,Shaw,Kerry
Johnson,Iridiana,Young,Evelyn,Johnson,Parker
Camarda,Drake,Walz,Sofia,Camarda,Gavin
Williams,Monet,Tyler,Dandrea,Williams,Deonte
Thomas,Stephan,Brady,Marie,Thomas,Korey
Grinch,Lenora,Thomas,Marianna,Grinch,Garin
Walker,Mohamad,Buchanan,Unique,Walker,Johnny
Nowak,Lisa,Linnehan,Hayley,Nowak,Shayne
Fabian,Michel,McCandless,Kara,Fabian,Bjorn
Mullane,Denise,Hammond,Xena,Mullane,Tavon
Sullivan,Trey,Altman,Nallely,Sullivan,Marquis
Horowitz,Baylee,Lind,Anneliese,Horowitz,Thaddeus
Oefelein,Christian,Wetherbee,Nathaly,Oefelein,Aleksandr
Zophar,Deanna,Hire,Lexy,Zophar,Jovonte
Gutierrez,Wilson,Gregory,Irene,Gutierrez,Nolan
Coats,Ebone,Ashby,Stormy,Coats,Alfred
Bloomfield,Ivan,Spring,Luisa,Bloomfield,Esau
McNair,Mikaela,Tanner,Presley,McNair,Jeremy
Wilcutt,Eli,Leestma,Olga,Wilcutt,Benjamin
McNair,Ruby,Tanner,Presley,McNair,Jeremy
McNair,Taylor,Tanner,Presley,McNair,Jeremy
McNair,Yesenia,Tanner,Presley,McNair,Jeremy
McNair,Drake,Tanner,Presley,McNair,Jeremy
McNair,Annika,Tanner,Presley,McNair,Jeremy
McNair,Rahim,Tanner,Presley,McNair,Jeremy
McNair,Berenice,Tanner,Presley,McNair,Jeremy
McNair,Eric,Tanner,Presley,McNair,Jeremy
McNair,Shelby,Tanner,Presley,McNair,Jeremy
Hilmers,Felix,Sullivan,Brionna,Hilmers,Kieran
Hilmers,Harlie,Sullivan,Brionna,Hilmers,Kieran
Hilmers,Ryan,Sullivan,Brionna,Hilmers,Kieran
Hilmers,Lakeisha,Sullivan,Brionna,Hilmers,Kieran
Duke,Travis,Nixon,Kaytlyn,Duke,Marshall
Hilmers,Kristina,Sullivan,Brionna,Hilmers,Kieran
Cernan,Jalil,Lu,Viviana,Cernan,Dashane
Hilmers,Bria,Sullivan,Brionna,Hilmers,Kieran
Cernan,Blake,Lu,Viviana,Cernan,Dashane
Duke,Debra,Nixon,Kaytlyn,Duke,Marshall
Cernan,Kelson,Lu,Viviana,Cernan,Dashane
Duke,Peyton,Nixon,Kaytlyn,Duke,Marshall
Cernan,Corbin,Lu,Viviana,Cernan,Dashane
Cernan,Deandrea,Lu,Viviana,Cernan,Dashane
Cernan,Bryce,Lu,Viviana,Cernan,Dashane
Cernan,Aishah,Lu,Viviana,Cernan,Dashane
Cernan,Donald,Lu,Viviana,Cernan,Dashane
Cernan,Symphony,Lu,Viviana,Cernan,Dashane
Cernan,Javen,Lu,Viviana,Cernan,Dashane
Cernan,Tory,Lu,Viviana,Cernan,Dashane
Cernan,Jeremy,Lu,Viviana,Cernan,Dashane
Cernan,Janna,Lu,Viviana,Cernan,Dashane
Cernan,Jameson,Lu,Viviana,Cernan,Dashane
Cernan,Madilyn,Lu,Viviana,Cernan,Dashane
Cernan,Peter,Lu,Viviana,Cernan,Dashane
Roosa,Ruby,Sturckow,Candy,Roosa,Angelo
Roosa,Quinn,Sturckow,Candy,Roosa,Angelo
Roosa,Judy,Sturckow,Candy,Roosa,Angelo
Roosa,Daequan,Sturckow,Candy,Roosa,Angelo
Roosa,Joyce,Sturckow,Candy,Roosa,Angelo
Roosa,Kieran,Sturckow,Candy,Roosa,Angelo
Roosa,Katheryn,Sturckow,Candy,Roosa,Angelo
Roosa,Sebastien,Sturckow,Candy,Roosa,Angelo
Roosa,Joselyn,Sturckow,Candy,Roosa,Angelo
Roosa,Lashawn,Sturckow,Candy,Roosa,Angelo
Roosa,Ayanna,Sturckow,Candy,Roosa,Angelo
Roosa,Keeton,Sturckow,Candy,Roosa,Angelo
Roosa,Maya,Sturckow,Candy,Roosa,Angelo
Roosa,Terron,Sturckow,Candy,Roosa,Angelo
Roosa,Harley,Sturckow,Candy,Roosa,Angelo
Roosa,Deonte,Sturckow,Candy,Roosa,Angelo
Tanner,Grecia,Kerwin,Mckenna,Tanner,Don
Roosa,Kelvin,Sturckow,Candy,Roosa,Angelo
Tanner,Nichelle,Kerwin,Mckenna,Tanner,Don
Tanner,Ernest,Kerwin,Mckenna,Tanner,Don
Tanner,Casandra,Kerwin,Mckenna,Tanner,Don
Tanner,Dallas,Kerwin,Mckenna,Tanner,Don
Tanner,Lynette,Kerwin,Mckenna,Tanner,Don
Tanner,Hugo,Kerwin,Mckenna,Tanner,Don
Tanner,Carmela,Kerwin,Mckenna,Tanner,Don
Tanner,Nelson,Kerwin,Mckenna,Tanner,Don
Tanner,Maya,Kerwin,Mckenna,Tanner,Don
Tanner,Ray,Kerwin,Mckenna,Tanner,Don
Tanner,Ayanna,Kerwin,Mckenna,Tanner,Don
Tanner,Fredrick,Kerwin,Mckenna,Tanner,Don
Tanner,Nina,Kerwin,Mckenna,Tanner,Don
Tanner,David,Kerwin,Mckenna,Tanner,Don
Shaw,Susana,Johnson,Iridiana,Shaw,Moises
Tanner,Kasey,Kerwin,Mckenna,Tanner,Don
Shaw,Joi,Johnson,Iridiana,Shaw,Moises
Shaw,Jonathan,Johnson,Iridiana,Shaw,Moises
Shaw,Kelcee,Johnson,Iridiana,Shaw,Moises
Shaw,German,Johnson,Iridiana,Shaw,Moises
Shaw,Brecken,Johnson,Iridiana,Shaw,Moises
Shaw,Denver,Johnson,Iridiana,Shaw,Moises
Shaw,Yuki,Johnson,Iridiana,Shaw,Moises
Shaw,Javen,Johnson,Iridiana,Shaw,Moises
Shaw,Asia,Johnson,Iridiana,Shaw,Moises
Shaw,Daquan,Johnson,Iridiana,Shaw,Moises
Shaw,Janette,Johnson,Iridiana,Shaw,Moises
Shaw,Hunter,Johnson,Iridiana,Shaw,Moises
Camarda,Cailin,Williams,Monet,Camarda,Drake
Shaw,Simon,Johnson,Iridiana,Shaw,Moises
Camarda,Sade,Williams,Monet,Camarda,Drake
Camarda,Angelo,Williams,Monet,Camarda,Drake
Camarda,Clare,Williams,Monet,Camarda,Drake
Camarda,Vinh,Williams,Monet,Camarda,Drake
Camarda,Yamilex,Williams,Monet,Camarda,Drake
Camarda,Jeffrey,Williams,Monet,Camarda,Drake
Camarda,Destany,Williams,Monet,Camarda,Drake
Camarda,Justice,Williams,Monet,Camarda,Drake
Camarda,Natalee,Williams,Monet,Camarda,Drake
Camarda,Bernardo,Williams,Monet,Camarda,Drake
Camarda,Linnea,Williams,Monet,Camarda,Drake
Thomas,Tristin,Grinch,Lenora,Thomas,Stephan
Thomas,Paris,Grinch,Lenora,Thomas,Stephan
Thomas,Jeremiah,Grinch,Lenora,Thomas,Stephan
Thomas,Yajaira,Grinch,Lenora,Thomas,Stephan
Thomas,Silas,Grinch,Lenora,Thomas,Stephan
Thomas,Lisa,Grinch,Lenora,Thomas,Stephan
Thomas,Vinh,Grinch,Lenora,Thomas,Stephan
Thomas,Lauryn,Grinch,Lenora,Thomas,Stephan
Thomas,Grant,Grinch,Lenora,Thomas,Stephan
Thomas,Kaylyn,Grinch,Lenora,Thomas,Stephan
Walker,Ross,Nowak,Lisa,Walker,Mohamad
Thomas,Christie,Grinch,Lenora,Thomas,Stephan
Walker,Gilberto,Nowak,Lisa,Walker,Mohamad
Thomas,Destiney,Grinch,Lenora,Thomas,Stephan
Walker,Anthoni,Nowak,Lisa,Walker,Mohamad
Thomas,Aleah,Grinch,Lenora,Thomas,Stephan
Fabian,Victor,Mullane,Denise,Fabian,Michel
Thomas,Rebecca,Grinch,Lenora,Thomas,Stephan
Fabian,Irvin,Mullane,Denise,Fabian,Michel
Thomas,Brittany,Grinch,Lenora,Thomas,Stephan
Fabian,Junior,Mullane,Denise,Fabian,Michel
Walker,Lourdes,Nowak,Lisa,Walker,Mohamad
Fabian,Dangelo,Mullane,Denise,Fabian,Michel
Walker,Nell,Nowak,Lisa,Walker,Mohamad
Sullivan,Eberardo,Horowitz,Baylee,Sullivan,Trey
Walker,Michaela,Nowak,Lisa,Walker,Mohamad
Sullivan,Aiden,Horowitz,Baylee,Sullivan,Trey
Walker,Haiden,Nowak,Lisa,Walker,Mohamad
Sullivan,Randy,Horowitz,Baylee,Sullivan,Trey
Fabian,Joanna,Mullane,Denise,Fabian,Michel
Sullivan,Jordan,Horowitz,Baylee,Sullivan,Trey
Fabian,Shanique,Mullane,Denise,Fabian,Michel
Sullivan,Jasen,Horowitz,Baylee,Sullivan,Trey
Fabian,Neda,Mullane,Denise,Fabian,Michel
Sullivan,Houston,Horowitz,Baylee,Sullivan,Trey
Fabian,Sarah,Mullane,Denise,Fabian,Michel
Sullivan,Julio,Horowitz,Baylee,Sullivan,Trey
Sullivan,Estefani,Horowitz,Baylee,Sullivan,Trey
Sullivan,Joey,Horowitz,Baylee,Sullivan,Trey
Sullivan,Michaela,Horowitz,Baylee,Sullivan,Trey
Sullivan,Kayvon,Horowitz,Baylee,Sullivan,Trey
Sullivan,Deyaneira,Horowitz,Baylee,Sullivan,Trey
Sullivan,Antoine,Horowitz,Baylee,Sullivan,Trey
Sullivan,Peyton,Horowitz,Baylee,Sullivan,Trey
Sullivan,Don,Horowitz,Baylee,Sullivan,Trey
Sullivan,Rayna,Horowitz,Baylee,Sullivan,Trey
Sullivan,Maximilian,Horowitz,Baylee,Sullivan,Trey
Sullivan,Tammy,Horowitz,Baylee,Sullivan,Trey
Oefelein,Habram,Zophar,Deanna,Oefelein,Christian
Sullivan,Brittani,Horowitz,Baylee,Sullivan,Trey
Oefelein,Raequan,Zophar,Deanna,Oefelein,Christian
Sullivan,Diamond,Horowitz,Baylee,Sullivan,Trey
Oefelein,Erin,Zophar,Deanna,Oefelein,Christian
Oefelein,Katherine,Zophar,Deanna,Oefelein,Christian
Oefelein,Dakotah,Zophar,Deanna,Oefelein,Christian
Oefelein,Sydney,Zophar,Deanna,Oefelein,Christian
Oefelein,Alonso,Zophar,Deanna,Oefelein,Christian
Oefelein,Aylssa,Zophar,Deanna,Oefelein,Christian
Oefelein,Gavin,Zophar,Deanna,Oefelein,Christian
Gutierrez,Samira,Coats,Ebone,Gutierrez,Wilson
Gutierrez,Chris,Coats,Ebone,Gutierrez,Wilson
Gutierrez,Kaitlin,Coats,Ebone,Gutierrez,Wilson
Gutierrez,Ward,Coats,Ebone,Gutierrez,Wilson
Gutierrez,Marivel,Coats,Ebone,Gutierrez,Wilson
Gutierrez,Randy,Coats,Ebone,Gutierrez,Wilson
Gutierrez,Payton,Coats,Ebone,Gutierrez,Wilson
Gutierrez,Earl,Coats,Ebone,Gutierrez,Wilson
Gutierrez,Shirley,Coats,Ebone,Gutierrez,Wilson
Gutierrez,Armando,Coats,Ebone,Gutierrez,Wilson
Gutierrez,Nichole,Coats,Ebone,Gutierrez,Wilson
Gutierrez,Antavius,Coats,Ebone,Gutierrez,Wilson
Gutierrez,Marlee,Coats,Ebone,Gutierrez,Wilson
Gutierrez,Benito,Coats,Ebone,Gutierrez,Wilson
Gutierrez,Jaime,Coats,Ebone,Gutierrez,Wilson
Gutierrez,Truman,Coats,Ebone,Gutierrez,Wilson
Gutierrez,Karen,Coats,Ebone,Gutierrez,Wilson
Bloomfield,Ricardo,McNair,Mikaela,Bloomfield,Ivan
Bloomfield,Ravin,McNair,Mikaela,Bloomfield,Ivan
Bloomfield,Dean,McNair,Mikaela,Bloomfield,Ivan
Bloomfield,Liz,McNair,Mikaela,Bloomfield,Ivan
Bloomfield,Emmanuel,McNair,Mikaela,Bloomfield,Ivan
Bloomfield,Brianna,McNair,Mikaela,Bloomfield,Ivan
Bloomfield,Habram,McNair,Mikaela,Bloomfield,Ivan
Bloomfield,Tianna,McNair,Mikaela,Bloomfield,Ivan
Bloomfield,Jordon,McNair,Mikaela,Bloomfield,Ivan
Bloomfield,Gabriella,McNair,Mikaela,Bloomfield,Ivan
Bloomfield,Marcos,McNair,Mikaela,Bloomfield,Ivan
Bloomfield,Esperanza,McNair,Mikaela,Bloomfield,Ivan
Bloomfield,Jarrett,McNair,Mikaela,Bloomfield,Ivan
Bloomfield,Kayley,McNair,Mikaela,Bloomfield,Ivan
Wilcutt,Kerrick,McNair,Ruby,Wilcutt,Eli
Wilcutt,Chynna,McNair,Ruby,Wilcutt,Eli
Wilcutt,Cooper,McNair,Ruby,Wilcutt,Eli
Wilcutt,Johnna,McNair,Ruby,Wilcutt,Eli
Wilcutt,Braden,McNair,Ruby,Wilcutt,Eli
Wilcutt,Liana,McNair,Ruby,Wilcutt,Eli
Wilcutt,Nickalus,McNair,Ruby,Wilcutt,Eli
Wilcutt,Nicolette,McNair,Ruby,Wilcutt,Eli
Wilcutt,Gideon,McNair,Ruby,Wilcutt,Eli
Wilcutt,Greer,McNair,Ruby,Wilcutt,Eli
Wilcutt,Keion,McNair,Ruby,Wilcutt,Eli
Wilcutt,Karena,McNair,Ruby,Wilcutt,Eli
Wilcutt,Adan,McNair,Ruby,Wilcutt,Eli
McNair,Passion,Hilmers,Harlie,McNair,Taylor
Wilcutt,Ulysses,McNair,Ruby,Wilcutt,Eli
McNair,Antonia,Hilmers,Harlie,McNair,Taylor
Wilcutt,Killian,McNair,Ruby,Wilcutt,Eli
McNair,Vanessa,Hilmers,Lakeisha,McNair,Drake
Wilcutt,Deleon,McNair,Ruby,Wilcutt,Eli
McNair,Mandi,Hilmers,Lakeisha,McNair,Drake
Wilcutt,Rogelio,McNair,Ruby,Wilcutt,Eli
McNair,Samara,Hilmers,Kristina,McNair,Rahim
Wilcutt,Rashad,McNair,Ruby,Wilcutt,Eli
McNair,Promise,Hilmers,Kristina,McNair,Rahim
Wilcutt,Joey,McNair,Ruby,Wilcutt,Eli
McNair,Savanna,Hilmers,Kristina,McNair,Rahim
McNair,Idris,Hilmers,Harlie,McNair,Taylor
McNair,Latasha,Hilmers,Bria,McNair,Eric
McNair,Randall,Hilmers,Harlie,McNair,Taylor
McNair,Sara,Hilmers,Bria,McNair,Eric
McNair,Tom,Hilmers,Harlie,McNair,Taylor
Hilmers,Adriane,McNair,Yesenia,Hilmers,Felix
McNair,Hunter,Hilmers,Harlie,McNair,Taylor
Hilmers,Abigail,McNair,Yesenia,Hilmers,Felix
McNair,Jairus,Hilmers,Harlie,McNair,Taylor
Hilmers,Ciara,McNair,Yesenia,Hilmers,Felix
McNair,Oliver,Hilmers,Harlie,McNair,Taylor
Hilmers,Valeria,McNair,Yesenia,Hilmers,Felix
McNair,Yobani,Hilmers,Lakeisha,McNair,Drake
Hilmers,Arianna,McNair,Yesenia,Hilmers,Felix
McNair,Dale,Hilmers,Lakeisha,McNair,Drake
Hilmers,Amna,McNair,Yesenia,Hilmers,Felix
McNair,Noah,Hilmers,Lakeisha,McNair,Drake
Hilmers,Anna,McNair,Yesenia,Hilmers,Felix
McNair,Stephan,Hilmers,Lakeisha,McNair,Drake
Hilmers,Shanyce,McNair,Yesenia,Hilmers,Felix
McNair,Guillermo,Hilmers,Kristina,McNair,Rahim
Hilmers,Sophia,McNair,Yesenia,Hilmers,Felix
McNair,Parker,Hilmers,Bria,McNair,Eric
Hilmers,Devon,McNair,Annika,Hilmers,Ryan
McNair,Zachary,Hilmers,Bria,McNair,Eric
Hilmers,Leandra,McNair,Annika,Hilmers,Ryan
Hilmers,Anfernee,McNair,Yesenia,Hilmers,Felix
Hilmers,Cayla,McNair,Annika,Hilmers,Ryan
Hilmers,Jeremiah,McNair,Yesenia,Hilmers,Felix
Hilmers,Lillian,McNair,Annika,Hilmers,Ryan
Hilmers,Cooper,McNair,Yesenia,Hilmers,Felix
Hilmers,Shaniah,McNair,Annika,Hilmers,Ryan
Hilmers,Skyler,McNair,Yesenia,Hilmers,Felix
Hilmers,Ebony,McNair,Annika,Hilmers,Ryan
Hilmers,Julio,McNair,Yesenia,Hilmers,Felix
Hilmers,Lynda,McNair,Annika,Hilmers,Ryan
Hilmers,Guy,McNair,Yesenia,Hilmers,Felix
Hilmers,Brianne,McNair,Annika,Hilmers,Ryan
Hilmers,Keshaun,McNair,Yesenia,Hilmers,Felix
Hilmers,Kimberlee,McNair,Annika,Hilmers,Ryan
Hilmers,Jalen,McNair,Yesenia,Hilmers,Felix
Duke,Elisa,McNair,Berenice,Duke,Travis
Hilmers,Mickey,McNair,Yesenia,Hilmers,Felix
Duke,Jaylynn,McNair,Berenice,Duke,Travis
Hilmers,Jayden,McNair,Yesenia,Hilmers,Felix
Duke,Jori,McNair,Berenice,Duke,Travis
Hilmers,Sedrick,McNair,Yesenia,Hilmers,Felix
Duke,Marlee,McNair,Berenice,Duke,Travis
Hilmers,Josue,McNair,Annika,Hilmers,Ryan
Duke,Alesia,McNair,Berenice,Duke,Travis
Hilmers,Jules,McNair,Annika,Hilmers,Ryan
Duke,Kristine,McNair,Berenice,Duke,Travis
Hilmers,Julius,McNair,Annika,Hilmers,Ryan
Duke,Breann,McNair,Berenice,Duke,Travis
Hilmers,Sean,McNair,Annika,Hilmers,Ryan
Cernan,Elijah,McNair,Shelby,Cernan,Jalil
Hilmers,Justus,McNair,Annika,Hilmers,Ryan
Cernan,Jalen,McNair,Shelby,Cernan,Jalil
Hilmers,Byron,McNair,Annika,Hilmers,Ryan
Cernan,Elissa,McNair,Shelby,Cernan,Jalil
Hilmers,Jamel,McNair,Annika,Hilmers,Ryan
Cernan,Kaylee,McNair,Shelby,Cernan,Jalil
Hilmers,Damion,McNair,Annika,Hilmers,Ryan
Cernan,Reilly,McNair,Shelby,Cernan,Jalil
Hilmers,Kevon,McNair,Annika,Hilmers,Ryan
Cernan,Ceaira,McNair,Shelby,Cernan,Jalil
Hilmers,Richie,McNair,Annika,Hilmers,Ryan
Cernan,Maricela,Duke,Debra,Cernan,Blake
Duke,Alfonso,McNair,Berenice,Duke,Travis
Cernan,Addison,Duke,Debra,Cernan,Blake
Duke,Byron,McNair,Berenice,Duke,Travis
Cernan,Lianna,Duke,Debra,Cernan,Blake
Duke,Tracy,McNair,Berenice,Duke,Travis
Cernan,Sabrina,Duke,Debra,Cernan,Blake
Duke,Scott,McNair,Berenice,Duke,Travis
Cernan,Alaina,Duke,Debra,Cernan,Blake
Duke,Gunner,McNair,Berenice,Duke,Travis
Cernan,Shaniah,Duke,Peyton,Cernan,Kelson
Duke,Jacoby,McNair,Berenice,Duke,Travis
Cernan,Sheri,Duke,Peyton,Cernan,Kelson
Cernan,Jarrett,McNair,Shelby,Cernan,Jalil
Cernan,Tamara,Duke,Peyton,Cernan,Kelson
Cernan,Neftaly,McNair,Shelby,Cernan,Jalil
Cernan,Kendra,Duke,Peyton,Cernan,Kelson
Cernan,Pierce,McNair,Shelby,Cernan,Jalil
Cernan,Xian,Duke,Peyton,Cernan,Kelson
Cernan,Brent,McNair,Shelby,Cernan,Jalil
Cernan,Deanna,Duke,Peyton,Cernan,Kelson
Cernan,Benito,McNair,Shelby,Cernan,Jalil
Cernan,Kaycee,Duke,Peyton,Cernan,Kelson
Cernan,Deante,McNair,Shelby,Cernan,Jalil
Cernan,Jordan,Duke,Peyton,Cernan,Kelson
Cernan,Austyn,McNair,Shelby,Cernan,Jalil
Cernan,Anamarie,Duke,Peyton,Cernan,Kelson
Cernan,Hayden,McNair,Shelby,Cernan,Jalil
Cernan,Cierra,Roosa,Ruby,Cernan,Corbin
Cernan,Hakeem,McNair,Shelby,Cernan,Jalil
Cernan,Ruby,Roosa,Ruby,Cernan,Corbin
Cernan,Chad,McNair,Shelby,Cernan,Jalil
Cernan,Jazmin,Roosa,Ruby,Cernan,Corbin
Cernan,Rex,Duke,Debra,Cernan,Blake
Cernan,Justina,Roosa,Ruby,Cernan,Corbin
Cernan,Malachi,Duke,Debra,Cernan,Blake
Cernan,Karah,Roosa,Judy,Cernan,Bryce
Cernan,Wylie,Duke,Debra,Cernan,Blake
Cernan,Kiara,Roosa,Judy,Cernan,Bryce
Cernan,Myles,Duke,Peyton,Cernan,Kelson
Cernan,Zoe,Roosa,Judy,Cernan,Bryce
Cernan,Orlando,Duke,Peyton,Cernan,Kelson
Cernan,Tiffanie,Roosa,Judy,Cernan,Bryce
Cernan,Jordin,Duke,Peyton,Cernan,Kelson
Cernan,Itzel,Roosa,Judy,Cernan,Bryce
Cernan,Dwayne,Duke,Peyton,Cernan,Kelson
Cernan,Hailee,Roosa,Judy,Cernan,Bryce
Cernan,Migel,Duke,Peyton,Cernan,Kelson
Cernan,Antoinette,Roosa,Judy,Cernan,Bryce
Cernan,Nelson,Duke,Peyton,Cernan,Kelson
Cernan,Destiney,Roosa,Joyce,Cernan,Donald
Cernan,Dominic,Roosa,Ruby,Cernan,Corbin
Cernan,Kaytlin,Roosa,Joyce,Cernan,Donald
Cernan,Justin,Roosa,Ruby,Cernan,Corbin
Cernan,Deondra,Roosa,Joyce,Cernan,Donald
Cernan,Dakota,Roosa,Ruby,Cernan,Corbin
Cernan,Jennifer,Roosa,Joyce,Cernan,Donald
Cernan,Bryant,Roosa,Ruby,Cernan,Corbin
Cernan,Kassidy,Roosa,Joyce,Cernan,Donald
Cernan,Bo,Roosa,Ruby,Cernan,Corbin
Cernan,Lisa,Roosa,Joyce,Cernan,Donald
Cernan,Lamar,Roosa,Ruby,Cernan,Corbin
Cernan,Yvonne,Roosa,Joyce,Cernan,Donald
Cernan,Daryl,Roosa,Ruby,Cernan,Corbin
Cernan,Tyra,Roosa,Joyce,Cernan,Donald
Cernan,Elliot,Roosa,Judy,Cernan,Bryce
Cernan,Melinda,Roosa,Joyce,Cernan,Donald
Cernan,Yovani,Roosa,Judy,Cernan,Bryce
Cernan,Markia,Roosa,Katheryn,Cernan,Javen
Cernan,Bernard,Roosa,Judy,Cernan,Bryce
Cernan,Catherine,Roosa,Katheryn,Cernan,Javen
Cernan,Shlomo,Roosa,Judy,Cernan,Bryce
Cernan,Adrian,Roosa,Katheryn,Cernan,Javen
Cernan,Cole,Roosa,Judy,Cernan,Bryce
Cernan,Kailey,Roosa,Joselyn,Cernan,Jeremy
Cernan,Ron,Roosa,Judy,Cernan,Bryce
Cernan,Tiffany,Roosa,Joselyn,Cernan,Jeremy
Cernan,Britt,Roosa,Judy,Cernan,Bryce
Cernan,Karly,Roosa,Joselyn,Cernan,Jeremy
Cernan,Jeff,Roosa,Judy,Cernan,Bryce
Cernan,Jaimie,Roosa,Joselyn,Cernan,Jeremy
Cernan,Jason,Roosa,Judy,Cernan,Bryce
Cernan,Colby,Roosa,Joselyn,Cernan,Jeremy
Cernan,Clifford,Roosa,Judy,Cernan,Bryce
Cernan,Sharae,Roosa,Joselyn,Cernan,Jeremy
Cernan,Oscar,Roosa,Judy,Cernan,Bryce
Cernan,Rebekah,Roosa,Joselyn,Cernan,Jeremy
Cernan,Mark,Roosa,Judy,Cernan,Bryce
Cernan,Maeghan,Roosa,Ayanna,Cernan,Jameson
Cernan,Gunnar,Roosa,Judy,Cernan,Bryce
Cernan,Ashly,Roosa,Ayanna,Cernan,Jameson
Cernan,Daequan,Roosa,Joyce,Cernan,Donald
Cernan,Carina,Roosa,Ayanna,Cernan,Jameson
Cernan,Francis,Roosa,Joyce,Cernan,Donald
Cernan,Itati,Roosa,Ayanna,Cernan,Jameson
Cernan,Brennon,Roosa,Joyce,Cernan,Donald
Cernan,Ladaysha,Roosa,Ayanna,Cernan,Jameson
Cernan,William,Roosa,Joyce,Cernan,Donald
Cernan,Rayna,Roosa,Ayanna,Cernan,Jameson
Cernan,Cameron,Roosa,Joyce,Cernan,Donald
Cernan,Ciera,Roosa,Ayanna,Cernan,Jameson
Cernan,Christian,Roosa,Joyce,Cernan,Donald
Cernan,Makayla,Roosa,Ayanna,Cernan,Jameson
Cernan,Guy,Roosa,Joyce,Cernan,Donald
Cernan,Debora,Roosa,Ayanna,Cernan,Jameson
Cernan,Silas,Roosa,Katheryn,Cernan,Javen
Cernan,Salena,Roosa,Ayanna,Cernan,Jameson
Cernan,Demarco,Roosa,Katheryn,Cernan,Javen
Cernan,Jessica,Roosa,Maya,Cernan,Peter
Cernan,Dayton,Roosa,Joselyn,Cernan,Jeremy
Cernan,Terri,Roosa,Maya,Cernan,Peter
Cernan,Patrick,Roosa,Joselyn,Cernan,Jeremy
Roosa,Meredith,Cernan,Deandrea,Roosa,Quinn
Cernan,Landin,Roosa,Joselyn,Cernan,Jeremy
Roosa,Chantelle,Cernan,Deandrea,Roosa,Quinn
Cernan,Tyreek,Roosa,Joselyn,Cernan,Jeremy
Roosa,Mikala,Cernan,Deandrea,Roosa,Quinn
Cernan,Kapil,Roosa,Joselyn,Cernan,Jeremy
Roosa,Kristi,Cernan,Deandrea,Roosa,Quinn
Cernan,Valentin,Roosa,Joselyn,Cernan,Jeremy
Roosa,Harmony,Cernan,Aishah,Roosa,Daequan
Cernan,Keenan,Roosa,Joselyn,Cernan,Jeremy
Roosa,Ashli,Cernan,Aishah,Roosa,Daequan
Cernan,Erik,Roosa,Ayanna,Cernan,Jameson
Roosa,Kate,Cernan,Aishah,Roosa,Daequan
Cernan,Yair,Roosa,Ayanna,Cernan,Jameson
Roosa,Violet,Cernan,Aishah,Roosa,Daequan
Cernan,Vinh,Roosa,Ayanna,Cernan,Jameson
Roosa,Alesia,Cernan,Aishah,Roosa,Daequan
Cernan,Soren,Roosa,Ayanna,Cernan,Jameson
Roosa,Chloe,Cernan,Aishah,Roosa,Daequan
Cernan,Edwin,Roosa,Ayanna,Cernan,Jameson
Roosa,Melanie,Cernan,Aishah,Roosa,Daequan
Cernan,Moses,Roosa,Maya,Cernan,Peter
Roosa,Ella,Cernan,Aishah,Roosa,Daequan
Cernan,Calvin,Roosa,Maya,Cernan,Peter
Roosa,Kiera,Cernan,Aishah,Roosa,Daequan
Roosa,Quinton,Cernan,Deandrea,Roosa,Quinn
Roosa,Alice,Cernan,Symphony,Roosa,Kieran
Roosa,Michal,Cernan,Deandrea,Roosa,Quinn
Roosa,Madison,Cernan,Symphony,Roosa,Kieran
Roosa,Dantae,Cernan,Deandrea,Roosa,Quinn
Roosa,Makala,Cernan,Symphony,Roosa,Kieran
Roosa,Austyn,Cernan,Deandrea,Roosa,Quinn
Roosa,Carlye,Cernan,Tory,Roosa,Sebastien
Roosa,Gonzalo,Cernan,Deandrea,Roosa,Quinn
Roosa,Bryana,Cernan,Tory,Roosa,Sebastien
Roosa,Jose,Cernan,Deandrea,Roosa,Quinn
Roosa,Danae,Cernan,Tory,Roosa,Sebastien
Roosa,Isaac,Cernan,Aishah,Roosa,Daequan
Roosa,Chanelle,Cernan,Tory,Roosa,Sebastien
Roosa,Tylor,Cernan,Aishah,Roosa,Daequan
Roosa,Blake,Cernan,Tory,Roosa,Sebastien
Roosa,Demonte,Cernan,Aishah,Roosa,Daequan
Roosa,Brynn,Cernan,Tory,Roosa,Sebastien
Roosa,Geordan,Cernan,Aishah,Roosa,Daequan
Roosa,Dianne,Cernan,Tory,Roosa,Sebastien
Roosa,Tate,Cernan,Aishah,Roosa,Daequan
Roosa,Kortney,Cernan,Tory,Roosa,Sebastien
Roosa,Jovonte,Cernan,Aishah,Roosa,Daequan
Roosa,Jami,Cernan,Janna,Roosa,Lashawn
Roosa,Malik,Cernan,Aishah,Roosa,Daequan
Roosa,Meghan,Cernan,Janna,Roosa,Lashawn
Roosa,Donovan,Cernan,Aishah,Roosa,Daequan
Roosa,Gianna,Cernan,Janna,Roosa,Lashawn
Roosa,Nickalus,Cernan,Aishah,Roosa,Daequan
Roosa,Nathaly,Cernan,Janna,Roosa,Lashawn
Roosa,Daxton,Cernan,Aishah,Roosa,Daequan
Roosa,Pamela,Cernan,Janna,Roosa,Lashawn
Roosa,Alden,Cernan,Aishah,Roosa,Daequan
Roosa,Micayla,Cernan,Janna,Roosa,Lashawn
Roosa,Chase,Cernan,Symphony,Roosa,Kieran
Roosa,Katie,Cernan,Janna,Roosa,Lashawn
Roosa,Antavius,Cernan,Symphony,Roosa,Kieran
Roosa,Mackenzie,Cernan,Janna,Roosa,Lashawn
Roosa,Leonardo,Cernan,Tory,Roosa,Sebastien
Roosa,Paola,Cernan,Janna,Roosa,Lashawn
Roosa,Shayne,Cernan,Tory,Roosa,Sebastien
Roosa,Debbie,Cernan,Madilyn,Roosa,Keeton
Roosa,Danny,Cernan,Tory,Roosa,Sebastien
Roosa,Drew,Cernan,Madilyn,Roosa,Keeton
Roosa,Kameron,Cernan,Tory,Roosa,Sebastien
Roosa,Keira,Cernan,Madilyn,Roosa,Keeton
Roosa,Dominique,Cernan,Tory,Roosa,Sebastien
Roosa,Athena,Tanner,Grecia,Roosa,Terron
Roosa,Kelsey,Cernan,Tory,Roosa,Sebastien
Roosa,Joceline,Tanner,Grecia,Roosa,Terron
Roosa,Parker,Cernan,Tory,Roosa,Sebastien
Roosa,Annika,Tanner,Nichelle,Roosa,Deonte
Roosa,Jay,Cernan,Tory,Roosa,Sebastien
Roosa,Roslyn,Tanner,Nichelle,Roosa,Deonte
Roosa,Michel,Cernan,Janna,Roosa,Lashawn
Roosa,Naomi,Tanner,Nichelle,Roosa,Deonte
Roosa,Bret,Cernan,Janna,Roosa,Lashawn
Roosa,Chyanne,Tanner,Nichelle,Roosa,Deonte
Roosa,Giovanni,Cernan,Janna,Roosa,Lashawn
Roosa,Adriana,Tanner,Nichelle,Roosa,Deonte
Roosa,Marc,Cernan,Janna,Roosa,Lashawn
Roosa,Mercedes,Tanner,Nichelle,Roosa,Deonte
Roosa,Triston,Cernan,Janna,Roosa,Lashawn
Roosa,Aishah,Tanner,Nichelle,Roosa,Deonte
Roosa,Noah,Cernan,Janna,Roosa,Lashawn
Roosa,Kathleen,Tanner,Casandra,Roosa,Kelvin
Roosa,Sedrick,Cernan,Janna,Roosa,Lashawn
Roosa,Passion,Tanner,Casandra,Roosa,Kelvin
Roosa,Myles,Cernan,Janna,Roosa,Lashawn
Roosa,Kenna,Tanner,Casandra,Roosa,Kelvin
Roosa,Enrique,Cernan,Madilyn,Roosa,Keeton
Tanner,Makenna,Roosa,Harley,Tanner,Ernest
Roosa,Brady,Cernan,Madilyn,Roosa,Keeton
Tanner,Terra,Roosa,Harley,Tanner,Ernest
Roosa,Gary,Cernan,Madilyn,Roosa,Keeton
Tanner,Kirstin,Roosa,Harley,Tanner,Ernest
Roosa,Jerryd,Cernan,Madilyn,Roosa,Keeton
Tanner,Kristin,Roosa,Harley,Tanner,Ernest
Roosa,Darryl,Tanner,Grecia,Roosa,Terron
Tanner,Banesa,Shaw,Susana,Tanner,Dallas
Roosa,Daquan,Tanner,Grecia,Roosa,Terron
Tanner,April,Shaw,Susana,Tanner,Dallas
Roosa,Geoffrey,Tanner,Grecia,Roosa,Terron
Tanner,Jessika,Shaw,Susana,Tanner,Dallas
Roosa,Khalid,Tanner,Grecia,Roosa,Terron
Tanner,Zabrina,Shaw,Susana,Tanner,Dallas
Roosa,Charly,Tanner,Grecia,Roosa,Terron
Tanner,Tehya,Shaw,Susana,Tanner,Dallas
Roosa,Kasey,Tanner,Grecia,Roosa,Terron
Tanner,Vera,Shaw,Joi,Tanner,Hugo
Roosa,Clarence,Tanner,Nichelle,Roosa,Deonte
Tanner,Samira,Shaw,Joi,Tanner,Hugo
Roosa,Johnny,Tanner,Nichelle,Roosa,Deonte
Tanner,Harmony,Shaw,Joi,Tanner,Hugo
Roosa,Cooper,Tanner,Nichelle,Roosa,Deonte
Tanner,Marcia,Shaw,Joi,Tanner,Hugo
Roosa,Mohamed,Tanner,Nichelle,Roosa,Deonte
Tanner,Kyle,Shaw,Joi,Tanner,Hugo
Roosa,Noe,Tanner,Nichelle,Roosa,Deonte
Tanner,Eden,Shaw,Joi,Tanner,Hugo
Roosa,Callum,Tanner,Nichelle,Roosa,Deonte
Tanner,Shana,Shaw,Joi,Tanner,Hugo
Roosa,Elmer,Tanner,Nichelle,Roosa,Deonte
Tanner,Jessica,Shaw,Joi,Tanner,Hugo
Roosa,Gage,Tanner,Nichelle,Roosa,Deonte
Tanner,Rosemary,Shaw,Joi,Tanner,Hugo
Roosa,Mateo,Tanner,Casandra,Roosa,Kelvin
Tanner,Tiffani,Shaw,Joi,Tanner,Hugo
Roosa,Erin,Tanner,Casandra,Roosa,Kelvin
Tanner,Rosa,Shaw,Kelcee,Tanner,Nelson
Roosa,Mohammed,Tanner,Casandra,Roosa,Kelvin
Tanner,Elsa,Shaw,Kelcee,Tanner,Nelson
Roosa,Julio,Tanner,Casandra,Roosa,Kelvin
Tanner,Caitlin,Shaw,Kelcee,Tanner,Nelson
Roosa,Joe,Tanner,Casandra,Roosa,Kelvin
Tanner,Joselin,Shaw,Kelcee,Tanner,Nelson
Roosa,Steven,Tanner,Casandra,Roosa,Kelvin
Tanner,Lexus,Shaw,Kelcee,Tanner,Nelson
Tanner,Jameson,Roosa,Harley,Tanner,Ernest
Tanner,Kaytlyn,Shaw,Kelcee,Tanner,Nelson
Tanner,Dylan,Roosa,Harley,Tanner,Ernest
Tanner,Olivia,Shaw,Kelcee,Tanner,Nelson
Tanner,Bill,Roosa,Harley,Tanner,Ernest
Tanner,Sarina,Shaw,Kelcee,Tanner,Nelson
Tanner,Ayub,Roosa,Harley,Tanner,Ernest
Tanner,Berenice,Shaw,Kelcee,Tanner,Nelson
Tanner,Darryl,Shaw,Susana,Tanner,Dallas
Tanner,Promise,Shaw,Kelcee,Tanner,Nelson
Tanner,San,Shaw,Susana,Tanner,Dallas
Tanner,Kinsey,Shaw,Kelcee,Tanner,Nelson
Tanner,Guy,Shaw,Susana,Tanner,Dallas
Tanner,Kendall,Shaw,Brecken,Tanner,Ray
Tanner,Leo,Shaw,Susana,Tanner,Dallas
Tanner,Kaley,Shaw,Brecken,Tanner,Ray
Tanner,Johnathan,Shaw,Susana,Tanner,Dallas
Tanner,Sarahi,Shaw,Brecken,Tanner,Ray
Tanner,Kameron,Shaw,Susana,Tanner,Dallas
Tanner,Janesha,Shaw,Brecken,Tanner,Ray
Tanner,Dillon,Shaw,Susana,Tanner,Dallas
Tanner,Patience,Shaw,Yuki,Tanner,Fredrick
Tanner,Damon,Shaw,Susana,Tanner,Dallas
Tanner,Shane,Shaw,Yuki,Tanner,Fredrick
Tanner,Travon,Shaw,Susana,Tanner,Dallas
Tanner,Yoana,Shaw,Yuki,Tanner,Fredrick
Tanner,Elias,Shaw,Susana,Tanner,Dallas
Tanner,Stephanie,Shaw,Yuki,Tanner,Fredrick
Tanner,Jarrod,Shaw,Susana,Tanner,Dallas
Tanner,Annalisa,Shaw,Yuki,Tanner,Fredrick
Tanner,Habram,Shaw,Joi,Tanner,Hugo
Tanner,Kyla,Shaw,Asia,Tanner,David
Tanner,Cecil,Shaw,Joi,Tanner,Hugo
Tanner,Madelyne,Shaw,Asia,Tanner,David
Tanner,Ian,Shaw,Joi,Tanner,Hugo
Tanner,Luisa,Shaw,Janette,Tanner,Kasey
Tanner,Maverick,Shaw,Joi,Tanner,Hugo
Tanner,Ruby,Shaw,Janette,Tanner,Kasey
Tanner,Jan,Shaw,Joi,Tanner,Hugo
Tanner,Eleni,Shaw,Janette,Tanner,Kasey
Tanner,Keion,Shaw,Joi,Tanner,Hugo
Tanner,Joy,Shaw,Janette,Tanner,Kasey
Tanner,Patrick,Shaw,Joi,Tanner,Hugo
Tanner,Kalee,Shaw,Janette,Tanner,Kasey
Tanner,Stefan,Shaw,Joi,Tanner,Hugo
Tanner,Ali,Shaw,Janette,Tanner,Kasey
Tanner,Robert,Shaw,Joi,Tanner,Hugo
Tanner,Yahaira,Shaw,Janette,Tanner,Kasey
Tanner,Douglas,Shaw,Kelcee,Tanner,Nelson
Tanner,Passion,Shaw,Janette,Tanner,Kasey
Tanner,Gideon,Shaw,Kelcee,Tanner,Nelson
Tanner,Courteney,Shaw,Janette,Tanner,Kasey
Tanner,Rodolfo,Shaw,Yuki,Tanner,Fredrick
Shaw,Deyaneira,Tanner,Lynette,Shaw,Jonathan
Tanner,Daxton,Shaw,Yuki,Tanner,Fredrick
Shaw,Haleigh,Tanner,Lynette,Shaw,Jonathan
Tanner,Tyson,Shaw,Yuki,Tanner,Fredrick
Shaw,Salena,Tanner,Lynette,Shaw,Jonathan
Tanner,Frederick,Shaw,Yuki,Tanner,Fredrick
Shaw,Kaitlynn,Tanner,Lynette,Shaw,Jonathan
Tanner,Kendrick,Shaw,Yuki,Tanner,Fredrick
Shaw,Xian,Tanner,Lynette,Shaw,Jonathan
Tanner,Britt,Shaw,Asia,Tanner,David
Shaw,Kiara,Tanner,Lynette,Shaw,Jonathan
Tanner,Daryl,Shaw,Asia,Tanner,David
Shaw,Breeanna,Tanner,Lynette,Shaw,Jonathan
Tanner,Shelby,Shaw,Janette,Tanner,Kasey
Shaw,Grecia,Tanner,Lynette,Shaw,Jonathan
Tanner,Lee,Shaw,Janette,Tanner,Kasey
Shaw,Erika,Tanner,Lynette,Shaw,Jonathan
Tanner,Jermaine,Shaw,Janette,Tanner,Kasey
Shaw,Wendy,Tanner,Lynette,Shaw,Jonathan
Tanner,Tucker,Shaw,Janette,Tanner,Kasey
Shaw,Frida,Tanner,Lynette,Shaw,Jonathan
Tanner,Raymond,Shaw,Janette,Tanner,Kasey
Shaw,Shyann,Tanner,Carmela,Shaw,German
Shaw,Eli,Tanner,Lynette,Shaw,Jonathan
Shaw,Kaylie,Tanner,Carmela,Shaw,German
Shaw,Adonis,Tanner,Lynette,Shaw,Jonathan
Shaw,Minna,Tanner,Carmela,Shaw,German
Shaw,Paul,Tanner,Lynette,Shaw,Jonathan
Shaw,Deborah,Tanner,Carmela,Shaw,German
Shaw,Dequan,Tanner,Lynette,Shaw,Jonathan
Shaw,Kortney,Tanner,Carmela,Shaw,German
Shaw,Leonardo,Tanner,Lynette,Shaw,Jonathan
Shaw,Carissa,Tanner,Carmela,Shaw,German
Shaw,Ezra,Tanner,Lynette,Shaw,Jonathan
Shaw,Arlene,Tanner,Maya,Shaw,Denver
Shaw,Tristen,Tanner,Carmela,Shaw,German
Shaw,Whitney,Tanner,Maya,Shaw,Denver
Shaw,Caleb,Tanner,Carmela,Shaw,German
Shaw,Brandi,Tanner,Maya,Shaw,Denver
Shaw,Neal,Tanner,Carmela,Shaw,German
Shaw,Beatriz,Tanner,Maya,Shaw,Denver
Shaw,Hassan,Tanner,Carmela,Shaw,German
Shaw,Luna,Tanner,Maya,Shaw,Denver
Shaw,Dakota,Tanner,Carmela,Shaw,German
Shaw,Hayley,Tanner,Maya,Shaw,Denver
Shaw,Jai,Tanner,Carmela,Shaw,German
Shaw,Priscilla,Tanner,Ayanna,Shaw,Javen
Shaw,Trent,Tanner,Carmela,Shaw,German
Shaw,Delilah,Tanner,Ayanna,Shaw,Javen
Shaw,Max,Tanner,Carmela,Shaw,German
Shaw,Amna,Tanner,Ayanna,Shaw,Javen
Shaw,Brice,Tanner,Maya,Shaw,Denver
Shaw,Torrie,Tanner,Ayanna,Shaw,Javen
Shaw,Gerald,Tanner,Maya,Shaw,Denver
Shaw,Maggie,Tanner,Ayanna,Shaw,Javen
Shaw,Lars,Tanner,Maya,Shaw,Denver
Shaw,Yadira,Tanner,Ayanna,Shaw,Javen
Shaw,Damion,Tanner,Maya,Shaw,Denver
Shaw,Brigid,Tanner,Ayanna,Shaw,Javen
Shaw,Jabari,Tanner,Maya,Shaw,Denver
Shaw,Fiona,Tanner,Ayanna,Shaw,Javen
Shaw,Easton,Tanner,Maya,Shaw,Denver
Shaw,Caitlan,Tanner,Nina,Shaw,Daquan
Shaw,Kendall,Tanner,Maya,Shaw,Denver
Shaw,Mattea,Tanner,Nina,Shaw,Daquan
Shaw,Lamonte,Tanner,Maya,Shaw,Denver
Shaw,Estefany,Tanner,Nina,Shaw,Daquan
Shaw,Aiden,Tanner,Maya,Shaw,Denver
Shaw,Keara,Camarda,Cailin,Shaw,Hunter
Shaw,Nick,Tanner,Maya,Shaw,Denver
Shaw,Sydni,Camarda,Cailin,Shaw,Hunter
Shaw,Richard,Tanner,Maya,Shaw,Denver
Shaw,Maranda,Camarda,Cailin,Shaw,Hunter
Shaw,Joe,Tanner,Maya,Shaw,Denver
Shaw,Tamera,Camarda,Cailin,Shaw,Hunter
Shaw,Denzel,Tanner,Maya,Shaw,Denver
Shaw,Lexy,Camarda,Cailin,Shaw,Hunter
Shaw,Allan,Tanner,Ayanna,Shaw,Javen
Shaw,Banesa,Camarda,Cailin,Shaw,Hunter
Shaw,Lazaro,Tanner,Ayanna,Shaw,Javen
Shaw,Sheridan,Camarda,Sade,Shaw,Simon
Shaw,Shaun,Tanner,Ayanna,Shaw,Javen
Shaw,Precious,Camarda,Sade,Shaw,Simon
Shaw,Izaiah,Tanner,Ayanna,Shaw,Javen
Shaw,Adriana,Camarda,Sade,Shaw,Simon
Shaw,Colt,Tanner,Ayanna,Shaw,Javen
Camarda,Marlen,Thomas,Paris,Camarda,Angelo
Shaw,Charlie,Tanner,Ayanna,Shaw,Javen
Camarda,Arlene,Thomas,Yajaira,Camarda,Vinh
Shaw,Yvan,Tanner,Ayanna,Shaw,Javen
Camarda,Berenice,Thomas,Yajaira,Camarda,Vinh
Shaw,Quentin,Tanner,Ayanna,Shaw,Javen
Camarda,Tamra,Thomas,Yajaira,Camarda,Vinh
Shaw,Kenyon,Tanner,Ayanna,Shaw,Javen
Camarda,Kaitlynn,Thomas,Yajaira,Camarda,Vinh
Shaw,Vernon,Tanner,Ayanna,Shaw,Javen
Camarda,Anamarie,Thomas,Lisa,Camarda,Jeffrey
Shaw,Montel,Tanner,Ayanna,Shaw,Javen
Camarda,Annika,Thomas,Lisa,Camarda,Jeffrey
Shaw,Brenden,Tanner,Nina,Shaw,Daquan
Camarda,Jameisha,Thomas,Lisa,Camarda,Jeffrey
Shaw,Tracy,Tanner,Nina,Shaw,Daquan
Camarda,Alysia,Thomas,Lisa,Camarda,Jeffrey
Shaw,Howard,Tanner,Nina,Shaw,Daquan
Camarda,Aisha,Thomas,Lisa,Camarda,Jeffrey
Shaw,Justyn,Tanner,Nina,Shaw,Daquan
Camarda,Harlie,Thomas,Lauryn,Camarda,Justice
Shaw,Ulysses,Camarda,Cailin,Shaw,Hunter
Camarda,Danika,Thomas,Lauryn,Camarda,Justice
Shaw,Branden,Camarda,Cailin,Shaw,Hunter
Camarda,Rocio,Thomas,Lauryn,Camarda,Justice
Shaw,Tomas,Camarda,Cailin,Shaw,Hunter
Camarda,Nayeli,Thomas,Lauryn,Camarda,Justice
Shaw,Markus,Camarda,Cailin,Shaw,Hunter
Camarda,Tiffany,Thomas,Kaylyn,Camarda,Bernardo
Shaw,Aleksandr,Camarda,Sade,Shaw,Simon
Camarda,Katelyn,Thomas,Kaylyn,Camarda,Bernardo
Shaw,Dylan,Camarda,Sade,Shaw,Simon
Camarda,Devon,Thomas,Kaylyn,Camarda,Bernardo
Camarda,Dominic,Thomas,Paris,Camarda,Angelo
Camarda,Jazmyne,Thomas,Kaylyn,Camarda,Bernardo
Camarda,Stanley,Thomas,Paris,Camarda,Angelo
Camarda,Danica,Thomas,Kaylyn,Camarda,Bernardo
Camarda,Joey,Thomas,Paris,Camarda,Angelo
Camarda,Fiona,Thomas,Kaylyn,Camarda,Bernardo
Camarda,Callum,Thomas,Paris,Camarda,Angelo
Camarda,Kaylea,Thomas,Kaylyn,Camarda,Bernardo
Camarda,Mitchell,Thomas,Paris,Camarda,Angelo
Camarda,Allegra,Thomas,Kaylyn,Camarda,Bernardo
Camarda,Lukas,Thomas,Paris,Camarda,Angelo
Camarda,Sommer,Thomas,Kaylyn,Camarda,Bernardo
Camarda,Marcus,Thomas,Paris,Camarda,Angelo
Thomas,Kenzie,Camarda,Clare,Thomas,Tristin
Camarda,Jaylin,Thomas,Paris,Camarda,Angelo
Thomas,Kallee,Camarda,Clare,Thomas,Tristin
Camarda,Keion,Thomas,Paris,Camarda,Angelo
Thomas,Elisa,Camarda,Clare,Thomas,Tristin
Camarda,Irvin,Thomas,Paris,Camarda,Angelo
Thomas,Kalee,Camarda,Clare,Thomas,Tristin
Camarda,Langston,Thomas,Yajaira,Camarda,Vinh
Thomas,Sarai,Camarda,Clare,Thomas,Tristin
Camarda,Kalon,Thomas,Yajaira,Camarda,Vinh
Thomas,Gwendolyn,Camarda,Yamilex,Thomas,Jeremiah
Camarda,Jameson,Thomas,Yajaira,Camarda,Vinh
Thomas,Ashton,Camarda,Yamilex,Thomas,Jeremiah
Camarda,Bobby,Thomas,Yajaira,Camarda,Vinh
Thomas,Blair,Camarda,Yamilex,Thomas,Jeremiah
Camarda,Skylar,Thomas,Yajaira,Camarda,Vinh
Thomas,Makenzi,Camarda,Destany,Thomas,Silas
Camarda,Jordon,Thomas,Yajaira,Camarda,Vinh
Thomas,Briana,Camarda,Destany,Thomas,Silas
Camarda,Frederic,Thomas,Yajaira,Camarda,Vinh
Thomas,Valentina,Camarda,Destany,Thomas,Silas
Camarda,Braden,Thomas,Lisa,Camarda,Jeffrey
Thomas,Cristina,Camarda,Destany,Thomas,Silas
Camarda,Robert,Thomas,Lauryn,Camarda,Justice
Thomas,Brigitte,Camarda,Destany,Thomas,Silas
Camarda,Fredy,Thomas,Kaylyn,Camarda,Bernardo
Thomas,Francisca,Camarda,Natalee,Thomas,Vinh
Camarda,Marco,Thomas,Kaylyn,Camarda,Bernardo
Thomas,Stella,Camarda,Natalee,Thomas,Vinh
Camarda,Johnathan,Thomas,Kaylyn,Camarda,Bernardo
Thomas,Noel,Camarda,Natalee,Thomas,Vinh
Camarda,Dakota,Thomas,Kaylyn,Camarda,Bernardo
Thomas,Jacquelyn,Camarda,Natalee,Thomas,Vinh
Camarda,Markus,Thomas,Kaylyn,Camarda,Bernardo
Thomas,Shawna,Camarda,Natalee,Thomas,Vinh
Camarda,Terron,Thomas,Kaylyn,Camarda,Bernardo
Thomas,Shauna,Camarda,Linnea,Thomas,Grant
Camarda,Glenn,Thomas,Kaylyn,Camarda,Bernardo
Thomas,Armani,Camarda,Linnea,Thomas,Grant
Camarda,Austen,Thomas,Kaylyn,Camarda,Bernardo
Thomas,Grace,Camarda,Linnea,Thomas,Grant
Camarda,Morgan,Thomas,Kaylyn,Camarda,Bernardo
Thomas,Haylie,Camarda,Linnea,Thomas,Grant
Camarda,Darnell,Thomas,Kaylyn,Camarda,Bernardo
Thomas,Alexandrea,Camarda,Linnea,Thomas,Grant
Thomas,Kelson,Camarda,Clare,Thomas,Tristin
Walker,Evangelina,Thomas,Christie,Walker,Ross
Thomas,Oneil,Camarda,Clare,Thomas,Tristin
Walker,Kristi,Thomas,Christie,Walker,Ross
Thomas,Quinton,Camarda,Clare,Thomas,Tristin
Walker,Francesca,Thomas,Christie,Walker,Ross
Thomas,Raul,Camarda,Clare,Thomas,Tristin
Walker,Leah,Thomas,Christie,Walker,Ross
Thomas,Keion,Camarda,Clare,Thomas,Tristin
Walker,Kiesha,Thomas,Christie,Walker,Ross
Thomas,Killian,Camarda,Clare,Thomas,Tristin
Walker,Megan,Thomas,Christie,Walker,Ross
Thomas,Howard,Camarda,Clare,Thomas,Tristin
Walker,Keosha,Thomas,Christie,Walker,Ross
Thomas,Deanthony,Camarda,Clare,Thomas,Tristin
Walker,Elana,Thomas,Christie,Walker,Ross
Thomas,Gunnar,Camarda,Yamilex,Thomas,Jeremiah
Walker,Iesha,Thomas,Destiney,Walker,Gilberto
Thomas,Ezra,Camarda,Yamilex,Thomas,Jeremiah
Walker,Ashley,Thomas,Destiney,Walker,Gilberto
Thomas,Montel,Camarda,Yamilex,Thomas,Jeremiah
Walker,Micah,Thomas,Destiney,Walker,Gilberto
Thomas,Bryson,Camarda,Yamilex,Thomas,Jeremiah
Walker,Baylee,Thomas,Destiney,Walker,Gilberto
Thomas,Demarcus,Camarda,Yamilex,Thomas,Jeremiah
Walker,Savannah,Thomas,Destiney,Walker,Gilberto
Thomas,Guillermo,Camarda,Destany,Thomas,Silas
Walker,Rochelle,Thomas,Destiney,Walker,Gilberto
Thomas,Jacob,Camarda,Destany,Thomas,Silas
Walker,Hailey,Thomas,Destiney,Walker,Gilberto
Thomas,Gene,Camarda,Natalee,Thomas,Vinh
Walker,Zoee,Thomas,Aleah,Walker,Anthoni
Thomas,Josiah,Camarda,Natalee,Thomas,Vinh
Walker,Katarina,Thomas,Aleah,Walker,Anthoni
Thomas,Troy,Camarda,Natalee,Thomas,Vinh
Walker,Blanca,Thomas,Aleah,Walker,Anthoni
Thomas,Joe,Camarda,Natalee,Thomas,Vinh
Fabian,Jania,Thomas,Rebecca,Fabian,Victor
Thomas,Tad,Camarda,Natalee,Thomas,Vinh
Fabian,Casie,Thomas,Rebecca,Fabian,Victor
Thomas,Cory,Camarda,Natalee,Thomas,Vinh
Fabian,Tonya,Thomas,Rebecca,Fabian,Victor
Thomas,Jade,Camarda,Natalee,Thomas,Vinh
Fabian,Ayesha,Thomas,Rebecca,Fabian,Victor
Thomas,Addison,Camarda,Natalee,Thomas,Vinh
Fabian,Spencer,Thomas,Rebecca,Fabian,Victor
Thomas,Mathew,Camarda,Natalee,Thomas,Vinh
Fabian,Trisha,Thomas,Brittany,Fabian,Irvin
Thomas,Jon,Camarda,Natalee,Thomas,Vinh
Fabian,Elizabeth,Thomas,Brittany,Fabian,Irvin
Thomas,Carl,Camarda,Natalee,Thomas,Vinh
Fabian,Zoe,Thomas,Brittany,Fabian,Irvin
Thomas,Nolan,Camarda,Natalee,Thomas,Vinh
Fabian,Abbigail,Walker,Lourdes,Fabian,Junior
Thomas,Kevon,Camarda,Linnea,Thomas,Grant
Fabian,Haley,Walker,Lourdes,Fabian,Junior
Thomas,Jason,Camarda,Linnea,Thomas,Grant
Fabian,Lyndsey,Walker,Lourdes,Fabian,Junior
Thomas,Isaiah,Camarda,Linnea,Thomas,Grant
Fabian,Selena,Walker,Nell,Fabian,Dangelo
Thomas,Kody,Camarda,Linnea,Thomas,Grant
Fabian,Annalie,Walker,Nell,Fabian,Dangelo
Thomas,Andres,Camarda,Linnea,Thomas,Grant
Fabian,Bayleigh,Walker,Nell,Fabian,Dangelo
Walker,Jeff,Thomas,Christie,Walker,Ross
Sullivan,Macy,Walker,Michaela,Sullivan,Eberardo
Walker,Emmett,Thomas,Christie,Walker,Ross
Sullivan,Aimee,Walker,Michaela,Sullivan,Eberardo
Walker,Daylon,Thomas,Christie,Walker,Ross
Sullivan,Chardonnay,Walker,Michaela,Sullivan,Eberardo
Walker,Jonathan,Thomas,Christie,Walker,Ross
Sullivan,Dorian,Walker,Michaela,Sullivan,Eberardo
Walker,Benny,Thomas,Destiney,Walker,Gilberto
Sullivan,Graciela,Walker,Michaela,Sullivan,Eberardo
Walker,Devin,Thomas,Destiney,Walker,Gilberto
Sullivan,Chrystal,Walker,Michaela,Sullivan,Eberardo
Walker,Maliki,Thomas,Destiney,Walker,Gilberto
Sullivan,Clarissa,Walker,Michaela,Sullivan,Eberardo
Walker,Shelby,Thomas,Destiney,Walker,Gilberto
Sullivan,Kelcee,Walker,Michaela,Sullivan,Eberardo
Walker,William,Thomas,Destiney,Walker,Gilberto
Sullivan,Calandra,Walker,Michaela,Sullivan,Eberardo
Walker,Jamar,Thomas,Destiney,Walker,Gilberto
Sullivan,Fiona,Walker,Michaela,Sullivan,Eberardo
Walker,Connor,Thomas,Destiney,Walker,Gilberto
Sullivan,Alisa,Walker,Haiden,Sullivan,Aiden
Walker,Tevin,Thomas,Destiney,Walker,Gilberto
Sullivan,Jhane,Walker,Haiden,Sullivan,Aiden
Walker,Mckay,Thomas,Destiney,Walker,Gilberto
Sullivan,Johana,Walker,Haiden,Sullivan,Aiden
Walker,Tyrell,Thomas,Destiney,Walker,Gilberto
Sullivan,Hope,Fabian,Joanna,Sullivan,Randy
Walker,Angel,Thomas,Aleah,Walker,Anthoni
Sullivan,Maggie,Fabian,Joanna,Sullivan,Randy
Walker,Mitchell,Thomas,Aleah,Walker,Anthoni
Sullivan,Kiesha,Fabian,Joanna,Sullivan,Randy
Fabian,Alonso,Thomas,Rebecca,Fabian,Victor
Sullivan,Rosemary,Fabian,Joanna,Sullivan,Randy
Fabian,Taquan,Thomas,Rebecca,Fabian,Victor
Sullivan,Brigid,Fabian,Joanna,Sullivan,Randy
Fabian,Eddie,Thomas,Rebecca,Fabian,Victor
Sullivan,Ashanti,Fabian,Joanna,Sullivan,Randy
Fabian,Kristian,Thomas,Rebecca,Fabian,Victor
Sullivan,Loren,Fabian,Shanique,Sullivan,Jordan
Fabian,Adalberto,Thomas,Rebecca,Fabian,Victor
Sullivan,Irma,Fabian,Shanique,Sullivan,Jordan
Fabian,Samson,Thomas,Rebecca,Fabian,Victor
Sullivan,Jaycie,Fabian,Shanique,Sullivan,Jordan
Fabian,Tyson,Thomas,Rebecca,Fabian,Victor
Sullivan,Spencer,Fabian,Shanique,Sullivan,Jordan
Fabian,Britt,Thomas,Rebecca,Fabian,Victor
Sullivan,Valencia,Fabian,Shanique,Sullivan,Jordan
Fabian,Tristan,Thomas,Brittany,Fabian,Irvin
Sullivan,Jana,Fabian,Shanique,Sullivan,Jordan
Fabian,Clayton,Thomas,Brittany,Fabian,Irvin
Sullivan,Payton,Fabian,Shanique,Sullivan,Jordan
Fabian,Dominick,Thomas,Brittany,Fabian,Irvin
Sullivan,Brecken,Fabian,Shanique,Sullivan,Jordan
Fabian,Jaime,Walker,Lourdes,Fabian,Junior
Sullivan,Malina,Fabian,Shanique,Sullivan,Jordan
Fabian,Brendan,Walker,Lourdes,Fabian,Junior
Sullivan,Norma,Fabian,Shanique,Sullivan,Jordan
Fabian,Melvin,Walker,Nell,Fabian,Dangelo
Sullivan,Chelsy,Fabian,Shanique,Sullivan,Jordan
Fabian,Jawaun,Walker,Nell,Fabian,Dangelo
Sullivan,Makenzie,Fabian,Shanique,Sullivan,Jordan
Fabian,Ezekiel,Walker,Nell,Fabian,Dangelo
Sullivan,Kaylah,Fabian,Shanique,Sullivan,Jordan
Fabian,Aspen,Walker,Nell,Fabian,Dangelo
Sullivan,Kayla,Fabian,Shanique,Sullivan,Jordan
Sullivan,Joel,Walker,Michaela,Sullivan,Eberardo
Sullivan,Mikyla,Fabian,Shanique,Sullivan,Jordan
Sullivan,Gannon,Walker,Michaela,Sullivan,Eberardo
Sullivan,Porsha,Fabian,Shanique,Sullivan,Jordan
Sullivan,Diondre,Walker,Michaela,Sullivan,Eberardo
Sullivan,Khyla,Fabian,Shanique,Sullivan,Jordan
Sullivan,Mohamad,Walker,Michaela,Sullivan,Eberardo
Sullivan,Chloe,Fabian,Shanique,Sullivan,Jordan
Sullivan,Glenn,Walker,Michaela,Sullivan,Eberardo
Sullivan,Asya,Fabian,Shanique,Sullivan,Jordan
Sullivan,Garret,Walker,Michaela,Sullivan,Eberardo
Sullivan,Keri,Fabian,Shanique,Sullivan,Jordan
Sullivan,Harley,Walker,Michaela,Sullivan,Eberardo
Sullivan,Cortney,Fabian,Neda,Sullivan,Jasen
Sullivan,Shan,Walker,Michaela,Sullivan,Eberardo
Sullivan,Lea,Fabian,Neda,Sullivan,Jasen
Sullivan,Frankie,Walker,Michaela,Sullivan,Eberardo
Sullivan,Alma,Fabian,Neda,Sullivan,Jasen
