Harrison,Devyn,Jefferson,Julianne,Harrison,Zachary
McDivitt,Rubi,Greene,Malika,McDivitt,Amari
Meade,Quanterriu,Jemison,Sonia,Meade,Aspen
Low,Helena,Meade,Kelsee,Low,Jairus
Parker,Jaime,McCandless,Antonia,Parker,Mckay
Irwin,Darrian,Hammond,Tierney,Irwin,Mohamad
Roosevelt,Tracy,Thorne,Juliet,Roosevelt,Israel
Hilliard,Sharae,Reilly,Christie,Hilliard,Tyren
Reightler,Cruz,Foreman,Marlee,Reightler,Ernest
Cernan,Moesha,Reisman,Katelin,Cernan,Clint
Frump,Valentine,Roosevelt,Chelsea,Frump,Arthur
Phillips,Kate,Carr,Lakendra,Phillips,Brenden
Gorie,Christophe,Hieb,Candace,Gorie,Ricky
Cox,Adrian,Hilmers,Harley,Cox,Asa
Henricks,Fred,Hire,Frances,Henricks,Ladarius
Reisman,Madelyn,Eisenhower,Tatum,Reisman,Maurice
Eisele,Tarik,Lee,Carmelita,Eisele,Vicente
Llewellyn,Sherridan,Clark,Kerri,Llewellyn,Miguel
Hoffman,William,Slayton,Samira,Hoffman,Rodney
Griggs,Aubrie,Jernigan,Malina,Griggs,Mohammed
Michel,Jairus,Moore,Kitana,Michel,Zev
McMonagle,Virginia,Fincke,Montana,McMonagle,Kelton
Thorne,Lazaro,Taylor,Shane,Thorne,Franklin
Dunbar,Gwendolyn,Curbeam,Emily,Dunbar,Antonio
Sega,Javier,Creamer,Aireona,Sega,Jose
Harrison,Reagan,McDivitt,Rubi,Harrison,Devyn
Evans,Andre,Thorne,Sophia,Evans,Amari
Harrison,Dorothy,McDivitt,Rubi,Harrison,Devyn
Cox,Buford,Grout,Mari,Cox,Treshaun
Harrison,Arlene,McDivitt,Rubi,Harrison,Devyn
Griggs,Phillip,Cleave,Mckenna,Griggs,Addison
Harrison,Brianne,McDivitt,Rubi,Harrison,Devyn
Parazynski,Ronny,Jackson,Zoi,Parazynski,Stephan
Meade,Klarisa,Low,Helena,Meade,Quanterriu
Carey,Liam,Pflugel,Janay,Carey,Yuri
Meade,Annemarie,Low,Helena,Meade,Quanterriu
Harrison,Valentin,McDivitt,Rubi,Harrison,Devyn
Meade,Greer,Low,Helena,Meade,Quanterriu
Harrison,San,McDivitt,Rubi,Harrison,Devyn
Meade,Tayla,Low,Helena,Meade,Quanterriu
Meade,Jeffery,Low,Helena,Meade,Quanterriu
Meade,Minna,Low,Helena,Meade,Quanterriu
Meade,Joey,Low,Helena,Meade,Quanterriu
Meade,Vivien,Low,Helena,Meade,Quanterriu
Meade,Abraham,Low,Helena,Meade,Quanterriu
Meade,Asia,Low,Helena,Meade,Quanterriu
Meade,Augustus,Low,Helena,Meade,Quanterriu
Meade,Annette,Low,Helena,Meade,Quanterriu
Meade,Osvaldo,Low,Helena,Meade,Quanterriu
Meade,Ashlynn,Low,Helena,Meade,Quanterriu
Meade,Conor,Low,Helena,Meade,Quanterriu
Meade,Shawn,Low,Helena,Meade,Quanterriu
Meade,Miles,Low,Helena,Meade,Quanterriu
Parker,Alison,Irwin,Darrian,Parker,Jaime
Parker,Cyrus,Irwin,Darrian,Parker,Jaime
Parker,Zulema,Irwin,Darrian,Parker,Jaime
Roosevelt,Nathan,Hilliard,Sharae,Roosevelt,Tracy
Roosevelt,Rachelle,Hilliard,Sharae,Roosevelt,Tracy
Roosevelt,Fred,Hilliard,Sharae,Roosevelt,Tracy
Reightler,Kerry,Cernan,Moesha,Reightler,Cruz
Reightler,Francis,Cernan,Moesha,Reightler,Cruz
Reightler,Allison,Cernan,Moesha,Reightler,Cruz
Reightler,Stevan,Cernan,Moesha,Reightler,Cruz
Reightler,Britney,Cernan,Moesha,Reightler,Cruz
Reightler,Javier,Cernan,Moesha,Reightler,Cruz
Reightler,Anaya,Cernan,Moesha,Reightler,Cruz
Reightler,Trae,Cernan,Moesha,Reightler,Cruz
Reightler,Genevieve,Cernan,Moesha,Reightler,Cruz
Reightler,Jarrod,Cernan,Moesha,Reightler,Cruz
Reightler,Shakia,Cernan,Moesha,Reightler,Cruz
Reightler,Nicholas,Cernan,Moesha,Reightler,Cruz
Reightler,Jessika,Cernan,Moesha,Reightler,Cruz
Reightler,Caden,Cernan,Moesha,Reightler,Cruz
Reightler,Laurel,Cernan,Moesha,Reightler,Cruz
Reightler,Daequan,Cernan,Moesha,Reightler,Cruz
Reightler,Chelsea,Cernan,Moesha,Reightler,Cruz
Frump,Gene,Phillips,Kate,Frump,Valentine
Frump,Keyshla,Phillips,Kate,Frump,Valentine
Frump,Aaron,Phillips,Kate,Frump,Valentine
Frump,Taylorann,Phillips,Kate,Frump,Valentine
Frump,Luke,Phillips,Kate,Frump,Valentine
Frump,Cassie,Phillips,Kate,Frump,Valentine
Frump,Brenton,Phillips,Kate,Frump,Valentine
Frump,Chyanne,Phillips,Kate,Frump,Valentine
Frump,Quanterriu,Phillips,Kate,Frump,Valentine
Frump,Kassidy,Phillips,Kate,Frump,Valentine
Frump,Jaron,Phillips,Kate,Frump,Valentine
Frump,Shawn,Phillips,Kate,Frump,Valentine
Frump,Neal,Phillips,Kate,Frump,Valentine
Frump,Rachelle,Phillips,Kate,Frump,Valentine
Frump,Connor,Phillips,Kate,Frump,Valentine
Frump,Riley,Phillips,Kate,Frump,Valentine
Frump,Lucas,Phillips,Kate,Frump,Valentine
Frump,Mariangeli,Phillips,Kate,Frump,Valentine
Gorie,Demarco,Cox,Adrian,Gorie,Christophe
Frump,Yaritza,Phillips,Kate,Frump,Valentine
Gorie,Kevon,Cox,Adrian,Gorie,Christophe
Gorie,Moriah,Cox,Adrian,Gorie,Christophe
Gorie,Tyren,Cox,Adrian,Gorie,Christophe
Gorie,Jaqueline,Cox,Adrian,Gorie,Christophe
Gorie,Alec,Cox,Adrian,Gorie,Christophe
Gorie,Keira,Cox,Adrian,Gorie,Christophe
Gorie,Dedrick,Cox,Adrian,Gorie,Christophe
Gorie,Deisy,Cox,Adrian,Gorie,Christophe
Gorie,Albert,Cox,Adrian,Gorie,Christophe
Gorie,Kerry,Cox,Adrian,Gorie,Christophe
Henricks,Russell,Reisman,Madelyn,Henricks,Fred
Gorie,Aundrea,Cox,Adrian,Gorie,Christophe
Henricks,Deric,Reisman,Madelyn,Henricks,Fred
Henricks,Alisa,Reisman,Madelyn,Henricks,Fred
Henricks,Ryan,Reisman,Madelyn,Henricks,Fred
Henricks,Ayesha,Reisman,Madelyn,Henricks,Fred
Henricks,Stewart,Reisman,Madelyn,Henricks,Fred
Henricks,Carmelita,Reisman,Madelyn,Henricks,Fred
Henricks,Trey,Reisman,Madelyn,Henricks,Fred
Henricks,Trista,Reisman,Madelyn,Henricks,Fred
Henricks,Sebastien,Reisman,Madelyn,Henricks,Fred
Henricks,Margarita,Reisman,Madelyn,Henricks,Fred
Eisele,Edgar,Llewellyn,Sherridan,Eisele,Tarik
Eisele,Cristal,Llewellyn,Sherridan,Eisele,Tarik
Eisele,Jai,Llewellyn,Sherridan,Eisele,Tarik
Eisele,Evelin,Llewellyn,Sherridan,Eisele,Tarik
Hoffman,Hunter,Griggs,Aubrie,Hoffman,William
Eisele,Erin,Llewellyn,Sherridan,Eisele,Tarik
Hoffman,Noah,Griggs,Aubrie,Hoffman,William
Eisele,Susan,Llewellyn,Sherridan,Eisele,Tarik
Hoffman,Rigoberto,Griggs,Aubrie,Hoffman,William
Eisele,Aimee,Llewellyn,Sherridan,Eisele,Tarik
Hoffman,Curtis,Griggs,Aubrie,Hoffman,William
Eisele,Rachelle,Llewellyn,Sherridan,Eisele,Tarik
Hoffman,Alden,Griggs,Aubrie,Hoffman,William
Eisele,Adrian,Llewellyn,Sherridan,Eisele,Tarik
Hoffman,Marcus,Griggs,Aubrie,Hoffman,William
Eisele,Emmily,Llewellyn,Sherridan,Eisele,Tarik
Michel,Gilberto,McMonagle,Virginia,Michel,Jairus
Eisele,Kimberlee,Llewellyn,Sherridan,Eisele,Tarik
Michel,Samson,McMonagle,Virginia,Michel,Jairus
Hoffman,Amberly,Griggs,Aubrie,Hoffman,William
Michel,Adalberto,McMonagle,Virginia,Michel,Jairus
Hoffman,Asha,Griggs,Aubrie,Hoffman,William
Michel,Rey,McMonagle,Virginia,Michel,Jairus
Hoffman,Alyson,Griggs,Aubrie,Hoffman,William
Michel,Kieran,McMonagle,Virginia,Michel,Jairus
Hoffman,Latasha,Griggs,Aubrie,Hoffman,William
Michel,Dennis,McMonagle,Virginia,Michel,Jairus
Hoffman,Alesha,Griggs,Aubrie,Hoffman,William
Thorne,Brogan,Dunbar,Gwendolyn,Thorne,Lazaro
Hoffman,Jocelyne,Griggs,Aubrie,Hoffman,William
Thorne,Owen,Dunbar,Gwendolyn,Thorne,Lazaro
Hoffman,Sasha,Griggs,Aubrie,Hoffman,William
Thorne,Mohammad,Dunbar,Gwendolyn,Thorne,Lazaro
Michel,Cortney,McMonagle,Virginia,Michel,Jairus
Thorne,Jovon,Dunbar,Gwendolyn,Thorne,Lazaro
Thorne,Ramona,Dunbar,Gwendolyn,Thorne,Lazaro
Thorne,Warren,Dunbar,Gwendolyn,Thorne,Lazaro
Thorne,Bryana,Dunbar,Gwendolyn,Thorne,Lazaro
Thorne,Dwayne,Dunbar,Gwendolyn,Thorne,Lazaro
Thorne,Mariam,Dunbar,Gwendolyn,Thorne,Lazaro
Thorne,Shaquille,Dunbar,Gwendolyn,Thorne,Lazaro
Thorne,Priscilla,Dunbar,Gwendolyn,Thorne,Lazaro
Sega,Alonso,Harrison,Reagan,Sega,Javier
Thorne,Kaylin,Dunbar,Gwendolyn,Thorne,Lazaro
Sega,Devaughn,Harrison,Reagan,Sega,Javier
Sega,Shianne,Harrison,Reagan,Sega,Javier
Sega,Houston,Harrison,Reagan,Sega,Javier
Sega,Deandrea,Harrison,Reagan,Sega,Javier
Sega,Kameron,Harrison,Reagan,Sega,Javier
Sega,Sunny,Harrison,Reagan,Sega,Javier
Sega,Remington,Harrison,Reagan,Sega,Javier
Sega,Maggie,Harrison,Reagan,Sega,Javier
Sega,Coy,Harrison,Reagan,Sega,Javier
Evans,Sheyla,Harrison,Dorothy,Evans,Andre
Sega,Ulysses,Harrison,Reagan,Sega,Javier
Evans,Chanelle,Harrison,Dorothy,Evans,Andre
Evans,Leonard,Harrison,Dorothy,Evans,Andre
Evans,Gerardo,Harrison,Dorothy,Evans,Andre
Evans,Kirk,Harrison,Dorothy,Evans,Andre
Evans,Allyson,Harrison,Dorothy,Evans,Andre
Evans,Chase,Harrison,Dorothy,Evans,Andre
Evans,Shaylee,Harrison,Dorothy,Evans,Andre
Evans,Johnathon,Harrison,Dorothy,Evans,Andre
Evans,Darcy,Harrison,Dorothy,Evans,Andre
Cox,Marquis,Harrison,Arlene,Cox,Buford
Cox,Luna,Harrison,Arlene,Cox,Buford
Cox,Ricky,Harrison,Arlene,Cox,Buford
Cox,Benita,Harrison,Arlene,Cox,Buford
Cox,Carl,Harrison,Arlene,Cox,Buford
Cox,Mireya,Harrison,Arlene,Cox,Buford
Cox,Lars,Harrison,Arlene,Cox,Buford
Cox,Tory,Harrison,Arlene,Cox,Buford
Griggs,Bryant,Harrison,Brianne,Griggs,Phillip
Cox,Kailey,Harrison,Arlene,Cox,Buford
Griggs,Jeremey,Harrison,Brianne,Griggs,Phillip
Cox,Alexia,Harrison,Arlene,Cox,Buford
Griggs,Nolan,Harrison,Brianne,Griggs,Phillip
Cox,Estrella,Harrison,Arlene,Cox,Buford
Griggs,Richard,Harrison,Brianne,Griggs,Phillip
Griggs,Virginia,Harrison,Brianne,Griggs,Phillip
Griggs,Lee,Harrison,Brianne,Griggs,Phillip
Griggs,Reilly,Harrison,Brianne,Griggs,Phillip
Griggs,Bret,Harrison,Brianne,Griggs,Phillip
Griggs,Jean,Harrison,Brianne,Griggs,Phillip
Griggs,Bryson,Harrison,Brianne,Griggs,Phillip
Griggs,Yasmeen,Harrison,Brianne,Griggs,Phillip
Parazynski,Jarod,Meade,Klarisa,Parazynski,Ronny
Griggs,Celeste,Harrison,Brianne,Griggs,Phillip
Parazynski,Delonta,Meade,Klarisa,Parazynski,Ronny
Griggs,Patricia,Harrison,Brianne,Griggs,Phillip
Parazynski,Oren,Meade,Klarisa,Parazynski,Ronny
Parazynski,Skyler,Meade,Klarisa,Parazynski,Ronny
Parazynski,Cole,Meade,Klarisa,Parazynski,Ronny
Parazynski,Rowan,Meade,Klarisa,Parazynski,Ronny
Parazynski,Andy,Meade,Klarisa,Parazynski,Ronny
Parazynski,Devany,Meade,Klarisa,Parazynski,Ronny
Carey,Jessee,Meade,Annemarie,Carey,Liam
Parazynski,Veronica,Meade,Klarisa,Parazynski,Ronny
Carey,Ward,Meade,Annemarie,Carey,Liam
Carey,Reilly,Meade,Annemarie,Carey,Liam
Carey,Jeff,Meade,Annemarie,Carey,Liam
Carey,Ivy,Meade,Annemarie,Carey,Liam
Carey,Marc,Meade,Annemarie,Carey,Liam
Carey,Idaly,Meade,Annemarie,Carey,Liam
Harrison,Max,Meade,Greer,Harrison,Valentin
Carey,Tiani,Meade,Annemarie,Carey,Liam
Harrison,Joe,Meade,Greer,Harrison,Valentin
Carey,Abigayle,Meade,Annemarie,Carey,Liam
Harrison,Dylon,Meade,Greer,Harrison,Valentin
Carey,Lisa,Meade,Annemarie,Carey,Liam
Harrison,Lars,Meade,Greer,Harrison,Valentin
Harrison,Nikki,Meade,Greer,Harrison,Valentin
Harrison,Emilio,Meade,Greer,Harrison,Valentin
Harrison,Aleah,Meade,Greer,Harrison,Valentin
Harrison,Francis,Meade,Greer,Harrison,Valentin
Harrison,Janice,Meade,Greer,Harrison,Valentin
Harrison,Marquis,Meade,Greer,Harrison,Valentin
Harrison,Macey,Meade,Greer,Harrison,Valentin
Harrison,Salvatore,Meade,Greer,Harrison,Valentin
Harrison,Selina,Meade,Greer,Harrison,Valentin
Harrison,Jamie,Meade,Greer,Harrison,Valentin
Harrison,Aimee,Meade,Tayla,Harrison,San
Harrison,Dayton,Meade,Greer,Harrison,Valentin
Harrison,Karina,Meade,Tayla,Harrison,San
Harrison,Emmitt,Meade,Greer,Harrison,Valentin
Harrison,Misty,Meade,Tayla,Harrison,San
Harrison,Dontae,Meade,Greer,Harrison,Valentin
Harrison,Maxine,Meade,Tayla,Harrison,San
Harrison,Eric,Meade,Greer,Harrison,Valentin
Harrison,Kristina,Meade,Tayla,Harrison,San
Harrison,Victor,Meade,Greer,Harrison,Valentin
Harrison,Anja,Meade,Tayla,Harrison,San
Harrison,Devon,Meade,Greer,Harrison,Valentin
Harrison,Mckenna,Meade,Tayla,Harrison,San
Harrison,Levi,Meade,Tayla,Harrison,San
Harrison,Stephania,Meade,Tayla,Harrison,San
Harrison,Juan,Meade,Tayla,Harrison,San
Meade,Esperanza,Parker,Alison,Meade,Jeffery
Harrison,Torey,Meade,Tayla,Harrison,San
Meade,Nathalie,Parker,Alison,Meade,Jeffery
Harrison,Misael,Meade,Tayla,Harrison,San
Meade,Mallory,Parker,Alison,Meade,Jeffery
Harrison,Bobby,Meade,Tayla,Harrison,San
Meade,Christian,Parker,Alison,Meade,Jeffery
Harrison,Vicente,Meade,Tayla,Harrison,San
Meade,Serenity,Parker,Alison,Meade,Jeffery
Meade,Nolan,Parker,Alison,Meade,Jeffery
Meade,Itati,Parker,Alison,Meade,Jeffery
Meade,Kevin,Parker,Alison,Meade,Jeffery
Meade,Corina,Parker,Alison,Meade,Jeffery
Meade,Elliot,Parker,Alison,Meade,Jeffery
Meade,Ayesha,Parker,Alison,Meade,Jeffery
Meade,Drake,Parker,Alison,Meade,Jeffery
Meade,Breonna,Parker,Alison,Meade,Jeffery
Meade,Spenser,Parker,Alison,Meade,Jeffery
Meade,Katharine,Parker,Zulema,Meade,Joey
Meade,Garrison,Parker,Alison,Meade,Jeffery
Meade,Carlye,Parker,Zulema,Meade,Joey
Meade,Corey,Parker,Alison,Meade,Jeffery
Meade,Kacie,Parker,Zulema,Meade,Joey
Meade,Tayler,Parker,Alison,Meade,Jeffery
Meade,Mollie,Parker,Zulema,Meade,Joey
Meade,Sean,Parker,Alison,Meade,Jeffery
Meade,Shelby,Parker,Zulema,Meade,Joey
Meade,Jovon,Parker,Alison,Meade,Jeffery
Meade,Robin,Parker,Zulema,Meade,Joey
Meade,Shmuel,Parker,Alison,Meade,Jeffery
Meade,Gabriel,Parker,Zulema,Meade,Joey
Meade,Shan,Parker,Zulema,Meade,Joey
Meade,Jessika,Parker,Zulema,Meade,Joey
Meade,Rolando,Parker,Zulema,Meade,Joey
Meade,Kalee,Roosevelt,Rachelle,Meade,Abraham
Meade,Erik,Parker,Zulema,Meade,Joey
Meade,Marisol,Reightler,Kerry,Meade,Augustus
Meade,Dale,Roosevelt,Rachelle,Meade,Abraham
Meade,Mindi,Reightler,Kerry,Meade,Augustus
Meade,Alberto,Roosevelt,Rachelle,Meade,Abraham
Meade,Courtney,Reightler,Kerry,Meade,Augustus
Meade,Mariano,Reightler,Kerry,Meade,Augustus
Meade,Kerry,Reightler,Kerry,Meade,Augustus
Meade,Adrian,Reightler,Kerry,Meade,Augustus
Meade,Claire,Reightler,Kerry,Meade,Augustus
Meade,Kai,Reightler,Kerry,Meade,Augustus
Meade,Jodie,Reightler,Kerry,Meade,Augustus
Meade,Sunny,Reightler,Kerry,Meade,Augustus
Meade,Kenya,Reightler,Kerry,Meade,Augustus
Meade,Gene,Reightler,Kerry,Meade,Augustus
Meade,Katy,Reightler,Allison,Meade,Osvaldo
Meade,August,Reightler,Kerry,Meade,Augustus
Meade,Cassie,Reightler,Allison,Meade,Osvaldo
Meade,Josiah,Reightler,Allison,Meade,Osvaldo
Meade,Georgia,Reightler,Allison,Meade,Osvaldo
Meade,Gideon,Reightler,Allison,Meade,Osvaldo
Meade,Thalia,Reightler,Allison,Meade,Osvaldo
Meade,Walker,Reightler,Allison,Meade,Osvaldo
Meade,Lexy,Reightler,Allison,Meade,Osvaldo
Meade,Daron,Reightler,Allison,Meade,Osvaldo
Meade,Kiesha,Reightler,Allison,Meade,Osvaldo
Meade,Ashton,Reightler,Allison,Meade,Osvaldo
Meade,Aleasha,Reightler,Allison,Meade,Osvaldo
Meade,Ervin,Reightler,Allison,Meade,Osvaldo
Meade,Riley,Reightler,Allison,Meade,Osvaldo
Meade,Skylar,Reightler,Allison,Meade,Osvaldo
Meade,Tatum,Reightler,Allison,Meade,Osvaldo
Meade,Sidney,Reightler,Allison,Meade,Osvaldo
Meade,Sharae,Reightler,Britney,Meade,Conor
Meade,Ulysses,Reightler,Allison,Meade,Osvaldo
Meade,Tehya,Reightler,Britney,Meade,Conor
Meade,Gerald,Reightler,Allison,Meade,Osvaldo
Meade,Maura,Reightler,Britney,Meade,Conor
Meade,Brett,Reightler,Allison,Meade,Osvaldo
Meade,Yaritza,Reightler,Britney,Meade,Conor
Meade,Devaughn,Reightler,Britney,Meade,Conor
Meade,Amna,Reightler,Anaya,Meade,Miles
Meade,Keeton,Reightler,Anaya,Meade,Miles
Meade,Lexus,Reightler,Anaya,Meade,Miles
Meade,Wade,Reightler,Anaya,Meade,Miles
Parker,Berenice,Meade,Minna,Parker,Cyrus
Meade,Vincent,Reightler,Anaya,Meade,Miles
Parker,Martha,Meade,Minna,Parker,Cyrus
Meade,Mohamed,Reightler,Anaya,Meade,Miles
Parker,Maxine,Meade,Minna,Parker,Cyrus
Parker,Matthew,Meade,Minna,Parker,Cyrus
Parker,Klarisa,Meade,Minna,Parker,Cyrus
Parker,Esteban,Meade,Minna,Parker,Cyrus
Parker,Isamar,Meade,Minna,Parker,Cyrus
Parker,Sebastian,Meade,Minna,Parker,Cyrus
Roosevelt,Camila,Meade,Vivien,Roosevelt,Nathan
Parker,Conner,Meade,Minna,Parker,Cyrus
Roosevelt,Katelynn,Meade,Vivien,Roosevelt,Nathan
Parker,Darrius,Meade,Minna,Parker,Cyrus
Roosevelt,Mariam,Meade,Asia,Roosevelt,Fred
Parker,Andrew,Meade,Minna,Parker,Cyrus
Roosevelt,Alani,Meade,Asia,Roosevelt,Fred
Roosevelt,Gage,Meade,Vivien,Roosevelt,Nathan
Roosevelt,Morgen,Meade,Asia,Roosevelt,Fred
Roosevelt,Carl,Meade,Vivien,Roosevelt,Nathan
Roosevelt,Patience,Meade,Asia,Roosevelt,Fred
Roosevelt,Sydney,Meade,Vivien,Roosevelt,Nathan
Reightler,Mollie,Meade,Annette,Reightler,Francis
Roosevelt,Tommy,Meade,Vivien,Roosevelt,Nathan
Reightler,Shea,Meade,Annette,Reightler,Francis
Roosevelt,Manuel,Meade,Vivien,Roosevelt,Nathan
Reightler,Makala,Meade,Annette,Reightler,Francis
Roosevelt,Frederick,Meade,Vivien,Roosevelt,Nathan
Reightler,Haylee,Meade,Annette,Reightler,Francis
Roosevelt,Chris,Meade,Vivien,Roosevelt,Nathan
Reightler,Mikaela,Meade,Annette,Reightler,Francis
Roosevelt,Darrius,Meade,Vivien,Roosevelt,Nathan
Reightler,Mariana,Meade,Annette,Reightler,Francis
Roosevelt,Osvaldo,Meade,Vivien,Roosevelt,Nathan
Reightler,Sheniqua,Meade,Ashlynn,Reightler,Stevan
Roosevelt,Colbey,Meade,Vivien,Roosevelt,Nathan
Reightler,Tierra,Meade,Ashlynn,Reightler,Stevan
Roosevelt,Shan,Meade,Asia,Roosevelt,Fred
Reightler,Lauryn,Meade,Ashlynn,Reightler,Stevan
Roosevelt,Efren,Meade,Asia,Roosevelt,Fred
Reightler,Katharine,Meade,Ashlynn,Reightler,Stevan
Roosevelt,Garrick,Meade,Asia,Roosevelt,Fred
Reightler,Susan,Meade,Ashlynn,Reightler,Stevan
Reightler,Enoch,Meade,Annette,Reightler,Francis
Reightler,Christie,Meade,Ashlynn,Reightler,Stevan
Reightler,Diondre,Meade,Annette,Reightler,Francis
Reightler,Bryanna,Meade,Shawn,Reightler,Javier
Reightler,Thomas,Meade,Annette,Reightler,Francis
Reightler,Tory,Meade,Shawn,Reightler,Javier
Reightler,Donovan,Meade,Annette,Reightler,Francis
Reightler,Bailey,Frump,Keyshla,Reightler,Trae
Reightler,Kirkland,Meade,Annette,Reightler,Francis
Reightler,Devany,Frump,Keyshla,Reightler,Trae
Reightler,Christian,Meade,Annette,Reightler,Francis
Reightler,Mckenzie,Frump,Keyshla,Reightler,Trae
Reightler,Rene,Meade,Ashlynn,Reightler,Stevan
Reightler,Debra,Frump,Keyshla,Reightler,Trae
Reightler,Roger,Meade,Ashlynn,Reightler,Stevan
Reightler,Constance,Frump,Keyshla,Reightler,Trae
Reightler,Shaquille,Meade,Ashlynn,Reightler,Stevan
Reightler,Madeleine,Frump,Taylorann,Reightler,Jarrod
Reightler,Zachariah,Meade,Ashlynn,Reightler,Stevan
Reightler,Khyla,Frump,Taylorann,Reightler,Jarrod
Reightler,Denzel,Meade,Ashlynn,Reightler,Stevan
Reightler,Reyna,Frump,Taylorann,Reightler,Jarrod
Reightler,Javion,Meade,Shawn,Reightler,Javier
Reightler,Skye,Frump,Chyanne,Reightler,Caden
Reightler,Keshaun,Meade,Shawn,Reightler,Javier
Reightler,Cassie,Frump,Chyanne,Reightler,Caden
Reightler,Deion,Meade,Shawn,Reightler,Javier
Reightler,Ariel,Frump,Chyanne,Reightler,Caden
Reightler,Kendrick,Meade,Shawn,Reightler,Javier
Reightler,Emmalee,Frump,Kassidy,Reightler,Daequan
Reightler,Jarred,Meade,Shawn,Reightler,Javier
Reightler,Antoinette,Frump,Kassidy,Reightler,Daequan
Reightler,Jordin,Frump,Keyshla,Reightler,Trae
Reightler,Paula,Frump,Kassidy,Reightler,Daequan
Reightler,Keaton,Frump,Keyshla,Reightler,Trae
Reightler,Genna,Frump,Kassidy,Reightler,Daequan
Reightler,Ali,Frump,Keyshla,Reightler,Trae
Frump,Carson,Reightler,Genevieve,Frump,Gene
Reightler,Quinton,Frump,Keyshla,Reightler,Trae
Frump,Irene,Reightler,Genevieve,Frump,Gene
Reightler,Kamau,Frump,Taylorann,Reightler,Jarrod
Frump,Corinne,Reightler,Genevieve,Frump,Gene
Reightler,Noah,Frump,Taylorann,Reightler,Jarrod
Frump,Trevor,Reightler,Genevieve,Frump,Gene
Reightler,Jermaine,Frump,Taylorann,Reightler,Jarrod
Frump,Katy,Reightler,Genevieve,Frump,Gene
Reightler,Kurtis,Frump,Cassie,Reightler,Nicholas
Frump,Dandrea,Reightler,Genevieve,Frump,Gene
Reightler,Walker,Frump,Cassie,Reightler,Nicholas
Frump,Maryanne,Reightler,Genevieve,Frump,Gene
Reightler,Kevon,Frump,Cassie,Reightler,Nicholas
Frump,Brandy,Reightler,Genevieve,Frump,Gene
Reightler,Agustin,Frump,Cassie,Reightler,Nicholas
Frump,Josie,Reightler,Genevieve,Frump,Gene
Reightler,Esau,Frump,Kassidy,Reightler,Daequan
Frump,Tiffanie,Reightler,Genevieve,Frump,Gene
Reightler,Amir,Frump,Kassidy,Reightler,Daequan
Frump,Mindy,Reightler,Genevieve,Frump,Gene
Reightler,Silas,Frump,Kassidy,Reightler,Daequan
Frump,Kaitlyn,Reightler,Shakia,Frump,Aaron
Frump,Edgar,Reightler,Genevieve,Frump,Gene
Frump,Kaylah,Reightler,Shakia,Frump,Aaron
Frump,Keegan,Reightler,Genevieve,Frump,Gene
Frump,Ronni,Reightler,Shakia,Frump,Aaron
Frump,Yakov,Reightler,Genevieve,Frump,Gene
Frump,Regina,Reightler,Shakia,Frump,Aaron
Frump,Travon,Reightler,Genevieve,Frump,Gene
Frump,Debora,Reightler,Shakia,Frump,Aaron
Frump,Francis,Reightler,Genevieve,Frump,Gene
Frump,Vivien,Reightler,Shakia,Frump,Aaron
Frump,Deshawn,Reightler,Genevieve,Frump,Gene
Frump,Salina,Reightler,Shakia,Frump,Aaron
Frump,Stewart,Reightler,Genevieve,Frump,Gene
Frump,Willow,Reightler,Shakia,Frump,Aaron
Frump,Adan,Reightler,Shakia,Frump,Aaron
Frump,Sariah,Reightler,Shakia,Frump,Aaron
Frump,Kalon,Reightler,Shakia,Frump,Aaron
Frump,Niki,Reightler,Jessika,Frump,Luke
Frump,Terrence,Reightler,Shakia,Frump,Aaron
Frump,Terri,Reightler,Jessika,Frump,Luke
Frump,Paul,Reightler,Shakia,Frump,Aaron
Frump,Leah,Reightler,Jessika,Frump,Luke
Frump,Santana,Reightler,Shakia,Frump,Aaron
Frump,Marysol,Reightler,Laurel,Frump,Brenton
Frump,Oren,Reightler,Shakia,Frump,Aaron
Frump,Alice,Reightler,Laurel,Frump,Brenton
Frump,Jeramie,Reightler,Shakia,Frump,Aaron
Frump,Karyna,Reightler,Chelsea,Frump,Quanterriu
Frump,Rene,Reightler,Shakia,Frump,Aaron
Frump,Katelynn,Reightler,Chelsea,Frump,Quanterriu
Frump,Harry,Reightler,Jessika,Frump,Luke
Frump,Patience,Reightler,Chelsea,Frump,Quanterriu
Frump,Tarik,Reightler,Jessika,Frump,Luke
Frump,Guadalupe,Reightler,Chelsea,Frump,Quanterriu
Frump,Peter,Reightler,Laurel,Frump,Brenton
Frump,Cameron,Gorie,Moriah,Frump,Jaron
Frump,Leroy,Reightler,Chelsea,Frump,Quanterriu
Frump,Emmalee,Gorie,Moriah,Frump,Jaron
Frump,Treshaun,Reightler,Chelsea,Frump,Quanterriu
Frump,Jalen,Gorie,Moriah,Frump,Jaron
Frump,Ray,Reightler,Chelsea,Frump,Quanterriu
Frump,Emma,Gorie,Moriah,Frump,Jaron
Frump,Jeb,Reightler,Chelsea,Frump,Quanterriu
Frump,Suzanne,Gorie,Moriah,Frump,Jaron
Frump,Chase,Reightler,Chelsea,Frump,Quanterriu
Frump,Kylie,Gorie,Moriah,Frump,Jaron
Frump,Chris,Gorie,Moriah,Frump,Jaron
Frump,Kenya,Gorie,Moriah,Frump,Jaron
Frump,Wylie,Gorie,Moriah,Frump,Jaron
Frump,Sneha,Gorie,Moriah,Frump,Jaron
Frump,Kellen,Gorie,Moriah,Frump,Jaron
Frump,Sommer,Gorie,Moriah,Frump,Jaron
Frump,Steven,Gorie,Moriah,Frump,Jaron
Frump,Jessa,Gorie,Jaqueline,Frump,Neal
Frump,Sutton,Gorie,Moriah,Frump,Jaron
Frump,Hilda,Gorie,Jaqueline,Frump,Neal
Frump,Asher,Gorie,Moriah,Frump,Jaron
Frump,Brieanna,Gorie,Jaqueline,Frump,Neal
Frump,Sam,Gorie,Moriah,Frump,Jaron
Frump,Katrina,Gorie,Jaqueline,Frump,Neal
Frump,Junior,Gorie,Moriah,Frump,Jaron
Frump,Mikhaila,Gorie,Jaqueline,Frump,Neal
Frump,Jakob,Gorie,Moriah,Frump,Jaron
Frump,Priscilla,Gorie,Jaqueline,Frump,Neal
Frump,Francisco,Gorie,Moriah,Frump,Jaron
Frump,Camila,Gorie,Jaqueline,Frump,Neal
Frump,Freeman,Gorie,Moriah,Frump,Jaron
Frump,Jabria,Gorie,Jaqueline,Frump,Neal
Frump,Preston,Gorie,Jaqueline,Frump,Neal
Frump,Margaret,Gorie,Jaqueline,Frump,Neal
Frump,Abel,Gorie,Jaqueline,Frump,Neal
Frump,Lexi,Gorie,Jaqueline,Frump,Neal
Frump,Wesley,Gorie,Jaqueline,Frump,Neal
Frump,Alena,Gorie,Jaqueline,Frump,Neal
Frump,Enoch,Gorie,Jaqueline,Frump,Neal
Frump,Micah,Gorie,Keira,Frump,Connor
Frump,Parker,Gorie,Jaqueline,Frump,Neal
Frump,Vianey,Gorie,Keira,Frump,Connor
Frump,Harley,Gorie,Jaqueline,Frump,Neal
Frump,Nathaly,Gorie,Keira,Frump,Connor
Frump,Alden,Gorie,Keira,Frump,Connor
Frump,Hunter,Gorie,Keira,Frump,Connor
Frump,Elijah,Gorie,Keira,Frump,Connor
Frump,Brenda,Gorie,Deisy,Frump,Lucas
Frump,Jarrod,Gorie,Keira,Frump,Connor
Frump,Maren,Gorie,Deisy,Frump,Lucas
Frump,Ayub,Gorie,Keira,Frump,Connor
Frump,Tamera,Gorie,Deisy,Frump,Lucas
Frump,Tyree,Gorie,Keira,Frump,Connor
Frump,Veda,Gorie,Deisy,Frump,Lucas
Frump,Jerome,Gorie,Deisy,Frump,Lucas
Frump,Jenae,Gorie,Deisy,Frump,Lucas
Frump,Troy,Gorie,Deisy,Frump,Lucas
Gorie,Malina,Frump,Shawn,Gorie,Demarco
Gorie,Theodore,Frump,Shawn,Gorie,Demarco
Gorie,Karly,Frump,Shawn,Gorie,Demarco
Gorie,Orlando,Frump,Shawn,Gorie,Demarco
Gorie,Britni,Frump,Shawn,Gorie,Demarco
Gorie,Esteban,Frump,Shawn,Gorie,Demarco
Gorie,Deja,Frump,Shawn,Gorie,Demarco
Gorie,Timothy,Frump,Shawn,Gorie,Demarco
Gorie,Kenyetta,Frump,Shawn,Gorie,Demarco
Gorie,Francisco,Frump,Shawn,Gorie,Demarco
Gorie,Madilyn,Frump,Shawn,Gorie,Demarco
Gorie,Gannon,Frump,Shawn,Gorie,Demarco
Gorie,Jennah,Frump,Shawn,Gorie,Demarco
Gorie,Howard,Frump,Shawn,Gorie,Demarco
Gorie,Katelynn,Frump,Rachelle,Gorie,Kevon
Gorie,Tyrone,Frump,Shawn,Gorie,Demarco
Gorie,Noemi,Frump,Rachelle,Gorie,Kevon
Gorie,Devyn,Frump,Shawn,Gorie,Demarco
Gorie,Sophie,Frump,Rachelle,Gorie,Kevon
Gorie,Quintin,Frump,Shawn,Gorie,Demarco
Gorie,Macy,Frump,Rachelle,Gorie,Kevon
Gorie,Branden,Frump,Shawn,Gorie,Demarco
Gorie,Milena,Frump,Rachelle,Gorie,Kevon
Gorie,Kendall,Frump,Shawn,Gorie,Demarco
Gorie,Siera,Frump,Rachelle,Gorie,Kevon
Gorie,Brenton,Frump,Rachelle,Gorie,Kevon
Gorie,Cheyanne,Frump,Rachelle,Gorie,Kevon
Gorie,Fredy,Frump,Rachelle,Gorie,Kevon
Gorie,Jonae,Frump,Rachelle,Gorie,Kevon
Gorie,Emmitt,Frump,Rachelle,Gorie,Kevon
Gorie,Alexia,Frump,Rachelle,Gorie,Kevon
Gorie,Khalid,Frump,Rachelle,Gorie,Kevon
Gorie,Leanna,Frump,Riley,Gorie,Tyren
Gorie,Daxton,Frump,Rachelle,Gorie,Kevon
Gorie,Shayna,Frump,Mariangeli,Gorie,Alec
Gorie,Abraham,Frump,Rachelle,Gorie,Kevon
Gorie,Stacy,Frump,Yaritza,Gorie,Dedrick
Gorie,Barry,Frump,Rachelle,Gorie,Kevon
Gorie,Joyce,Frump,Yaritza,Gorie,Dedrick
Gorie,Luis,Frump,Rachelle,Gorie,Kevon
Gorie,Taelor,Frump,Yaritza,Gorie,Dedrick
Gorie,Augustus,Frump,Rachelle,Gorie,Kevon
Gorie,Shanyce,Frump,Yaritza,Gorie,Dedrick
Gorie,Dantae,Frump,Rachelle,Gorie,Kevon
Gorie,Esmeralda,Henricks,Alisa,Gorie,Albert
Gorie,Edwin,Frump,Riley,Gorie,Tyren
Gorie,Devany,Henricks,Alisa,Gorie,Albert
Gorie,Elliott,Frump,Riley,Gorie,Tyren
Gorie,Evelyn,Henricks,Alisa,Gorie,Albert
Gorie,Martin,Frump,Mariangeli,Gorie,Alec
Gorie,Sherridan,Henricks,Alisa,Gorie,Albert
Gorie,Stevan,Frump,Mariangeli,Gorie,Alec
Gorie,Kiesha,Henricks,Alisa,Gorie,Albert
Gorie,Jacques,Frump,Mariangeli,Gorie,Alec
Gorie,Sade,Henricks,Alisa,Gorie,Albert
Gorie,Keagan,Frump,Yaritza,Gorie,Dedrick
Gorie,Lakendra,Henricks,Alisa,Gorie,Albert
Gorie,Moshe,Frump,Yaritza,Gorie,Dedrick
Henricks,Sheyla,Gorie,Kerry,Henricks,Russell
Gorie,Guillermo,Henricks,Alisa,Gorie,Albert
Henricks,Mariangeli,Gorie,Kerry,Henricks,Russell
Gorie,Josiah,Henricks,Alisa,Gorie,Albert
Henricks,Jaymee,Gorie,Kerry,Henricks,Russell
Gorie,Cooper,Henricks,Alisa,Gorie,Albert
Henricks,Rebecca,Gorie,Aundrea,Henricks,Deric
Gorie,Joseph,Henricks,Alisa,Gorie,Albert
Henricks,Demi,Gorie,Aundrea,Henricks,Deric
Henricks,Daylon,Gorie,Kerry,Henricks,Russell
Henricks,Aylssa,Gorie,Aundrea,Henricks,Deric
Henricks,Nathan,Gorie,Kerry,Henricks,Russell
Henricks,Rosalinda,Gorie,Aundrea,Henricks,Deric
Henricks,Damien,Gorie,Kerry,Henricks,Russell
Henricks,Rachelle,Gorie,Aundrea,Henricks,Deric
Henricks,Robert,Gorie,Kerry,Henricks,Russell
Henricks,Tonya,Gorie,Aundrea,Henricks,Deric
Henricks,Luciano,Gorie,Aundrea,Henricks,Deric
Henricks,Rosa,Gorie,Aundrea,Henricks,Deric
Henricks,Emiliano,Gorie,Aundrea,Henricks,Deric
Henricks,Giovanna,Gorie,Aundrea,Henricks,Deric
Henricks,Jesus,Gorie,Aundrea,Henricks,Deric
Henricks,Genna,Gorie,Aundrea,Henricks,Deric
Henricks,Christian,Gorie,Aundrea,Henricks,Deric
Henricks,Katlyn,Eisele,Cristal,Henricks,Ryan
Henricks,Kevin,Gorie,Aundrea,Henricks,Deric
Henricks,Antonia,Eisele,Cristal,Henricks,Ryan
Henricks,Caleb,Gorie,Aundrea,Henricks,Deric
Henricks,Audra,Eisele,Cristal,Henricks,Ryan
Henricks,Alexander,Eisele,Cristal,Henricks,Ryan
Henricks,Marilyn,Eisele,Cristal,Henricks,Ryan
Henricks,Antoine,Eisele,Cristal,Henricks,Ryan
Henricks,Ciara,Eisele,Evelin,Henricks,Stewart
Henricks,Dennis,Eisele,Cristal,Henricks,Ryan
Henricks,Cheryl,Eisele,Evelin,Henricks,Stewart
Henricks,Howard,Eisele,Cristal,Henricks,Ryan
Henricks,Catherine,Eisele,Evelin,Henricks,Stewart
Henricks,Rowan,Eisele,Cristal,Henricks,Ryan
Henricks,Hallie,Eisele,Evelin,Henricks,Stewart
Henricks,Richie,Eisele,Evelin,Henricks,Stewart
Henricks,Kathryn,Eisele,Evelin,Henricks,Stewart
Henricks,Leroy,Eisele,Evelin,Henricks,Stewart
Henricks,Ashly,Eisele,Evelin,Henricks,Stewart
Henricks,Habram,Eisele,Evelin,Henricks,Stewart
Henricks,Keila,Eisele,Evelin,Henricks,Stewart
Henricks,Addison,Eisele,Evelin,Henricks,Stewart
Henricks,Jessa,Eisele,Evelin,Henricks,Stewart
Henricks,Daxton,Eisele,Evelin,Henricks,Stewart
Henricks,Mikayla,Eisele,Erin,Henricks,Trey
Henricks,Anders,Eisele,Evelin,Henricks,Stewart
Henricks,Ashtyn,Eisele,Erin,Henricks,Trey
Henricks,Nico,Eisele,Erin,Henricks,Trey
Henricks,Gabriele,Eisele,Erin,Henricks,Trey
Henricks,Kirkland,Eisele,Erin,Henricks,Trey
Henricks,Helen,Eisele,Erin,Henricks,Trey
Henricks,Johnathen,Eisele,Erin,Henricks,Trey
Henricks,Sarah,Eisele,Erin,Henricks,Trey
Henricks,Bradly,Eisele,Erin,Henricks,Trey
Henricks,Victoria,Eisele,Susan,Henricks,Sebastien
Henricks,Johnny,Eisele,Erin,Henricks,Trey
Henricks,Janae,Eisele,Susan,Henricks,Sebastien
Henricks,Brenton,Eisele,Erin,Henricks,Trey
Henricks,Susanna,Eisele,Susan,Henricks,Sebastien
Henricks,Stanley,Eisele,Erin,Henricks,Trey
Henricks,Anjelica,Eisele,Susan,Henricks,Sebastien
Henricks,Garret,Eisele,Erin,Henricks,Trey
Henricks,Sarafina,Eisele,Susan,Henricks,Sebastien
Henricks,Noe,Eisele,Erin,Henricks,Trey
Henricks,Fatima,Eisele,Susan,Henricks,Sebastien
Henricks,Scott,Eisele,Susan,Henricks,Sebastien
Henricks,Banesa,Eisele,Susan,Henricks,Sebastien
Henricks,Simeon,Eisele,Susan,Henricks,Sebastien
Henricks,Devin,Eisele,Susan,Henricks,Sebastien
Henricks,Lauren,Eisele,Susan,Henricks,Sebastien
Henricks,Bernadette,Eisele,Susan,Henricks,Sebastien
Henricks,Brodie,Eisele,Susan,Henricks,Sebastien
Eisele,Synthia,Henricks,Ayesha,Eisele,Edgar
Henricks,Armando,Eisele,Susan,Henricks,Sebastien
Eisele,Alissa,Henricks,Ayesha,Eisele,Edgar
Henricks,Jeffery,Eisele,Susan,Henricks,Sebastien
Eisele,Maren,Henricks,Ayesha,Eisele,Edgar
Henricks,Tomas,Eisele,Susan,Henricks,Sebastien
Eisele,Iman,Henricks,Ayesha,Eisele,Edgar
Henricks,Bronson,Eisele,Susan,Henricks,Sebastien
Eisele,Brittani,Henricks,Ayesha,Eisele,Edgar
Henricks,Dexter,Eisele,Susan,Henricks,Sebastien
Eisele,Myranda,Henricks,Ayesha,Eisele,Edgar
Eisele,Darrin,Henricks,Ayesha,Eisele,Edgar
Eisele,Katerina,Henricks,Carmelita,Eisele,Jai
Eisele,Alfonso,Henricks,Ayesha,Eisele,Edgar
Eisele,Khaila,Henricks,Carmelita,Eisele,Jai
Eisele,Myron,Henricks,Carmelita,Eisele,Jai
Hoffman,Nicolette,Henricks,Trista,Hoffman,Hunter
Eisele,Adonis,Henricks,Carmelita,Eisele,Jai
Hoffman,Ivy,Henricks,Trista,Hoffman,Hunter
Eisele,Mckay,Henricks,Carmelita,Eisele,Jai
Hoffman,Evelyn,Henricks,Trista,Hoffman,Hunter
Eisele,Valentin,Henricks,Carmelita,Eisele,Jai
Hoffman,Yasmine,Henricks,Trista,Hoffman,Hunter
Eisele,Alejandro,Henricks,Carmelita,Eisele,Jai
Hoffman,Cheyenne,Henricks,Trista,Hoffman,Hunter
Eisele,Jarvis,Henricks,Carmelita,Eisele,Jai
Hoffman,Annabel,Henricks,Trista,Hoffman,Hunter
Eisele,Garrick,Henricks,Carmelita,Eisele,Jai
Hoffman,Mikaela,Henricks,Trista,Hoffman,Hunter
Eisele,Raphael,Henricks,Carmelita,Eisele,Jai
Hoffman,Alma,Henricks,Trista,Hoffman,Hunter
Eisele,Ruben,Henricks,Carmelita,Eisele,Jai
Hoffman,Camila,Henricks,Margarita,Hoffman,Noah
Eisele,Jonathon,Henricks,Carmelita,Eisele,Jai
Hoffman,Klee,Eisele,Aimee,Hoffman,Rigoberto
Eisele,Arian,Henricks,Carmelita,Eisele,Jai
Hoffman,Ebone,Eisele,Aimee,Hoffman,Rigoberto
Eisele,Gage,Henricks,Carmelita,Eisele,Jai
Hoffman,Joyce,Eisele,Aimee,Hoffman,Rigoberto
Eisele,Jacky,Henricks,Carmelita,Eisele,Jai
Hoffman,Shana,Eisele,Aimee,Hoffman,Rigoberto
Eisele,Willis,Henricks,Carmelita,Eisele,Jai
Hoffman,Geraldine,Eisele,Rachelle,Hoffman,Curtis
Eisele,Sawyer,Henricks,Carmelita,Eisele,Jai
Hoffman,Coralys,Eisele,Rachelle,Hoffman,Curtis
Eisele,Joe,Henricks,Carmelita,Eisele,Jai
Hoffman,Mykelle,Eisele,Adrian,Hoffman,Alden
Hoffman,Corey,Henricks,Trista,Hoffman,Hunter
Hoffman,Johana,Eisele,Adrian,Hoffman,Alden
Hoffman,Ronny,Henricks,Trista,Hoffman,Hunter
Hoffman,Irma,Eisele,Adrian,Hoffman,Alden
Hoffman,Collin,Henricks,Trista,Hoffman,Hunter
Hoffman,Viridiana,Eisele,Adrian,Hoffman,Alden
Hoffman,Jashua,Henricks,Trista,Hoffman,Hunter
Hoffman,Amber,Eisele,Adrian,Hoffman,Alden
Hoffman,Kareem,Henricks,Trista,Hoffman,Hunter
Hoffman,Unique,Eisele,Adrian,Hoffman,Alden
Hoffman,Markell,Henricks,Trista,Hoffman,Hunter
Hoffman,Desiree,Eisele,Adrian,Hoffman,Alden
Hoffman,Mitchell,Henricks,Trista,Hoffman,Hunter
Hoffman,Juliette,Eisele,Adrian,Hoffman,Alden
Hoffman,Brendon,Henricks,Trista,Hoffman,Hunter
Hoffman,Breona,Eisele,Adrian,Hoffman,Alden
Hoffman,Roman,Henricks,Trista,Hoffman,Hunter
Hoffman,Aidan,Eisele,Emmily,Hoffman,Marcus
Hoffman,River,Henricks,Trista,Hoffman,Hunter
Hoffman,Sarahmarie,Eisele,Emmily,Hoffman,Marcus
Hoffman,German,Henricks,Margarita,Hoffman,Noah
Michel,Leticia,Eisele,Kimberlee,Michel,Gilberto
Hoffman,Jarvis,Henricks,Margarita,Hoffman,Noah
Michel,Jaymi,Eisele,Kimberlee,Michel,Gilberto
Hoffman,Samuel,Eisele,Aimee,Hoffman,Rigoberto
Michel,Tess,Eisele,Kimberlee,Michel,Gilberto
Hoffman,Sterling,Eisele,Aimee,Hoffman,Rigoberto
Michel,Divya,Eisele,Kimberlee,Michel,Gilberto
Hoffman,Stephan,Eisele,Aimee,Hoffman,Rigoberto
Michel,Kiersten,Eisele,Kimberlee,Michel,Gilberto
Hoffman,Alonzo,Eisele,Aimee,Hoffman,Rigoberto
Michel,Julianna,Eisele,Kimberlee,Michel,Gilberto
Hoffman,Tallon,Eisele,Aimee,Hoffman,Rigoberto
Michel,Jordyn,Eisele,Kimberlee,Michel,Gilberto
Hoffman,Kayle,Eisele,Aimee,Hoffman,Rigoberto
Michel,Harmony,Hoffman,Amberly,Michel,Samson
Hoffman,Mario,Eisele,Rachelle,Hoffman,Curtis
Michel,Abbey,Hoffman,Amberly,Michel,Samson
Hoffman,Gerard,Eisele,Adrian,Hoffman,Alden
Michel,Joceline,Hoffman,Amberly,Michel,Samson
Hoffman,Devin,Eisele,Adrian,Hoffman,Alden
Michel,Loni,Hoffman,Amberly,Michel,Samson
Hoffman,Langston,Eisele,Adrian,Hoffman,Alden
Michel,Keishla,Hoffman,Amberly,Michel,Samson
Hoffman,Casey,Eisele,Adrian,Hoffman,Alden
Michel,Bonnie,Hoffman,Amberly,Michel,Samson
Hoffman,Demonte,Eisele,Adrian,Hoffman,Alden
Michel,Carmen,Hoffman,Amberly,Michel,Samson
Hoffman,Devonte,Eisele,Adrian,Hoffman,Alden
Michel,Holli,Hoffman,Amberly,Michel,Samson
Hoffman,Elliot,Eisele,Adrian,Hoffman,Alden
Michel,Darcy,Hoffman,Amberly,Michel,Samson
Hoffman,Maurice,Eisele,Adrian,Hoffman,Alden
Michel,Keanna,Hoffman,Amberly,Michel,Samson
Hoffman,Damon,Eisele,Adrian,Hoffman,Alden
Michel,Maia,Hoffman,Asha,Michel,Adalberto
Hoffman,Jamie,Eisele,Emmily,Hoffman,Marcus
Michel,Luisa,Hoffman,Asha,Michel,Adalberto
Michel,Jeffery,Eisele,Kimberlee,Michel,Gilberto
Michel,Isabelle,Hoffman,Asha,Michel,Adalberto
Michel,Abdul,Eisele,Kimberlee,Michel,Gilberto
Michel,Angelina,Hoffman,Asha,Michel,Adalberto
Michel,Garret,Eisele,Kimberlee,Michel,Gilberto
Michel,Anthony,Hoffman,Asha,Michel,Adalberto
Michel,Darien,Eisele,Kimberlee,Michel,Gilberto
Michel,Cheryl,Hoffman,Asha,Michel,Adalberto
Michel,Brett,Eisele,Kimberlee,Michel,Gilberto
Michel,Ellen,Hoffman,Asha,Michel,Adalberto
Michel,Asher,Eisele,Kimberlee,Michel,Gilberto
Michel,Shenelly,Hoffman,Asha,Michel,Adalberto
Michel,Rene,Eisele,Kimberlee,Michel,Gilberto
Michel,Caitlin,Hoffman,Asha,Michel,Adalberto
Michel,Jack,Eisele,Kimberlee,Michel,Gilberto
Michel,Jaylynn,Hoffman,Asha,Michel,Adalberto
Michel,Harrison,Eisele,Kimberlee,Michel,Gilberto
Michel,Zoe,Hoffman,Alyson,Michel,Rey
Michel,Jed,Eisele,Kimberlee,Michel,Gilberto
Michel,Yvette,Hoffman,Alyson,Michel,Rey
Michel,Brent,Hoffman,Amberly,Michel,Samson
Michel,Frances,Hoffman,Alyson,Michel,Rey
Michel,Josejuan,Hoffman,Amberly,Michel,Samson
Michel,Joelle,Hoffman,Alyson,Michel,Rey
Michel,Rafael,Hoffman,Amberly,Michel,Samson
Michel,Kira,Hoffman,Alyson,Michel,Rey
Michel,Jason,Hoffman,Amberly,Michel,Samson
Michel,Riley,Hoffman,Alyson,Michel,Rey
Michel,Anton,Hoffman,Amberly,Michel,Samson
Michel,Genna,Hoffman,Latasha,Michel,Kieran
Michel,Tavon,Hoffman,Amberly,Michel,Samson
Michel,Suleyma,Hoffman,Latasha,Michel,Kieran
Michel,Johnathen,Hoffman,Asha,Michel,Adalberto
Michel,Asha,Hoffman,Latasha,Michel,Kieran
Michel,Darryl,Hoffman,Asha,Michel,Adalberto
Michel,Camila,Hoffman,Latasha,Michel,Kieran
Michel,Joseph,Hoffman,Asha,Michel,Adalberto
Michel,Tayla,Hoffman,Latasha,Michel,Kieran
Michel,Efrain,Hoffman,Asha,Michel,Adalberto
Michel,Kirstie,Hoffman,Latasha,Michel,Kieran
Michel,Dante,Hoffman,Asha,Michel,Adalberto
Michel,Allison,Hoffman,Latasha,Michel,Kieran
Michel,Ervin,Hoffman,Asha,Michel,Adalberto
Michel,Lisette,Hoffman,Alesha,Michel,Dennis
Michel,Norman,Hoffman,Asha,Michel,Adalberto
Michel,Kelsee,Hoffman,Alesha,Michel,Dennis
Michel,Gordon,Hoffman,Asha,Michel,Adalberto
Michel,Shayna,Hoffman,Alesha,Michel,Dennis
Michel,Travon,Hoffman,Asha,Michel,Adalberto
Michel,Sarai,Hoffman,Alesha,Michel,Dennis
Michel,Marc,Hoffman,Asha,Michel,Adalberto
Michel,Colette,Hoffman,Alesha,Michel,Dennis
Michel,Julio,Hoffman,Alyson,Michel,Rey
Thorne,Cheyann,Hoffman,Jocelyne,Thorne,Brogan
Michel,Cesar,Hoffman,Alyson,Michel,Rey
Thorne,Regan,Hoffman,Jocelyne,Thorne,Brogan
Michel,Antavius,Hoffman,Alyson,Michel,Rey
Thorne,Alyssa,Hoffman,Sasha,Thorne,Owen
Michel,Wyatt,Hoffman,Alyson,Michel,Rey
Thorne,Blaze,Hoffman,Sasha,Thorne,Owen
Michel,Mauro,Hoffman,Alyson,Michel,Rey
Thorne,Linda,Hoffman,Sasha,Thorne,Owen
Michel,Diego,Hoffman,Alyson,Michel,Rey
Thorne,Latasha,Michel,Cortney,Thorne,Mohammad
Michel,James,Hoffman,Alyson,Michel,Rey
Thorne,Deborah,Michel,Cortney,Thorne,Mohammad
Michel,Jamie,Hoffman,Latasha,Michel,Kieran
Thorne,Valerie,Michel,Cortney,Thorne,Mohammad
Michel,Montana,Hoffman,Latasha,Michel,Kieran
Thorne,Phoebe,Michel,Cortney,Thorne,Mohammad
Michel,Dylan,Hoffman,Latasha,Michel,Kieran
Thorne,Destiny,Sega,Shianne,Thorne,Jovon
Michel,Patric,Hoffman,Latasha,Michel,Kieran
Thorne,Kyle,Sega,Shianne,Thorne,Jovon
Michel,Ali,Hoffman,Latasha,Michel,Kieran
Thorne,Kaylah,Sega,Shianne,Thorne,Jovon
Michel,Rasheed,Hoffman,Latasha,Michel,Kieran
Thorne,Lilly,Sega,Shianne,Thorne,Jovon
Michel,Sebastian,Hoffman,Latasha,Michel,Kieran
Thorne,Hailey,Sega,Deandrea,Thorne,Warren
Michel,Warren,Hoffman,Latasha,Michel,Kieran
Thorne,Danica,Sega,Deandrea,Thorne,Warren
Michel,Douglas,Hoffman,Alesha,Michel,Dennis
Thorne,Karley,Sega,Sunny,Thorne,Dwayne
Michel,Garrett,Hoffman,Alesha,Michel,Dennis
Thorne,Yvonne,Sega,Sunny,Thorne,Dwayne
Thorne,Jackson,Hoffman,Jocelyne,Thorne,Brogan
Thorne,Melisa,Sega,Sunny,Thorne,Dwayne
Thorne,Denzel,Hoffman,Jocelyne,Thorne,Brogan
Thorne,Measia,Sega,Sunny,Thorne,Dwayne
Thorne,Brenton,Hoffman,Sasha,Thorne,Owen
Thorne,Alysa,Sega,Sunny,Thorne,Dwayne
Thorne,Deonte,Hoffman,Sasha,Thorne,Owen
Thorne,Bryn,Sega,Sunny,Thorne,Dwayne
Thorne,San,Michel,Cortney,Thorne,Mohammad
Thorne,Kaylee,Sega,Sunny,Thorne,Dwayne
Thorne,Fredy,Michel,Cortney,Thorne,Mohammad
Thorne,Rocio,Sega,Sunny,Thorne,Dwayne
Thorne,Shan,Michel,Cortney,Thorne,Mohammad
Thorne,Brecken,Sega,Sunny,Thorne,Dwayne
Thorne,Eric,Michel,Cortney,Thorne,Mohammad
Thorne,Rachael,Sega,Sunny,Thorne,Dwayne
Thorne,Andre,Michel,Cortney,Thorne,Mohammad
Thorne,Jana,Sega,Sunny,Thorne,Dwayne
Thorne,Maliki,Michel,Cortney,Thorne,Mohammad
Thorne,Jania,Sega,Maggie,Thorne,Shaquille
Thorne,Kevin,Michel,Cortney,Thorne,Mohammad
Thorne,Marisol,Sega,Maggie,Thorne,Shaquille
Thorne,Keenan,Michel,Cortney,Thorne,Mohammad
Sega,Jaqueline,Thorne,Ramona,Sega,Alonso
Thorne,Shaun,Sega,Shianne,Thorne,Jovon
Sega,Carolina,Thorne,Ramona,Sega,Alonso
Thorne,Don,Sega,Shianne,Thorne,Jovon
Sega,Grace,Thorne,Ramona,Sega,Alonso
Thorne,Armando,Sega,Shianne,Thorne,Jovon
Sega,Faith,Thorne,Ramona,Sega,Alonso
Thorne,Cristopher,Sega,Shianne,Thorne,Jovon
Sega,Malika,Thorne,Ramona,Sega,Alonso
Thorne,Deleon,Sega,Shianne,Thorne,Jovon
Sega,Jamee,Thorne,Ramona,Sega,Alonso
Thorne,Misael,Sega,Deandrea,Thorne,Warren
Sega,Tayla,Thorne,Bryana,Sega,Devaughn
Thorne,Nickalus,Sega,Sunny,Thorne,Dwayne
Sega,Liana,Thorne,Bryana,Sega,Devaughn
Thorne,Darrin,Sega,Sunny,Thorne,Dwayne
Sega,Adrianne,Thorne,Bryana,Sega,Devaughn
Thorne,Elliott,Sega,Sunny,Thorne,Dwayne
Sega,Makenzie,Thorne,Bryana,Sega,Devaughn
Thorne,Domonic,Sega,Sunny,Thorne,Dwayne
Sega,Selena,Thorne,Bryana,Sega,Devaughn
Thorne,Diondre,Sega,Sunny,Thorne,Dwayne
Sega,Angle,Thorne,Bryana,Sega,Devaughn
Thorne,Collin,Sega,Sunny,Thorne,Dwayne
Sega,Moesha,Thorne,Bryana,Sega,Devaughn
Thorne,Mickey,Sega,Sunny,Thorne,Dwayne
Sega,Ronni,Thorne,Mariam,Sega,Houston
Thorne,Sterling,Sega,Sunny,Thorne,Dwayne
Sega,Lynette,Thorne,Mariam,Sega,Houston
Thorne,Tayler,Sega,Sunny,Thorne,Dwayne
Sega,Siearra,Thorne,Mariam,Sega,Houston
Thorne,Caden,Sega,Maggie,Thorne,Shaquille
Sega,Kayli,Thorne,Mariam,Sega,Houston
Sega,Van,Thorne,Ramona,Sega,Alonso
Sega,Veronica,Thorne,Mariam,Sega,Houston
Sega,Trent,Thorne,Ramona,Sega,Alonso
Sega,Kalee,Thorne,Mariam,Sega,Houston
Sega,Howard,Thorne,Ramona,Sega,Alonso
Sega,Shoshana,Thorne,Mariam,Sega,Houston
Sega,Rhett,Thorne,Ramona,Sega,Alonso
Sega,Angelina,Thorne,Mariam,Sega,Houston
Sega,Jaylon,Thorne,Bryana,Sega,Devaughn
Sega,Mandy,Thorne,Mariam,Sega,Houston
Sega,Eli,Thorne,Bryana,Sega,Devaughn
Sega,Drew,Thorne,Mariam,Sega,Houston
Sega,Forrest,Thorne,Bryana,Sega,Devaughn
Sega,Kirstin,Thorne,Mariam,Sega,Houston
Sega,Kody,Thorne,Bryana,Sega,Devaughn
Sega,Carina,Thorne,Mariam,Sega,Houston
Sega,Christophe,Thorne,Bryana,Sega,Devaughn
Sega,Isamar,Thorne,Mariam,Sega,Houston
Sega,Jai,Thorne,Bryana,Sega,Devaughn
Sega,Alysha,Thorne,Mariam,Sega,Houston
Sega,Ignacio,Thorne,Bryana,Sega,Devaughn
Sega,Paulina,Thorne,Priscilla,Sega,Kameron
Sega,Dante,Thorne,Bryana,Sega,Devaughn
Sega,Darian,Thorne,Priscilla,Sega,Kameron
Sega,Rasheed,Thorne,Mariam,Sega,Houston
Sega,Shiane,Thorne,Priscilla,Sega,Kameron
Sega,Jerryd,Thorne,Mariam,Sega,Houston
Sega,Savana,Thorne,Priscilla,Sega,Kameron
