Woodward,Howard,Eisele,Juliette,Woodward,Emmanuel
Morgan,Alycia,Walz,Rosa,Morgan,Kyle
Givens,Lance,Oswald,Abby,Givens,Dallin
Cockrell,Samantha,Cleave,Gabriele,Cockrell,Alfredo
Richards,Jacori,Fullerton,Iridiana,Richards,Tysen
Sullivan,Heavenly,Collins,Tabatha,Sullivan,Sahil
Lovell,George,Parazynski,Tessa,Lovell,Shawn
Ride,Sage,Anders,Megan,Ride,Henry
Fillmore,Jared,McMonagle,Sheila,Fillmore,Branden
Cockrell,Jodie,Williams,Joy,Cockrell,Oscar
Carey,Grayson,Morgan,Makayla,Carey,Jayson
Truly,Monika,Shriver,Sabrina,Truly,Jamari
Bassett,Terence,Schmitt,Eden,Bassett,Ronny
Fullerton,Cori,Sullivan,Daja,Fullerton,Collin
Meade,Rand,Lopez,Kaylea,Meade,San
Voss,Lindsey,Voss,Sheniqua,Voss,Roland
Williams,Geoffrey,Buchanan,Carla,Williams,Montel
Gernhardt,Brigid,Bull,Xian,Gernhardt,Hugh
Aldrin,Willis,Caldwell,Makaila,Aldrin,Jay
Woodward,Karla,Morgan,Alycia,Woodward,Howard
Mattingly,Hashim,Deardorff,Brigitte,Mattingly,Mateo
Woodward,Olivia,Morgan,Alycia,Woodward,Howard
Zamka,Forrest,Buchanan,Bobbie,Zamka,Trent
Woodward,Cody,Morgan,Alycia,Woodward,Howard
Schweickart,Hayes,Halsell,Cheryl,Schweickart,Forrest
Woodward,Brionna,Morgan,Alycia,Woodward,Howard
Buchanan,Johnathen,Worden,Keri,Buchanan,Van
Woodward,Jasmin,Morgan,Alycia,Woodward,Howard
Coats,Andy,Duke,Carrie,Coats,Arthur
Woodward,Tiffanie,Morgan,Alycia,Woodward,Howard
Melvin,Brennan,Morgan,Alysa,Melvin,Markell
Woodward,Annmarie,Morgan,Alycia,Woodward,Howard
Hammond,Marquis,Melroy,Sienna,Hammond,Rasheed
Woodward,Hadley,Morgan,Alycia,Woodward,Howard
Freeman,Tevin,Hoover,Amber,Freeman,Shemar
Woodward,Roslyn,Morgan,Alycia,Woodward,Howard
Wolf,Joshua,Cernan,Ansley,Wolf,Marielle
Givens,Halie,Cockrell,Samantha,Givens,Lance
Cameron,Trent,Coats,Deanne,Cameron,Michal
Givens,Lori,Cockrell,Samantha,Givens,Lance
Ewing,Ben,Cabana,Beverly,Ewing,Billy
Givens,Kallee,Cockrell,Samantha,Givens,Lance
Woodward,Bryan,Morgan,Alycia,Woodward,Howard
Givens,Melissa,Cockrell,Samantha,Givens,Lance
Woodward,Devonta,Morgan,Alycia,Woodward,Howard
Richards,Darby,Sullivan,Heavenly,Richards,Jacori
Woodward,Joel,Morgan,Alycia,Woodward,Howard
Richards,Leandra,Sullivan,Heavenly,Richards,Jacori
Woodward,Landon,Morgan,Alycia,Woodward,Howard
Richards,Rubi,Sullivan,Heavenly,Richards,Jacori
Woodward,Damian,Morgan,Alycia,Woodward,Howard
Lovell,Josey,Ride,Sage,Lovell,George
Woodward,Marcos,Morgan,Alycia,Woodward,Howard
Lovell,Jailene,Ride,Sage,Lovell,George
Givens,Kendrick,Cockrell,Samantha,Givens,Lance
Lovell,Constance,Ride,Sage,Lovell,George
Givens,Claudio,Cockrell,Samantha,Givens,Lance
Fillmore,Emilie,Cockrell,Jodie,Fillmore,Jared
Givens,Shayne,Cockrell,Samantha,Givens,Lance
Fillmore,Judith,Cockrell,Jodie,Fillmore,Jared
Givens,Jameson,Cockrell,Samantha,Givens,Lance
Fillmore,Emmily,Cockrell,Jodie,Fillmore,Jared
Givens,Daniel,Cockrell,Samantha,Givens,Lance
Fillmore,Rosa,Cockrell,Jodie,Fillmore,Jared
Richards,Allen,Sullivan,Heavenly,Richards,Jacori
Fillmore,Luisa,Cockrell,Jodie,Fillmore,Jared
Richards,Miguel,Sullivan,Heavenly,Richards,Jacori
Carey,Destini,Truly,Monika,Carey,Grayson
Richards,Bernardo,Sullivan,Heavenly,Richards,Jacori
Carey,Jaqueline,Truly,Monika,Carey,Grayson
Richards,Jimmy,Sullivan,Heavenly,Richards,Jacori
Carey,Kaydee,Truly,Monika,Carey,Grayson
Richards,Shareef,Sullivan,Heavenly,Richards,Jacori
Carey,Destiana,Truly,Monika,Carey,Grayson
Lovell,Nadav,Ride,Sage,Lovell,George
Carey,Whitney,Truly,Monika,Carey,Grayson
Lovell,Jordin,Ride,Sage,Lovell,George
Carey,Angelique,Truly,Monika,Carey,Grayson
Lovell,Gideon,Ride,Sage,Lovell,George
Carey,Maddison,Truly,Monika,Carey,Grayson
Fillmore,Brenton,Cockrell,Jodie,Fillmore,Jared
Carey,Kaytlin,Truly,Monika,Carey,Grayson
Fillmore,Montel,Cockrell,Jodie,Fillmore,Jared
Bassett,Caitriona,Fullerton,Cori,Bassett,Terence
Fillmore,Christian,Cockrell,Jodie,Fillmore,Jared
Bassett,Yoana,Fullerton,Cori,Bassett,Terence
Carey,Ralph,Truly,Monika,Carey,Grayson
Bassett,Harmony,Fullerton,Cori,Bassett,Terence
Carey,Brock,Truly,Monika,Carey,Grayson
Bassett,Noemi,Fullerton,Cori,Bassett,Terence
Carey,Alex,Truly,Monika,Carey,Grayson
Bassett,Johana,Fullerton,Cori,Bassett,Terence
Carey,Drake,Truly,Monika,Carey,Grayson
Bassett,Peyton,Fullerton,Cori,Bassett,Terence
Carey,Mathew,Truly,Monika,Carey,Grayson
Bassett,Joy,Fullerton,Cori,Bassett,Terence
Carey,Rex,Truly,Monika,Carey,Grayson
Bassett,Chaya,Fullerton,Cori,Bassett,Terence
Carey,Alvaro,Truly,Monika,Carey,Grayson
Bassett,Ashtin,Fullerton,Cori,Bassett,Terence
Carey,Carter,Truly,Monika,Carey,Grayson
Bassett,Eva,Fullerton,Cori,Bassett,Terence
Carey,Maliki,Truly,Monika,Carey,Grayson
Bassett,Rachelle,Fullerton,Cori,Bassett,Terence
Carey,Marcell,Truly,Monika,Carey,Grayson
Bassett,Dorothy,Fullerton,Cori,Bassett,Terence
Bassett,Cristobal,Fullerton,Cori,Bassett,Terence
Meade,Simone,Voss,Lindsey,Meade,Rand
Bassett,Reese,Fullerton,Cori,Bassett,Terence
Meade,Felicia,Voss,Lindsey,Meade,Rand
Bassett,Chance,Fullerton,Cori,Bassett,Terence
Meade,Reyanna,Voss,Lindsey,Meade,Rand
Bassett,Hugo,Fullerton,Cori,Bassett,Terence
Meade,Rani,Voss,Lindsey,Meade,Rand
Meade,Devon,Voss,Lindsey,Meade,Rand
Meade,Lena,Voss,Lindsey,Meade,Rand
Meade,Todd,Voss,Lindsey,Meade,Rand
Meade,Latosha,Voss,Lindsey,Meade,Rand
Meade,Esteban,Voss,Lindsey,Meade,Rand
Meade,Geneva,Voss,Lindsey,Meade,Rand
Meade,Guillermo,Voss,Lindsey,Meade,Rand
Meade,Anissa,Voss,Lindsey,Meade,Rand
Meade,Alvaro,Voss,Lindsey,Meade,Rand
Meade,Coral,Voss,Lindsey,Meade,Rand
Meade,Jade,Voss,Lindsey,Meade,Rand
Williams,Emerald,Gernhardt,Brigid,Williams,Geoffrey
Meade,Hiram,Voss,Lindsey,Meade,Rand
Williams,Tiani,Gernhardt,Brigid,Williams,Geoffrey
Meade,Myron,Voss,Lindsey,Meade,Rand
Williams,Charity,Gernhardt,Brigid,Williams,Geoffrey
Meade,Charlie,Voss,Lindsey,Meade,Rand
Williams,Shelly,Gernhardt,Brigid,Williams,Geoffrey
Williams,Raequan,Gernhardt,Brigid,Williams,Geoffrey
Williams,Kyle,Gernhardt,Brigid,Williams,Geoffrey
Williams,Karl,Gernhardt,Brigid,Williams,Geoffrey
Williams,Bayleigh,Gernhardt,Brigid,Williams,Geoffrey
Williams,Graham,Gernhardt,Brigid,Williams,Geoffrey
Williams,Cali,Gernhardt,Brigid,Williams,Geoffrey
Williams,Dandre,Gernhardt,Brigid,Williams,Geoffrey
Williams,Kali,Gernhardt,Brigid,Williams,Geoffrey
Williams,Montana,Gernhardt,Brigid,Williams,Geoffrey
Williams,Alana,Gernhardt,Brigid,Williams,Geoffrey
Williams,Jayson,Gernhardt,Brigid,Williams,Geoffrey
Aldrin,Teagan,Woodward,Karla,Aldrin,Willis
Aldrin,Dennis,Woodward,Karla,Aldrin,Willis
Mattingly,Tiana,Woodward,Olivia,Mattingly,Hashim
Aldrin,Harley,Woodward,Karla,Aldrin,Willis
Mattingly,Elaina,Woodward,Olivia,Mattingly,Hashim
Aldrin,Ignacio,Woodward,Karla,Aldrin,Willis
Mattingly,Shyla,Woodward,Olivia,Mattingly,Hashim
Mattingly,Niko,Woodward,Olivia,Mattingly,Hashim
Mattingly,Asia,Woodward,Olivia,Mattingly,Hashim
Mattingly,Wilson,Woodward,Olivia,Mattingly,Hashim
Mattingly,Suzette,Woodward,Olivia,Mattingly,Hashim
Mattingly,Brody,Woodward,Olivia,Mattingly,Hashim
Mattingly,Makala,Woodward,Olivia,Mattingly,Hashim
Mattingly,Sydney,Woodward,Olivia,Mattingly,Hashim
Mattingly,Graciela,Woodward,Olivia,Mattingly,Hashim
Mattingly,Jawaun,Woodward,Olivia,Mattingly,Hashim
Zamka,Suleyma,Woodward,Cody,Zamka,Forrest
Mattingly,Jairus,Woodward,Olivia,Mattingly,Hashim
Zamka,Carley,Woodward,Cody,Zamka,Forrest
Mattingly,Efrain,Woodward,Olivia,Mattingly,Hashim
Zamka,Jayme,Woodward,Cody,Zamka,Forrest
Mattingly,Karl,Woodward,Olivia,Mattingly,Hashim
Zamka,India,Woodward,Cody,Zamka,Forrest
Zamka,Oscar,Woodward,Cody,Zamka,Forrest
Zamka,Elana,Woodward,Cody,Zamka,Forrest
Zamka,Chaz,Woodward,Cody,Zamka,Forrest
Zamka,Stephanie,Woodward,Cody,Zamka,Forrest
Zamka,Ashton,Woodward,Cody,Zamka,Forrest
Zamka,Alani,Woodward,Cody,Zamka,Forrest
Zamka,Reese,Woodward,Cody,Zamka,Forrest
Zamka,Shayna,Woodward,Cody,Zamka,Forrest
Zamka,Jean,Woodward,Cody,Zamka,Forrest
Zamka,Sage,Woodward,Cody,Zamka,Forrest
Zamka,Reynaldo,Woodward,Cody,Zamka,Forrest
Zamka,Gloria,Woodward,Cody,Zamka,Forrest
Zamka,Dexter,Woodward,Cody,Zamka,Forrest
Schweickart,Brooklyn,Woodward,Brionna,Schweickart,Hayes
Zamka,Trevor,Woodward,Cody,Zamka,Forrest
Schweickart,Cambria,Woodward,Brionna,Schweickart,Hayes
Zamka,Wilson,Woodward,Cody,Zamka,Forrest
Schweickart,Hope,Woodward,Brionna,Schweickart,Hayes
Schweickart,Chad,Woodward,Brionna,Schweickart,Hayes
Schweickart,Measia,Woodward,Brionna,Schweickart,Hayes
Schweickart,Travon,Woodward,Brionna,Schweickart,Hayes
Schweickart,Tonya,Woodward,Brionna,Schweickart,Hayes
Schweickart,Billy,Woodward,Brionna,Schweickart,Hayes
Buchanan,Nathaly,Woodward,Jasmin,Buchanan,Johnathen
Schweickart,Alfonso,Woodward,Brionna,Schweickart,Hayes
Buchanan,Liz,Woodward,Jasmin,Buchanan,Johnathen
Schweickart,Jairus,Woodward,Brionna,Schweickart,Hayes
Buchanan,Austin,Woodward,Jasmin,Buchanan,Johnathen
Schweickart,Destin,Woodward,Brionna,Schweickart,Hayes
Buchanan,Adrianna,Woodward,Jasmin,Buchanan,Johnathen
Buchanan,Denzel,Woodward,Jasmin,Buchanan,Johnathen
Buchanan,Connie,Woodward,Jasmin,Buchanan,Johnathen
Buchanan,Troy,Woodward,Jasmin,Buchanan,Johnathen
Buchanan,Rosalinda,Woodward,Jasmin,Buchanan,Johnathen
Buchanan,James,Woodward,Jasmin,Buchanan,Johnathen
Buchanan,Callan,Woodward,Jasmin,Buchanan,Johnathen
Buchanan,River,Woodward,Jasmin,Buchanan,Johnathen
Buchanan,Khyla,Woodward,Jasmin,Buchanan,Johnathen
Buchanan,Tylor,Woodward,Jasmin,Buchanan,Johnathen
Buchanan,Carlie,Woodward,Jasmin,Buchanan,Johnathen
Buchanan,Santos,Woodward,Jasmin,Buchanan,Johnathen
Coats,Regina,Woodward,Tiffanie,Coats,Andy
Coats,Triston,Woodward,Tiffanie,Coats,Andy
Coats,Ashton,Woodward,Tiffanie,Coats,Andy
Coats,Oliver,Woodward,Tiffanie,Coats,Andy
Coats,Zoee,Woodward,Tiffanie,Coats,Andy
Coats,Keanu,Woodward,Tiffanie,Coats,Andy
Coats,Tayla,Woodward,Tiffanie,Coats,Andy
Coats,Thomas,Woodward,Tiffanie,Coats,Andy
Coats,Devonna,Woodward,Tiffanie,Coats,Andy
Coats,Jordan,Woodward,Tiffanie,Coats,Andy
Coats,Rachael,Woodward,Tiffanie,Coats,Andy
Coats,Max,Woodward,Tiffanie,Coats,Andy
Melvin,Jennah,Woodward,Annmarie,Melvin,Brennan
Coats,Russell,Woodward,Tiffanie,Coats,Andy
Melvin,Tori,Woodward,Annmarie,Melvin,Brennan
Coats,Nestor,Woodward,Tiffanie,Coats,Andy
Melvin,Jaymie,Woodward,Annmarie,Melvin,Brennan
Coats,Devaughn,Woodward,Tiffanie,Coats,Andy
Melvin,Payton,Woodward,Annmarie,Melvin,Brennan
Coats,Grant,Woodward,Tiffanie,Coats,Andy
Melvin,Noel,Woodward,Annmarie,Melvin,Brennan
Melvin,Habram,Woodward,Annmarie,Melvin,Brennan
Melvin,Sandy,Woodward,Annmarie,Melvin,Brennan
Melvin,Reese,Woodward,Annmarie,Melvin,Brennan
Melvin,Deborah,Woodward,Annmarie,Melvin,Brennan
Melvin,Xzavier,Woodward,Annmarie,Melvin,Brennan
Hammond,Karly,Woodward,Hadley,Hammond,Marquis
Melvin,Rey,Woodward,Annmarie,Melvin,Brennan
Hammond,Talia,Woodward,Hadley,Hammond,Marquis
Melvin,Jamie,Woodward,Annmarie,Melvin,Brennan
Hammond,Evelyn,Woodward,Hadley,Hammond,Marquis
Melvin,Keegan,Woodward,Annmarie,Melvin,Brennan
Hammond,Ansley,Woodward,Hadley,Hammond,Marquis
Hammond,Braxton,Woodward,Hadley,Hammond,Marquis
Hammond,Maricarmen,Woodward,Hadley,Hammond,Marquis
Hammond,Ricardo,Woodward,Hadley,Hammond,Marquis
Hammond,Ebone,Woodward,Hadley,Hammond,Marquis
Hammond,Antoine,Woodward,Hadley,Hammond,Marquis
Hammond,Nadine,Woodward,Hadley,Hammond,Marquis
Hammond,Fabian,Woodward,Hadley,Hammond,Marquis
Hammond,Ceaira,Woodward,Hadley,Hammond,Marquis
Hammond,Jamel,Woodward,Hadley,Hammond,Marquis
Hammond,Rocio,Woodward,Hadley,Hammond,Marquis
Hammond,Troy,Woodward,Hadley,Hammond,Marquis
Hammond,Maureen,Woodward,Hadley,Hammond,Marquis
Hammond,Justin,Woodward,Hadley,Hammond,Marquis
Hammond,Chana,Woodward,Hadley,Hammond,Marquis
Hammond,Danny,Woodward,Hadley,Hammond,Marquis
Freeman,Jada,Woodward,Roslyn,Freeman,Tevin
Hammond,Jamir,Woodward,Hadley,Hammond,Marquis
Freeman,Marlena,Woodward,Roslyn,Freeman,Tevin
Freeman,Ladarius,Woodward,Roslyn,Freeman,Tevin
Freeman,Kealani,Woodward,Roslyn,Freeman,Tevin
Freeman,Anfernee,Woodward,Roslyn,Freeman,Tevin
Freeman,Brittany,Woodward,Roslyn,Freeman,Tevin
Freeman,Antavius,Woodward,Roslyn,Freeman,Tevin
Freeman,Nicolette,Woodward,Roslyn,Freeman,Tevin
Freeman,Cedric,Woodward,Roslyn,Freeman,Tevin
Freeman,Raegan,Woodward,Roslyn,Freeman,Tevin
Freeman,Jaquan,Woodward,Roslyn,Freeman,Tevin
Freeman,Kenna,Woodward,Roslyn,Freeman,Tevin
Freeman,Aron,Woodward,Roslyn,Freeman,Tevin
Freeman,Kenya,Woodward,Roslyn,Freeman,Tevin
Freeman,Eberardo,Woodward,Roslyn,Freeman,Tevin
Wolf,Carlye,Givens,Halie,Wolf,Joshua
Freeman,Bradlee,Woodward,Roslyn,Freeman,Tevin
Wolf,Siearra,Givens,Halie,Wolf,Joshua
Freeman,Jeffery,Woodward,Roslyn,Freeman,Tevin
Wolf,Jena,Givens,Halie,Wolf,Joshua
Wolf,Jasen,Givens,Halie,Wolf,Joshua
Wolf,Maddison,Givens,Halie,Wolf,Joshua
Wolf,Alonzo,Givens,Halie,Wolf,Joshua
Wolf,Keila,Givens,Halie,Wolf,Joshua
Wolf,Spenser,Givens,Halie,Wolf,Joshua
Cameron,Rosalinda,Givens,Lori,Cameron,Trent
Wolf,Ronnie,Givens,Halie,Wolf,Joshua
Cameron,Maegan,Givens,Lori,Cameron,Trent
Wolf,Kareem,Givens,Halie,Wolf,Joshua
Cameron,Ladaysha,Givens,Lori,Cameron,Trent
Wolf,Cesar,Givens,Halie,Wolf,Joshua
Cameron,Casandra,Givens,Lori,Cameron,Trent
Wolf,Jacob,Givens,Halie,Wolf,Joshua
Cameron,Maura,Givens,Lori,Cameron,Trent
Cameron,Sutton,Givens,Lori,Cameron,Trent
Cameron,Larissa,Givens,Lori,Cameron,Trent
Cameron,Daquan,Givens,Lori,Cameron,Trent
Cameron,Kayli,Givens,Lori,Cameron,Trent
Cameron,Yuri,Givens,Lori,Cameron,Trent
Cameron,Makenzie,Givens,Lori,Cameron,Trent
Cameron,Tayler,Givens,Lori,Cameron,Trent
Ewing,Kelsey,Givens,Kallee,Ewing,Ben
Cameron,Anibal,Givens,Lori,Cameron,Trent
Ewing,Savannah,Givens,Kallee,Ewing,Ben
Cameron,Hunter,Givens,Lori,Cameron,Trent
Ewing,Tatianna,Givens,Kallee,Ewing,Ben
Cameron,Luke,Givens,Lori,Cameron,Trent
Woodward,Keira,Givens,Melissa,Woodward,Bryan
Cameron,Markell,Givens,Lori,Cameron,Trent
Woodward,Marina,Givens,Melissa,Woodward,Bryan
Cameron,Louis,Givens,Lori,Cameron,Trent
Woodward,Terri,Richards,Darby,Woodward,Devonta
Ewing,Drew,Givens,Kallee,Ewing,Ben
Woodward,Rachel,Richards,Leandra,Woodward,Joel
Ewing,Maurice,Givens,Kallee,Ewing,Ben
Woodward,Katia,Richards,Rubi,Woodward,Landon
Ewing,Bennett,Givens,Kallee,Ewing,Ben
Woodward,Jaida,Richards,Rubi,Woodward,Landon
Ewing,Jacoby,Givens,Kallee,Ewing,Ben
Woodward,Brigitte,Richards,Rubi,Woodward,Landon
Ewing,Liam,Givens,Kallee,Ewing,Ben
Woodward,Karissa,Richards,Rubi,Woodward,Landon
Woodward,Bret,Givens,Melissa,Woodward,Bryan
Woodward,Flor,Lovell,Josey,Woodward,Damian
Woodward,Payton,Richards,Darby,Woodward,Devonta
Woodward,Kelcee,Lovell,Josey,Woodward,Damian
Woodward,Dequan,Richards,Darby,Woodward,Devonta
Woodward,Cheyanna,Lovell,Josey,Woodward,Damian
Woodward,Hassan,Richards,Darby,Woodward,Devonta
Woodward,Nell,Lovell,Josey,Woodward,Damian
Woodward,Maxwell,Richards,Leandra,Woodward,Joel
Woodward,Odalys,Lovell,Josey,Woodward,Damian
Woodward,Steve,Richards,Leandra,Woodward,Joel
Woodward,Kaelyn,Lovell,Josey,Woodward,Damian
Woodward,Braeden,Richards,Leandra,Woodward,Joel
Woodward,Whitney,Lovell,Josey,Woodward,Damian
Woodward,Ernesto,Richards,Rubi,Woodward,Landon
Woodward,Mikhaila,Lovell,Jailene,Woodward,Marcos
Woodward,Warren,Richards,Rubi,Woodward,Landon
Woodward,Keana,Lovell,Jailene,Woodward,Marcos
Woodward,Raheem,Richards,Rubi,Woodward,Landon
Woodward,Morgan,Lovell,Jailene,Woodward,Marcos
Woodward,Conrad,Richards,Rubi,Woodward,Landon
Woodward,Susanna,Lovell,Jailene,Woodward,Marcos
Woodward,Steven,Richards,Rubi,Woodward,Landon
Woodward,Makenzi,Lovell,Jailene,Woodward,Marcos
Woodward,Jeb,Lovell,Josey,Woodward,Damian
Woodward,Shaina,Lovell,Jailene,Woodward,Marcos
Woodward,Santana,Lovell,Josey,Woodward,Damian
Woodward,Maritza,Lovell,Jailene,Woodward,Marcos
Woodward,Ibrahim,Lovell,Josey,Woodward,Damian
Woodward,Kelsey,Lovell,Jailene,Woodward,Marcos
Woodward,Jacky,Lovell,Josey,Woodward,Damian
Woodward,Moriah,Lovell,Jailene,Woodward,Marcos
Woodward,Branden,Lovell,Josey,Woodward,Damian
Woodward,Karen,Lovell,Jailene,Woodward,Marcos
Woodward,Spencer,Lovell,Josey,Woodward,Damian
Woodward,Lourdes,Lovell,Jailene,Woodward,Marcos
Woodward,Ronny,Lovell,Josey,Woodward,Damian
Woodward,Aleah,Lovell,Jailene,Woodward,Marcos
Woodward,Kyle,Lovell,Josey,Woodward,Damian
Woodward,Gladys,Lovell,Jailene,Woodward,Marcos
Woodward,Tre,Lovell,Josey,Woodward,Damian
Givens,Monika,Lovell,Constance,Givens,Kendrick
Woodward,Lorenzo,Lovell,Josey,Woodward,Damian
Givens,Francesca,Lovell,Constance,Givens,Kendrick
Woodward,Hayes,Lovell,Jailene,Woodward,Marcos
Givens,Aleasha,Lovell,Constance,Givens,Kendrick
Woodward,Vernon,Lovell,Jailene,Woodward,Marcos
Givens,Malika,Lovell,Constance,Givens,Kendrick
Woodward,Abraham,Lovell,Jailene,Woodward,Marcos
Givens,Alycia,Lovell,Constance,Givens,Kendrick
Woodward,Anders,Lovell,Jailene,Woodward,Marcos
Givens,Brittney,Lovell,Constance,Givens,Kendrick
Woodward,Shlomo,Lovell,Jailene,Woodward,Marcos
Givens,Sydney,Fillmore,Emilie,Givens,Claudio
Woodward,Jaylan,Lovell,Jailene,Woodward,Marcos
Givens,Jamee,Fillmore,Emilie,Givens,Claudio
Givens,Zaquan,Lovell,Constance,Givens,Kendrick
Givens,Shyann,Fillmore,Emilie,Givens,Claudio
Givens,Sunny,Lovell,Constance,Givens,Kendrick
Givens,Jaime,Fillmore,Emilie,Givens,Claudio
Givens,Reynaldo,Fillmore,Emilie,Givens,Claudio
Givens,Kelsey,Fillmore,Judith,Givens,Shayne
Givens,Deangelo,Fillmore,Emilie,Givens,Claudio
Givens,Meghan,Fillmore,Judith,Givens,Shayne
Givens,Christen,Fillmore,Emilie,Givens,Claudio
Givens,Nell,Fillmore,Judith,Givens,Shayne
Givens,Stefan,Fillmore,Emilie,Givens,Claudio
Givens,Greer,Fillmore,Emmily,Givens,Jameson
Givens,Luciano,Fillmore,Emilie,Givens,Claudio
Givens,Kristyn,Fillmore,Emmily,Givens,Jameson
Givens,Maxwell,Fillmore,Emilie,Givens,Claudio
Givens,Maricarmen,Fillmore,Emmily,Givens,Jameson
Givens,Alvin,Fillmore,Judith,Givens,Shayne
Givens,Randi,Fillmore,Emmily,Givens,Jameson
Givens,Ross,Fillmore,Judith,Givens,Shayne
Givens,Luna,Fillmore,Emmily,Givens,Jameson
Givens,Jaquan,Fillmore,Judith,Givens,Shayne
Givens,Jenae,Fillmore,Emmily,Givens,Jameson
Givens,Elias,Fillmore,Judith,Givens,Shayne
Givens,Tara,Fillmore,Emmily,Givens,Jameson
Givens,Jeremy,Fillmore,Judith,Givens,Shayne
Givens,Quinn,Fillmore,Emmily,Givens,Jameson
Givens,Andres,Fillmore,Judith,Givens,Shayne
Givens,Tamara,Fillmore,Emmily,Givens,Jameson
Givens,Benjamen,Fillmore,Emmily,Givens,Jameson
Givens,Breann,Fillmore,Emmily,Givens,Jameson
Givens,Joshua,Fillmore,Emmily,Givens,Jameson
Givens,Sade,Fillmore,Emmily,Givens,Jameson
Givens,Darrius,Fillmore,Emmily,Givens,Jameson
Givens,Alessandra,Fillmore,Rosa,Givens,Daniel
Givens,Daxton,Fillmore,Emmily,Givens,Jameson
Givens,Ashleigh,Fillmore,Rosa,Givens,Daniel
Givens,Trent,Fillmore,Emmily,Givens,Jameson
Givens,Harlie,Fillmore,Rosa,Givens,Daniel
Givens,Armani,Fillmore,Emmily,Givens,Jameson
Givens,Johanna,Fillmore,Rosa,Givens,Daniel
Givens,Justyn,Fillmore,Emmily,Givens,Jameson
Givens,Banesa,Fillmore,Rosa,Givens,Daniel
Givens,Darien,Fillmore,Emmily,Givens,Jameson
Givens,Angelica,Fillmore,Rosa,Givens,Daniel
Givens,Issac,Fillmore,Rosa,Givens,Daniel
Givens,Tiera,Fillmore,Rosa,Givens,Daniel
Givens,Lamont,Fillmore,Rosa,Givens,Daniel
Givens,Jori,Fillmore,Rosa,Givens,Daniel
Givens,Beau,Fillmore,Rosa,Givens,Daniel
Richards,Debora,Fillmore,Luisa,Richards,Allen
Givens,Langston,Fillmore,Rosa,Givens,Daniel
Richards,Stacy,Carey,Destini,Richards,Miguel
Givens,Grady,Fillmore,Rosa,Givens,Daniel
Richards,Tracy,Carey,Destini,Richards,Miguel
Givens,Ahmed,Fillmore,Rosa,Givens,Daniel
Richards,Madison,Carey,Destini,Richards,Miguel
Givens,Mathew,Fillmore,Rosa,Givens,Daniel
Richards,Marisol,Carey,Destini,Richards,Miguel
Givens,Phillip,Fillmore,Rosa,Givens,Daniel
Richards,Kyndra,Carey,Jaqueline,Richards,Bernardo
Givens,Esteban,Fillmore,Rosa,Givens,Daniel
Richards,Carissa,Carey,Destiana,Richards,Shareef
Givens,Jordan,Fillmore,Rosa,Givens,Daniel
Richards,Sara,Carey,Destiana,Richards,Shareef
Givens,Maliki,Fillmore,Rosa,Givens,Daniel
Richards,Sharon,Carey,Destiana,Richards,Shareef
Richards,Darren,Fillmore,Luisa,Richards,Allen
Richards,Danae,Carey,Destiana,Richards,Shareef
Richards,Edgardo,Fillmore,Luisa,Richards,Allen
Richards,Ixchel,Carey,Destiana,Richards,Shareef
Richards,Trentin,Fillmore,Luisa,Richards,Allen
Richards,Deanna,Carey,Destiana,Richards,Shareef
Richards,Cade,Fillmore,Luisa,Richards,Allen
Richards,Devon,Carey,Destiana,Richards,Shareef
Richards,Langston,Carey,Destini,Richards,Miguel
Richards,Esperanza,Carey,Destiana,Richards,Shareef
Richards,Agustin,Carey,Destini,Richards,Miguel
Lovell,Beatriz,Carey,Whitney,Lovell,Nadav
Richards,Carlos,Carey,Destini,Richards,Miguel
Lovell,Allison,Carey,Whitney,Lovell,Nadav
Richards,Jaron,Carey,Destini,Richards,Miguel
Lovell,Kiana,Carey,Whitney,Lovell,Nadav
Richards,Thaddeus,Carey,Destini,Richards,Miguel
Lovell,Iman,Carey,Whitney,Lovell,Nadav
Richards,Terry,Carey,Destini,Richards,Miguel
Lovell,Sandy,Carey,Whitney,Lovell,Nadav
Richards,Kahlil,Carey,Destini,Richards,Miguel
Lovell,Kaylie,Carey,Angelique,Lovell,Jordin
Richards,Shan,Carey,Destini,Richards,Miguel
Lovell,Marivel,Carey,Maddison,Lovell,Gideon
Richards,Nickalus,Carey,Destini,Richards,Miguel
Lovell,Shenelly,Carey,Maddison,Lovell,Gideon
Richards,Jace,Carey,Destini,Richards,Miguel
Lovell,Tasia,Carey,Maddison,Lovell,Gideon
Richards,Fabian,Carey,Jaqueline,Richards,Bernardo
Lovell,Brittney,Carey,Maddison,Lovell,Gideon
Richards,Denzell,Carey,Jaqueline,Richards,Bernardo
Lovell,Michel,Carey,Maddison,Lovell,Gideon
Richards,Deonta,Carey,Kaydee,Richards,Jimmy
Lovell,Melisa,Carey,Maddison,Lovell,Gideon
Richards,Owen,Carey,Kaydee,Richards,Jimmy
Fillmore,Deandrea,Carey,Kaytlin,Fillmore,Brenton
Richards,Denver,Carey,Kaydee,Richards,Jimmy
Fillmore,Louisa,Carey,Kaytlin,Fillmore,Brenton
Lovell,Jorge,Carey,Whitney,Lovell,Nadav
Fillmore,Harlie,Carey,Kaytlin,Fillmore,Brenton
Lovell,Nelson,Carey,Whitney,Lovell,Nadav
Fillmore,Nallely,Bassett,Caitriona,Fillmore,Montel
Lovell,Andy,Carey,Whitney,Lovell,Nadav
Fillmore,Jessenia,Bassett,Caitriona,Fillmore,Montel
Lovell,Miguel,Carey,Whitney,Lovell,Nadav
Fillmore,Moriah,Bassett,Caitriona,Fillmore,Montel
Lovell,Saul,Carey,Whitney,Lovell,Nadav
Fillmore,Rikki,Bassett,Caitriona,Fillmore,Montel
Lovell,Devan,Carey,Whitney,Lovell,Nadav
Fillmore,Xiomara,Bassett,Caitriona,Fillmore,Montel
Lovell,Randall,Carey,Whitney,Lovell,Nadav
Fillmore,Hana,Bassett,Caitriona,Fillmore,Montel
Lovell,Jason,Carey,Whitney,Lovell,Nadav
Fillmore,Adrienne,Bassett,Caitriona,Fillmore,Montel
Lovell,Dedrick,Carey,Whitney,Lovell,Nadav
Fillmore,Hannah,Bassett,Caitriona,Fillmore,Montel
Lovell,Raequan,Carey,Whitney,Lovell,Nadav
Fillmore,Aidan,Bassett,Yoana,Fillmore,Christian
Lovell,Chris,Carey,Whitney,Lovell,Nadav
Fillmore,Aishah,Bassett,Yoana,Fillmore,Christian
Lovell,Aiden,Carey,Whitney,Lovell,Nadav
Fillmore,Joelle,Bassett,Yoana,Fillmore,Christian
Lovell,Layne,Carey,Whitney,Lovell,Nadav
Fillmore,Tierney,Bassett,Yoana,Fillmore,Christian
Lovell,Omar,Carey,Angelique,Lovell,Jordin
Fillmore,Shannon,Bassett,Yoana,Fillmore,Christian
Lovell,Campbell,Carey,Angelique,Lovell,Jordin
Fillmore,Sadia,Bassett,Yoana,Fillmore,Christian
Lovell,Dominic,Carey,Angelique,Lovell,Jordin
Fillmore,Coral,Bassett,Yoana,Fillmore,Christian
Lovell,Jonathon,Carey,Maddison,Lovell,Gideon
Carey,Emiley,Bassett,Harmony,Carey,Ralph
Lovell,Van,Carey,Maddison,Lovell,Gideon
Carey,Caylee,Bassett,Harmony,Carey,Ralph
Lovell,Lashawn,Carey,Maddison,Lovell,Gideon
Carey,Judith,Bassett,Harmony,Carey,Ralph
Lovell,Bret,Carey,Maddison,Lovell,Gideon
Carey,Shaye,Bassett,Noemi,Carey,Brock
Lovell,Myles,Carey,Maddison,Lovell,Gideon
Carey,Kiara,Bassett,Noemi,Carey,Brock
Lovell,Dustin,Carey,Maddison,Lovell,Gideon
Carey,Haleigh,Bassett,Noemi,Carey,Brock
Lovell,Dontae,Carey,Maddison,Lovell,Gideon
Carey,Jazmin,Bassett,Johana,Carey,Alex
Lovell,Jamie,Carey,Maddison,Lovell,Gideon
Carey,Hayley,Bassett,Johana,Carey,Alex
Lovell,Keanu,Carey,Maddison,Lovell,Gideon
Carey,Anamaria,Bassett,Peyton,Carey,Drake
Lovell,Cristian,Carey,Maddison,Lovell,Gideon
Carey,Allana,Bassett,Peyton,Carey,Drake
Fillmore,Tristen,Carey,Kaytlin,Fillmore,Brenton
Carey,Lourdes,Bassett,Peyton,Carey,Drake
Fillmore,Zaquan,Carey,Kaytlin,Fillmore,Brenton
Carey,Chanel,Bassett,Peyton,Carey,Drake
Fillmore,Brogan,Carey,Kaytlin,Fillmore,Brenton
Carey,Bailee,Bassett,Peyton,Carey,Drake
Fillmore,Samson,Carey,Kaytlin,Fillmore,Brenton
Carey,Joyce,Bassett,Peyton,Carey,Drake
Fillmore,Jerryd,Carey,Kaytlin,Fillmore,Brenton
Carey,Loren,Bassett,Peyton,Carey,Drake
Fillmore,Colin,Carey,Kaytlin,Fillmore,Brenton
Carey,Unique,Bassett,Peyton,Carey,Drake
Fillmore,Rayquan,Bassett,Caitriona,Fillmore,Montel
Carey,Kaytlyn,Bassett,Peyton,Carey,Drake
Fillmore,Chadwick,Bassett,Caitriona,Fillmore,Montel
Carey,Jessenia,Bassett,Peyton,Carey,Drake
Fillmore,Frankie,Bassett,Caitriona,Fillmore,Montel
Carey,Noemi,Bassett,Joy,Carey,Mathew
Fillmore,Moshe,Bassett,Caitriona,Fillmore,Montel
Carey,Camila,Bassett,Joy,Carey,Mathew
Fillmore,Juan,Bassett,Caitriona,Fillmore,Montel
Carey,Susana,Bassett,Joy,Carey,Mathew
Fillmore,Javion,Bassett,Caitriona,Fillmore,Montel
Carey,Keirra,Bassett,Joy,Carey,Mathew
Fillmore,Giovanni,Bassett,Caitriona,Fillmore,Montel
Carey,Tasha,Bassett,Chaya,Carey,Rex
Fillmore,Benito,Bassett,Caitriona,Fillmore,Montel
Carey,Marion,Bassett,Chaya,Carey,Rex
Fillmore,Jade,Bassett,Caitriona,Fillmore,Montel
Carey,Sky,Bassett,Chaya,Carey,Rex
Fillmore,Mark,Bassett,Caitriona,Fillmore,Montel
Carey,Katrina,Bassett,Chaya,Carey,Rex
Fillmore,Darrell,Bassett,Caitriona,Fillmore,Montel
Carey,Shelly,Bassett,Chaya,Carey,Rex
Fillmore,Van,Bassett,Caitriona,Fillmore,Montel
Carey,Sarahi,Bassett,Chaya,Carey,Rex
Fillmore,Wilson,Bassett,Yoana,Fillmore,Christian
Carey,London,Bassett,Chaya,Carey,Rex
Fillmore,Nick,Bassett,Yoana,Fillmore,Christian
Carey,Rita,Bassett,Chaya,Carey,Rex
Fillmore,Kylan,Bassett,Yoana,Fillmore,Christian
Carey,Pamela,Bassett,Chaya,Carey,Rex
Fillmore,Nigel,Bassett,Yoana,Fillmore,Christian
Carey,Tamra,Bassett,Chaya,Carey,Rex
Fillmore,Dominic,Bassett,Yoana,Fillmore,Christian
Carey,Miah,Bassett,Chaya,Carey,Rex
Fillmore,Aaron,Bassett,Yoana,Fillmore,Christian
Carey,Dakota,Bassett,Ashtin,Carey,Alvaro
Fillmore,Niko,Bassett,Yoana,Fillmore,Christian
Carey,Roxanne,Bassett,Ashtin,Carey,Alvaro
Carey,Tyreek,Bassett,Harmony,Carey,Ralph
Carey,Kierra,Bassett,Ashtin,Carey,Alvaro
Carey,Santos,Bassett,Harmony,Carey,Ralph
Carey,Danika,Bassett,Ashtin,Carey,Alvaro
Carey,Tylar,Bassett,Harmony,Carey,Ralph
Carey,Dayana,Bassett,Ashtin,Carey,Alvaro
Carey,Tayler,Bassett,Harmony,Carey,Ralph
Carey,Vianey,Bassett,Ashtin,Carey,Alvaro
Carey,Jevin,Bassett,Harmony,Carey,Ralph
Carey,Tessa,Bassett,Eva,Carey,Carter
Carey,Malcolm,Bassett,Harmony,Carey,Ralph
Carey,Dallas,Bassett,Eva,Carey,Carter
Carey,Nathan,Bassett,Harmony,Carey,Ralph
Carey,Paloma,Bassett,Eva,Carey,Carter
Carey,Shane,Bassett,Harmony,Carey,Ralph
Carey,Lynda,Bassett,Eva,Carey,Carter
Carey,German,Bassett,Harmony,Carey,Ralph
Carey,Khyla,Bassett,Eva,Carey,Carter
Carey,Wylie,Bassett,Noemi,Carey,Brock
Carey,Sheila,Bassett,Eva,Carey,Carter
Carey,Dimitri,Bassett,Noemi,Carey,Brock
Carey,Cecelia,Bassett,Eva,Carey,Carter
Carey,Maxwell,Bassett,Johana,Carey,Alex
Carey,Breanne,Bassett,Rachelle,Carey,Maliki
Carey,Lance,Bassett,Johana,Carey,Alex
Carey,Iridian,Bassett,Rachelle,Carey,Maliki
Carey,Micah,Bassett,Johana,Carey,Alex
Carey,Meghan,Bassett,Rachelle,Carey,Maliki
Carey,Keith,Bassett,Johana,Carey,Alex
Carey,Bonnie,Bassett,Rachelle,Carey,Maliki
Carey,Damian,Bassett,Johana,Carey,Alex
Carey,Chantelle,Bassett,Rachelle,Carey,Maliki
Carey,Dominick,Bassett,Peyton,Carey,Drake
Carey,Valerie,Bassett,Rachelle,Carey,Maliki
Carey,Thomas,Bassett,Peyton,Carey,Drake
Carey,Hattie,Bassett,Dorothy,Carey,Marcell
Carey,Soren,Bassett,Peyton,Carey,Drake
Carey,Silvia,Bassett,Dorothy,Carey,Marcell
Carey,Jesse,Bassett,Peyton,Carey,Drake
Carey,Sasha,Bassett,Dorothy,Carey,Marcell
Carey,Rory,Bassett,Peyton,Carey,Drake
Bassett,Monika,Meade,Simone,Bassett,Cristobal
Carey,Jarred,Bassett,Peyton,Carey,Drake
Bassett,Irma,Meade,Simone,Bassett,Cristobal
Carey,Kurt,Bassett,Peyton,Carey,Drake
Bassett,Calli,Meade,Simone,Bassett,Cristobal
Carey,Miguel,Bassett,Peyton,Carey,Drake
Bassett,Lauryn,Meade,Simone,Bassett,Cristobal
Carey,Jimmy,Bassett,Peyton,Carey,Drake
Bassett,Keira,Meade,Simone,Bassett,Cristobal
Carey,Raequan,Bassett,Joy,Carey,Mathew
Bassett,Isabella,Meade,Simone,Bassett,Cristobal
Carey,Josejuan,Bassett,Joy,Carey,Mathew
Bassett,Aliyah,Meade,Simone,Bassett,Cristobal
Carey,Sean,Bassett,Chaya,Carey,Rex
Bassett,Camilla,Meade,Simone,Bassett,Cristobal
Carey,Destin,Bassett,Chaya,Carey,Rex
Bassett,Yesenia,Meade,Simone,Bassett,Cristobal
Carey,Nick,Bassett,Chaya,Carey,Rex
Bassett,Adriane,Meade,Simone,Bassett,Cristobal
Carey,Leland,Bassett,Chaya,Carey,Rex
Bassett,Britni,Meade,Simone,Bassett,Cristobal
Carey,Clint,Bassett,Chaya,Carey,Rex
Bassett,Lynda,Meade,Simone,Bassett,Cristobal
Carey,Jaylon,Bassett,Ashtin,Carey,Alvaro
Bassett,Lizbeth,Meade,Simone,Bassett,Cristobal
Carey,Jackson,Bassett,Ashtin,Carey,Alvaro
Bassett,Aesha,Meade,Simone,Bassett,Cristobal
Carey,Josiah,Bassett,Ashtin,Carey,Alvaro
Bassett,Coral,Meade,Felicia,Bassett,Reese
Carey,Reynaldo,Bassett,Ashtin,Carey,Alvaro
Bassett,Moesha,Meade,Felicia,Bassett,Reese
Carey,Jonah,Bassett,Ashtin,Carey,Alvaro
Bassett,Lila,Meade,Felicia,Bassett,Reese
Carey,Austen,Bassett,Ashtin,Carey,Alvaro
Bassett,Toni,Meade,Felicia,Bassett,Reese
Carey,Braydon,Bassett,Ashtin,Carey,Alvaro
Bassett,Gwendolyn,Meade,Felicia,Bassett,Reese
Carey,Jace,Bassett,Ashtin,Carey,Alvaro
Bassett,Katerina,Meade,Felicia,Bassett,Reese
Carey,Keion,Bassett,Eva,Carey,Carter
Bassett,Regan,Meade,Felicia,Bassett,Reese
Carey,Liam,Bassett,Eva,Carey,Carter
Bassett,Jasmine,Meade,Reyanna,Bassett,Chance
Carey,Julian,Bassett,Eva,Carey,Carter
Bassett,Alexandria,Meade,Reyanna,Bassett,Chance
Carey,Jeff,Bassett,Eva,Carey,Carter
Bassett,Rebeca,Meade,Reyanna,Bassett,Chance
Carey,Joan,Bassett,Eva,Carey,Carter
Bassett,Jenna,Meade,Reyanna,Bassett,Chance
Carey,Moses,Bassett,Eva,Carey,Carter
Bassett,Jori,Meade,Reyanna,Bassett,Chance
Carey,Richard,Bassett,Rachelle,Carey,Maliki
Bassett,Kirstin,Meade,Reyanna,Bassett,Chance
Carey,Quanterriu,Bassett,Rachelle,Carey,Maliki
Bassett,Carmelita,Meade,Reyanna,Bassett,Chance
Carey,Edwin,Bassett,Rachelle,Carey,Maliki
Bassett,Hunter,Meade,Reyanna,Bassett,Chance
Carey,Gannon,Bassett,Rachelle,Carey,Maliki
Bassett,Suzanna,Meade,Reyanna,Bassett,Chance
Carey,Elvin,Bassett,Rachelle,Carey,Maliki
Bassett,Delanie,Meade,Rani,Bassett,Hugo
Carey,Terrance,Bassett,Rachelle,Carey,Maliki
Bassett,Liliana,Meade,Rani,Bassett,Hugo
Carey,Myles,Bassett,Dorothy,Carey,Marcell
Bassett,Lilian,Meade,Rani,Bassett,Hugo
Carey,Andreas,Bassett,Dorothy,Carey,Marcell
Bassett,Nichole,Meade,Rani,Bassett,Hugo
Carey,Dyllon,Bassett,Dorothy,Carey,Marcell
Bassett,Aimee,Meade,Rani,Bassett,Hugo
Carey,Tysen,Bassett,Dorothy,Carey,Marcell
Bassett,Hattie,Meade,Rani,Bassett,Hugo
Bassett,Abdiel,Meade,Simone,Bassett,Cristobal
Bassett,Madelyn,Meade,Rani,Bassett,Hugo
Bassett,Anthony,Meade,Simone,Bassett,Cristobal
Meade,Kasey,Williams,Emerald,Meade,Devon
Bassett,Rene,Meade,Simone,Bassett,Cristobal
Meade,Amna,Williams,Emerald,Meade,Devon
Bassett,Deanthony,Meade,Simone,Bassett,Cristobal
Meade,Briana,Williams,Emerald,Meade,Devon
Bassett,Jaquan,Meade,Simone,Bassett,Cristobal
Meade,Breana,Williams,Emerald,Meade,Devon
Bassett,Daylon,Meade,Simone,Bassett,Cristobal
Meade,Yessenia,Williams,Emerald,Meade,Devon
Bassett,Kirk,Meade,Felicia,Bassett,Reese
Meade,Alexandria,Williams,Emerald,Meade,Devon
Bassett,Donald,Meade,Felicia,Bassett,Reese
Meade,Katia,Williams,Emerald,Meade,Devon
Bassett,Alfred,Meade,Reyanna,Bassett,Chance
Meade,Tory,Williams,Tiani,Meade,Todd
Bassett,Jamison,Meade,Reyanna,Bassett,Chance
Meade,Calandra,Williams,Tiani,Meade,Todd
Bassett,Efrain,Meade,Reyanna,Bassett,Chance
Meade,Passion,Williams,Charity,Meade,Esteban
Bassett,Frank,Meade,Reyanna,Bassett,Chance
Meade,Sommer,Williams,Charity,Meade,Esteban
Bassett,Derrick,Meade,Reyanna,Bassett,Chance
Meade,Desaree,Williams,Charity,Meade,Esteban
Bassett,James,Meade,Reyanna,Bassett,Chance
Meade,Elizabet,Williams,Charity,Meade,Esteban
Bassett,Alberto,Meade,Reyanna,Bassett,Chance
Meade,Darrian,Williams,Charity,Meade,Esteban
Bassett,Christen,Meade,Rani,Bassett,Hugo
Meade,Kiersten,Williams,Charity,Meade,Esteban
Bassett,Joseph,Meade,Rani,Bassett,Hugo
Meade,Adrienne,Williams,Charity,Meade,Esteban
Bassett,Samson,Meade,Rani,Bassett,Hugo
Meade,Kaytlyn,Williams,Charity,Meade,Esteban
Bassett,Denzell,Meade,Rani,Bassett,Hugo
Meade,Dylan,Williams,Charity,Meade,Esteban
Bassett,Armani,Meade,Rani,Bassett,Hugo
Meade,Symphony,Williams,Shelly,Meade,Guillermo
Bassett,Emanuel,Meade,Rani,Bassett,Hugo
Meade,Devany,Williams,Shelly,Meade,Guillermo
Bassett,Xavier,Meade,Rani,Bassett,Hugo
Meade,Cheyanne,Williams,Kyle,Meade,Alvaro
Bassett,Wanya,Meade,Rani,Bassett,Hugo
Meade,Mindy,Williams,Kyle,Meade,Alvaro
Bassett,Dorian,Meade,Rani,Bassett,Hugo
Meade,Anitra,Williams,Kyle,Meade,Alvaro
Meade,Chaim,Williams,Emerald,Meade,Devon
Meade,Leanna,Williams,Kyle,Meade,Alvaro
Meade,Vicente,Williams,Emerald,Meade,Devon
Meade,Casandra,Williams,Kyle,Meade,Alvaro
Meade,Mason,Williams,Emerald,Meade,Devon
Meade,Cheyann,Williams,Bayleigh,Meade,Jade
Meade,John,Williams,Emerald,Meade,Devon
Meade,Naomi,Williams,Bayleigh,Meade,Jade
Meade,Moshe,Williams,Emerald,Meade,Devon
Meade,Lizette,Williams,Bayleigh,Meade,Jade
Meade,Quentin,Williams,Emerald,Meade,Devon
Meade,Rebecca,Williams,Bayleigh,Meade,Jade
Meade,Jaylan,Williams,Emerald,Meade,Devon
Meade,Mona,Williams,Bayleigh,Meade,Jade
Meade,Roberto,Williams,Emerald,Meade,Devon
Meade,Zulema,Williams,Cali,Meade,Hiram
Meade,Jai,Williams,Tiani,Meade,Todd
Meade,Hattie,Williams,Kali,Meade,Myron
Meade,Payton,Williams,Tiani,Meade,Todd
Meade,Dasia,Williams,Kali,Meade,Myron
Meade,Stanley,Williams,Tiani,Meade,Todd
Meade,Idaly,Williams,Alana,Meade,Charlie
Meade,Terry,Williams,Tiani,Meade,Todd
Meade,Janay,Williams,Alana,Meade,Charlie
Meade,Houston,Williams,Charity,Meade,Esteban
Meade,Kaylyn,Williams,Alana,Meade,Charlie
Meade,Mohamed,Williams,Charity,Meade,Esteban
Meade,Krupa,Williams,Alana,Meade,Charlie
Meade,Javier,Williams,Charity,Meade,Esteban
Meade,Alina,Williams,Alana,Meade,Charlie
Meade,Jasper,Williams,Charity,Meade,Esteban
Meade,Cherokee,Williams,Alana,Meade,Charlie
Meade,Campbell,Williams,Charity,Meade,Esteban
Meade,Tabatha,Williams,Alana,Meade,Charlie
Meade,Forest,Williams,Charity,Meade,Esteban
Meade,Kaya,Williams,Alana,Meade,Charlie
Meade,Shareef,Williams,Charity,Meade,Esteban
Williams,Shayna,Meade,Lena,Williams,Raequan
Meade,Elijah,Williams,Charity,Meade,Esteban
Williams,Joceline,Meade,Lena,Williams,Raequan
Meade,Jacques,Williams,Charity,Meade,Esteban
Williams,Caitlan,Meade,Lena,Williams,Raequan
Meade,Nikolas,Williams,Charity,Meade,Esteban
Williams,Grace,Meade,Lena,Williams,Raequan
Meade,Habram,Williams,Charity,Meade,Esteban
Williams,Jewel,Meade,Lena,Williams,Raequan
Meade,Eric,Williams,Shelly,Meade,Guillermo
Williams,Mikala,Meade,Lena,Williams,Raequan
Meade,Logan,Williams,Shelly,Meade,Guillermo
Williams,Sienna,Meade,Lena,Williams,Raequan
Meade,Kerrick,Williams,Kyle,Meade,Alvaro
Williams,Giovanna,Meade,Lena,Williams,Raequan
Meade,Quanterriu,Williams,Kyle,Meade,Alvaro
Williams,Ivana,Meade,Lena,Williams,Raequan
Meade,Migel,Williams,Kyle,Meade,Alvaro
Williams,Jodie,Meade,Lena,Williams,Raequan
Meade,Darnell,Williams,Kyle,Meade,Alvaro
Williams,Jayme,Meade,Lena,Williams,Raequan
Meade,Demarco,Williams,Kyle,Meade,Alvaro
Williams,Teagan,Meade,Latosha,Williams,Karl
Meade,Moses,Williams,Kyle,Meade,Alvaro
Williams,Stephanie,Meade,Latosha,Williams,Karl
Meade,Jarred,Williams,Kyle,Meade,Alvaro
Williams,Alysha,Meade,Geneva,Williams,Graham
Meade,Austyn,Williams,Kyle,Meade,Alvaro
Williams,Jacklyn,Meade,Geneva,Williams,Graham
Meade,Tarik,Williams,Bayleigh,Meade,Jade
Williams,Aleah,Meade,Geneva,Williams,Graham
Meade,Dexter,Williams,Bayleigh,Meade,Jade
Williams,Patsy,Meade,Geneva,Williams,Graham
Meade,Aspen,Williams,Bayleigh,Meade,Jade
Williams,Donisha,Meade,Geneva,Williams,Graham
Meade,Maxwell,Williams,Bayleigh,Meade,Jade
Williams,Sydney,Meade,Geneva,Williams,Graham
Meade,Darrion,Williams,Bayleigh,Meade,Jade
Williams,Linnea,Meade,Geneva,Williams,Graham
Meade,Dennis,Williams,Bayleigh,Meade,Jade
Williams,Rubi,Meade,Geneva,Williams,Graham
Meade,Saul,Williams,Bayleigh,Meade,Jade
Williams,Priscilla,Meade,Anissa,Williams,Dandre
Meade,Keenan,Williams,Bayleigh,Meade,Jade
Williams,Jesica,Meade,Anissa,Williams,Dandre
Meade,Arian,Williams,Bayleigh,Meade,Jade
Williams,Katelin,Meade,Anissa,Williams,Dandre
Meade,Levi,Williams,Bayleigh,Meade,Jade
Williams,Tamara,Meade,Anissa,Williams,Dandre
Meade,Andreas,Williams,Bayleigh,Meade,Jade
Williams,Kiera,Meade,Anissa,Williams,Dandre
Meade,German,Williams,Cali,Meade,Hiram
Williams,Selena,Meade,Coral,Williams,Montana
Meade,Daryl,Williams,Cali,Meade,Hiram
Williams,Rochelle,Meade,Coral,Williams,Montana
Meade,Hayden,Williams,Kali,Meade,Myron
Williams,Meredith,Meade,Coral,Williams,Montana
Meade,Allan,Williams,Kali,Meade,Myron
Williams,Sarah,Aldrin,Teagan,Williams,Jayson
Meade,Nicholas,Williams,Kali,Meade,Myron
Williams,Elisa,Aldrin,Teagan,Williams,Jayson
Meade,Israel,Williams,Kali,Meade,Myron
Williams,Margo,Aldrin,Teagan,Williams,Jayson
Meade,Mariano,Williams,Kali,Meade,Myron
Williams,Ruby,Aldrin,Teagan,Williams,Jayson
Meade,Kaleb,Williams,Alana,Meade,Charlie
Williams,Dandrea,Aldrin,Teagan,Williams,Jayson
Meade,Rey,Williams,Alana,Meade,Charlie
Williams,Joanne,Aldrin,Teagan,Williams,Jayson
Meade,Jerry,Williams,Alana,Meade,Charlie
Williams,Mikaela,Aldrin,Teagan,Williams,Jayson
Meade,Guadalupe,Williams,Alana,Meade,Charlie
Williams,Nicole,Aldrin,Teagan,Williams,Jayson
Meade,Leonel,Williams,Alana,Meade,Charlie
Aldrin,Carla,Wolf,Carlye,Aldrin,Dennis
Meade,Leonard,Williams,Alana,Meade,Charlie
Aldrin,Brooke,Wolf,Carlye,Aldrin,Dennis
Williams,Dana,Meade,Lena,Williams,Raequan
Aldrin,Tatiana,Wolf,Carlye,Aldrin,Dennis
Williams,Julio,Meade,Lena,Williams,Raequan
Aldrin,Danae,Wolf,Carlye,Aldrin,Dennis
Williams,Devyn,Meade,Lena,Williams,Raequan
Aldrin,Mercedes,Wolf,Carlye,Aldrin,Dennis
Williams,Miguel,Meade,Lena,Williams,Raequan
Aldrin,Jaclyn,Wolf,Carlye,Aldrin,Dennis
Williams,Mark,Meade,Latosha,Williams,Karl
Aldrin,Theresa,Wolf,Carlye,Aldrin,Dennis
Williams,Harley,Meade,Latosha,Williams,Karl
Aldrin,Giselle,Wolf,Siearra,Aldrin,Harley
Williams,Ladarius,Meade,Latosha,Williams,Karl
Aldrin,Claudia,Wolf,Siearra,Aldrin,Harley
Williams,Kareem,Meade,Geneva,Williams,Graham
Aldrin,Kathleen,Wolf,Siearra,Aldrin,Harley
Williams,Ian,Meade,Geneva,Williams,Graham
Aldrin,Sydney,Wolf,Siearra,Aldrin,Harley
Williams,Parker,Meade,Geneva,Williams,Graham
Aldrin,Kaitlynn,Wolf,Siearra,Aldrin,Harley
Williams,Efren,Meade,Geneva,Williams,Graham
Aldrin,Keosha,Wolf,Siearra,Aldrin,Harley
Williams,Isiah,Meade,Geneva,Williams,Graham
Aldrin,Maegan,Wolf,Siearra,Aldrin,Harley
Williams,Izaiah,Meade,Geneva,Williams,Graham
Aldrin,Annabel,Wolf,Siearra,Aldrin,Harley
Williams,Jonathon,Meade,Geneva,Williams,Graham
Aldrin,Kinsey,Wolf,Siearra,Aldrin,Harley
Williams,Duncan,Meade,Geneva,Williams,Graham
Aldrin,Madalyn,Wolf,Siearra,Aldrin,Harley
Williams,Tommy,Meade,Geneva,Williams,Graham
Aldrin,Kandice,Wolf,Siearra,Aldrin,Harley
Williams,Erin,Meade,Geneva,Williams,Graham
Aldrin,Xena,Wolf,Siearra,Aldrin,Harley
Williams,Tallon,Meade,Geneva,Williams,Graham
Aldrin,Salena,Wolf,Siearra,Aldrin,Harley
Williams,Rey,Meade,Anissa,Williams,Dandre
Aldrin,Michelle,Wolf,Siearra,Aldrin,Harley
Williams,Zackery,Meade,Anissa,Williams,Dandre
Aldrin,Kenyatta,Wolf,Jena,Aldrin,Ignacio
Williams,Houston,Meade,Anissa,Williams,Dandre
Aldrin,Sarafina,Wolf,Jena,Aldrin,Ignacio
Williams,Jay,Meade,Anissa,Williams,Dandre
Aldrin,Tanya,Wolf,Jena,Aldrin,Ignacio
Williams,Devonte,Meade,Anissa,Williams,Dandre
Aldrin,Diana,Wolf,Jena,Aldrin,Ignacio
Williams,Torey,Meade,Anissa,Williams,Dandre
Aldrin,Merideth,Wolf,Jena,Aldrin,Ignacio
Williams,Kenneth,Meade,Anissa,Williams,Dandre
Aldrin,Roxanne,Wolf,Jena,Aldrin,Ignacio
Williams,Weston,Meade,Anissa,Williams,Dandre
Aldrin,Alexandra,Wolf,Jena,Aldrin,Ignacio
Williams,Sean,Meade,Anissa,Williams,Dandre
Aldrin,Mariah,Wolf,Jena,Aldrin,Ignacio
Williams,Kevon,Meade,Coral,Williams,Montana
Aldrin,Clara,Wolf,Jena,Aldrin,Ignacio
Williams,Dakota,Meade,Coral,Williams,Montana
Aldrin,Addison,Wolf,Jena,Aldrin,Ignacio
Williams,Adalberto,Meade,Coral,Williams,Montana
Aldrin,Liana,Wolf,Jena,Aldrin,Ignacio
Williams,Preston,Aldrin,Teagan,Williams,Jayson
Aldrin,Jocelyn,Wolf,Jena,Aldrin,Ignacio
Williams,Camron,Aldrin,Teagan,Williams,Jayson
Aldrin,Kalee,Wolf,Jena,Aldrin,Ignacio
Williams,Giovanni,Aldrin,Teagan,Williams,Jayson
Aldrin,Keely,Wolf,Jena,Aldrin,Ignacio
Williams,Ismael,Aldrin,Teagan,Williams,Jayson
Aldrin,Lydia,Wolf,Jena,Aldrin,Ignacio
Aldrin,Jackson,Wolf,Carlye,Aldrin,Dennis
Aldrin,Shyann,Wolf,Jena,Aldrin,Ignacio
Aldrin,Noah,Wolf,Carlye,Aldrin,Dennis
Mattingly,Precious,Wolf,Maddison,Mattingly,Niko
Aldrin,Beau,Wolf,Carlye,Aldrin,Dennis
Mattingly,Angelika,Wolf,Maddison,Mattingly,Niko
Aldrin,Levi,Wolf,Carlye,Aldrin,Dennis
Mattingly,Anneliese,Wolf,Maddison,Mattingly,Niko
Aldrin,Braden,Wolf,Carlye,Aldrin,Dennis
Mattingly,Misty,Wolf,Maddison,Mattingly,Niko
Aldrin,Markell,Wolf,Carlye,Aldrin,Dennis
Mattingly,Abbigail,Wolf,Maddison,Mattingly,Niko
Aldrin,Kristian,Wolf,Carlye,Aldrin,Dennis
Mattingly,Maryanne,Wolf,Maddison,Mattingly,Niko
Aldrin,Alec,Wolf,Siearra,Aldrin,Harley
Mattingly,Jamie,Wolf,Maddison,Mattingly,Niko
Aldrin,Yuri,Wolf,Siearra,Aldrin,Harley
Mattingly,Marcela,Wolf,Maddison,Mattingly,Niko
