McBride,Blake,Collins,Torrie,McBride,Jacques
Frick,Idaly,Lucid,Aidan,Frick,Mateo
Harris,Jevin,Resnik,Noah,Harris,Ruben
Leestma,Kayleigh,Roosevelt,Lesly,Leestma,Antonio
Polk,Issac,Arthur,Alma,Polk,Lucas
Linnehan,Molly,Melnick,Janell,Linnehan,Ali
Arthur,Colt,Michel,Amy,Arthur,Dallas
Eisele,Shanyce,Morgan,Michal,Eisele,Efren
Patrick,Kendall,Grissom,Asha,Patrick,Dreshaun
Poindexter,Johana,Harding,Siera,Poindexter,Nicolas
Bolden,Maurice,Piper,Edith,Bolden,Willis
Cox,Yasmeen,Carter,Anahi,Cox,Cristian
Foale,Kylan,Bridges,Kierra,Foale,Jevon
Casper,Beverly,Eisele,Tessa,Casper,Zane
Grant,Trevor,Cutter,Mindy,Grant,Noe
Monroe,Jennifer,Jackson,Sunny,Monroe,Jonathan
Schwartz,Anders,Hartsfield,Abagail,Schwartz,Jordon
Bassett,Yvette,McArthur,Kerri,Bassett,Myron
Cernan,Javon,Ferguson,Johnna,Cernan,Ahmad
Harrison,Kayleen,Caldeiro,Dandrea,Harrison,Deshawn
Evans,Kieran,Melnick,Ciara,Evans,Migel
Weitz,Angela,Tyler,Rebecca,Weitz,Demonte
Cabana,Dale,Higginbotham,Cara,Cabana,Ever
McCulley,Suzanne,Fullerton,Kristi,McCulley,Nolan
Cameron,Carlos,Brown,Cayla,Cameron,Garrick
Michel,Chastity,Gorie,Bryn,Michel,Deshaun
Jemison,Nathan,Richards,Gretchen,Jemison,Jordin
Grissom,Terri,Higginbotham,Rebecca,Grissom,Orlando
McBride,Jeffrey,Frick,Idaly,McBride,Blake
Ford,Jamie,Lounge,Desteny,Ford,George
McBride,Esau,Frick,Idaly,McBride,Blake
Thorne,Kasandra,Leestma,Deondra,Thorne,Vinh
McBride,Warren,Frick,Idaly,McBride,Blake
McBride,Audrey,Frick,Idaly,McBride,Blake
McBride,Austen,Frick,Idaly,McBride,Blake
McBride,Sidney,Frick,Idaly,McBride,Blake
McBride,Jessee,Frick,Idaly,McBride,Blake
McBride,Maison,Frick,Idaly,McBride,Blake
McBride,Bjorn,Frick,Idaly,McBride,Blake
McBride,Kailee,Frick,Idaly,McBride,Blake
McBride,Vinh,Frick,Idaly,McBride,Blake
McBride,Macey,Frick,Idaly,McBride,Blake
McBride,Ryan,Frick,Idaly,McBride,Blake
McBride,Lenora,Frick,Idaly,McBride,Blake
McBride,Jasper,Frick,Idaly,McBride,Blake
Harris,Elana,Leestma,Kayleigh,Harris,Jevin
McBride,Jalil,Frick,Idaly,McBride,Blake
Harris,Joan,Leestma,Kayleigh,Harris,Jevin
Harris,Victor,Leestma,Kayleigh,Harris,Jevin
Harris,Elise,Leestma,Kayleigh,Harris,Jevin
Harris,Sebastien,Leestma,Kayleigh,Harris,Jevin
Harris,Cassandra,Leestma,Kayleigh,Harris,Jevin
Harris,Casey,Leestma,Kayleigh,Harris,Jevin
Harris,Lexus,Leestma,Kayleigh,Harris,Jevin
Polk,Zev,Linnehan,Molly,Polk,Issac
Harris,Leticia,Leestma,Kayleigh,Harris,Jevin
Polk,Tyran,Linnehan,Molly,Polk,Issac
Harris,Adrian,Leestma,Kayleigh,Harris,Jevin
Polk,Patrick,Linnehan,Molly,Polk,Issac
Harris,Micayla,Leestma,Kayleigh,Harris,Jevin
Polk,Paul,Linnehan,Molly,Polk,Issac
Harris,Camisha,Leestma,Kayleigh,Harris,Jevin
Polk,Orion,Linnehan,Molly,Polk,Issac
Polk,Gabriella,Linnehan,Molly,Polk,Issac
Polk,Ali,Linnehan,Molly,Polk,Issac
Polk,Christa,Linnehan,Molly,Polk,Issac
Polk,Brooks,Linnehan,Molly,Polk,Issac
Polk,Skyler,Linnehan,Molly,Polk,Issac
Arthur,Alonzo,Eisele,Shanyce,Arthur,Colt
Polk,Keosha,Linnehan,Molly,Polk,Issac
Arthur,Bernard,Eisele,Shanyce,Arthur,Colt
Polk,Dianne,Linnehan,Molly,Polk,Issac
Arthur,Jamal,Eisele,Shanyce,Arthur,Colt
Arthur,Judith,Eisele,Shanyce,Arthur,Colt
Arthur,Kaleb,Eisele,Shanyce,Arthur,Colt
Arthur,Tristan,Eisele,Shanyce,Arthur,Colt
Arthur,Allen,Eisele,Shanyce,Arthur,Colt
Arthur,Onesha,Eisele,Shanyce,Arthur,Colt
Arthur,Arthur,Eisele,Shanyce,Arthur,Colt
Arthur,Amy,Eisele,Shanyce,Arthur,Colt
Arthur,Aidan,Eisele,Shanyce,Arthur,Colt
Arthur,Malia,Eisele,Shanyce,Arthur,Colt
Arthur,Brendan,Eisele,Shanyce,Arthur,Colt
Arthur,Sofia,Eisele,Shanyce,Arthur,Colt
Arthur,Marcello,Eisele,Shanyce,Arthur,Colt
Arthur,Quinn,Eisele,Shanyce,Arthur,Colt
Arthur,Charly,Eisele,Shanyce,Arthur,Colt
Patrick,Tianna,Poindexter,Johana,Patrick,Kendall
Patrick,Gabriel,Poindexter,Johana,Patrick,Kendall
Patrick,Katia,Poindexter,Johana,Patrick,Kendall
Patrick,Hiram,Poindexter,Johana,Patrick,Kendall
Patrick,Kenya,Poindexter,Johana,Patrick,Kendall
Patrick,Stephon,Poindexter,Johana,Patrick,Kendall
Patrick,Celia,Poindexter,Johana,Patrick,Kendall
Patrick,Aron,Poindexter,Johana,Patrick,Kendall
Bolden,Abigail,Cox,Yasmeen,Bolden,Maurice
Patrick,Russell,Poindexter,Johana,Patrick,Kendall
Bolden,Dylan,Cox,Yasmeen,Bolden,Maurice
Bolden,Callum,Cox,Yasmeen,Bolden,Maurice
Bolden,Libby,Cox,Yasmeen,Bolden,Maurice
Bolden,Brogan,Cox,Yasmeen,Bolden,Maurice
Bolden,Anastasia,Cox,Yasmeen,Bolden,Maurice
Bolden,Guillermo,Cox,Yasmeen,Bolden,Maurice
Bolden,Lilly,Cox,Yasmeen,Bolden,Maurice
Foale,Deante,Casper,Beverly,Foale,Kylan
Bolden,Deserae,Cox,Yasmeen,Bolden,Maurice
Foale,Moshe,Casper,Beverly,Foale,Kylan
Foale,Caitlin,Casper,Beverly,Foale,Kylan
Foale,San,Casper,Beverly,Foale,Kylan
Foale,Madelyne,Casper,Beverly,Foale,Kylan
Foale,Raymond,Casper,Beverly,Foale,Kylan
Foale,Nakia,Casper,Beverly,Foale,Kylan
Foale,Michel,Casper,Beverly,Foale,Kylan
Foale,Clara,Casper,Beverly,Foale,Kylan
Foale,Shawn,Casper,Beverly,Foale,Kylan
Foale,Jalen,Casper,Beverly,Foale,Kylan
Foale,Austen,Casper,Beverly,Foale,Kylan
Foale,Andrea,Casper,Beverly,Foale,Kylan
Foale,Conrad,Casper,Beverly,Foale,Kylan
Foale,Ashly,Casper,Beverly,Foale,Kylan
Grant,Diondre,Monroe,Jennifer,Grant,Trevor
Foale,Candace,Casper,Beverly,Foale,Kylan
Grant,Aidan,Monroe,Jennifer,Grant,Trevor
Foale,Raegan,Casper,Beverly,Foale,Kylan
Grant,Allen,Monroe,Jennifer,Grant,Trevor
Grant,Mariangeli,Monroe,Jennifer,Grant,Trevor
Grant,Garrett,Monroe,Jennifer,Grant,Trevor
Grant,Gerardo,Monroe,Jennifer,Grant,Trevor
Grant,Antoine,Monroe,Jennifer,Grant,Trevor
Grant,Chana,Monroe,Jennifer,Grant,Trevor
Grant,Christen,Monroe,Jennifer,Grant,Trevor
Grant,Brittney,Monroe,Jennifer,Grant,Trevor
Grant,Cristobal,Monroe,Jennifer,Grant,Trevor
Grant,Bonnie,Monroe,Jennifer,Grant,Trevor
Grant,Carson,Monroe,Jennifer,Grant,Trevor
Grant,Kasandra,Monroe,Jennifer,Grant,Trevor
Grant,Mauro,Monroe,Jennifer,Grant,Trevor
Grant,Selena,Monroe,Jennifer,Grant,Trevor
Schwartz,Gabriel,Bassett,Yvette,Schwartz,Anders
Grant,Sadia,Monroe,Jennifer,Grant,Trevor
Schwartz,Arian,Bassett,Yvette,Schwartz,Anders
Grant,Alesia,Monroe,Jennifer,Grant,Trevor
Schwartz,Shareef,Bassett,Yvette,Schwartz,Anders
Grant,Halie,Monroe,Jennifer,Grant,Trevor
Cernan,Lance,Harrison,Kayleen,Cernan,Javon
Schwartz,Cori,Bassett,Yvette,Schwartz,Anders
Cernan,Trey,Harrison,Kayleen,Cernan,Javon
Schwartz,Marina,Bassett,Yvette,Schwartz,Anders
Cernan,Deangelo,Harrison,Kayleen,Cernan,Javon
Schwartz,Cheyenne,Bassett,Yvette,Schwartz,Anders
Cernan,Jawaun,Harrison,Kayleen,Cernan,Javon
Schwartz,Elissa,Bassett,Yvette,Schwartz,Anders
Cernan,Clarence,Harrison,Kayleen,Cernan,Javon
Cernan,Dajah,Harrison,Kayleen,Cernan,Javon
Cernan,Jarred,Harrison,Kayleen,Cernan,Javon
Cernan,Keely,Harrison,Kayleen,Cernan,Javon
Cernan,Simeon,Harrison,Kayleen,Cernan,Javon
Cernan,Linda,Harrison,Kayleen,Cernan,Javon
Evans,Austyn,Weitz,Angela,Evans,Kieran
Cernan,Kyndra,Harrison,Kayleen,Cernan,Javon
Cabana,Tomas,McCulley,Suzanne,Cabana,Dale
Cernan,Kiana,Harrison,Kayleen,Cernan,Javon
Cabana,Phillip,McCulley,Suzanne,Cabana,Dale
Cernan,Chrystal,Harrison,Kayleen,Cernan,Javon
Cabana,Irfan,McCulley,Suzanne,Cabana,Dale
Evans,Lorena,Weitz,Angela,Evans,Kieran
Cabana,Scott,McCulley,Suzanne,Cabana,Dale
Evans,Cherokee,Weitz,Angela,Evans,Kieran
Cabana,Davis,McCulley,Suzanne,Cabana,Dale
Evans,Samantha,Weitz,Angela,Evans,Kieran
Cabana,Gerald,McCulley,Suzanne,Cabana,Dale
Evans,Kylie,Weitz,Angela,Evans,Kieran
Cabana,Ahmed,McCulley,Suzanne,Cabana,Dale
Evans,Mary,Weitz,Angela,Evans,Kieran
Cameron,Mohammad,Michel,Chastity,Cameron,Carlos
Cabana,Luna,McCulley,Suzanne,Cabana,Dale
Cameron,Drake,Michel,Chastity,Cameron,Carlos
Cabana,Aisha,McCulley,Suzanne,Cabana,Dale
Cameron,Marquise,Michel,Chastity,Cameron,Carlos
Cabana,Tia,McCulley,Suzanne,Cabana,Dale
Cameron,Josejuan,Michel,Chastity,Cameron,Carlos
Cabana,Reagan,McCulley,Suzanne,Cabana,Dale
Cameron,Seamus,Michel,Chastity,Cameron,Carlos
Cabana,Breana,McCulley,Suzanne,Cabana,Dale
Cameron,Timothy,Michel,Chastity,Cameron,Carlos
Cabana,Jennah,McCulley,Suzanne,Cabana,Dale
Jemison,Geordan,Grissom,Terri,Jemison,Nathan
Cabana,Jocelyn,McCulley,Suzanne,Cabana,Dale
Jemison,Arthur,Grissom,Terri,Jemison,Nathan
Cameron,Sally,Michel,Chastity,Cameron,Carlos
Jemison,Gage,Grissom,Terri,Jemison,Nathan
Cameron,Jonae,Michel,Chastity,Cameron,Carlos
McBride,Gilberto,Ford,Jamie,McBride,Jeffrey
Cameron,Judith,Michel,Chastity,Cameron,Carlos
McBride,Jade,Ford,Jamie,McBride,Jeffrey
Jemison,Lynda,Grissom,Terri,Jemison,Nathan
McBride,Tyren,Ford,Jamie,McBride,Jeffrey
Jemison,Raquel,Grissom,Terri,Jemison,Nathan
McBride,Daxton,Ford,Jamie,McBride,Jeffrey
Jemison,Kelsi,Grissom,Terri,Jemison,Nathan
McBride,Damian,Ford,Jamie,McBride,Jeffrey
Jemison,Kali,Grissom,Terri,Jemison,Nathan
McBride,Mateo,Ford,Jamie,McBride,Jeffrey
Jemison,Austin,Grissom,Terri,Jemison,Nathan
McBride,Easton,Ford,Jamie,McBride,Jeffrey
Jemison,Amna,Grissom,Terri,Jemison,Nathan
McBride,Marcanthon,Thorne,Kasandra,McBride,Esau
Jemison,Francisca,Grissom,Terri,Jemison,Nathan
McBride,Felipe,Thorne,Kasandra,McBride,Esau
Jemison,Margo,Grissom,Terri,Jemison,Nathan
McBride,Ryen,Thorne,Kasandra,McBride,Esau
Jemison,Shanna,Grissom,Terri,Jemison,Nathan
McBride,Nickolas,Thorne,Kasandra,McBride,Esau
McBride,Emerald,Ford,Jamie,McBride,Jeffrey
McBride,Clarence,Thorne,Kasandra,McBride,Esau
McBride,Katy,Ford,Jamie,McBride,Jeffrey
McBride,Alvaro,Thorne,Kasandra,McBride,Esau
McBride,Sierra,Ford,Jamie,McBride,Jeffrey
McBride,Jonah,Thorne,Kasandra,McBride,Esau
McBride,Scarlett,Thorne,Kasandra,McBride,Esau
McBride,Deandre,Thorne,Kasandra,McBride,Esau
McBride,Jaquana,Thorne,Kasandra,McBride,Esau
McBride,Issac,Thorne,Kasandra,McBride,Esau
McBride,London,Thorne,Kasandra,McBride,Esau
McBride,Brayden,Thorne,Kasandra,McBride,Esau
McBride,Abigayle,Thorne,Kasandra,McBride,Esau
McBride,Marlon,Thorne,Kasandra,McBride,Esau
McBride,Destiney,Thorne,Kasandra,McBride,Esau
McBride,Gonzalo,Thorne,Kasandra,McBride,Esau
McBride,Rosa,Thorne,Kasandra,McBride,Esau
McBride,Kerrick,Harris,Elana,McBride,Warren
McBride,Myesha,Thorne,Kasandra,McBride,Esau
McBride,Wyatt,Harris,Elana,McBride,Warren
McBride,Giuliana,Harris,Elana,McBride,Warren
McBride,Forrest,Harris,Elana,McBride,Warren
McBride,Darrian,Harris,Elana,McBride,Warren
McBride,Beau,Harris,Elana,McBride,Warren
McBride,Caylin,Harris,Elana,McBride,Warren
McBride,Branden,Harris,Elana,McBride,Warren
McBride,Phoebe,Harris,Elana,McBride,Warren
McBride,Vernon,Harris,Elana,McBride,Warren
McBride,Kirstin,Harris,Elana,McBride,Warren
McBride,Dantae,Harris,Elana,McBride,Warren
McBride,Isabel,Harris,Elana,McBride,Warren
McBride,Eduardo,Harris,Elana,McBride,Warren
McBride,Annalie,Harris,Elana,McBride,Warren
McBride,Alberto,Harris,Joan,McBride,Austen
McBride,Brynn,Harris,Elana,McBride,Warren
McBride,Angel,Harris,Joan,McBride,Austen
McBride,Melanie,Harris,Joan,McBride,Austen
McBride,Jorge,Harris,Joan,McBride,Austen
McBride,Stephany,Harris,Joan,McBride,Austen
McBride,Gannon,Harris,Joan,McBride,Austen
McBride,Justice,Harris,Joan,McBride,Austen
McBride,Silas,Harris,Elise,McBride,Jessee
McBride,Abbigail,Harris,Joan,McBride,Austen
McBride,Carson,Harris,Elise,McBride,Jessee
McBride,Anisha,Harris,Elise,McBride,Jessee
McBride,Howard,Harris,Elise,McBride,Jessee
McBride,Montana,Harris,Elise,McBride,Jessee
McBride,Babyboy,Harris,Cassandra,McBride,Bjorn
McBride,Eliana,Harris,Elise,McBride,Jessee
McBride,Roman,Harris,Cassandra,McBride,Bjorn
McBride,Shaye,Harris,Cassandra,McBride,Bjorn
McBride,Tyrone,Harris,Lexus,McBride,Vinh
McBride,Cailin,Harris,Cassandra,McBride,Bjorn
McBride,Jalen,Harris,Lexus,McBride,Vinh
McBride,Danika,Harris,Cassandra,McBride,Bjorn
McBride,Diego,Harris,Lexus,McBride,Vinh
McBride,Sarai,Harris,Cassandra,McBride,Bjorn
McBride,Davis,Harris,Lexus,McBride,Vinh
McBride,Mindi,Harris,Cassandra,McBride,Bjorn
McBride,Sammie,Harris,Lexus,McBride,Vinh
McBride,Tammy,Harris,Lexus,McBride,Vinh
McBride,Tylar,Harris,Lexus,McBride,Vinh
McBride,Alison,Harris,Lexus,McBride,Vinh
McBride,Drake,Harris,Lexus,McBride,Vinh
McBride,Loni,Harris,Lexus,McBride,Vinh
McBride,Kurt,Harris,Lexus,McBride,Vinh
McBride,Zoee,Harris,Lexus,McBride,Vinh
McBride,Terance,Harris,Lexus,McBride,Vinh
McBride,Hope,Harris,Lexus,McBride,Vinh
McBride,Gerard,Harris,Leticia,McBride,Ryan
McBride,Devany,Harris,Lexus,McBride,Vinh
McBride,Shan,Harris,Leticia,McBride,Ryan
McBride,Lilibeth,Harris,Lexus,McBride,Vinh
McBride,Jai,Harris,Leticia,McBride,Ryan
McBride,Angelina,Harris,Lexus,McBride,Vinh
McBride,Sutton,Harris,Leticia,McBride,Ryan
McBride,Onesha,Harris,Leticia,McBride,Ryan
McBride,Josue,Harris,Leticia,McBride,Ryan
McBride,Katerina,Harris,Leticia,McBride,Ryan
McBride,Tyree,Harris,Leticia,McBride,Ryan
McBride,Zoey,Harris,Leticia,McBride,Ryan
McBride,Ibrahim,Harris,Leticia,McBride,Ryan
McBride,Daisy,Harris,Leticia,McBride,Ryan
McBride,Brooks,Harris,Leticia,McBride,Ryan
McBride,Lesly,Harris,Leticia,McBride,Ryan
McBride,Tylor,Harris,Leticia,McBride,Ryan
McBride,Krystle,Harris,Leticia,McBride,Ryan
McBride,Keagan,Harris,Adrian,McBride,Jasper
McBride,Lindsay,Harris,Adrian,McBride,Jasper
McBride,Misael,Harris,Adrian,McBride,Jasper
McBride,Kenna,Harris,Adrian,McBride,Jasper
McBride,Evan,Harris,Adrian,McBride,Jasper
McBride,Mileena,Harris,Adrian,McBride,Jasper
McBride,Leonardo,Harris,Adrian,McBride,Jasper
McBride,Jessa,Harris,Adrian,McBride,Jasper
McBride,Deonta,Harris,Adrian,McBride,Jasper
McBride,Dyamond,Harris,Adrian,McBride,Jasper
McBride,Luis,Harris,Adrian,McBride,Jasper
McBride,Itati,Harris,Adrian,McBride,Jasper
McBride,Collin,Harris,Micayla,McBride,Jalil
McBride,Becca,Harris,Adrian,McBride,Jasper
McBride,Ravon,Harris,Micayla,McBride,Jalil
McBride,Giovanna,Harris,Adrian,McBride,Jasper
McBride,Sterling,Harris,Micayla,McBride,Jalil
McBride,Mikyla,Harris,Adrian,McBride,Jasper
McBride,Lamar,Harris,Micayla,McBride,Jalil
McBride,Candy,Harris,Adrian,McBride,Jasper
McBride,Lamonte,Harris,Micayla,McBride,Jalil
McBride,Ciara,Harris,Adrian,McBride,Jasper
McBride,Tyran,Harris,Micayla,McBride,Jalil
McBride,Lora,Harris,Micayla,McBride,Jalil
McBride,Gary,Harris,Micayla,McBride,Jalil
McBride,Sheyla,Harris,Micayla,McBride,Jalil
McBride,Jeremey,Harris,Micayla,McBride,Jalil
McBride,Anahi,Harris,Micayla,McBride,Jalil
McBride,Izaiah,Harris,Micayla,McBride,Jalil
McBride,Janae,Harris,Micayla,McBride,Jalil
Harris,Brodie,McBride,Audrey,Harris,Victor
McBride,Shae,Harris,Micayla,McBride,Jalil
Harris,Issac,McBride,Audrey,Harris,Victor
McBride,Lakendra,Harris,Micayla,McBride,Jalil
Harris,Guy,McBride,Audrey,Harris,Victor
McBride,Anika,Harris,Micayla,McBride,Jalil
Harris,Francisco,McBride,Audrey,Harris,Victor
McBride,Banesa,Harris,Micayla,McBride,Jalil
Harris,Sergio,McBride,Audrey,Harris,Victor
Harris,Kristen,McBride,Audrey,Harris,Victor
Harris,Johnny,McBride,Audrey,Harris,Victor
Harris,Abigail,McBride,Audrey,Harris,Victor
Harris,Olivier,McBride,Audrey,Harris,Victor
Harris,Kaci,McBride,Audrey,Harris,Victor
Harris,Shmuel,McBride,Audrey,Harris,Victor
Harris,Brittany,McBride,Audrey,Harris,Victor
Harris,Marco,McBride,Sidney,Harris,Sebastien
Harris,Dylan,McBride,Audrey,Harris,Victor
Harris,Brody,McBride,Sidney,Harris,Sebastien
Harris,Michelle,McBride,Sidney,Harris,Sebastien
Harris,Jesus,McBride,Sidney,Harris,Sebastien
Harris,Harlie,McBride,Sidney,Harris,Sebastien
Harris,Callum,McBride,Maison,Harris,Casey
Harris,Kaila,McBride,Maison,Harris,Casey
Harris,Tyran,McBride,Maison,Harris,Casey
Harris,Coral,McBride,Maison,Harris,Casey
Harris,Devin,McBride,Maison,Harris,Casey
Harris,Angelika,McBride,Maison,Harris,Casey
Harris,Fernando,McBride,Maison,Harris,Casey
Harris,Clara,McBride,Maison,Harris,Casey
Harris,Jeff,McBride,Maison,Harris,Casey
Harris,Rylee,McBride,Maison,Harris,Casey
Harris,Kylan,McBride,Maison,Harris,Casey
Harris,Aidan,McBride,Maison,Harris,Casey
Harris,Bo,McBride,Maison,Harris,Casey
Harris,Kaydee,McBride,Maison,Harris,Casey
Polk,Eberardo,McBride,Kailee,Polk,Zev
Polk,Siearra,McBride,Kailee,Polk,Zev
Polk,Sydney,McBride,Kailee,Polk,Zev
Polk,Harley,McBride,Kailee,Polk,Zev
Polk,Albert,McBride,Macey,Polk,Tyran
Polk,Jenniffer,McBride,Kailee,Polk,Zev
Polk,Mathieu,McBride,Macey,Polk,Tyran
Polk,Zaria,McBride,Kailee,Polk,Zev
Polk,Kade,McBride,Macey,Polk,Tyran
Polk,Misty,McBride,Kailee,Polk,Zev
Polk,Andrew,McBride,Macey,Polk,Tyran
Polk,Faith,McBride,Kailee,Polk,Zev
Polk,Jordin,McBride,Macey,Polk,Tyran
Polk,Ansley,McBride,Kailee,Polk,Zev
Polk,Gunner,McBride,Macey,Polk,Tyran
Polk,Annabel,McBride,Kailee,Polk,Zev
Polk,Devonta,McBride,Macey,Polk,Tyran
Polk,Chantal,McBride,Kailee,Polk,Zev
Polk,Dominic,McBride,Macey,Polk,Tyran
Polk,Caylin,McBride,Kailee,Polk,Zev
Polk,Ward,McBride,Macey,Polk,Tyran
Polk,Tyeisha,McBride,Kailee,Polk,Zev
Polk,Samual,McBride,Macey,Polk,Tyran
Polk,Trista,McBride,Macey,Polk,Tyran
Polk,Kirk,McBride,Macey,Polk,Tyran
Polk,Rita,McBride,Macey,Polk,Tyran
Polk,Brody,McBride,Macey,Polk,Tyran
Polk,Camila,McBride,Macey,Polk,Tyran
Polk,Bryan,McBride,Macey,Polk,Tyran
Polk,Britney,McBride,Macey,Polk,Tyran
Polk,Quintyn,McBride,Lenora,Polk,Patrick
Polk,Sharae,McBride,Macey,Polk,Tyran
Polk,Quinton,McBride,Lenora,Polk,Patrick
Polk,Selina,McBride,Macey,Polk,Tyran
Polk,Chase,McBride,Lenora,Polk,Patrick
Polk,Nia,McBride,Macey,Polk,Tyran
Polk,Roland,McBride,Lenora,Polk,Patrick
Polk,Danika,McBride,Lenora,Polk,Patrick
Polk,Ramon,McBride,Lenora,Polk,Patrick
Polk,Valeria,McBride,Lenora,Polk,Patrick
Polk,Samuel,McBride,Lenora,Polk,Patrick
Polk,Anabel,McBride,Lenora,Polk,Patrick
Polk,Sunny,McBride,Lenora,Polk,Patrick
Polk,Yolanda,McBride,Lenora,Polk,Patrick
Polk,Santana,McBride,Lenora,Polk,Patrick
Polk,Dina,McBride,Lenora,Polk,Patrick
Polk,Ismael,Harris,Camisha,Polk,Paul
Polk,Sheri,McBride,Lenora,Polk,Patrick
Polk,Nikolas,Harris,Camisha,Polk,Paul
Polk,Jewel,Harris,Camisha,Polk,Paul
Polk,Ray,Harris,Camisha,Polk,Paul
Polk,Joyce,Harris,Camisha,Polk,Paul
Polk,Bryant,Harris,Camisha,Polk,Paul
Polk,Emilie,Harris,Camisha,Polk,Paul
Polk,Malcolm,Arthur,Judith,Polk,Orion
Polk,Cassidy,Harris,Camisha,Polk,Paul
Polk,Dalton,Arthur,Judith,Polk,Orion
Polk,Brigitte,Harris,Camisha,Polk,Paul
Polk,Britton,Arthur,Tristan,Polk,Ali
Polk,Bryanna,Arthur,Judith,Polk,Orion
Polk,Clifford,Arthur,Tristan,Polk,Ali
Polk,Latosha,Arthur,Tristan,Polk,Ali
Polk,Torey,Arthur,Tristan,Polk,Ali
Polk,Katelyn,Arthur,Tristan,Polk,Ali
Polk,Shlomo,Arthur,Tristan,Polk,Ali
Polk,Lucia,Arthur,Tristan,Polk,Ali
Polk,Conor,Arthur,Tristan,Polk,Ali
Polk,Elaina,Arthur,Tristan,Polk,Ali
Polk,Theodore,Arthur,Tristan,Polk,Ali
Polk,Kiana,Arthur,Onesha,Polk,Brooks
Polk,Menachem,Arthur,Tristan,Polk,Ali
Polk,Bethany,Arthur,Onesha,Polk,Brooks
Polk,Kolton,Arthur,Tristan,Polk,Ali
Polk,Rianna,Arthur,Onesha,Polk,Brooks
Polk,Abel,Arthur,Tristan,Polk,Ali
Arthur,Anamaria,Polk,Gabriella,Arthur,Alonzo
Polk,Saxon,Arthur,Onesha,Polk,Brooks
Arthur,Roxanne,Polk,Gabriella,Arthur,Alonzo
Polk,Yvan,Arthur,Onesha,Polk,Brooks
Arthur,Desteny,Polk,Gabriella,Arthur,Alonzo
Polk,Raequan,Arthur,Onesha,Polk,Brooks
Arthur,Cheryl,Polk,Gabriella,Arthur,Alonzo
Arthur,Marquis,Polk,Gabriella,Arthur,Alonzo
Arthur,Jamiya,Polk,Gabriella,Arthur,Alonzo
Arthur,Nico,Polk,Gabriella,Arthur,Alonzo
Arthur,Kaleigh,Polk,Christa,Arthur,Bernard
Arthur,Abdiel,Polk,Gabriella,Arthur,Alonzo
Arthur,Graciela,Polk,Christa,Arthur,Bernard
Arthur,Barrett,Polk,Gabriella,Arthur,Alonzo
Arthur,Cassandra,Polk,Christa,Arthur,Bernard
Arthur,Mitchel,Polk,Christa,Arthur,Bernard
Arthur,Mireya,Polk,Christa,Arthur,Bernard
Arthur,Kapil,Polk,Christa,Arthur,Bernard
Arthur,Kaya,Polk,Christa,Arthur,Bernard
Arthur,Sterling,Polk,Christa,Arthur,Bernard
Arthur,Banesa,Polk,Christa,Arthur,Bernard
Arthur,Drake,Polk,Christa,Arthur,Bernard
Arthur,Margo,Polk,Skyler,Arthur,Jamal
Arthur,Malachi,Polk,Christa,Arthur,Bernard
Arthur,Kelli,Polk,Skyler,Arthur,Jamal
Arthur,Wade,Polk,Christa,Arthur,Bernard
Arthur,Adrianna,Polk,Skyler,Arthur,Jamal
Arthur,Micah,Polk,Christa,Arthur,Bernard
Arthur,Siearra,Polk,Skyler,Arthur,Jamal
Arthur,Jairus,Polk,Christa,Arthur,Bernard
Arthur,Katie,Polk,Skyler,Arthur,Jamal
Arthur,Saul,Polk,Skyler,Arthur,Jamal
Arthur,Heather,Polk,Skyler,Arthur,Jamal
Arthur,Liam,Polk,Skyler,Arthur,Jamal
Arthur,Reyanna,Polk,Keosha,Arthur,Kaleb
Arthur,Ian,Polk,Skyler,Arthur,Jamal
Arthur,Yajayra,Polk,Keosha,Arthur,Kaleb
Arthur,Geordan,Polk,Skyler,Arthur,Jamal
Arthur,Celena,Polk,Keosha,Arthur,Kaleb
Arthur,Kendall,Polk,Skyler,Arthur,Jamal
Arthur,Jackie,Polk,Keosha,Arthur,Kaleb
Arthur,Corbin,Polk,Skyler,Arthur,Jamal
Arthur,Bree,Polk,Keosha,Arthur,Kaleb
Arthur,Maximillia,Polk,Skyler,Arthur,Jamal
Arthur,Anjelica,Polk,Dianne,Arthur,Allen
Arthur,Kelson,Polk,Keosha,Arthur,Kaleb
Arthur,Hana,Patrick,Tianna,Arthur,Arthur
Arthur,Kerrick,Polk,Keosha,Arthur,Kaleb
Arthur,Renee,Patrick,Tianna,Arthur,Arthur
Arthur,Zachery,Polk,Dianne,Arthur,Allen
Arthur,Dylan,Patrick,Katia,Arthur,Aidan
Arthur,Khalid,Polk,Dianne,Arthur,Allen
Arthur,Maryssa,Patrick,Katia,Arthur,Aidan
Arthur,Idris,Polk,Dianne,Arthur,Allen
Arthur,Yamilex,Patrick,Kenya,Arthur,Brendan
Arthur,Marcell,Polk,Dianne,Arthur,Allen
Arthur,Keira,Patrick,Kenya,Arthur,Brendan
Arthur,Wilson,Polk,Dianne,Arthur,Allen
Arthur,Shirley,Patrick,Kenya,Arthur,Brendan
Arthur,Scott,Polk,Dianne,Arthur,Allen
Arthur,Dixie,Patrick,Kenya,Arthur,Brendan
Arthur,Wayne,Patrick,Tianna,Arthur,Arthur
Arthur,Madalyn,Patrick,Kenya,Arthur,Brendan
Arthur,Alexandro,Patrick,Tianna,Arthur,Arthur
Arthur,Sade,Patrick,Kenya,Arthur,Brendan
Arthur,Elijah,Patrick,Katia,Arthur,Aidan
Arthur,Ashtin,Patrick,Kenya,Arthur,Brendan
Arthur,Brock,Patrick,Katia,Arthur,Aidan
Arthur,Laken,Patrick,Celia,Arthur,Marcello
Arthur,Demetrius,Patrick,Katia,Arthur,Aidan
Arthur,Amelia,Patrick,Celia,Arthur,Marcello
Arthur,Spenser,Patrick,Katia,Arthur,Aidan
Arthur,Leticia,Patrick,Celia,Arthur,Marcello
Arthur,Garin,Patrick,Katia,Arthur,Aidan
Arthur,Bryana,Patrick,Celia,Arthur,Marcello
Arthur,Kelton,Patrick,Katia,Arthur,Aidan
Arthur,Sasha,Patrick,Celia,Arthur,Marcello
Arthur,Keith,Patrick,Katia,Arthur,Aidan
Arthur,Marianna,Patrick,Celia,Arthur,Marcello
Arthur,Gabriel,Patrick,Katia,Arthur,Aidan
Arthur,Cali,Patrick,Celia,Arthur,Marcello
Arthur,Miles,Patrick,Katia,Arthur,Aidan
Arthur,Alisha,Patrick,Celia,Arthur,Marcello
Arthur,Joe,Patrick,Katia,Arthur,Aidan
Arthur,Merideth,Patrick,Celia,Arthur,Marcello
Arthur,Jayce,Patrick,Kenya,Arthur,Brendan
Arthur,Christy,Bolden,Abigail,Arthur,Charly
Arthur,Howard,Patrick,Kenya,Arthur,Brendan
Arthur,Precious,Bolden,Abigail,Arthur,Charly
Arthur,Gannon,Patrick,Kenya,Arthur,Brendan
Arthur,Ashlie,Bolden,Abigail,Arthur,Charly
Arthur,Conor,Patrick,Kenya,Arthur,Brendan
Arthur,Breann,Bolden,Abigail,Arthur,Charly
Arthur,Jake,Patrick,Kenya,Arthur,Brendan
Arthur,Tori,Bolden,Abigail,Arthur,Charly
Arthur,Ernesto,Patrick,Kenya,Arthur,Brendan
Arthur,Zenia,Bolden,Abigail,Arthur,Charly
Arthur,Chase,Patrick,Kenya,Arthur,Brendan
Arthur,Deisy,Bolden,Abigail,Arthur,Charly
Arthur,Mauricio,Patrick,Kenya,Arthur,Brendan
Arthur,Marivel,Bolden,Abigail,Arthur,Charly
Arthur,Nathan,Patrick,Celia,Arthur,Marcello
Patrick,Marie,Arthur,Amy,Patrick,Gabriel
Arthur,Devante,Patrick,Celia,Arthur,Marcello
Patrick,Imani,Arthur,Amy,Patrick,Gabriel
Arthur,Lane,Patrick,Celia,Arthur,Marcello
Patrick,Elisabeth,Arthur,Amy,Patrick,Gabriel
Arthur,Sunny,Patrick,Celia,Arthur,Marcello
Patrick,Makena,Arthur,Amy,Patrick,Gabriel
Arthur,Diego,Patrick,Celia,Arthur,Marcello
Patrick,Latoya,Arthur,Amy,Patrick,Gabriel
Arthur,Albert,Patrick,Celia,Arthur,Marcello
Patrick,Elyse,Arthur,Amy,Patrick,Gabriel
Arthur,Wilfredo,Patrick,Celia,Arthur,Marcello
Patrick,Lisa,Arthur,Amy,Patrick,Gabriel
Arthur,Zaquan,Patrick,Celia,Arthur,Marcello
Patrick,Flor,Arthur,Amy,Patrick,Gabriel
Arthur,Luciano,Bolden,Abigail,Arthur,Charly
Patrick,Kierstin,Arthur,Amy,Patrick,Gabriel
Arthur,Anibal,Bolden,Abigail,Arthur,Charly
Patrick,Silvia,Arthur,Malia,Patrick,Hiram
Arthur,Arjun,Bolden,Abigail,Arthur,Charly
Patrick,Roxana,Arthur,Malia,Patrick,Hiram
Arthur,Lucas,Bolden,Abigail,Arthur,Charly
Patrick,Meghan,Arthur,Malia,Patrick,Hiram
Arthur,Britton,Bolden,Abigail,Arthur,Charly
Patrick,Abigayle,Arthur,Malia,Patrick,Hiram
Arthur,Tavon,Bolden,Abigail,Arthur,Charly
Patrick,Georgia,Arthur,Malia,Patrick,Hiram
Arthur,Warren,Bolden,Abigail,Arthur,Charly
Patrick,Mindy,Arthur,Malia,Patrick,Hiram
Arthur,Forest,Bolden,Abigail,Arthur,Charly
Patrick,Nereida,Arthur,Sofia,Patrick,Stephon
Arthur,Jack,Bolden,Abigail,Arthur,Charly
Patrick,Zulema,Arthur,Sofia,Patrick,Stephon
Arthur,Ezekiel,Bolden,Abigail,Arthur,Charly
Patrick,Eden,Arthur,Sofia,Patrick,Stephon
Arthur,Shmuel,Bolden,Abigail,Arthur,Charly
Patrick,Shaina,Arthur,Sofia,Patrick,Stephon
Arthur,Taylor,Bolden,Abigail,Arthur,Charly
Patrick,Tristan,Arthur,Sofia,Patrick,Stephon
Patrick,Arturo,Arthur,Amy,Patrick,Gabriel
Patrick,Taryn,Arthur,Sofia,Patrick,Stephon
Patrick,Daryl,Arthur,Amy,Patrick,Gabriel
Patrick,Tyler,Arthur,Quinn,Patrick,Aron
Patrick,Ernest,Arthur,Amy,Patrick,Gabriel
Patrick,Cailin,Arthur,Quinn,Patrick,Aron
Patrick,Nicolas,Arthur,Amy,Patrick,Gabriel
Patrick,Viviana,Arthur,Quinn,Patrick,Aron
Patrick,Wylie,Arthur,Amy,Patrick,Gabriel
Patrick,Rachelle,Arthur,Quinn,Patrick,Aron
Patrick,Ignacio,Arthur,Amy,Patrick,Gabriel
Patrick,Darian,Arthur,Quinn,Patrick,Aron
Patrick,Yovani,Arthur,Malia,Patrick,Hiram
Patrick,Johanna,Arthur,Quinn,Patrick,Aron
Patrick,Zaquan,Arthur,Malia,Patrick,Hiram
Patrick,Xiomara,Arthur,Quinn,Patrick,Aron
Patrick,Johan,Arthur,Malia,Patrick,Hiram
Patrick,Marissa,Arthur,Quinn,Patrick,Aron
Patrick,Zackery,Arthur,Malia,Patrick,Hiram
Patrick,Laquisha,Bolden,Dylan,Patrick,Russell
Patrick,Erick,Arthur,Malia,Patrick,Hiram
Patrick,Mikyla,Bolden,Dylan,Patrick,Russell
Patrick,Beau,Arthur,Malia,Patrick,Hiram
Patrick,Jazmon,Bolden,Dylan,Patrick,Russell
Patrick,Christian,Arthur,Malia,Patrick,Hiram
Patrick,Salena,Bolden,Dylan,Patrick,Russell
Patrick,Isiah,Arthur,Malia,Patrick,Hiram
Patrick,Cayla,Bolden,Dylan,Patrick,Russell
Patrick,Todd,Arthur,Malia,Patrick,Hiram
Patrick,Sophia,Bolden,Dylan,Patrick,Russell
Patrick,Clay,Arthur,Sofia,Patrick,Stephon
Patrick,Morgan,Bolden,Dylan,Patrick,Russell
Patrick,Michel,Arthur,Sofia,Patrick,Stephon
Patrick,Haley,Bolden,Dylan,Patrick,Russell
Patrick,Jevon,Arthur,Sofia,Patrick,Stephon
Patrick,Sophie,Bolden,Dylan,Patrick,Russell
Patrick,Ever,Arthur,Sofia,Patrick,Stephon
Patrick,Elexus,Bolden,Dylan,Patrick,Russell
Patrick,Dana,Arthur,Sofia,Patrick,Stephon
Bolden,Selina,Foale,Caitlin,Bolden,Callum
Patrick,Bill,Arthur,Sofia,Patrick,Stephon
Bolden,Keyshla,Foale,Caitlin,Bolden,Callum
Patrick,Derrick,Arthur,Sofia,Patrick,Stephon
Bolden,Aundrea,Foale,Caitlin,Bolden,Callum
Patrick,Elvin,Arthur,Sofia,Patrick,Stephon
Bolden,Elyse,Foale,Caitlin,Bolden,Callum
Patrick,Nathaniel,Arthur,Quinn,Patrick,Aron
Bolden,Aylssa,Foale,Madelyne,Bolden,Brogan
Patrick,Norman,Arthur,Quinn,Patrick,Aron
Bolden,Anne,Foale,Madelyne,Bolden,Brogan
Patrick,Bennett,Arthur,Quinn,Patrick,Aron
Bolden,Sheila,Foale,Madelyne,Bolden,Brogan
Patrick,Keaton,Arthur,Quinn,Patrick,Aron
Bolden,Rebekah,Foale,Madelyne,Bolden,Brogan
Patrick,Darryl,Arthur,Quinn,Patrick,Aron
Bolden,Sania,Foale,Madelyne,Bolden,Brogan
Patrick,Francesco,Arthur,Quinn,Patrick,Aron
Bolden,Lesly,Foale,Madelyne,Bolden,Brogan
Patrick,Felipe,Arthur,Quinn,Patrick,Aron
Bolden,Lilian,Foale,Nakia,Bolden,Guillermo
Patrick,Quinn,Arthur,Quinn,Patrick,Aron
Bolden,Caroline,Foale,Nakia,Bolden,Guillermo
Patrick,Leroy,Arthur,Quinn,Patrick,Aron
Bolden,Christine,Foale,Nakia,Bolden,Guillermo
Patrick,Johnny,Bolden,Dylan,Patrick,Russell
Bolden,Candice,Foale,Nakia,Bolden,Guillermo
Patrick,Benjamin,Bolden,Dylan,Patrick,Russell
Bolden,Holland,Foale,Nakia,Bolden,Guillermo
Patrick,Spencer,Bolden,Dylan,Patrick,Russell
Bolden,Farrah,Foale,Nakia,Bolden,Guillermo
Patrick,Roger,Bolden,Dylan,Patrick,Russell
Bolden,Joanna,Foale,Nakia,Bolden,Guillermo
Patrick,Jaquan,Bolden,Dylan,Patrick,Russell
Bolden,Aileen,Foale,Nakia,Bolden,Guillermo
Bolden,Enoch,Foale,Caitlin,Bolden,Callum
Foale,Angle,Bolden,Libby,Foale,Deante
Bolden,Tom,Foale,Caitlin,Bolden,Callum
Foale,Irene,Bolden,Libby,Foale,Deante
Bolden,Sterling,Foale,Caitlin,Bolden,Callum
Foale,Christy,Bolden,Libby,Foale,Deante
Bolden,Junior,Foale,Caitlin,Bolden,Callum
Foale,Lea,Bolden,Libby,Foale,Deante
Bolden,Ryland,Foale,Caitlin,Bolden,Callum
Foale,Symphony,Bolden,Libby,Foale,Deante
Bolden,Forest,Foale,Caitlin,Bolden,Callum
Foale,Jana,Bolden,Libby,Foale,Deante
Bolden,Dana,Foale,Caitlin,Bolden,Callum
Foale,Klee,Bolden,Libby,Foale,Deante
Bolden,Denver,Foale,Caitlin,Bolden,Callum
Foale,Brecken,Bolden,Libby,Foale,Deante
Bolden,Owen,Foale,Madelyne,Bolden,Brogan
Foale,Katy,Bolden,Libby,Foale,Deante
Bolden,Reese,Foale,Madelyne,Bolden,Brogan
Foale,Reilly,Bolden,Anastasia,Foale,Moshe
Bolden,Camden,Foale,Madelyne,Bolden,Brogan
Foale,Olivia,Bolden,Anastasia,Foale,Moshe
Bolden,Emmitt,Foale,Madelyne,Bolden,Brogan
Foale,Adrianna,Bolden,Anastasia,Foale,Moshe
Bolden,Sunny,Foale,Madelyne,Bolden,Brogan
Foale,Lydia,Bolden,Anastasia,Foale,Moshe
Bolden,Justin,Foale,Madelyne,Bolden,Brogan
Foale,Bridgette,Bolden,Anastasia,Foale,Moshe
Bolden,Elmer,Foale,Nakia,Bolden,Guillermo
Foale,Tonya,Bolden,Anastasia,Foale,Moshe
Bolden,Emmanuel,Foale,Nakia,Bolden,Guillermo
Foale,Kristyn,Bolden,Anastasia,Foale,Moshe
Bolden,Ladarius,Foale,Nakia,Bolden,Guillermo
Foale,Mindi,Bolden,Anastasia,Foale,Moshe
Bolden,Leonardo,Foale,Nakia,Bolden,Guillermo
Foale,Kyana,Bolden,Anastasia,Foale,Moshe
Bolden,Aspen,Foale,Nakia,Bolden,Guillermo
Foale,Cortney,Bolden,Anastasia,Foale,Moshe
Bolden,Jevon,Foale,Nakia,Bolden,Guillermo
Foale,Kristian,Bolden,Anastasia,Foale,Moshe
Bolden,Trevin,Foale,Nakia,Bolden,Guillermo
Foale,Brianna,Bolden,Anastasia,Foale,Moshe
Foale,Westley,Bolden,Libby,Foale,Deante
Foale,Elida,Bolden,Anastasia,Foale,Moshe
Foale,Arnold,Bolden,Libby,Foale,Deante
Foale,Yajaira,Bolden,Lilly,Foale,San
Foale,Alvin,Bolden,Libby,Foale,Deante
Foale,Cynthia,Bolden,Lilly,Foale,San
Foale,Ronnie,Bolden,Libby,Foale,Deante
Foale,Reina,Bolden,Lilly,Foale,San
Foale,Tony,Bolden,Libby,Foale,Deante
Foale,Rebeca,Bolden,Lilly,Foale,San
Foale,Ignacio,Bolden,Libby,Foale,Deante
Foale,Moesha,Bolden,Lilly,Foale,San
Foale,Torey,Bolden,Libby,Foale,Deante
Foale,Brittany,Bolden,Lilly,Foale,San
Foale,Geoffrey,Bolden,Libby,Foale,Deante
Foale,Kitana,Bolden,Lilly,Foale,San
Foale,Khalid,Bolden,Libby,Foale,Deante
Foale,Carlye,Bolden,Lilly,Foale,San
Foale,Javon,Bolden,Libby,Foale,Deante
Foale,Shanice,Bolden,Lilly,Foale,San
Foale,Cristopher,Bolden,Libby,Foale,Deante
Foale,Chaya,Bolden,Lilly,Foale,San
Foale,Alex,Bolden,Anastasia,Foale,Moshe
Foale,Lesli,Bolden,Deserae,Foale,Raymond
Foale,Quentin,Bolden,Anastasia,Foale,Moshe
Foale,Mahogany,Bolden,Deserae,Foale,Raymond
Foale,Darryl,Bolden,Anastasia,Foale,Moshe
Foale,Sapphire,Bolden,Deserae,Foale,Raymond
Foale,Reed,Bolden,Anastasia,Foale,Moshe
Foale,Jacquelyn,Bolden,Deserae,Foale,Raymond
Foale,Braeden,Bolden,Anastasia,Foale,Moshe
Foale,Mckenzie,Bolden,Deserae,Foale,Raymond
Foale,Isaiah,Bolden,Anastasia,Foale,Moshe
Foale,Shirley,Bolden,Deserae,Foale,Raymond
Foale,Noel,Bolden,Anastasia,Foale,Moshe
Foale,Tatum,Bolden,Deserae,Foale,Raymond
Foale,Jean,Bolden,Lilly,Foale,San
Foale,Destiney,Bolden,Deserae,Foale,Raymond
Foale,Gilbert,Bolden,Lilly,Foale,San
Foale,Taryn,Grant,Mariangeli,Foale,Michel
Foale,Luciano,Bolden,Lilly,Foale,San
Foale,Katia,Grant,Mariangeli,Foale,Michel
Foale,Damien,Bolden,Lilly,Foale,San
Foale,Krista,Grant,Mariangeli,Foale,Michel
Foale,Kelton,Bolden,Lilly,Foale,San
Foale,Kathleen,Grant,Mariangeli,Foale,Michel
Foale,Tristen,Bolden,Lilly,Foale,San
Foale,Patrice,Grant,Gerardo,Foale,Shawn
Foale,Esteban,Bolden,Lilly,Foale,San
Foale,Jessenia,Grant,Gerardo,Foale,Shawn
Foale,Craig,Bolden,Lilly,Foale,San
Foale,Holly,Grant,Gerardo,Foale,Shawn
Foale,Frank,Bolden,Lilly,Foale,San
Foale,Shayna,Grant,Chana,Foale,Austen
Foale,Kevin,Bolden,Lilly,Foale,San
Foale,Elijah,Grant,Chana,Foale,Austen
Foale,Andy,Bolden,Deserae,Foale,Raymond
Foale,Jaymee,Grant,Chana,Foale,Austen
Foale,Wilmer,Bolden,Deserae,Foale,Raymond
Foale,Sidney,Grant,Chana,Foale,Austen
Foale,Ameer,Bolden,Deserae,Foale,Raymond
Foale,Luna,Grant,Chana,Foale,Austen
Foale,Juancarlos,Bolden,Deserae,Foale,Raymond
Foale,Christine,Grant,Brittney,Foale,Conrad
Foale,Jeb,Bolden,Deserae,Foale,Raymond
Foale,Karly,Grant,Brittney,Foale,Conrad
Foale,Sebastien,Bolden,Deserae,Foale,Raymond
Foale,Brigitte,Grant,Brittney,Foale,Conrad
Foale,Demarco,Bolden,Deserae,Foale,Raymond
Grant,Keirra,Foale,Clara,Grant,Diondre
Foale,Alec,Bolden,Deserae,Foale,Raymond
Grant,Jaycie,Foale,Clara,Grant,Diondre
Foale,Domenic,Bolden,Deserae,Foale,Raymond
Grant,Lora,Foale,Clara,Grant,Diondre
Foale,Dion,Bolden,Deserae,Foale,Raymond
Grant,Brenda,Foale,Clara,Grant,Diondre
Foale,Tyler,Grant,Mariangeli,Foale,Michel
Grant,Holly,Foale,Clara,Grant,Diondre
Foale,Brady,Grant,Mariangeli,Foale,Michel
Grant,Kyana,Foale,Clara,Grant,Diondre
Foale,Eric,Grant,Mariangeli,Foale,Michel
Grant,Lorena,Foale,Clara,Grant,Diondre
Foale,Mateo,Grant,Mariangeli,Foale,Michel
Grant,Corina,Foale,Clara,Grant,Diondre
Foale,Gilberto,Grant,Mariangeli,Foale,Michel
Grant,Khaliah,Foale,Clara,Grant,Diondre
Foale,Elliott,Grant,Mariangeli,Foale,Michel
Grant,Caroline,Foale,Clara,Grant,Diondre
Foale,Armani,Grant,Gerardo,Foale,Shawn
Grant,Hailee,Foale,Jalen,Grant,Aidan
Foale,Jevin,Grant,Gerardo,Foale,Shawn
Grant,Gladys,Foale,Jalen,Grant,Aidan
Foale,Mohamad,Grant,Gerardo,Foale,Shawn
Grant,Mattie,Foale,Jalen,Grant,Aidan
Foale,Isaac,Grant,Gerardo,Foale,Shawn
Grant,Callan,Foale,Jalen,Grant,Aidan
Foale,Barrett,Grant,Gerardo,Foale,Shawn
Grant,Hadley,Foale,Jalen,Grant,Aidan
Foale,Keagan,Grant,Chana,Foale,Austen
Grant,Tristin,Foale,Jalen,Grant,Aidan
Foale,Ryen,Grant,Chana,Foale,Austen
Grant,Marcela,Foale,Jalen,Grant,Aidan
Foale,Dequan,Grant,Chana,Foale,Austen
Grant,Stacie,Foale,Jalen,Grant,Aidan
Foale,Jeremy,Grant,Chana,Foale,Austen
Grant,Yuki,Foale,Jalen,Grant,Aidan
Foale,Wyatt,Grant,Chana,Foale,Austen
Grant,Elaine,Foale,Jalen,Grant,Aidan
Foale,Freddy,Grant,Chana,Foale,Austen
Grant,Lucy,Foale,Jalen,Grant,Aidan
Foale,Shareef,Grant,Chana,Foale,Austen
Grant,Aireona,Foale,Andrea,Grant,Allen
Foale,Howard,Grant,Brittney,Foale,Conrad
Grant,Candy,Foale,Andrea,Grant,Allen
Foale,Cecil,Grant,Brittney,Foale,Conrad
Grant,Ellie,Foale,Andrea,Grant,Allen
Foale,Curtis,Grant,Brittney,Foale,Conrad
Grant,Connie,Foale,Andrea,Grant,Allen
Foale,Jeff,Grant,Brittney,Foale,Conrad
Grant,Shanise,Foale,Andrea,Grant,Allen
Grant,Larry,Foale,Clara,Grant,Diondre
Grant,Ceaira,Foale,Andrea,Grant,Allen
Grant,Charly,Foale,Clara,Grant,Diondre
Grant,Johnna,Foale,Ashly,Grant,Garrett
Grant,Bennett,Foale,Clara,Grant,Diondre
Grant,Dorothy,Foale,Ashly,Grant,Garrett
Grant,Addison,Foale,Clara,Grant,Diondre
Grant,Tatianna,Foale,Ashly,Grant,Garrett
Grant,Joan,Foale,Clara,Grant,Diondre
Grant,Sheila,Foale,Ashly,Grant,Garrett
Grant,Jonah,Foale,Clara,Grant,Diondre
Grant,Jocelyn,Foale,Ashly,Grant,Garrett
Grant,Landin,Foale,Clara,Grant,Diondre
Grant,Kasey,Foale,Ashly,Grant,Garrett
Grant,Trae,Foale,Clara,Grant,Diondre
Grant,Morgan,Foale,Ashly,Grant,Garrett
Grant,San,Foale,Jalen,Grant,Aidan
Grant,Maire,Foale,Ashly,Grant,Garrett
Grant,Jesus,Foale,Andrea,Grant,Allen
Grant,Stephania,Foale,Ashly,Grant,Garrett
Grant,Liam,Foale,Ashly,Grant,Garrett
Grant,Mollie,Foale,Candace,Grant,Antoine
Grant,Terrence,Foale,Ashly,Grant,Garrett
Grant,Hunter,Foale,Candace,Grant,Antoine
Grant,Jon,Foale,Ashly,Grant,Garrett
Grant,Yazmin,Foale,Candace,Grant,Antoine
Grant,Lloyd,Foale,Ashly,Grant,Garrett
Grant,Dallas,Foale,Candace,Grant,Antoine
Grant,Kendrick,Foale,Ashly,Grant,Garrett
Grant,Nallely,Foale,Candace,Grant,Antoine
Grant,Marvin,Foale,Ashly,Grant,Garrett
Grant,Charity,Foale,Candace,Grant,Antoine
Grant,Simon,Foale,Ashly,Grant,Garrett
Grant,Scarlett,Foale,Candace,Grant,Antoine
Grant,Andy,Foale,Ashly,Grant,Garrett
Grant,Christy,Foale,Candace,Grant,Antoine
Grant,Jairo,Foale,Ashly,Grant,Garrett
Grant,Victoria,Foale,Candace,Grant,Antoine
Grant,Saul,Foale,Candace,Grant,Antoine
Grant,Teagan,Foale,Raegan,Grant,Christen
Grant,Jerry,Foale,Candace,Grant,Antoine
Grant,Ashtin,Foale,Raegan,Grant,Christen
Grant,Dedrick,Foale,Candace,Grant,Antoine
Grant,Karlee,Foale,Raegan,Grant,Christen
Grant,Abel,Foale,Candace,Grant,Antoine
Grant,Spencer,Foale,Raegan,Grant,Christen
Grant,Latrell,Foale,Candace,Grant,Antoine
Grant,Jeanette,Foale,Raegan,Grant,Christen
Grant,Daxton,Foale,Candace,Grant,Antoine
Grant,Deondra,Foale,Raegan,Grant,Christen
Grant,Dan,Foale,Candace,Grant,Antoine
Grant,Heaven,Foale,Raegan,Grant,Christen
Grant,Adan,Foale,Raegan,Grant,Christen
Grant,Shiann,Foale,Raegan,Grant,Christen
Grant,Wade,Foale,Raegan,Grant,Christen
Grant,Kenzie,Foale,Raegan,Grant,Christen
Grant,Rory,Foale,Raegan,Grant,Christen
Grant,Nereida,Foale,Raegan,Grant,Christen
Grant,Mike,Foale,Raegan,Grant,Christen
Grant,Mariela,Foale,Raegan,Grant,Christen
Grant,Devaughn,Foale,Raegan,Grant,Christen
Grant,Ashlee,Foale,Raegan,Grant,Christen
Grant,Damien,Foale,Raegan,Grant,Christen
Grant,Celeste,Schwartz,Cori,Grant,Cristobal
Grant,Coleman,Foale,Raegan,Grant,Christen
Grant,Deyaneira,Schwartz,Cori,Grant,Cristobal
Grant,Kieran,Schwartz,Cori,Grant,Cristobal
Grant,Dixie,Schwartz,Cori,Grant,Cristobal
Grant,Damion,Schwartz,Cori,Grant,Cristobal
Grant,Shawna,Schwartz,Cori,Grant,Cristobal
Grant,Zaquan,Schwartz,Cori,Grant,Cristobal
Grant,Dakota,Schwartz,Cori,Grant,Cristobal
Grant,Davon,Schwartz,Cori,Grant,Cristobal
Grant,Lexi,Schwartz,Marina,Grant,Carson
Grant,Ahmad,Schwartz,Cori,Grant,Cristobal
Grant,Michal,Schwartz,Marina,Grant,Carson
Grant,Christian,Schwartz,Cori,Grant,Cristobal
Grant,Jodie,Schwartz,Marina,Grant,Carson
Grant,Tylor,Schwartz,Cori,Grant,Cristobal
Grant,Julissa,Schwartz,Marina,Grant,Carson
Grant,Jakob,Schwartz,Marina,Grant,Carson
Grant,Katlyn,Schwartz,Marina,Grant,Carson
Schwartz,Yovani,Grant,Bonnie,Schwartz,Gabriel
Grant,Keila,Schwartz,Cheyenne,Grant,Mauro
Schwartz,Wesley,Grant,Bonnie,Schwartz,Gabriel
Grant,Dena,Schwartz,Cheyenne,Grant,Mauro
Schwartz,Steven,Grant,Bonnie,Schwartz,Gabriel
Grant,Geraldine,Schwartz,Cheyenne,Grant,Mauro
Schwartz,Salvatore,Grant,Bonnie,Schwartz,Gabriel
Schwartz,Olga,Grant,Bonnie,Schwartz,Gabriel
Schwartz,Ahmed,Grant,Kasandra,Schwartz,Arian
Schwartz,Kellie,Grant,Bonnie,Schwartz,Gabriel
Schwartz,Charles,Grant,Kasandra,Schwartz,Arian
Schwartz,Shiloh,Grant,Bonnie,Schwartz,Gabriel
Schwartz,Trenton,Grant,Kasandra,Schwartz,Arian
Schwartz,Shyanne,Grant,Bonnie,Schwartz,Gabriel
Schwartz,Dale,Grant,Kasandra,Schwartz,Arian
Schwartz,Ellen,Grant,Kasandra,Schwartz,Arian
Schwartz,Lamar,Grant,Kasandra,Schwartz,Arian
Schwartz,Madilyn,Grant,Kasandra,Schwartz,Arian
Schwartz,Kaden,Grant,Kasandra,Schwartz,Arian
Schwartz,Jordan,Grant,Kasandra,Schwartz,Arian
Schwartz,Charly,Grant,Selena,Schwartz,Shareef
Schwartz,Kristyn,Grant,Kasandra,Schwartz,Arian
Schwartz,Aron,Grant,Selena,Schwartz,Shareef
Schwartz,Cailin,Grant,Kasandra,Schwartz,Arian
Schwartz,Luciano,Grant,Selena,Schwartz,Shareef
Schwartz,Daphne,Grant,Kasandra,Schwartz,Arian
Schwartz,Kolton,Grant,Selena,Schwartz,Shareef
Schwartz,Emely,Grant,Kasandra,Schwartz,Arian
Schwartz,Reynaldo,Grant,Selena,Schwartz,Shareef
Schwartz,Marycather,Grant,Kasandra,Schwartz,Arian
Schwartz,Jeff,Grant,Selena,Schwartz,Shareef
Schwartz,Skylar,Grant,Selena,Schwartz,Shareef
Schwartz,Antoine,Grant,Selena,Schwartz,Shareef
Schwartz,Symone,Grant,Selena,Schwartz,Shareef
Schwartz,Deontae,Grant,Selena,Schwartz,Shareef
Schwartz,Michel,Grant,Selena,Schwartz,Shareef
Schwartz,Agustin,Grant,Selena,Schwartz,Shareef
Schwartz,Karli,Grant,Selena,Schwartz,Shareef
Schwartz,Javonte,Grant,Selena,Schwartz,Shareef
Schwartz,Eleni,Grant,Selena,Schwartz,Shareef
