Frump,Brennon,Blaha,Pamela,Frump,Mitchell
Pflugel,Justina,Aldrin,Christy,Pflugel,Bryant
Reisman,Stephon,Dunbar,Karissa,Reisman,Jules
Wisoff,Jesslyn,Morin,Tanya,Wisoff,Ryland
Wisoff,Aiden,McBride,Genna,Wisoff,Khalil
Jackson,Ivy,Foale,Tiona,Jackson,Oscar
Freeman,Dion,Truly,Shane,Freeman,Darien
Garfield,Rochelle,Fabian,Aireona,Garfield,Valentin
Bolden,Bradley,Hoover,Lila,Bolden,Fabian
Lind,Brittney,Higginbotham,Isabel,Lind,Antoine
Blaha,Earl,Zamka,Jonae,Blaha,Carlos
Evans,Georgia,Pffaff,Leeann,Evans,Denver
Bolden,Mohamed,Resnik,Kaycee,Bolden,Wanya
Lindsey,Kelley,Still,Savannah,Lindsey,Jan
Harrison,Charly,Swanson,Justice,Harrison,Mike
Wolf,Alicia,Coleman,Shaina,Wolf,Kerry
Cunningham,Tommy,Schweickart,Minnie,Cunningham,Raul
Stewart,Maisie,Wilcutt,Helena,Stewart,Toby
Linenger,Harold,Grout,Kayleen,Linenger,Terance
Kilrain,Maia,Lopez,Karla,Kilrain,Ross
Fossum,Keanu,Smith,Payton,Fossum,Ladarius
Parker,Rosemary,Reilly,Aesha,Parker,Charles
Parker,Deangelo,Sega,Destiney,Parker,Trenton
Lounge,Nathaly,McCulley,Jeffrey,Lounge,Jamir
McCulley,Heriberto,Kennedy,Yamilex,McCulley,Asa
Brady,Angelique,Foale,Krystle,Brady,Justyn
Frump,Lionel,Pflugel,Justina,Frump,Brennon
Thuot,Chelsy,Altman,Carson,Thuot,Habram
Frump,Nico,Pflugel,Justina,Frump,Brennon
Crippen,Danielle,Harding,Karena,Crippen,Clinton
Frump,Carlos,Pflugel,Justina,Frump,Brennon
England,Alisia,Cagle,Gabriella,England,Domonic
Frump,Braden,Pflugel,Justina,Frump,Brennon
Davis,Rayven,Ivins,Brianna,Davis,Osvaldo
Frump,Antonio,Pflugel,Justina,Frump,Brennon
Frump,Ali,Pflugel,Justina,Frump,Brennon
Frump,Israel,Pflugel,Justina,Frump,Brennon
Frump,Jane,Pflugel,Justina,Frump,Brennon
Reisman,Wilmer,Wisoff,Jesslyn,Reisman,Stephon
Frump,Janessa,Pflugel,Justina,Frump,Brennon
Reisman,Jose,Wisoff,Jesslyn,Reisman,Stephon
Frump,Keri,Pflugel,Justina,Frump,Brennon
Reisman,Kahlil,Wisoff,Jesslyn,Reisman,Stephon
Frump,Anisha,Pflugel,Justina,Frump,Brennon
Reisman,Daquan,Wisoff,Jesslyn,Reisman,Stephon
Frump,Alexia,Pflugel,Justina,Frump,Brennon
Reisman,Brett,Wisoff,Jesslyn,Reisman,Stephon
Reisman,Janet,Wisoff,Jesslyn,Reisman,Stephon
Reisman,Henry,Wisoff,Jesslyn,Reisman,Stephon
Reisman,Kyla,Wisoff,Jesslyn,Reisman,Stephon
Wisoff,Kurtis,Jackson,Ivy,Wisoff,Aiden
Reisman,Simone,Wisoff,Jesslyn,Reisman,Stephon
Wisoff,Brock,Jackson,Ivy,Wisoff,Aiden
Reisman,Siarra,Wisoff,Jesslyn,Reisman,Stephon
Wisoff,Samual,Jackson,Ivy,Wisoff,Aiden
Reisman,Chelsie,Wisoff,Jesslyn,Reisman,Stephon
Wisoff,Dorian,Jackson,Ivy,Wisoff,Aiden
Reisman,Isis,Wisoff,Jesslyn,Reisman,Stephon
Wisoff,Mohammed,Jackson,Ivy,Wisoff,Aiden
Wisoff,Ramona,Jackson,Ivy,Wisoff,Aiden
Wisoff,Justus,Jackson,Ivy,Wisoff,Aiden
Wisoff,Kaitlin,Jackson,Ivy,Wisoff,Aiden
Wisoff,Beau,Jackson,Ivy,Wisoff,Aiden
Wisoff,Connie,Jackson,Ivy,Wisoff,Aiden
Wisoff,Dwayne,Jackson,Ivy,Wisoff,Aiden
Wisoff,Haleigh,Jackson,Ivy,Wisoff,Aiden
Freeman,Jesus,Garfield,Rochelle,Freeman,Dion
Freeman,Kira,Garfield,Rochelle,Freeman,Dion
Freeman,Tyran,Garfield,Rochelle,Freeman,Dion
Freeman,Klee,Garfield,Rochelle,Freeman,Dion
Freeman,Buford,Garfield,Rochelle,Freeman,Dion
Freeman,Maddison,Garfield,Rochelle,Freeman,Dion
Bolden,Brodie,Lind,Brittney,Bolden,Bradley
Freeman,Nancy,Garfield,Rochelle,Freeman,Dion
Bolden,Travon,Lind,Brittney,Bolden,Bradley
Freeman,Kerry,Garfield,Rochelle,Freeman,Dion
Bolden,Dreshaun,Lind,Brittney,Bolden,Bradley
Freeman,Jaimie,Garfield,Rochelle,Freeman,Dion
Bolden,Scott,Lind,Brittney,Bolden,Bradley
Bolden,Tiffani,Lind,Brittney,Bolden,Bradley
Bolden,Jordin,Lind,Brittney,Bolden,Bradley
Bolden,Carolina,Lind,Brittney,Bolden,Bradley
Blaha,Evan,Evans,Georgia,Blaha,Earl
Bolden,Stacey,Lind,Brittney,Bolden,Bradley
Blaha,Sutton,Evans,Georgia,Blaha,Earl
Bolden,Summer,Lind,Brittney,Bolden,Bradley
Blaha,Skylar,Evans,Georgia,Blaha,Earl
Bolden,Nyasia,Lind,Brittney,Bolden,Bradley
Blaha,Jayson,Evans,Georgia,Blaha,Earl
Bolden,Taylor,Lind,Brittney,Bolden,Bradley
Blaha,Keegan,Evans,Georgia,Blaha,Earl
Blaha,Savanah,Evans,Georgia,Blaha,Earl
Blaha,Geordan,Evans,Georgia,Blaha,Earl
Blaha,Chandler,Evans,Georgia,Blaha,Earl
Bolden,Garin,Lindsey,Kelley,Bolden,Mohamed
Blaha,Xochitl,Evans,Georgia,Blaha,Earl
Bolden,Danny,Lindsey,Kelley,Bolden,Mohamed
Bolden,Marina,Lindsey,Kelley,Bolden,Mohamed
Bolden,Trenton,Lindsey,Kelley,Bolden,Mohamed
Bolden,Devon,Lindsey,Kelley,Bolden,Mohamed
Bolden,Orion,Lindsey,Kelley,Bolden,Mohamed
Bolden,Kyra,Lindsey,Kelley,Bolden,Mohamed
Bolden,Killian,Lindsey,Kelley,Bolden,Mohamed
Bolden,Chardonnay,Lindsey,Kelley,Bolden,Mohamed
Bolden,Steven,Lindsey,Kelley,Bolden,Mohamed
Bolden,Ashtin,Lindsey,Kelley,Bolden,Mohamed
Bolden,Jerryd,Lindsey,Kelley,Bolden,Mohamed
Bolden,Tiffanie,Lindsey,Kelley,Bolden,Mohamed
Harrison,Idris,Wolf,Alicia,Harrison,Charly
Harrison,Lynda,Wolf,Alicia,Harrison,Charly
Harrison,Tevin,Wolf,Alicia,Harrison,Charly
Harrison,Savanna,Wolf,Alicia,Harrison,Charly
Cunningham,Shane,Stewart,Maisie,Cunningham,Tommy
Harrison,Jane,Wolf,Alicia,Harrison,Charly
Linenger,Adan,Kilrain,Maia,Linenger,Harold
Harrison,Trista,Wolf,Alicia,Harrison,Charly
Linenger,Maximilian,Kilrain,Maia,Linenger,Harold
Harrison,Joyce,Wolf,Alicia,Harrison,Charly
Linenger,Jessee,Kilrain,Maia,Linenger,Harold
Harrison,Kaci,Wolf,Alicia,Harrison,Charly
Linenger,Tom,Kilrain,Maia,Linenger,Harold
Cunningham,Natalie,Stewart,Maisie,Cunningham,Tommy
Linenger,Allan,Kilrain,Maia,Linenger,Harold
Cunningham,Moriah,Stewart,Maisie,Cunningham,Tommy
Parker,Francis,Lounge,Nathaly,Parker,Deangelo
Cunningham,Tiana,Stewart,Maisie,Cunningham,Tommy
Parker,Eddie,Lounge,Nathaly,Parker,Deangelo
Linenger,Jessa,Kilrain,Maia,Linenger,Harold
Parker,Kieran,Lounge,Nathaly,Parker,Deangelo
Linenger,Markia,Kilrain,Maia,Linenger,Harold
Parker,Karl,Lounge,Nathaly,Parker,Deangelo
Linenger,Ashlee,Kilrain,Maia,Linenger,Harold
Parker,Trevon,Lounge,Nathaly,Parker,Deangelo
Fossum,Alisa,Parker,Rosemary,Fossum,Keanu
McCulley,Joey,Brady,Angelique,McCulley,Heriberto
Fossum,Shianne,Parker,Rosemary,Fossum,Keanu
McCulley,Reynaldo,Brady,Angelique,McCulley,Heriberto
Fossum,Maegan,Parker,Rosemary,Fossum,Keanu
McCulley,Alexis,Brady,Angelique,McCulley,Heriberto
Parker,Caitlynn,Lounge,Nathaly,Parker,Deangelo
McCulley,Devyn,Brady,Angelique,McCulley,Heriberto
Parker,Shirley,Lounge,Nathaly,Parker,Deangelo
McCulley,Darian,Brady,Angelique,McCulley,Heriberto
Parker,Iris,Lounge,Nathaly,Parker,Deangelo
McCulley,Issac,Brady,Angelique,McCulley,Heriberto
McCulley,Alannah,Brady,Angelique,McCulley,Heriberto
McCulley,Bryce,Brady,Angelique,McCulley,Heriberto
McCulley,Camila,Brady,Angelique,McCulley,Heriberto
McCulley,Trevon,Brady,Angelique,McCulley,Heriberto
McCulley,Irene,Brady,Angelique,McCulley,Heriberto
McCulley,Elijah,Brady,Angelique,McCulley,Heriberto
McCulley,Dayna,Brady,Angelique,McCulley,Heriberto
McCulley,Stephanie,Brady,Angelique,McCulley,Heriberto
McCulley,Myra,Brady,Angelique,McCulley,Heriberto
Frump,Colton,Thuot,Chelsy,Frump,Lionel
McCulley,Jayda,Brady,Angelique,McCulley,Heriberto
Frump,Carter,Thuot,Chelsy,Frump,Lionel
McCulley,Mackenzie,Brady,Angelique,McCulley,Heriberto
Frump,Shemar,Thuot,Chelsy,Frump,Lionel
McCulley,Mallory,Brady,Angelique,McCulley,Heriberto
Frump,Rodney,Thuot,Chelsy,Frump,Lionel
McCulley,Meagan,Brady,Angelique,McCulley,Heriberto
Frump,Britton,Thuot,Chelsy,Frump,Lionel
McCulley,Yasmine,Brady,Angelique,McCulley,Heriberto
Frump,Nathaniel,Thuot,Chelsy,Frump,Lionel
Frump,Aishah,Thuot,Chelsy,Frump,Lionel
Frump,Ricardo,Thuot,Chelsy,Frump,Lionel
Frump,Brook,Thuot,Chelsy,Frump,Lionel
Frump,Malachi,Thuot,Chelsy,Frump,Lionel
Frump,Iesha,Thuot,Chelsy,Frump,Lionel
Frump,Javen,Thuot,Chelsy,Frump,Lionel
Frump,Audrey,Crippen,Danielle,Frump,Nico
Frump,Guy,Crippen,Danielle,Frump,Nico
Frump,Katy,Crippen,Danielle,Frump,Nico
Frump,Johnathen,Crippen,Danielle,Frump,Nico
Frump,Ashleigh,Crippen,Danielle,Frump,Nico
Frump,Cody,Crippen,Danielle,Frump,Nico
Frump,Nayeli,England,Alisia,Frump,Carlos
Frump,Lukas,Crippen,Danielle,Frump,Nico
Frump,Graciela,England,Alisia,Frump,Carlos
Frump,Kelton,Crippen,Danielle,Frump,Nico
Frump,Candace,England,Alisia,Frump,Carlos
Frump,Javonte,Crippen,Danielle,Frump,Nico
Frump,Cheyanna,England,Alisia,Frump,Carlos
Frump,Bill,England,Alisia,Frump,Carlos
Frump,Ida,England,Alisia,Frump,Carlos
Frump,Kody,England,Alisia,Frump,Carlos
Frump,Kelsie,Davis,Rayven,Frump,Braden
Frump,Gonzalo,England,Alisia,Frump,Carlos
Frump,Elaine,Davis,Rayven,Frump,Braden
Frump,Sterling,England,Alisia,Frump,Carlos
Frump,Mykelle,Reisman,Janet,Frump,Antonio
Frump,Sutton,England,Alisia,Frump,Carlos
Frump,Emilee,Reisman,Janet,Frump,Antonio
Frump,Dominique,England,Alisia,Frump,Carlos
Frump,Abigayle,Reisman,Janet,Frump,Antonio
Frump,Nathanael,England,Alisia,Frump,Carlos
Frump,Monika,Reisman,Janet,Frump,Antonio
Frump,Dominic,England,Alisia,Frump,Carlos
Frump,Makenzie,Reisman,Janet,Frump,Antonio
Frump,Kieran,Davis,Rayven,Frump,Braden
Frump,Britney,Reisman,Janet,Frump,Antonio
Frump,Bryce,Davis,Rayven,Frump,Braden
Frump,Calandra,Reisman,Janet,Frump,Antonio
Frump,Raphael,Reisman,Janet,Frump,Antonio
Frump,Suzanna,Reisman,Janet,Frump,Antonio
Frump,Mauricio,Reisman,Janet,Frump,Antonio
Frump,Cassandra,Reisman,Janet,Frump,Antonio
Frump,Kyle,Reisman,Janet,Frump,Antonio
Frump,Giselle,Reisman,Janet,Frump,Antonio
Frump,Gilbert,Reisman,Janet,Frump,Antonio
Frump,Kaycee,Reisman,Janet,Frump,Antonio
Frump,Campbell,Reisman,Janet,Frump,Antonio
Frump,Marina,Reisman,Kyla,Frump,Israel
Frump,Donovan,Reisman,Janet,Frump,Antonio
Frump,Reyanna,Reisman,Kyla,Frump,Israel
Frump,Zachariah,Reisman,Janet,Frump,Antonio
Frump,Kelsey,Reisman,Kyla,Frump,Israel
Frump,Miguel,Reisman,Janet,Frump,Antonio
Frump,Isabella,Reisman,Kyla,Frump,Israel
Frump,Ervin,Reisman,Kyla,Frump,Israel
Frump,Tiera,Reisman,Kyla,Frump,Israel
Frump,Patrick,Reisman,Kyla,Frump,Israel
Frump,Tiffani,Reisman,Kyla,Frump,Israel
Frump,Esau,Reisman,Kyla,Frump,Israel
Frump,Suzette,Reisman,Kyla,Frump,Israel
Frump,Elijah,Reisman,Kyla,Frump,Israel
Frump,Lydia,Reisman,Kyla,Frump,Israel
Frump,Adonis,Reisman,Kyla,Frump,Israel
Frump,Tamra,Reisman,Kyla,Frump,Israel
Frump,Montana,Reisman,Kyla,Frump,Israel
Reisman,Itzel,Frump,Ali,Reisman,Wilmer
Frump,Alfonso,Reisman,Kyla,Frump,Israel
Reisman,Ixchel,Frump,Ali,Reisman,Wilmer
Frump,Jessee,Reisman,Kyla,Frump,Israel
Reisman,Rosalinda,Frump,Ali,Reisman,Wilmer
Frump,Irfan,Reisman,Kyla,Frump,Israel
Reisman,Cara,Frump,Ali,Reisman,Wilmer
Frump,Perry,Reisman,Kyla,Frump,Israel
Reisman,Makena,Frump,Ali,Reisman,Wilmer
Reisman,Fredy,Frump,Ali,Reisman,Wilmer
Reisman,Marilyn,Frump,Jane,Reisman,Jose
Reisman,River,Frump,Ali,Reisman,Wilmer
Reisman,Zaria,Frump,Jane,Reisman,Jose
Reisman,Alden,Frump,Ali,Reisman,Wilmer
Reisman,Kiersten,Frump,Jane,Reisman,Jose
Reisman,Paul,Frump,Ali,Reisman,Wilmer
Reisman,Kierra,Frump,Janessa,Reisman,Kahlil
Reisman,Moses,Frump,Ali,Reisman,Wilmer
Reisman,Giuliana,Frump,Janessa,Reisman,Kahlil
Reisman,Izaiah,Frump,Ali,Reisman,Wilmer
Reisman,Sonya,Frump,Janessa,Reisman,Kahlil
Reisman,Benito,Frump,Ali,Reisman,Wilmer
Reisman,Kenyetta,Frump,Janessa,Reisman,Kahlil
Reisman,Arturo,Frump,Ali,Reisman,Wilmer
Reisman,Hunter,Frump,Janessa,Reisman,Kahlil
Reisman,Deleon,Frump,Ali,Reisman,Wilmer
Reisman,Tory,Frump,Keri,Reisman,Daquan
Reisman,Gilbert,Frump,Ali,Reisman,Wilmer
Reisman,Joselin,Frump,Keri,Reisman,Daquan
Reisman,Brice,Frump,Jane,Reisman,Jose
Reisman,Juliette,Frump,Keri,Reisman,Daquan
Reisman,Benjamen,Frump,Jane,Reisman,Jose
Reisman,Dallas,Frump,Keri,Reisman,Daquan
Reisman,Aspen,Frump,Jane,Reisman,Jose
Reisman,Mikhaila,Frump,Keri,Reisman,Daquan
Reisman,Dakotah,Frump,Jane,Reisman,Jose
Reisman,Valentina,Frump,Keri,Reisman,Daquan
Reisman,Efrain,Frump,Janessa,Reisman,Kahlil
Reisman,Minna,Frump,Anisha,Reisman,Brett
Reisman,Elias,Frump,Janessa,Reisman,Kahlil
Reisman,Ashtin,Frump,Anisha,Reisman,Brett
Reisman,Marlon,Frump,Janessa,Reisman,Kahlil
Reisman,Dakota,Frump,Anisha,Reisman,Brett
Reisman,Andy,Frump,Janessa,Reisman,Kahlil
Reisman,Brooke,Frump,Anisha,Reisman,Brett
Reisman,Joan,Frump,Janessa,Reisman,Kahlil
Reisman,Keana,Frump,Anisha,Reisman,Brett
Reisman,Nicholas,Frump,Janessa,Reisman,Kahlil
Reisman,Gwendolyn,Frump,Anisha,Reisman,Brett
Reisman,Jessee,Frump,Keri,Reisman,Daquan
Reisman,Shakia,Frump,Alexia,Reisman,Henry
Reisman,Shmuel,Frump,Keri,Reisman,Daquan
Reisman,Carissa,Frump,Alexia,Reisman,Henry
Reisman,Nico,Frump,Keri,Reisman,Daquan
Wisoff,Emmalee,Reisman,Simone,Wisoff,Kurtis
Reisman,Maximilian,Frump,Anisha,Reisman,Brett
Wisoff,Jesica,Reisman,Simone,Wisoff,Kurtis
Reisman,Deontae,Frump,Anisha,Reisman,Brett
Wisoff,Dandrea,Reisman,Siarra,Wisoff,Brock
Reisman,Jayden,Frump,Anisha,Reisman,Brett
Wisoff,Alyssa,Reisman,Siarra,Wisoff,Brock
Reisman,Marques,Frump,Anisha,Reisman,Brett
Wisoff,Xochitl,Reisman,Chelsie,Wisoff,Samual
Reisman,Carlos,Frump,Anisha,Reisman,Brett
Wisoff,Bryanna,Reisman,Chelsie,Wisoff,Samual
Reisman,Roman,Frump,Anisha,Reisman,Brett
Wisoff,Lucy,Reisman,Chelsie,Wisoff,Samual
Reisman,Troy,Frump,Anisha,Reisman,Brett
Wisoff,Sienna,Reisman,Chelsie,Wisoff,Samual
Reisman,Maverick,Frump,Anisha,Reisman,Brett
Wisoff,Micah,Reisman,Chelsie,Wisoff,Samual
Reisman,Cole,Frump,Anisha,Reisman,Brett
Wisoff,Rebekah,Reisman,Chelsie,Wisoff,Samual
Reisman,Jevin,Frump,Anisha,Reisman,Brett
Wisoff,Josie,Reisman,Isis,Wisoff,Dorian
Reisman,Alonso,Frump,Anisha,Reisman,Brett
Wisoff,Kerry,Reisman,Isis,Wisoff,Dorian
Reisman,Zachery,Frump,Anisha,Reisman,Brett
Wisoff,Kristian,Reisman,Isis,Wisoff,Dorian
Reisman,Domonic,Frump,Anisha,Reisman,Brett
Wisoff,Jennie,Freeman,Kira,Wisoff,Mohammed
Reisman,Perry,Frump,Alexia,Reisman,Henry
Wisoff,Jadah,Freeman,Kira,Wisoff,Mohammed
Reisman,Payton,Frump,Alexia,Reisman,Henry
Wisoff,Krupa,Freeman,Kira,Wisoff,Mohammed
Reisman,Jeff,Frump,Alexia,Reisman,Henry
Wisoff,Carlie,Freeman,Klee,Wisoff,Justus
Reisman,Raphael,Frump,Alexia,Reisman,Henry
Wisoff,Monika,Freeman,Klee,Wisoff,Justus
Reisman,Nick,Frump,Alexia,Reisman,Henry
Wisoff,Jessica,Freeman,Klee,Wisoff,Justus
Reisman,Slaten,Frump,Alexia,Reisman,Henry
Wisoff,Bonnie,Freeman,Klee,Wisoff,Justus
Wisoff,James,Reisman,Simone,Wisoff,Kurtis
Wisoff,Jazmyn,Freeman,Klee,Wisoff,Justus
Wisoff,Jared,Reisman,Simone,Wisoff,Kurtis
Wisoff,Mckayla,Freeman,Maddison,Wisoff,Beau
Wisoff,Nour,Reisman,Simone,Wisoff,Kurtis
Wisoff,Margo,Freeman,Maddison,Wisoff,Beau
Wisoff,Guadalupe,Reisman,Simone,Wisoff,Kurtis
Wisoff,Shayna,Freeman,Maddison,Wisoff,Beau
Wisoff,Dennis,Reisman,Simone,Wisoff,Kurtis
Wisoff,Nadia,Freeman,Maddison,Wisoff,Beau
Wisoff,Maxwell,Reisman,Simone,Wisoff,Kurtis
Wisoff,Mikayla,Freeman,Maddison,Wisoff,Beau
Wisoff,Kristofer,Reisman,Simone,Wisoff,Kurtis
Wisoff,Jazmon,Freeman,Maddison,Wisoff,Beau
Wisoff,Quintyn,Reisman,Simone,Wisoff,Kurtis
Wisoff,Emily,Freeman,Maddison,Wisoff,Beau
Wisoff,Quayshawn,Reisman,Siarra,Wisoff,Brock
Wisoff,Kelci,Freeman,Nancy,Wisoff,Dwayne
Wisoff,Sergio,Reisman,Siarra,Wisoff,Brock
Wisoff,Alex,Freeman,Nancy,Wisoff,Dwayne
Wisoff,Josejuan,Reisman,Chelsie,Wisoff,Samual
Wisoff,Marlen,Freeman,Nancy,Wisoff,Dwayne
Wisoff,Tristen,Reisman,Chelsie,Wisoff,Samual
Wisoff,Kirstie,Freeman,Nancy,Wisoff,Dwayne
Wisoff,Tomas,Reisman,Chelsie,Wisoff,Samual
Wisoff,Jami,Freeman,Nancy,Wisoff,Dwayne
Wisoff,Dontae,Reisman,Chelsie,Wisoff,Samual
Wisoff,Patrice,Freeman,Nancy,Wisoff,Dwayne
Wisoff,Zackery,Reisman,Chelsie,Wisoff,Samual
Wisoff,Montana,Freeman,Nancy,Wisoff,Dwayne
Wisoff,Quincy,Reisman,Chelsie,Wisoff,Samual
Freeman,Brenna,Wisoff,Ramona,Freeman,Jesus
Wisoff,Braeden,Reisman,Isis,Wisoff,Dorian
Freeman,Mykelle,Wisoff,Ramona,Freeman,Jesus
Wisoff,Allen,Reisman,Isis,Wisoff,Dorian
Freeman,Madison,Wisoff,Ramona,Freeman,Jesus
Wisoff,Yvan,Reisman,Isis,Wisoff,Dorian
Freeman,Jean,Wisoff,Ramona,Freeman,Jesus
Wisoff,Kelvin,Reisman,Isis,Wisoff,Dorian
Freeman,Cristal,Wisoff,Ramona,Freeman,Jesus
Wisoff,Corey,Reisman,Isis,Wisoff,Dorian
Freeman,Carmelita,Wisoff,Ramona,Freeman,Jesus
Wisoff,Peter,Freeman,Kira,Wisoff,Mohammed
Freeman,Kenia,Wisoff,Kaitlin,Freeman,Tyran
Wisoff,Winston,Freeman,Klee,Wisoff,Justus
Freeman,Saige,Wisoff,Kaitlin,Freeman,Tyran
Wisoff,Avery,Freeman,Klee,Wisoff,Justus
Freeman,Allison,Wisoff,Kaitlin,Freeman,Tyran
Wisoff,Jamison,Freeman,Klee,Wisoff,Justus
Freeman,Shanyce,Wisoff,Connie,Freeman,Buford
Wisoff,Travon,Freeman,Maddison,Wisoff,Beau
Freeman,Sierra,Wisoff,Connie,Freeman,Buford
Wisoff,Mohamad,Freeman,Maddison,Wisoff,Beau
Freeman,Brecken,Wisoff,Connie,Freeman,Buford
Wisoff,Alfonso,Freeman,Maddison,Wisoff,Beau
Freeman,Janet,Wisoff,Connie,Freeman,Buford
Wisoff,Buford,Freeman,Maddison,Wisoff,Beau
Freeman,Sophie,Wisoff,Connie,Freeman,Buford
Wisoff,Byron,Freeman,Maddison,Wisoff,Beau
Freeman,Kaylie,Wisoff,Connie,Freeman,Buford
Wisoff,Leonel,Freeman,Nancy,Wisoff,Dwayne
Freeman,Macie,Wisoff,Connie,Freeman,Buford
Wisoff,Josue,Freeman,Nancy,Wisoff,Dwayne
Freeman,Leah,Wisoff,Connie,Freeman,Buford
Wisoff,Chad,Freeman,Nancy,Wisoff,Dwayne
Freeman,Lesley,Wisoff,Connie,Freeman,Buford
Wisoff,Jessee,Freeman,Nancy,Wisoff,Dwayne
Freeman,Ebone,Wisoff,Connie,Freeman,Buford
Wisoff,Jacoby,Freeman,Nancy,Wisoff,Dwayne
Bolden,Nadia,Wisoff,Haleigh,Bolden,Brodie
Wisoff,Jan,Freeman,Nancy,Wisoff,Dwayne
Bolden,Ayla,Wisoff,Haleigh,Bolden,Brodie
Wisoff,Rahim,Freeman,Nancy,Wisoff,Dwayne
Bolden,Dania,Freeman,Kerry,Bolden,Travon
Wisoff,Jesus,Freeman,Nancy,Wisoff,Dwayne
Bolden,Edith,Freeman,Kerry,Bolden,Travon
Wisoff,Jeremey,Freeman,Nancy,Wisoff,Dwayne
Bolden,Zoey,Freeman,Kerry,Bolden,Travon
Wisoff,Benjamen,Freeman,Nancy,Wisoff,Dwayne
Bolden,Shakira,Freeman,Kerry,Bolden,Travon
Wisoff,Emmanuel,Freeman,Nancy,Wisoff,Dwayne
Bolden,Stormy,Freeman,Kerry,Bolden,Travon
Freeman,Blake,Wisoff,Ramona,Freeman,Jesus
Bolden,Chelsy,Freeman,Kerry,Bolden,Travon
Freeman,Jamie,Wisoff,Ramona,Freeman,Jesus
Bolden,Shayna,Freeman,Kerry,Bolden,Travon
Freeman,William,Wisoff,Ramona,Freeman,Jesus
Bolden,Kinsey,Freeman,Jaimie,Bolden,Dreshaun
Freeman,Rory,Wisoff,Ramona,Freeman,Jesus
Bolden,Ariana,Freeman,Jaimie,Bolden,Dreshaun
Freeman,Leonel,Wisoff,Ramona,Freeman,Jesus
Bolden,Ryann,Blaha,Savanah,Bolden,Scott
Freeman,Dana,Wisoff,Ramona,Freeman,Jesus
Bolden,Ciarra,Blaha,Savanah,Bolden,Scott
Freeman,Roland,Wisoff,Ramona,Freeman,Jesus
Bolden,Alicia,Blaha,Chandler,Bolden,Jordin
Freeman,Jayce,Wisoff,Ramona,Freeman,Jesus
Bolden,Leandra,Blaha,Chandler,Bolden,Jordin
Freeman,Kade,Wisoff,Ramona,Freeman,Jesus
Bolden,Kiesha,Blaha,Chandler,Bolden,Jordin
Freeman,Jairo,Wisoff,Kaitlin,Freeman,Tyran
Bolden,Micah,Blaha,Chandler,Bolden,Jordin
Freeman,Shlomo,Wisoff,Kaitlin,Freeman,Tyran
Blaha,Alana,Bolden,Tiffani,Blaha,Evan
Freeman,Kyle,Wisoff,Kaitlin,Freeman,Tyran
Blaha,Yesenia,Bolden,Tiffani,Blaha,Evan
Freeman,Lionel,Wisoff,Connie,Freeman,Buford
Blaha,Bonnie,Bolden,Tiffani,Blaha,Evan
Freeman,Spenser,Wisoff,Connie,Freeman,Buford
Blaha,Carol,Bolden,Tiffani,Blaha,Evan
Freeman,Dallin,Wisoff,Connie,Freeman,Buford
Blaha,Kaytlyn,Bolden,Tiffani,Blaha,Evan
Freeman,Tyson,Wisoff,Connie,Freeman,Buford
Blaha,Rian,Bolden,Tiffani,Blaha,Evan
Freeman,Gunnar,Wisoff,Connie,Freeman,Buford
Blaha,Kiersten,Bolden,Tiffani,Blaha,Evan
Freeman,Kahlil,Wisoff,Connie,Freeman,Buford
Blaha,Kirsten,Bolden,Tiffani,Blaha,Evan
Freeman,Malachi,Wisoff,Connie,Freeman,Buford
Blaha,Itzel,Bolden,Carolina,Blaha,Sutton
Freeman,Kelton,Wisoff,Connie,Freeman,Buford
Blaha,Aileen,Bolden,Carolina,Blaha,Sutton
Freeman,Dane,Wisoff,Connie,Freeman,Buford
Blaha,Maia,Bolden,Carolina,Blaha,Sutton
Freeman,Graham,Wisoff,Connie,Freeman,Buford
Blaha,Maren,Bolden,Carolina,Blaha,Sutton
Bolden,Patrick,Wisoff,Haleigh,Bolden,Brodie
Blaha,Hanna,Bolden,Carolina,Blaha,Sutton
Bolden,Damien,Wisoff,Haleigh,Bolden,Brodie
Blaha,Nicole,Bolden,Carolina,Blaha,Sutton
Bolden,Keion,Freeman,Kerry,Bolden,Travon
Blaha,Geneva,Bolden,Stacey,Blaha,Skylar
Bolden,Lazaro,Freeman,Kerry,Bolden,Travon
Blaha,Yessenia,Bolden,Stacey,Blaha,Skylar
Bolden,Gustavo,Freeman,Kerry,Bolden,Travon
Blaha,Jaycie,Bolden,Stacey,Blaha,Skylar
Bolden,Deante,Freeman,Kerry,Bolden,Travon
Blaha,Aireona,Bolden,Stacey,Blaha,Skylar
Bolden,Jacoby,Freeman,Kerry,Bolden,Travon
Blaha,Kendyl,Bolden,Stacey,Blaha,Skylar
Bolden,Conrad,Freeman,Kerry,Bolden,Travon
Blaha,Latosha,Bolden,Stacey,Blaha,Skylar
Bolden,Keshaun,Freeman,Jaimie,Bolden,Dreshaun
Blaha,Deanna,Bolden,Stacey,Blaha,Skylar
Bolden,Isidro,Freeman,Jaimie,Bolden,Dreshaun
Blaha,Kristina,Bolden,Stacey,Blaha,Skylar
Bolden,Ishmael,Freeman,Jaimie,Bolden,Dreshaun
Blaha,Leslie,Bolden,Stacey,Blaha,Skylar
Bolden,Perry,Blaha,Savanah,Bolden,Scott
Blaha,Maggie,Bolden,Summer,Blaha,Jayson
Bolden,Armando,Blaha,Chandler,Bolden,Jordin
Blaha,Lilian,Bolden,Summer,Blaha,Jayson
Bolden,Frederick,Blaha,Chandler,Bolden,Jordin
Blaha,Caroline,Bolden,Summer,Blaha,Jayson
Bolden,Noel,Blaha,Chandler,Bolden,Jordin
Blaha,Katie,Bolden,Summer,Blaha,Jayson
Bolden,Coby,Blaha,Chandler,Bolden,Jordin
Blaha,Tayler,Bolden,Summer,Blaha,Jayson
Bolden,Riley,Blaha,Chandler,Bolden,Jordin
Blaha,Libby,Bolden,Summer,Blaha,Jayson
Blaha,Trae,Bolden,Tiffani,Blaha,Evan
Blaha,Allysa,Bolden,Summer,Blaha,Jayson
Blaha,Brennan,Bolden,Tiffani,Blaha,Evan
Blaha,Addison,Bolden,Summer,Blaha,Jayson
Blaha,Dangelo,Bolden,Tiffani,Blaha,Evan
Blaha,Demi,Bolden,Summer,Blaha,Jayson
Blaha,Kalon,Bolden,Tiffani,Blaha,Evan
Blaha,Alisa,Bolden,Summer,Blaha,Jayson
Blaha,Patric,Bolden,Tiffani,Blaha,Evan
Blaha,Rubi,Bolden,Summer,Blaha,Jayson
Blaha,Salvatore,Bolden,Tiffani,Blaha,Evan
Blaha,Alysha,Bolden,Summer,Blaha,Jayson
Blaha,Martin,Bolden,Tiffani,Blaha,Evan
Blaha,Lisette,Bolden,Summer,Blaha,Jayson
Blaha,Mohammed,Bolden,Tiffani,Blaha,Evan
Blaha,Krista,Bolden,Summer,Blaha,Jayson
Blaha,Mohamed,Bolden,Tiffani,Blaha,Evan
Blaha,Milena,Bolden,Summer,Blaha,Jayson
Blaha,Braeden,Bolden,Carolina,Blaha,Sutton
Blaha,Viviana,Bolden,Summer,Blaha,Jayson
Blaha,Jack,Bolden,Carolina,Blaha,Sutton
Blaha,Rayven,Bolden,Nyasia,Blaha,Keegan
Blaha,Rudy,Bolden,Carolina,Blaha,Sutton
Blaha,Keisha,Bolden,Nyasia,Blaha,Keegan
Blaha,Travon,Bolden,Carolina,Blaha,Sutton
Blaha,Valencia,Bolden,Nyasia,Blaha,Keegan
Blaha,Ivan,Bolden,Carolina,Blaha,Sutton
Blaha,Myra,Bolden,Nyasia,Blaha,Keegan
Blaha,Jesse,Bolden,Stacey,Blaha,Skylar
Blaha,Madeleine,Bolden,Nyasia,Blaha,Keegan
Blaha,Edward,Bolden,Stacey,Blaha,Skylar
Blaha,Britney,Bolden,Nyasia,Blaha,Keegan
Blaha,Rolando,Bolden,Stacey,Blaha,Skylar
Blaha,Ryann,Bolden,Nyasia,Blaha,Keegan
Blaha,Quintyn,Bolden,Stacey,Blaha,Skylar
Blaha,Sabreen,Bolden,Nyasia,Blaha,Keegan
Blaha,Roy,Bolden,Stacey,Blaha,Skylar
Blaha,Camilla,Bolden,Nyasia,Blaha,Keegan
Blaha,Jajuan,Bolden,Stacey,Blaha,Skylar
Blaha,Keira,Bolden,Nyasia,Blaha,Keegan
Blaha,Soren,Bolden,Summer,Blaha,Jayson
Blaha,Avery,Bolden,Taylor,Blaha,Geordan
Blaha,Ernest,Bolden,Summer,Blaha,Jayson
Bolden,Yesenia,Blaha,Xochitl,Bolden,Garin
Blaha,Treshaun,Bolden,Summer,Blaha,Jayson
Bolden,Jalen,Blaha,Xochitl,Bolden,Garin
Blaha,Keshaun,Bolden,Summer,Blaha,Jayson
Bolden,Maeghan,Blaha,Xochitl,Bolden,Garin
Blaha,Sammie,Bolden,Nyasia,Blaha,Keegan
Bolden,Marisol,Blaha,Xochitl,Bolden,Garin
Blaha,Donte,Bolden,Nyasia,Blaha,Keegan
Bolden,Aubrie,Harrison,Lynda,Bolden,Danny
Blaha,Diamond,Bolden,Nyasia,Blaha,Keegan
Bolden,Shuntara,Harrison,Lynda,Bolden,Danny
Blaha,Michel,Bolden,Nyasia,Blaha,Keegan
Bolden,Demi,Harrison,Lynda,Bolden,Danny
Blaha,Arthur,Bolden,Taylor,Blaha,Geordan
Bolden,Lyric,Harrison,Lynda,Bolden,Danny
Blaha,Zev,Bolden,Taylor,Blaha,Geordan
Bolden,Blaine,Harrison,Lynda,Bolden,Danny
Bolden,Derrick,Blaha,Xochitl,Bolden,Garin
Bolden,Octavia,Harrison,Lynda,Bolden,Danny
Bolden,Forrest,Blaha,Xochitl,Bolden,Garin
Bolden,Darrian,Harrison,Lynda,Bolden,Danny
Bolden,Kegan,Blaha,Xochitl,Bolden,Garin
Bolden,Nicolette,Harrison,Savanna,Bolden,Trenton
Bolden,Cullen,Blaha,Xochitl,Bolden,Garin
Bolden,Esmeralda,Harrison,Jane,Bolden,Orion
Bolden,Devante,Blaha,Xochitl,Bolden,Garin
Bolden,Shelly,Harrison,Jane,Bolden,Orion
Bolden,Harold,Blaha,Xochitl,Bolden,Garin
Bolden,Josey,Harrison,Jane,Bolden,Orion
Bolden,Vinh,Harrison,Lynda,Bolden,Danny
Bolden,Elaine,Harrison,Jane,Bolden,Orion
Bolden,Johnathan,Harrison,Lynda,Bolden,Danny
Bolden,Nell,Harrison,Jane,Bolden,Orion
Bolden,Fredrick,Harrison,Lynda,Bolden,Danny
Bolden,Sariah,Harrison,Trista,Bolden,Killian
Bolden,Latrell,Harrison,Lynda,Bolden,Danny
Bolden,Devany,Harrison,Trista,Bolden,Killian
Bolden,Addison,Harrison,Lynda,Bolden,Danny
Bolden,Shea,Harrison,Joyce,Bolden,Steven
Bolden,Kelvin,Harrison,Lynda,Bolden,Danny
Bolden,Mindi,Harrison,Joyce,Bolden,Steven
Bolden,Freeman,Harrison,Savanna,Bolden,Trenton
Bolden,Suzanne,Harrison,Joyce,Bolden,Steven
Bolden,Kareem,Harrison,Savanna,Bolden,Trenton
Bolden,Ariel,Harrison,Joyce,Bolden,Steven
Bolden,Edgardo,Harrison,Jane,Bolden,Orion
Bolden,Ruby,Harrison,Joyce,Bolden,Steven
Bolden,Landon,Harrison,Jane,Bolden,Orion
Bolden,Willow,Harrison,Joyce,Bolden,Steven
Bolden,Carl,Harrison,Jane,Bolden,Orion
Bolden,Stephany,Harrison,Joyce,Bolden,Steven
Bolden,Taquan,Harrison,Jane,Bolden,Orion
Bolden,Bethany,Harrison,Joyce,Bolden,Steven
Bolden,Olivier,Harrison,Jane,Bolden,Orion
Bolden,Skye,Harrison,Kaci,Bolden,Jerryd
Bolden,Jonathon,Harrison,Jane,Bolden,Orion
Bolden,Mayra,Harrison,Kaci,Bolden,Jerryd
Bolden,Oneil,Harrison,Jane,Bolden,Orion
Bolden,Anissa,Harrison,Kaci,Bolden,Jerryd
Bolden,Gannon,Harrison,Jane,Bolden,Orion
Bolden,Kyle,Harrison,Kaci,Bolden,Jerryd
Bolden,Geoffrey,Harrison,Jane,Bolden,Orion
Bolden,Jaymie,Harrison,Kaci,Bolden,Jerryd
Bolden,Samual,Harrison,Jane,Bolden,Orion
Bolden,Bridgett,Harrison,Kaci,Bolden,Jerryd
Bolden,Grady,Harrison,Trista,Bolden,Killian
Bolden,Melissa,Harrison,Kaci,Bolden,Jerryd
Bolden,Irfan,Harrison,Trista,Bolden,Killian
Bolden,Natalia,Harrison,Kaci,Bolden,Jerryd
Bolden,Kerry,Harrison,Joyce,Bolden,Steven
Bolden,Nichole,Harrison,Kaci,Bolden,Jerryd
Bolden,Benito,Harrison,Joyce,Bolden,Steven
Bolden,Marianna,Harrison,Kaci,Bolden,Jerryd
Bolden,Marcanthon,Harrison,Joyce,Bolden,Steven
Bolden,Asia,Harrison,Kaci,Bolden,Jerryd
Bolden,Donovan,Harrison,Joyce,Bolden,Steven
Bolden,Jacquelyn,Harrison,Kaci,Bolden,Jerryd
Bolden,Guadalupe,Harrison,Joyce,Bolden,Steven
Harrison,Alison,Bolden,Marina,Harrison,Idris
Bolden,Casey,Harrison,Joyce,Bolden,Steven
Harrison,Bernadette,Bolden,Marina,Harrison,Idris
Bolden,Jamari,Harrison,Joyce,Bolden,Steven
Harrison,Caitriona,Bolden,Marina,Harrison,Idris
Bolden,Deontae,Harrison,Joyce,Bolden,Steven
Harrison,Janesha,Bolden,Marina,Harrison,Idris
Bolden,Zachariah,Harrison,Kaci,Bolden,Jerryd
Harrison,Donisha,Bolden,Marina,Harrison,Idris
Bolden,Jaylon,Harrison,Kaci,Bolden,Jerryd
Harrison,Annemarie,Bolden,Devon,Harrison,Tevin
Bolden,Eli,Harrison,Kaci,Bolden,Jerryd
Harrison,Chanel,Bolden,Devon,Harrison,Tevin
Bolden,Martin,Harrison,Kaci,Bolden,Jerryd
Harrison,Angel,Bolden,Devon,Harrison,Tevin
Bolden,Andres,Harrison,Kaci,Bolden,Jerryd
Harrison,Kyle,Bolden,Devon,Harrison,Tevin
Bolden,Jamal,Harrison,Kaci,Bolden,Jerryd
Harrison,Tayla,Bolden,Devon,Harrison,Tevin
Bolden,Bryan,Harrison,Kaci,Bolden,Jerryd
Harrison,Tabatha,Bolden,Devon,Harrison,Tevin
Bolden,Ismael,Harrison,Kaci,Bolden,Jerryd
Harrison,Coralys,Bolden,Devon,Harrison,Tevin
Harrison,Robert,Bolden,Marina,Harrison,Idris
Harrison,Cameron,Bolden,Devon,Harrison,Tevin
Harrison,Maleek,Bolden,Marina,Harrison,Idris
Harrison,Mikyla,Bolden,Devon,Harrison,Tevin
Harrison,Saul,Bolden,Marina,Harrison,Idris
Cunningham,Janice,Bolden,Kyra,Cunningham,Shane
Harrison,Deonta,Bolden,Marina,Harrison,Idris
Cunningham,Zandria,Bolden,Kyra,Cunningham,Shane
Harrison,Shayne,Bolden,Marina,Harrison,Idris
Cunningham,Ashlie,Bolden,Kyra,Cunningham,Shane
Harrison,Francis,Bolden,Marina,Harrison,Idris
Cunningham,Malinda,Bolden,Kyra,Cunningham,Shane
Harrison,Silas,Bolden,Marina,Harrison,Idris
Cunningham,Autumn,Bolden,Kyra,Cunningham,Shane
Harrison,Mariano,Bolden,Devon,Harrison,Tevin
Cunningham,Anthony,Bolden,Kyra,Cunningham,Shane
Harrison,Gerald,Bolden,Devon,Harrison,Tevin
Cunningham,Hayley,Bolden,Kyra,Cunningham,Shane
Harrison,Xzavier,Bolden,Devon,Harrison,Tevin
Cunningham,Holland,Bolden,Kyra,Cunningham,Shane
Harrison,Ladarius,Bolden,Devon,Harrison,Tevin
Linenger,Catalina,Bolden,Chardonnay,Linenger,Adan
Harrison,Rakeem,Bolden,Devon,Harrison,Tevin
Linenger,Anthony,Bolden,Chardonnay,Linenger,Adan
Harrison,Joseph,Bolden,Devon,Harrison,Tevin
Linenger,Berenice,Bolden,Ashtin,Linenger,Maximilian
Harrison,Jeramie,Bolden,Devon,Harrison,Tevin
Linenger,Callan,Bolden,Ashtin,Linenger,Maximilian
Harrison,Ben,Bolden,Devon,Harrison,Tevin
Linenger,Gladys,Bolden,Ashtin,Linenger,Maximilian
Cunningham,Jerome,Bolden,Kyra,Cunningham,Shane
Linenger,Georgia,Bolden,Ashtin,Linenger,Maximilian
Cunningham,Rex,Bolden,Kyra,Cunningham,Shane
Linenger,Justina,Bolden,Ashtin,Linenger,Maximilian
Cunningham,Lloyd,Bolden,Kyra,Cunningham,Shane
Linenger,Darcy,Bolden,Ashtin,Linenger,Maximilian
Cunningham,Callahan,Bolden,Kyra,Cunningham,Shane
Linenger,Kristi,Bolden,Ashtin,Linenger,Maximilian
Cunningham,Dominic,Bolden,Kyra,Cunningham,Shane
Linenger,Janie,Bolden,Tiffanie,Linenger,Jessee
Linenger,Marielle,Bolden,Chardonnay,Linenger,Adan
Linenger,Mikaela,Bolden,Tiffanie,Linenger,Jessee
Linenger,Joan,Bolden,Chardonnay,Linenger,Adan
Linenger,Raquel,Bolden,Tiffanie,Linenger,Jessee
Linenger,Jack,Bolden,Chardonnay,Linenger,Adan
Linenger,Jalen,Bolden,Tiffanie,Linenger,Jessee
Linenger,Demarco,Bolden,Chardonnay,Linenger,Adan
Linenger,Camille,Bolden,Tiffanie,Linenger,Jessee
Linenger,Trey,Bolden,Chardonnay,Linenger,Adan
Linenger,Deborah,Bolden,Tiffanie,Linenger,Jessee
Linenger,Quanterriu,Bolden,Chardonnay,Linenger,Adan
Linenger,Leanna,Cunningham,Natalie,Linenger,Tom
Linenger,Dominique,Bolden,Chardonnay,Linenger,Adan
Linenger,Leticia,Cunningham,Natalie,Linenger,Tom
Linenger,Gene,Bolden,Ashtin,Linenger,Maximilian
Linenger,Katrina,Cunningham,Natalie,Linenger,Tom
Linenger,Luis,Bolden,Ashtin,Linenger,Maximilian
Linenger,Zoi,Cunningham,Natalie,Linenger,Tom
Linenger,Benjamen,Bolden,Tiffanie,Linenger,Jessee
Linenger,Kailee,Cunningham,Natalie,Linenger,Tom
Linenger,Samson,Bolden,Tiffanie,Linenger,Jessee
Linenger,Arlene,Cunningham,Natalie,Linenger,Tom
Linenger,Damon,Bolden,Tiffanie,Linenger,Jessee
Linenger,Amanda,Cunningham,Natalie,Linenger,Tom
Linenger,Jayden,Bolden,Tiffanie,Linenger,Jessee
Linenger,Siobhan,Cunningham,Natalie,Linenger,Tom
Linenger,Lorenzo,Bolden,Tiffanie,Linenger,Jessee
Linenger,Gabriela,Cunningham,Natalie,Linenger,Tom
Linenger,Dean,Cunningham,Natalie,Linenger,Tom
Linenger,Raven,Cunningham,Natalie,Linenger,Tom
Linenger,Dexter,Cunningham,Natalie,Linenger,Tom
Linenger,Lorena,Cunningham,Natalie,Linenger,Tom
Linenger,Payton,Cunningham,Natalie,Linenger,Tom
Linenger,Reyna,Cunningham,Natalie,Linenger,Tom
Linenger,Tyreek,Cunningham,Natalie,Linenger,Tom
Linenger,Kourtney,Cunningham,Natalie,Linenger,Tom
Linenger,Jamar,Cunningham,Natalie,Linenger,Tom
Linenger,Francis,Cunningham,Moriah,Linenger,Allan
Linenger,Denzel,Cunningham,Natalie,Linenger,Tom
Linenger,Adrian,Cunningham,Moriah,Linenger,Allan
Linenger,Oscar,Cunningham,Natalie,Linenger,Tom
Linenger,Malina,Cunningham,Moriah,Linenger,Allan
Linenger,Kai,Cunningham,Moriah,Linenger,Allan
Linenger,Johana,Cunningham,Moriah,Linenger,Allan
Linenger,Kelton,Cunningham,Moriah,Linenger,Allan
Parker,Merissa,Cunningham,Tiana,Parker,Francis
Linenger,Nathaniel,Cunningham,Moriah,Linenger,Allan
Parker,Tasha,Linenger,Jessa,Parker,Eddie
Linenger,Glenn,Cunningham,Moriah,Linenger,Allan
Parker,Aileen,Linenger,Jessa,Parker,Eddie
Linenger,Tallon,Cunningham,Moriah,Linenger,Allan
Parker,Asia,Linenger,Markia,Parker,Kieran
Linenger,Delonta,Cunningham,Moriah,Linenger,Allan
Parker,Veronica,Linenger,Markia,Parker,Kieran
Linenger,Royce,Cunningham,Moriah,Linenger,Allan
Parker,Hattie,Linenger,Markia,Parker,Kieran
Linenger,Bennie,Cunningham,Moriah,Linenger,Allan
Parker,Caylee,Linenger,Ashlee,Parker,Karl
Linenger,Johnathon,Cunningham,Moriah,Linenger,Allan
Parker,Yvonne,Linenger,Ashlee,Parker,Karl
Parker,Harry,Cunningham,Tiana,Parker,Francis
Parker,Crystal,Linenger,Ashlee,Parker,Karl
Parker,Ezra,Cunningham,Tiana,Parker,Francis
Parker,Tamara,Linenger,Ashlee,Parker,Karl
Parker,Zachary,Cunningham,Tiana,Parker,Francis
Parker,Jesslyn,Linenger,Ashlee,Parker,Karl
Parker,Garret,Cunningham,Tiana,Parker,Francis
Parker,Rose,Linenger,Ashlee,Parker,Karl
Parker,Austen,Cunningham,Tiana,Parker,Francis
Parker,Lilian,Linenger,Ashlee,Parker,Karl
Parker,Scott,Linenger,Jessa,Parker,Eddie
Parker,Aleisha,Linenger,Ashlee,Parker,Karl
Parker,Yobani,Linenger,Jessa,Parker,Eddie
Parker,Breonna,Linenger,Ashlee,Parker,Karl
Parker,Freddy,Linenger,Markia,Parker,Kieran
Parker,Kaytlin,Linenger,Ashlee,Parker,Karl
Parker,Eberardo,Linenger,Markia,Parker,Kieran
Parker,Tamera,Fossum,Alisa,Parker,Trevon
Parker,Josiah,Linenger,Markia,Parker,Kieran
Parker,Callie,Fossum,Alisa,Parker,Trevon
Parker,Davon,Linenger,Markia,Parker,Kieran
Parker,Passion,Fossum,Alisa,Parker,Trevon
Parker,San,Linenger,Markia,Parker,Kieran
Parker,Marisol,Fossum,Alisa,Parker,Trevon
Parker,Dylon,Linenger,Ashlee,Parker,Karl
Parker,Abbigail,Fossum,Alisa,Parker,Trevon
Parker,Soren,Linenger,Ashlee,Parker,Karl
Parker,Natalee,Fossum,Alisa,Parker,Trevon
Parker,Vernon,Linenger,Ashlee,Parker,Karl
McCulley,Astrid,Fossum,Shianne,McCulley,Joey
Parker,Armani,Linenger,Ashlee,Parker,Karl
McCulley,Aimee,Fossum,Shianne,McCulley,Joey
Parker,Maverick,Linenger,Ashlee,Parker,Karl
McCulley,Mahogany,Fossum,Shianne,McCulley,Joey
Parker,Troy,Linenger,Ashlee,Parker,Karl
McCulley,Tristin,Fossum,Shianne,McCulley,Joey
Parker,Skyler,Linenger,Ashlee,Parker,Karl
McCulley,Laken,Fossum,Maegan,McCulley,Reynaldo
Parker,Aaron,Linenger,Ashlee,Parker,Karl
McCulley,Selena,Fossum,Maegan,McCulley,Reynaldo
Parker,Trey,Linenger,Ashlee,Parker,Karl
McCulley,Geneva,Fossum,Maegan,McCulley,Reynaldo
Parker,Sam,Linenger,Ashlee,Parker,Karl
McCulley,Taryn,Fossum,Maegan,McCulley,Reynaldo
Parker,Rigoberto,Fossum,Alisa,Parker,Trevon
McCulley,Sage,Fossum,Maegan,McCulley,Reynaldo
Parker,Jonathon,Fossum,Alisa,Parker,Trevon
McCulley,Jana,Fossum,Maegan,McCulley,Reynaldo
Parker,Alejandro,Fossum,Alisa,Parker,Trevon
McCulley,Itzel,Fossum,Maegan,McCulley,Reynaldo
McCulley,Marcanthon,Fossum,Shianne,McCulley,Joey
McCulley,Valencia,Parker,Caitlynn,McCulley,Alexis
McCulley,Weston,Fossum,Shianne,McCulley,Joey
McCulley,Stephania,Parker,Caitlynn,McCulley,Alexis
McCulley,Easton,Fossum,Shianne,McCulley,Joey
McCulley,Kealani,Parker,Caitlynn,McCulley,Alexis
McCulley,Dean,Fossum,Maegan,McCulley,Reynaldo
McCulley,Elise,Parker,Caitlynn,McCulley,Alexis
McCulley,Lorenzo,Fossum,Maegan,McCulley,Reynaldo
McCulley,Ashlee,Parker,Caitlynn,McCulley,Alexis
McCulley,Erin,Fossum,Maegan,McCulley,Reynaldo
McCulley,Britni,Parker,Shirley,McCulley,Devyn
McCulley,Ryen,Fossum,Maegan,McCulley,Reynaldo
McCulley,Porsha,Parker,Shirley,McCulley,Devyn
McCulley,Sheldon,Fossum,Maegan,McCulley,Reynaldo
McCulley,Xiomara,Parker,Shirley,McCulley,Devyn
McCulley,Eric,Fossum,Maegan,McCulley,Reynaldo
McCulley,Rachel,Parker,Shirley,McCulley,Devyn
McCulley,Dustin,Fossum,Maegan,McCulley,Reynaldo
McCulley,Margarita,Parker,Shirley,McCulley,Devyn
McCulley,Manuel,Fossum,Maegan,McCulley,Reynaldo
McCulley,Mayra,Parker,Shirley,McCulley,Devyn
McCulley,Ronald,Fossum,Maegan,McCulley,Reynaldo
McCulley,Shayla,Parker,Shirley,McCulley,Devyn
McCulley,Grady,Parker,Caitlynn,McCulley,Alexis
McCulley,Shenelly,Parker,Shirley,McCulley,Devyn
McCulley,Johnathen,Parker,Caitlynn,McCulley,Alexis
McCulley,Bonnie,Parker,Shirley,McCulley,Devyn
McCulley,Scott,Parker,Caitlynn,McCulley,Alexis
McCulley,Tiyanna,Parker,Iris,McCulley,Darian
McCulley,Guadalupe,Parker,Caitlynn,McCulley,Alexis
McCulley,Kyana,Parker,Iris,McCulley,Darian
McCulley,Arian,Parker,Caitlynn,McCulley,Alexis
McCulley,Kennedy,Frump,Aishah,McCulley,Issac
McCulley,Sebastian,Parker,Caitlynn,McCulley,Alexis
McCulley,Krystle,Frump,Aishah,McCulley,Issac
McCulley,Ezra,Parker,Caitlynn,McCulley,Alexis
McCulley,Tiffani,Frump,Aishah,McCulley,Issac
McCulley,Zakery,Parker,Caitlynn,McCulley,Alexis
McCulley,Savannah,Frump,Aishah,McCulley,Issac
McCulley,Christian,Parker,Caitlynn,McCulley,Alexis
McCulley,Shana,Frump,Aishah,McCulley,Issac
McCulley,Barrett,Parker,Caitlynn,McCulley,Alexis
McCulley,Valeria,Frump,Aishah,McCulley,Issac
McCulley,Austyn,Parker,Caitlynn,McCulley,Alexis
McCulley,Chelsey,Frump,Aishah,McCulley,Issac
McCulley,Tate,Parker,Shirley,McCulley,Devyn
McCulley,Kaylin,Frump,Aishah,McCulley,Issac
McCulley,Julio,Parker,Shirley,McCulley,Devyn
McCulley,Damaris,Frump,Aishah,McCulley,Issac
McCulley,Carson,Parker,Shirley,McCulley,Devyn
McCulley,Hunter,Frump,Aishah,McCulley,Issac
McCulley,Jake,Parker,Shirley,McCulley,Devyn
McCulley,Eileen,Frump,Brook,McCulley,Bryce
McCulley,Royce,Parker,Shirley,McCulley,Devyn
McCulley,Natalie,Frump,Brook,McCulley,Bryce
McCulley,Xavier,Parker,Shirley,McCulley,Devyn
McCulley,Stefanie,Frump,Brook,McCulley,Bryce
McCulley,Sammie,Parker,Shirley,McCulley,Devyn
McCulley,Casey,Frump,Brook,McCulley,Bryce
McCulley,Michel,Parker,Shirley,McCulley,Devyn
McCulley,Moriah,Frump,Iesha,McCulley,Trevon
McCulley,Damien,Parker,Shirley,McCulley,Devyn
McCulley,Paula,Frump,Iesha,McCulley,Trevon
McCulley,Bretton,Parker,Iris,McCulley,Darian
McCulley,Sarahi,Frump,Iesha,McCulley,Trevon
McCulley,Leon,Frump,Aishah,McCulley,Issac
McCulley,Destini,Frump,Iesha,McCulley,Trevon
McCulley,Kelsey,Frump,Aishah,McCulley,Issac
McCulley,Tamia,Frump,Iesha,McCulley,Trevon
McCulley,Kylan,Frump,Aishah,McCulley,Issac
McCulley,Makenna,Frump,Iesha,McCulley,Trevon
McCulley,Dreshaun,Frump,Aishah,McCulley,Issac
McCulley,Alice,Frump,Iesha,McCulley,Trevon
McCulley,Trey,Frump,Aishah,McCulley,Issac
McCulley,Torrie,Frump,Iesha,McCulley,Trevon
McCulley,Victor,Frump,Aishah,McCulley,Issac
McCulley,Virginia,Frump,Audrey,McCulley,Elijah
McCulley,Sean,Frump,Aishah,McCulley,Issac
McCulley,Blake,Frump,Audrey,McCulley,Elijah
McCulley,Jed,Frump,Aishah,McCulley,Issac
McCulley,Kristin,Frump,Audrey,McCulley,Elijah
McCulley,Shemar,Frump,Aishah,McCulley,Issac
McCulley,Yajaira,Frump,Audrey,McCulley,Elijah
McCulley,Samuel,Frump,Aishah,McCulley,Issac
McCulley,Natalya,Frump,Audrey,McCulley,Elijah
McCulley,Keion,Frump,Iesha,McCulley,Trevon
McCulley,Faith,Frump,Audrey,McCulley,Elijah
McCulley,Zackary,Frump,Iesha,McCulley,Trevon
McCulley,Maricarmen,Frump,Katy,McCulley,Stephanie
McCulley,Tyran,Frump,Iesha,McCulley,Trevon
McCulley,Lizette,Frump,Katy,McCulley,Stephanie
McCulley,Clifford,Frump,Iesha,McCulley,Trevon
McCulley,Nancy,Frump,Katy,McCulley,Stephanie
McCulley,Esau,Frump,Iesha,McCulley,Trevon
McCulley,Karly,Frump,Katy,McCulley,Stephanie
McCulley,Keshaun,Frump,Iesha,McCulley,Trevon
McCulley,Sheyla,Frump,Katy,McCulley,Stephanie
McCulley,Leo,Frump,Iesha,McCulley,Trevon
Frump,Shiane,McCulley,Alannah,Frump,Colton
McCulley,Nicolas,Frump,Iesha,McCulley,Trevon
Frump,Dalila,McCulley,Alannah,Frump,Colton
McCulley,Conrad,Frump,Iesha,McCulley,Trevon
Frump,Aliyah,McCulley,Alannah,Frump,Colton
McCulley,Nolan,Frump,Iesha,McCulley,Trevon
Frump,Macie,McCulley,Alannah,Frump,Colton
McCulley,Oliver,Frump,Audrey,McCulley,Elijah
Frump,Marcela,McCulley,Alannah,Frump,Colton
McCulley,Valentin,Frump,Audrey,McCulley,Elijah
Frump,Jesica,McCulley,Alannah,Frump,Colton
McCulley,Trae,Frump,Audrey,McCulley,Elijah
Frump,Miah,McCulley,Alannah,Frump,Colton
McCulley,Daxton,Frump,Audrey,McCulley,Elijah
Frump,Katie,McCulley,Alannah,Frump,Colton
McCulley,Geoffrey,Frump,Audrey,McCulley,Elijah
Frump,Ashley,McCulley,Alannah,Frump,Colton
McCulley,Anthoni,Frump,Audrey,McCulley,Elijah
Frump,Maryssa,McCulley,Camila,Frump,Carter
McCulley,Andre,Frump,Audrey,McCulley,Elijah
Frump,Kristina,McCulley,Camila,Frump,Carter
McCulley,Gunnar,Frump,Audrey,McCulley,Elijah
Frump,Terra,McCulley,Camila,Frump,Carter
McCulley,Justin,Frump,Audrey,McCulley,Elijah
Frump,Jenna,McCulley,Camila,Frump,Carter
McCulley,Ever,Frump,Audrey,McCulley,Elijah
Frump,Colette,McCulley,Irene,Frump,Shemar
McCulley,Shelby,Frump,Audrey,McCulley,Elijah
Frump,Samira,McCulley,Irene,Frump,Shemar
McCulley,Julius,Frump,Katy,McCulley,Stephanie
Frump,Deondra,McCulley,Irene,Frump,Shemar
McCulley,Jerome,Frump,Katy,McCulley,Stephanie
Frump,Jazmin,McCulley,Irene,Frump,Shemar
McCulley,Greyson,Frump,Katy,McCulley,Stephanie
Frump,Isamar,McCulley,Irene,Frump,Shemar
McCulley,Kolton,Frump,Katy,McCulley,Stephanie
Frump,Tianna,McCulley,Irene,Frump,Shemar
McCulley,Alfredo,Frump,Katy,McCulley,Stephanie
Frump,Kaitlynn,McCulley,Irene,Frump,Shemar
McCulley,Kelson,Frump,Katy,McCulley,Stephanie
Frump,Christine,McCulley,Irene,Frump,Shemar
McCulley,Wyatt,Frump,Katy,McCulley,Stephanie
Frump,Miriam,McCulley,Irene,Frump,Shemar
Frump,Roman,McCulley,Alannah,Frump,Colton
Frump,Megan,McCulley,Irene,Frump,Shemar
Frump,Garin,McCulley,Alannah,Frump,Colton
Frump,Sommer,McCulley,Irene,Frump,Shemar
Frump,Deshawn,McCulley,Alannah,Frump,Colton
Frump,Christian,McCulley,Irene,Frump,Shemar
Frump,Simeon,McCulley,Alannah,Frump,Colton
Frump,Allana,McCulley,Irene,Frump,Shemar
Frump,Kurtis,McCulley,Alannah,Frump,Colton
Frump,Rochelle,McCulley,Dayna,Frump,Rodney
Frump,Ricky,McCulley,Alannah,Frump,Colton
Frump,Johanna,McCulley,Dayna,Frump,Rodney
Frump,Calib,McCulley,Alannah,Frump,Colton
Frump,Kyra,McCulley,Dayna,Frump,Rodney
Frump,Brayden,McCulley,Alannah,Frump,Colton
Frump,Chanelle,McCulley,Dayna,Frump,Rodney
Frump,Jairus,McCulley,Alannah,Frump,Colton
Frump,Ashton,McCulley,Dayna,Frump,Rodney
Frump,Clarence,McCulley,Alannah,Frump,Colton
Frump,Eleni,McCulley,Dayna,Frump,Rodney
