Deckard,Darrion,Jefferson,Shiann,Deckard,Aidan
Horowitz,Zoi,Wolf,Jaimie,Horowitz,Dante
O'Connor,Jai,McMonagle,Isamar,O'Connor,Xavier
Noriega,Kaina,Washington,Jessie,Noriega,Tom
Kavandi,Erick,Gemar,Kelsi,Kavandi,Brandon
Evans,Frances,Akers,Aishah,Evans,Terrance
Harris,Isidro,Walker,Miranda,Harris,Lazaro
Jones,Emilee,Peterson,Nayeli,Jones,Jaleel
Pogue,Frank,Chaffee,Colette,Pogue,Talon
Polansky,Priscilla,Bassett,Kaytlin,Polansky,Rex
Cameron,Moises,Still,Tayla,Cameron,Marquis
Cleave,Celena,Morin,Mindi,Cleave,Spencer
Olivas,Shmuel,Nixon,Odalys,Olivas,Bruce
Polk,Kaytlin,Brady,Katelyn,Polk,Julius
Llewellyn,Taquan,Roosevelt,Hannah,Llewellyn,Jacob
Lenoir,Sandy,Smith,Whitney,Lenoir,Devin
O'Leary,Travis,Ewing,Macey,O'Leary,Irvin
Weber,Tessa,Casper,Clarissa,Weber,Gage
Chawla,Parker,Foreman,Shyann,Chawla,Coy
Kennedy,Heather,Zophar,Xiomara,Kennedy,Henry
Coolidge,Simeon,Melvin,Andrea,Coolidge,Morgan
Stewart,Nicole,Tani,Noelle,Stewart,Allan
Fisher,Daxton,Lounge,Josie,Fisher,Julius
Wisoff,Tabatha,Thagard,Aleah,Wisoff,Tyrone
Deckard,Preston,Horowitz,Zoi,Deckard,Darrion
Pierce,Jessika,Creamer,Spencer,Pierce,Amari
Deckard,Killian,Horowitz,Zoi,Deckard,Darrion
Foale,Tamra,Nixon,Darby,Foale,Fabian
Deckard,Jalen,Horowitz,Zoi,Deckard,Darrion
Foale,Aubrey,Jett,Camille,Foale,Oliver
Deckard,Darrell,Horowitz,Zoi,Deckard,Darrion
Schwartz,Talia,McArthur,Nathalie,Schwartz,Sebastien
Deckard,Kody,Horowitz,Zoi,Deckard,Darrion
Hartsfield,Jenny,Truman,Darby,Hartsfield,Dylan
Deckard,Keon,Horowitz,Zoi,Deckard,Darrion
Mattingly,Anamarie,Gardner,Porsha,Mattingly,Tomas
Deckard,Rahim,Horowitz,Zoi,Deckard,Darrion
Deckard,Willow,Horowitz,Zoi,Deckard,Darrion
O'Connor,Emanuel,Noriega,Kaina,O'Connor,Jai
Deckard,Kiersten,Horowitz,Zoi,Deckard,Darrion
O'Connor,Darrell,Noriega,Kaina,O'Connor,Jai
O'Connor,Skye,Noriega,Kaina,O'Connor,Jai
O'Connor,Zane,Noriega,Kaina,O'Connor,Jai
O'Connor,Mileena,Noriega,Kaina,O'Connor,Jai
O'Connor,Brandon,Noriega,Kaina,O'Connor,Jai
O'Connor,Meagan,Noriega,Kaina,O'Connor,Jai
O'Connor,Bronson,Noriega,Kaina,O'Connor,Jai
O'Connor,Courtney,Noriega,Kaina,O'Connor,Jai
O'Connor,Dashane,Noriega,Kaina,O'Connor,Jai
O'Connor,Kaylin,Noriega,Kaina,O'Connor,Jai
O'Connor,Killian,Noriega,Kaina,O'Connor,Jai
O'Connor,Flor,Noriega,Kaina,O'Connor,Jai
Kavandi,Valentine,Evans,Frances,Kavandi,Erick
O'Connor,Felisha,Noriega,Kaina,O'Connor,Jai
Kavandi,Oliver,Evans,Frances,Kavandi,Erick
O'Connor,Stella,Noriega,Kaina,O'Connor,Jai
Kavandi,Micah,Evans,Frances,Kavandi,Erick
O'Connor,Kassandra,Noriega,Kaina,O'Connor,Jai
Kavandi,Callum,Evans,Frances,Kavandi,Erick
O'Connor,Chantal,Noriega,Kaina,O'Connor,Jai
Pogue,Ibrahim,Polansky,Priscilla,Pogue,Frank
Kavandi,Zoee,Evans,Frances,Kavandi,Erick
Pogue,Russell,Polansky,Priscilla,Pogue,Frank
Kavandi,Holly,Evans,Frances,Kavandi,Erick
Pogue,Roland,Polansky,Priscilla,Pogue,Frank
Kavandi,Jamiya,Evans,Frances,Kavandi,Erick
Pogue,Phillip,Polansky,Priscilla,Pogue,Frank
Kavandi,Brianne,Evans,Frances,Kavandi,Erick
Pogue,Kendrick,Polansky,Priscilla,Pogue,Frank
Kavandi,Farrah,Evans,Frances,Kavandi,Erick
Pogue,Joey,Polansky,Priscilla,Pogue,Frank
Kavandi,Elyse,Evans,Frances,Kavandi,Erick
Pogue,Terrence,Polansky,Priscilla,Pogue,Frank
Kavandi,Kierra,Evans,Frances,Kavandi,Erick
Pogue,Manuel,Polansky,Priscilla,Pogue,Frank
Kavandi,Lauryn,Evans,Frances,Kavandi,Erick
Pogue,Anthoni,Polansky,Priscilla,Pogue,Frank
Harris,Breanna,Jones,Emilee,Harris,Isidro
Pogue,Jeremey,Polansky,Priscilla,Pogue,Frank
Harris,Helena,Jones,Emilee,Harris,Isidro
Cameron,Gunner,Cleave,Celena,Cameron,Moises
Harris,Maison,Jones,Emilee,Harris,Isidro
Cameron,Dane,Cleave,Celena,Cameron,Moises
Pogue,Ayanna,Polansky,Priscilla,Pogue,Frank
Cameron,Luciano,Cleave,Celena,Cameron,Moises
Pogue,Yessica,Polansky,Priscilla,Pogue,Frank
Olivas,Maliki,Polk,Kaytlin,Olivas,Shmuel
Pogue,Adriana,Polansky,Priscilla,Pogue,Frank
Olivas,Romeo,Polk,Kaytlin,Olivas,Shmuel
Pogue,Brecken,Polansky,Priscilla,Pogue,Frank
Olivas,Addison,Polk,Kaytlin,Olivas,Shmuel
Pogue,Marysol,Polansky,Priscilla,Pogue,Frank
Olivas,Darrin,Polk,Kaytlin,Olivas,Shmuel
Pogue,Joanna,Polansky,Priscilla,Pogue,Frank
Olivas,Cyrus,Polk,Kaytlin,Olivas,Shmuel
Pogue,Maricarmen,Polansky,Priscilla,Pogue,Frank
Olivas,Bryson,Polk,Kaytlin,Olivas,Shmuel
Pogue,Zabrina,Polansky,Priscilla,Pogue,Frank
Olivas,Tyler,Polk,Kaytlin,Olivas,Shmuel
Pogue,Mackenna,Polansky,Priscilla,Pogue,Frank
Llewellyn,Zane,Lenoir,Sandy,Llewellyn,Taquan
Cameron,Kelci,Cleave,Celena,Cameron,Moises
Llewellyn,Andreas,Lenoir,Sandy,Llewellyn,Taquan
Cameron,Kayli,Cleave,Celena,Cameron,Moises
Llewellyn,Abdul,Lenoir,Sandy,Llewellyn,Taquan
Cameron,Myra,Cleave,Celena,Cameron,Moises
Llewellyn,Rory,Lenoir,Sandy,Llewellyn,Taquan
Olivas,Daniela,Polk,Kaytlin,Olivas,Shmuel
Llewellyn,Ignacio,Lenoir,Sandy,Llewellyn,Taquan
Olivas,Brittany,Polk,Kaytlin,Olivas,Shmuel
Llewellyn,Miles,Lenoir,Sandy,Llewellyn,Taquan
Olivas,Neda,Polk,Kaytlin,Olivas,Shmuel
Llewellyn,Theodore,Lenoir,Sandy,Llewellyn,Taquan
Olivas,Cheryl,Polk,Kaytlin,Olivas,Shmuel
Llewellyn,Felix,Lenoir,Sandy,Llewellyn,Taquan
Olivas,Chynna,Polk,Kaytlin,Olivas,Shmuel
Llewellyn,Eduardo,Lenoir,Sandy,Llewellyn,Taquan
Olivas,Lila,Polk,Kaytlin,Olivas,Shmuel
Llewellyn,Joseph,Lenoir,Sandy,Llewellyn,Taquan
Olivas,Carly,Polk,Kaytlin,Olivas,Shmuel
Llewellyn,Jalen,Lenoir,Sandy,Llewellyn,Taquan
Llewellyn,Danae,Lenoir,Sandy,Llewellyn,Taquan
O'Leary,Fredrick,Weber,Tessa,O'Leary,Travis
Llewellyn,Shane,Lenoir,Sandy,Llewellyn,Taquan
Chawla,Ethan,Kennedy,Heather,Chawla,Parker
Llewellyn,Elizabeth,Lenoir,Sandy,Llewellyn,Taquan
Chawla,Emerson,Kennedy,Heather,Chawla,Parker
O'Leary,Valerie,Weber,Tessa,O'Leary,Travis
Chawla,Britt,Kennedy,Heather,Chawla,Parker
O'Leary,Tierra,Weber,Tessa,O'Leary,Travis
Chawla,Wanya,Kennedy,Heather,Chawla,Parker
O'Leary,Celena,Weber,Tessa,O'Leary,Travis
Chawla,Rafael,Kennedy,Heather,Chawla,Parker
Chawla,Dulce,Kennedy,Heather,Chawla,Parker
Chawla,Malik,Kennedy,Heather,Chawla,Parker
Chawla,Spencer,Kennedy,Heather,Chawla,Parker
Chawla,Alejandro,Kennedy,Heather,Chawla,Parker
Chawla,Synthia,Kennedy,Heather,Chawla,Parker
Chawla,Habram,Kennedy,Heather,Chawla,Parker
Chawla,Alayna,Kennedy,Heather,Chawla,Parker
Chawla,Oscar,Kennedy,Heather,Chawla,Parker
Chawla,Shanice,Kennedy,Heather,Chawla,Parker
Chawla,Franklin,Kennedy,Heather,Chawla,Parker
Chawla,Aerial,Kennedy,Heather,Chawla,Parker
Chawla,Alan,Kennedy,Heather,Chawla,Parker
Chawla,Kelsey,Kennedy,Heather,Chawla,Parker
Chawla,Darrius,Kennedy,Heather,Chawla,Parker
Coolidge,Juliet,Stewart,Nicole,Coolidge,Simeon
Chawla,Keith,Kennedy,Heather,Chawla,Parker
Coolidge,Maren,Stewart,Nicole,Coolidge,Simeon
Coolidge,Jessie,Stewart,Nicole,Coolidge,Simeon
Fisher,Kendyl,Wisoff,Tabatha,Fisher,Daxton
Coolidge,Zev,Stewart,Nicole,Coolidge,Simeon
Fisher,Carolyn,Wisoff,Tabatha,Fisher,Daxton
Coolidge,Campbell,Stewart,Nicole,Coolidge,Simeon
Fisher,Keiarra,Wisoff,Tabatha,Fisher,Daxton
Coolidge,Marcos,Stewart,Nicole,Coolidge,Simeon
Fisher,Carina,Wisoff,Tabatha,Fisher,Daxton
Fisher,Mauricio,Wisoff,Tabatha,Fisher,Daxton
Fisher,Marissa,Wisoff,Tabatha,Fisher,Daxton
Fisher,Garrison,Wisoff,Tabatha,Fisher,Daxton
Fisher,Haylie,Wisoff,Tabatha,Fisher,Daxton
Fisher,Reed,Wisoff,Tabatha,Fisher,Daxton
Fisher,Blair,Wisoff,Tabatha,Fisher,Daxton
Fisher,Kerry,Wisoff,Tabatha,Fisher,Daxton
Fisher,Maegan,Wisoff,Tabatha,Fisher,Daxton
Fisher,Donte,Wisoff,Tabatha,Fisher,Daxton
Fisher,Marjorie,Wisoff,Tabatha,Fisher,Daxton
Fisher,Daniel,Wisoff,Tabatha,Fisher,Daxton
Deckard,Kenna,Pierce,Jessika,Deckard,Preston
Fisher,Olivier,Wisoff,Tabatha,Fisher,Daxton
Deckard,Krupa,Pierce,Jessika,Deckard,Preston
Fisher,Esteban,Wisoff,Tabatha,Fisher,Daxton
Deckard,Alexi,Pierce,Jessika,Deckard,Preston
Fisher,Jajuan,Wisoff,Tabatha,Fisher,Daxton
Deckard,Christian,Pierce,Jessika,Deckard,Preston
Fisher,Deontae,Wisoff,Tabatha,Fisher,Daxton
Deckard,Essence,Pierce,Jessika,Deckard,Preston
Fisher,Dwayne,Wisoff,Tabatha,Fisher,Daxton
Deckard,Michelle,Pierce,Jessika,Deckard,Preston
Deckard,Blake,Pierce,Jessika,Deckard,Preston
Deckard,Ashlie,Pierce,Jessika,Deckard,Preston
Deckard,Nicholas,Pierce,Jessika,Deckard,Preston
Deckard,Marcela,Pierce,Jessika,Deckard,Preston
Deckard,Pablo,Pierce,Jessika,Deckard,Preston
Deckard,Hilda,Pierce,Jessika,Deckard,Preston
Deckard,Francesco,Pierce,Jessika,Deckard,Preston
Deckard,Rosa,Pierce,Jessika,Deckard,Preston
Deckard,Edward,Pierce,Jessika,Deckard,Preston
Deckard,Michal,Pierce,Jessika,Deckard,Preston
Deckard,Jamie,Foale,Tamra,Deckard,Killian
Deckard,Francesca,Pierce,Jessika,Deckard,Preston
Deckard,Ben,Foale,Aubrey,Deckard,Jalen
Deckard,Autumn,Pierce,Jessika,Deckard,Preston
Deckard,Olivier,Foale,Aubrey,Deckard,Jalen
Deckard,Leandra,Pierce,Jessika,Deckard,Preston
Deckard,Jevon,Schwartz,Talia,Deckard,Darrell
Deckard,Tierra,Foale,Tamra,Deckard,Killian
Deckard,Benjamen,Schwartz,Talia,Deckard,Darrell
Deckard,Brooklyn,Foale,Tamra,Deckard,Killian
Deckard,Grant,Schwartz,Talia,Deckard,Darrell
Deckard,Lenora,Foale,Aubrey,Deckard,Jalen
Deckard,Kaden,Schwartz,Talia,Deckard,Darrell
Deckard,Jazmon,Foale,Aubrey,Deckard,Jalen
Deckard,Hudson,Schwartz,Talia,Deckard,Darrell
Deckard,Cynthia,Foale,Aubrey,Deckard,Jalen
Deckard,Tylar,Hartsfield,Jenny,Deckard,Kody
Deckard,Torrie,Schwartz,Talia,Deckard,Darrell
Deckard,Javon,Hartsfield,Jenny,Deckard,Kody
Deckard,Fabiola,Schwartz,Talia,Deckard,Darrell
Deckard,Jermaine,Hartsfield,Jenny,Deckard,Kody
Deckard,Sarina,Schwartz,Talia,Deckard,Darrell
Deckard,Neil,Hartsfield,Jenny,Deckard,Kody
Deckard,Annette,Schwartz,Talia,Deckard,Darrell
Deckard,Ricky,Hartsfield,Jenny,Deckard,Kody
Deckard,Haiden,Hartsfield,Jenny,Deckard,Kody
Deckard,Draven,Hartsfield,Jenny,Deckard,Kody
Deckard,Brenda,Hartsfield,Jenny,Deckard,Kody
Deckard,Leonardo,Mattingly,Anamarie,Deckard,Keon
Deckard,Ryann,Hartsfield,Jenny,Deckard,Kody
Deckard,Lance,Mattingly,Anamarie,Deckard,Keon
Deckard,Lyndsey,Hartsfield,Jenny,Deckard,Kody
Deckard,Elvin,Mattingly,Anamarie,Deckard,Keon
Deckard,Janet,Mattingly,Anamarie,Deckard,Keon
Deckard,Troy,Mattingly,Anamarie,Deckard,Keon
Deckard,Arielle,Mattingly,Anamarie,Deckard,Keon
Deckard,Leon,O'Connor,Skye,Deckard,Rahim
Deckard,Mikaela,Mattingly,Anamarie,Deckard,Keon
Deckard,Ronnie,O'Connor,Skye,Deckard,Rahim
Deckard,Dulce,Mattingly,Anamarie,Deckard,Keon
Deckard,William,O'Connor,Skye,Deckard,Rahim
Deckard,Stacey,Mattingly,Anamarie,Deckard,Keon
Deckard,Derek,O'Connor,Skye,Deckard,Rahim
Deckard,Haylee,Mattingly,Anamarie,Deckard,Keon
Deckard,Brennan,O'Connor,Skye,Deckard,Rahim
Deckard,Madeline,O'Connor,Skye,Deckard,Rahim
O'Connor,Kahlil,Deckard,Willow,O'Connor,Emanuel
Deckard,Laura,O'Connor,Skye,Deckard,Rahim
O'Connor,Stephen,Deckard,Willow,O'Connor,Emanuel
Deckard,Anisha,O'Connor,Skye,Deckard,Rahim
O'Connor,Kyle,Deckard,Willow,O'Connor,Emanuel
Deckard,Lizette,O'Connor,Skye,Deckard,Rahim
O'Connor,Keanu,Deckard,Willow,O'Connor,Emanuel
Deckard,Kalee,O'Connor,Skye,Deckard,Rahim
O'Connor,Kevin,Deckard,Willow,O'Connor,Emanuel
Deckard,Harlie,O'Connor,Skye,Deckard,Rahim
O'Connor,Andy,Deckard,Willow,O'Connor,Emanuel
O'Connor,Janice,Deckard,Willow,O'Connor,Emanuel
O'Connor,Lane,Deckard,Kiersten,O'Connor,Darrell
O'Connor,Celeste,Deckard,Willow,O'Connor,Emanuel
O'Connor,Chase,Deckard,Kiersten,O'Connor,Darrell
O'Connor,Carolina,Deckard,Willow,O'Connor,Emanuel
O'Connor,Hiram,Deckard,Kiersten,O'Connor,Darrell
O'Connor,Justina,Deckard,Willow,O'Connor,Emanuel
O'Connor,Sidney,Deckard,Kiersten,O'Connor,Darrell
O'Connor,Vianey,Deckard,Kiersten,O'Connor,Darrell
O'Connor,Efren,Deckard,Kiersten,O'Connor,Darrell
O'Connor,Giuliana,Deckard,Kiersten,O'Connor,Darrell
O'Connor,Rasheed,Deckard,Kiersten,O'Connor,Darrell
O'Connor,Ashly,Kavandi,Zoee,O'Connor,Zane
O'Connor,Jairus,Deckard,Kiersten,O'Connor,Darrell
O'Connor,Camilla,Kavandi,Zoee,O'Connor,Zane
O'Connor,Dustin,Deckard,Kiersten,O'Connor,Darrell
O'Connor,Phoebe,Kavandi,Zoee,O'Connor,Zane
O'Connor,Keenan,Kavandi,Zoee,O'Connor,Zane
O'Connor,Zandria,Kavandi,Zoee,O'Connor,Zane
O'Connor,Billy,Kavandi,Zoee,O'Connor,Zane
O'Connor,Mackenna,Kavandi,Zoee,O'Connor,Zane
O'Connor,Reynaldo,Kavandi,Zoee,O'Connor,Zane
O'Connor,Jeanette,Kavandi,Holly,O'Connor,Brandon
O'Connor,Barrett,Kavandi,Zoee,O'Connor,Zane
O'Connor,Linda,Kavandi,Holly,O'Connor,Brandon
O'Connor,Graham,Kavandi,Zoee,O'Connor,Zane
O'Connor,Eryn,Kavandi,Holly,O'Connor,Brandon
O'Connor,Julian,Kavandi,Zoee,O'Connor,Zane
O'Connor,Odalys,Kavandi,Holly,O'Connor,Brandon
O'Connor,Keeton,Kavandi,Zoee,O'Connor,Zane
O'Connor,Trista,Kavandi,Holly,O'Connor,Brandon
O'Connor,Rogelio,Kavandi,Zoee,O'Connor,Zane
O'Connor,Simone,Kavandi,Holly,O'Connor,Brandon
O'Connor,Ameer,Kavandi,Zoee,O'Connor,Zane
O'Connor,Randi,Kavandi,Holly,O'Connor,Brandon
O'Connor,Ryan,Kavandi,Zoee,O'Connor,Zane
O'Connor,Chynna,Kavandi,Holly,O'Connor,Brandon
O'Connor,Alek,Kavandi,Holly,O'Connor,Brandon
O'Connor,Kalsie,Kavandi,Jamiya,O'Connor,Bronson
O'Connor,Charlie,Kavandi,Holly,O'Connor,Brandon
O'Connor,Cecilia,Kavandi,Jamiya,O'Connor,Bronson
O'Connor,Anfernee,Kavandi,Holly,O'Connor,Brandon
O'Connor,Carley,Kavandi,Jamiya,O'Connor,Bronson
O'Connor,Conrad,Kavandi,Holly,O'Connor,Brandon
O'Connor,Sandra,Kavandi,Jamiya,O'Connor,Bronson
O'Connor,Derick,Kavandi,Holly,O'Connor,Brandon
O'Connor,Yuki,Kavandi,Jamiya,O'Connor,Bronson
O'Connor,Gunner,Kavandi,Holly,O'Connor,Brandon
O'Connor,Mia,Kavandi,Jamiya,O'Connor,Bronson
O'Connor,Bjorn,Kavandi,Holly,O'Connor,Brandon
O'Connor,Dominique,Kavandi,Jamiya,O'Connor,Bronson
O'Connor,Dion,Kavandi,Holly,O'Connor,Brandon
O'Connor,Destinee,Kavandi,Jamiya,O'Connor,Bronson
O'Connor,Patric,Kavandi,Holly,O'Connor,Brandon
O'Connor,Erica,Kavandi,Jamiya,O'Connor,Bronson
O'Connor,Rafael,Kavandi,Holly,O'Connor,Brandon
O'Connor,Ivy,Kavandi,Jamiya,O'Connor,Bronson
O'Connor,Jakob,Kavandi,Jamiya,O'Connor,Bronson
O'Connor,Brieanna,Kavandi,Brianne,O'Connor,Dashane
O'Connor,Hudson,Kavandi,Jamiya,O'Connor,Bronson
O'Connor,Kansas,Kavandi,Brianne,O'Connor,Dashane
O'Connor,Mohammad,Kavandi,Jamiya,O'Connor,Bronson
O'Connor,Samira,Kavandi,Brianne,O'Connor,Dashane
O'Connor,Jovon,Kavandi,Jamiya,O'Connor,Bronson
O'Connor,Nadine,Kavandi,Brianne,O'Connor,Dashane
O'Connor,Dedrick,Kavandi,Jamiya,O'Connor,Bronson
O'Connor,Aylssa,Kavandi,Brianne,O'Connor,Dashane
O'Connor,Daniel,Kavandi,Jamiya,O'Connor,Bronson
O'Connor,Jackie,Kavandi,Farrah,O'Connor,Killian
O'Connor,Arjun,Kavandi,Jamiya,O'Connor,Bronson
O'Connor,Michaela,Kavandi,Farrah,O'Connor,Killian
O'Connor,Neal,Kavandi,Brianne,O'Connor,Dashane
O'Connor,Aimee,Kavandi,Farrah,O'Connor,Killian
O'Connor,Charly,Kavandi,Brianne,O'Connor,Dashane
Kavandi,Measia,O'Connor,Mileena,Kavandi,Valentine
O'Connor,Joseph,Kavandi,Farrah,O'Connor,Killian
Kavandi,Janessa,O'Connor,Mileena,Kavandi,Valentine
O'Connor,Caden,Kavandi,Farrah,O'Connor,Killian
Kavandi,Rosa,O'Connor,Mileena,Kavandi,Valentine
O'Connor,Kellen,Kavandi,Farrah,O'Connor,Killian
Kavandi,Jami,O'Connor,Meagan,Kavandi,Oliver
O'Connor,Heriberto,Kavandi,Farrah,O'Connor,Killian
Kavandi,Jailene,O'Connor,Meagan,Kavandi,Oliver
O'Connor,Nikolas,Kavandi,Farrah,O'Connor,Killian
Kavandi,Helen,O'Connor,Meagan,Kavandi,Oliver
O'Connor,Ruben,Kavandi,Farrah,O'Connor,Killian
Kavandi,Gladys,O'Connor,Meagan,Kavandi,Oliver
O'Connor,Lashawn,Kavandi,Farrah,O'Connor,Killian
Kavandi,Michel,O'Connor,Courtney,Kavandi,Micah
O'Connor,Romeo,Kavandi,Farrah,O'Connor,Killian
Kavandi,Destiney,O'Connor,Courtney,Kavandi,Micah
O'Connor,Lucas,Kavandi,Farrah,O'Connor,Killian
Kavandi,Iman,O'Connor,Courtney,Kavandi,Micah
O'Connor,Mohammed,Kavandi,Farrah,O'Connor,Killian
Kavandi,Esther,O'Connor,Courtney,Kavandi,Micah
O'Connor,Dakotah,Kavandi,Farrah,O'Connor,Killian
Kavandi,Malia,O'Connor,Courtney,Kavandi,Micah
Kavandi,Esteban,O'Connor,Mileena,Kavandi,Valentine
Kavandi,Maricela,O'Connor,Courtney,Kavandi,Micah
Kavandi,Emerson,O'Connor,Mileena,Kavandi,Valentine
Kavandi,Gabriella,O'Connor,Courtney,Kavandi,Micah
Kavandi,Shayne,O'Connor,Mileena,Kavandi,Valentine
Kavandi,Chantal,O'Connor,Courtney,Kavandi,Micah
Kavandi,Neftaly,O'Connor,Mileena,Kavandi,Valentine
Kavandi,Keana,O'Connor,Kaylin,Kavandi,Callum
Kavandi,Coy,O'Connor,Mileena,Kavandi,Valentine
Kavandi,Dania,O'Connor,Kaylin,Kavandi,Callum
Kavandi,Dakotah,O'Connor,Mileena,Kavandi,Valentine
Kavandi,Mia,O'Connor,Kaylin,Kavandi,Callum
Kavandi,Billy,O'Connor,Mileena,Kavandi,Valentine
Kavandi,Tori,O'Connor,Kaylin,Kavandi,Callum
Kavandi,Nathanael,O'Connor,Meagan,Kavandi,Oliver
Pogue,Jillian,O'Connor,Flor,Pogue,Ibrahim
Kavandi,Jonah,O'Connor,Meagan,Kavandi,Oliver
Pogue,Tiera,O'Connor,Flor,Pogue,Ibrahim
Kavandi,Van,O'Connor,Courtney,Kavandi,Micah
Pogue,Daesha,O'Connor,Flor,Pogue,Ibrahim
Kavandi,Tristin,O'Connor,Courtney,Kavandi,Micah
Pogue,Chasity,O'Connor,Flor,Pogue,Ibrahim
Kavandi,Alan,O'Connor,Courtney,Kavandi,Micah
Pogue,Joanne,O'Connor,Stella,Pogue,Roland
Kavandi,Kellen,O'Connor,Courtney,Kavandi,Micah
Pogue,Queen,O'Connor,Stella,Pogue,Roland
Kavandi,Stephanie,O'Connor,Courtney,Kavandi,Micah
Pogue,Cheyanna,O'Connor,Stella,Pogue,Roland
Kavandi,Maleek,O'Connor,Courtney,Kavandi,Micah
Pogue,Elise,O'Connor,Stella,Pogue,Roland
Kavandi,Mitchel,O'Connor,Courtney,Kavandi,Micah
Pogue,Mari,O'Connor,Stella,Pogue,Roland
Kavandi,Payton,O'Connor,Courtney,Kavandi,Micah
Pogue,Abbey,O'Connor,Kassandra,Pogue,Phillip
Kavandi,Claudio,O'Connor,Kaylin,Kavandi,Callum
Pogue,Mary,O'Connor,Kassandra,Pogue,Phillip
Kavandi,Ishmael,O'Connor,Kaylin,Kavandi,Callum
Pogue,Zulema,O'Connor,Kassandra,Pogue,Phillip
Kavandi,Sam,O'Connor,Kaylin,Kavandi,Callum
Pogue,Sally,O'Connor,Kassandra,Pogue,Phillip
Kavandi,Nigel,O'Connor,Kaylin,Kavandi,Callum
Pogue,Passion,O'Connor,Kassandra,Pogue,Phillip
Pogue,Byron,O'Connor,Flor,Pogue,Ibrahim
Pogue,Michel,O'Connor,Kassandra,Pogue,Phillip
Pogue,Nickolas,O'Connor,Flor,Pogue,Ibrahim
Pogue,Elisabeth,O'Connor,Kassandra,Pogue,Phillip
Pogue,Fabian,O'Connor,Flor,Pogue,Ibrahim
Pogue,Brittney,O'Connor,Kassandra,Pogue,Phillip
Pogue,Jaron,O'Connor,Flor,Pogue,Ibrahim
Pogue,Debbie,O'Connor,Kassandra,Pogue,Phillip
Pogue,Jesse,O'Connor,Felisha,Pogue,Russell
Pogue,Leah,O'Connor,Kassandra,Pogue,Phillip
Pogue,Josiah,O'Connor,Felisha,Pogue,Russell
Pogue,Sade,O'Connor,Kassandra,Pogue,Phillip
Pogue,Jovonte,O'Connor,Felisha,Pogue,Russell
Pogue,Kaleigh,O'Connor,Kassandra,Pogue,Phillip
Pogue,Chaz,O'Connor,Stella,Pogue,Roland
Pogue,Delanie,O'Connor,Kassandra,Pogue,Phillip
Pogue,Dana,O'Connor,Stella,Pogue,Roland
Pogue,Jazmon,O'Connor,Chantal,Pogue,Kendrick
Pogue,Garin,O'Connor,Stella,Pogue,Roland
Pogue,Alisha,O'Connor,Chantal,Pogue,Kendrick
Pogue,Sebastien,O'Connor,Stella,Pogue,Roland
Pogue,Judith,O'Connor,Chantal,Pogue,Kendrick
Pogue,Wayne,O'Connor,Kassandra,Pogue,Phillip
Pogue,Cheyenne,O'Connor,Chantal,Pogue,Kendrick
Pogue,Augustus,O'Connor,Kassandra,Pogue,Phillip
Pogue,Cayla,O'Connor,Chantal,Pogue,Kendrick
Pogue,Trace,O'Connor,Kassandra,Pogue,Phillip
Pogue,Kansas,O'Connor,Chantal,Pogue,Kendrick
Pogue,Migel,O'Connor,Kassandra,Pogue,Phillip
Pogue,Gilda,O'Connor,Chantal,Pogue,Kendrick
Pogue,Ernest,O'Connor,Kassandra,Pogue,Phillip
Pogue,Marina,O'Connor,Chantal,Pogue,Kendrick
Pogue,Jevon,O'Connor,Kassandra,Pogue,Phillip
Pogue,Bethany,Kavandi,Elyse,Pogue,Joey
Pogue,Quinn,O'Connor,Kassandra,Pogue,Phillip
Pogue,Ayesha,Kavandi,Elyse,Pogue,Joey
Pogue,Wyatt,O'Connor,Chantal,Pogue,Kendrick
Pogue,Tarah,Kavandi,Elyse,Pogue,Joey
Pogue,William,O'Connor,Chantal,Pogue,Kendrick
Pogue,Eva,Kavandi,Elyse,Pogue,Joey
Pogue,Bruce,O'Connor,Chantal,Pogue,Kendrick
Pogue,Miriam,Kavandi,Elyse,Pogue,Joey
Pogue,Edgar,O'Connor,Chantal,Pogue,Kendrick
Pogue,Itzel,Kavandi,Kierra,Pogue,Terrence
Pogue,Micah,O'Connor,Chantal,Pogue,Kendrick
Pogue,Katy,Kavandi,Kierra,Pogue,Terrence
Pogue,Mauro,O'Connor,Chantal,Pogue,Kendrick
Pogue,Yasmin,Kavandi,Kierra,Pogue,Terrence
Pogue,Steve,O'Connor,Chantal,Pogue,Kendrick
Pogue,Jayme,Kavandi,Kierra,Pogue,Terrence
Pogue,Cecil,Kavandi,Elyse,Pogue,Joey
Pogue,Chantal,Kavandi,Kierra,Pogue,Terrence
Pogue,Lionel,Kavandi,Elyse,Pogue,Joey
Pogue,Marlena,Kavandi,Lauryn,Pogue,Manuel
Pogue,Jamison,Kavandi,Elyse,Pogue,Joey
Pogue,Emiley,Kavandi,Lauryn,Pogue,Manuel
Pogue,Ameer,Kavandi,Elyse,Pogue,Joey
Pogue,Nikki,Kavandi,Lauryn,Pogue,Manuel
Pogue,Jose,Kavandi,Elyse,Pogue,Joey
Pogue,Paula,Harris,Breanna,Pogue,Anthoni
Pogue,Jamie,Kavandi,Elyse,Pogue,Joey
Pogue,Jackie,Harris,Breanna,Pogue,Anthoni
Pogue,Salvatore,Kavandi,Elyse,Pogue,Joey
Pogue,Devin,Harris,Breanna,Pogue,Anthoni
Pogue,Yuri,Kavandi,Elyse,Pogue,Joey
Pogue,Jessie,Harris,Breanna,Pogue,Anthoni
Pogue,Jayson,Kavandi,Elyse,Pogue,Joey
Pogue,Gabriela,Harris,Breanna,Pogue,Anthoni
Pogue,Morgan,Kavandi,Elyse,Pogue,Joey
Pogue,Frida,Harris,Breanna,Pogue,Anthoni
Pogue,Patric,Kavandi,Elyse,Pogue,Joey
Pogue,Rita,Harris,Helena,Pogue,Jeremey
Pogue,Nico,Kavandi,Elyse,Pogue,Joey
Pogue,Clarissa,Harris,Helena,Pogue,Jeremey
Pogue,Adrian,Kavandi,Kierra,Pogue,Terrence
Pogue,Margaret,Harris,Helena,Pogue,Jeremey
Pogue,Tyreek,Kavandi,Kierra,Pogue,Terrence
Cameron,Katelynn,Harris,Maison,Cameron,Gunner
Pogue,Rayquan,Kavandi,Kierra,Pogue,Terrence
Cameron,Susan,Harris,Maison,Cameron,Gunner
Pogue,Gideon,Kavandi,Kierra,Pogue,Terrence
Cameron,Carmen,Pogue,Ayanna,Cameron,Dane
Pogue,Remington,Kavandi,Kierra,Pogue,Terrence
Cameron,Allyssa,Pogue,Ayanna,Cameron,Dane
Pogue,Saul,Kavandi,Kierra,Pogue,Terrence
Cameron,Shaylee,Pogue,Ayanna,Cameron,Dane
Pogue,Osvaldo,Kavandi,Kierra,Pogue,Terrence
Cameron,Robyn,Pogue,Ayanna,Cameron,Dane
Pogue,Adonis,Kavandi,Kierra,Pogue,Terrence
Cameron,Alison,Pogue,Ayanna,Cameron,Dane
Pogue,Bradlee,Kavandi,Kierra,Pogue,Terrence
Cameron,Krystan,Pogue,Ayanna,Cameron,Dane
Pogue,Mohammad,Kavandi,Kierra,Pogue,Terrence
Cameron,Jayla,Pogue,Yessica,Cameron,Luciano
Pogue,Dangelo,Kavandi,Kierra,Pogue,Terrence
Cameron,Jabria,Pogue,Yessica,Cameron,Luciano
Pogue,Grant,Kavandi,Kierra,Pogue,Terrence
Olivas,Lizbeth,Pogue,Adriana,Olivas,Maliki
Pogue,Isaiah,Kavandi,Kierra,Pogue,Terrence
Olivas,Kaylee,Pogue,Adriana,Olivas,Maliki
Pogue,Ted,Kavandi,Lauryn,Pogue,Manuel
Olivas,Delanie,Pogue,Adriana,Olivas,Maliki
Pogue,Stephanie,Kavandi,Lauryn,Pogue,Manuel
Olivas,Madelyn,Pogue,Brecken,Olivas,Romeo
Pogue,Jean,Kavandi,Lauryn,Pogue,Manuel
Olivas,Tammy,Pogue,Brecken,Olivas,Romeo
Pogue,Jeffrey,Kavandi,Lauryn,Pogue,Manuel
Olivas,Kenia,Pogue,Brecken,Olivas,Romeo
Pogue,Alejandro,Harris,Breanna,Pogue,Anthoni
Olivas,Shyanne,Pogue,Brecken,Olivas,Romeo
Pogue,Soren,Harris,Breanna,Pogue,Anthoni
Olivas,Shauna,Pogue,Marysol,Olivas,Addison
Pogue,Conrad,Harris,Breanna,Pogue,Anthoni
Olivas,Beatriz,Pogue,Marysol,Olivas,Addison
Pogue,Jordin,Harris,Breanna,Pogue,Anthoni
Olivas,Iris,Pogue,Marysol,Olivas,Addison
Pogue,Alden,Harris,Breanna,Pogue,Anthoni
Olivas,Kenyetta,Pogue,Marysol,Olivas,Addison
Pogue,Ismael,Harris,Breanna,Pogue,Anthoni
Olivas,Desteny,Pogue,Marysol,Olivas,Addison
Pogue,Britton,Harris,Breanna,Pogue,Anthoni
Olivas,Elizabeth,Pogue,Marysol,Olivas,Addison
Pogue,Dane,Harris,Breanna,Pogue,Anthoni
Olivas,Brook,Pogue,Marysol,Olivas,Addison
Pogue,Nathanael,Harris,Helena,Pogue,Jeremey
Olivas,Alysha,Pogue,Marysol,Olivas,Addison
Pogue,Johnny,Harris,Helena,Pogue,Jeremey
Olivas,Debra,Pogue,Marysol,Olivas,Addison
Pogue,Sedrick,Harris,Helena,Pogue,Jeremey
Olivas,Kaitlin,Pogue,Marysol,Olivas,Addison
Pogue,Luis,Harris,Helena,Pogue,Jeremey
Olivas,Sadia,Pogue,Joanna,Olivas,Darrin
Pogue,Asher,Harris,Helena,Pogue,Jeremey
Olivas,Nina,Pogue,Joanna,Olivas,Darrin
Pogue,Jalil,Harris,Helena,Pogue,Jeremey
Olivas,Danika,Pogue,Joanna,Olivas,Darrin
Pogue,Leroy,Harris,Helena,Pogue,Jeremey
Olivas,Khaila,Pogue,Joanna,Olivas,Darrin
Pogue,Casey,Harris,Helena,Pogue,Jeremey
Olivas,Noelle,Pogue,Joanna,Olivas,Darrin
Cameron,Maliki,Harris,Maison,Cameron,Gunner
Olivas,Patsy,Pogue,Joanna,Olivas,Darrin
Cameron,Morgan,Harris,Maison,Cameron,Gunner
Olivas,Brigitte,Pogue,Joanna,Olivas,Darrin
Cameron,Warren,Pogue,Ayanna,Cameron,Dane
Olivas,Iridiana,Pogue,Joanna,Olivas,Darrin
Cameron,Steven,Pogue,Ayanna,Cameron,Dane
Olivas,Symone,Pogue,Joanna,Olivas,Darrin
Cameron,Dashane,Pogue,Ayanna,Cameron,Dane
Olivas,Ariel,Pogue,Joanna,Olivas,Darrin
Cameron,Dennis,Pogue,Ayanna,Cameron,Dane
Olivas,Shayna,Pogue,Maricarmen,Olivas,Cyrus
Cameron,Tad,Pogue,Ayanna,Cameron,Dane
Olivas,Kyle,Pogue,Maricarmen,Olivas,Cyrus
Cameron,Camden,Pogue,Ayanna,Cameron,Dane
Olivas,Alisa,Pogue,Maricarmen,Olivas,Cyrus
Cameron,Greyson,Pogue,Yessica,Cameron,Luciano
Olivas,Marisela,Pogue,Zabrina,Olivas,Bryson
Cameron,Tristin,Pogue,Yessica,Cameron,Luciano
Olivas,Angle,Pogue,Zabrina,Olivas,Bryson
Cameron,Emiliano,Pogue,Yessica,Cameron,Luciano
Olivas,Hilda,Pogue,Zabrina,Olivas,Bryson
Cameron,Delonta,Pogue,Yessica,Cameron,Luciano
Olivas,Melody,Pogue,Zabrina,Olivas,Bryson
Cameron,Andy,Pogue,Yessica,Cameron,Luciano
Olivas,Sharae,Pogue,Zabrina,Olivas,Bryson
Cameron,Ernesto,Pogue,Yessica,Cameron,Luciano
Olivas,Bryana,Pogue,Zabrina,Olivas,Bryson
Olivas,Gustavo,Pogue,Adriana,Olivas,Maliki
Olivas,Hallie,Pogue,Zabrina,Olivas,Bryson
Olivas,Joey,Pogue,Adriana,Olivas,Maliki
Olivas,Sabreen,Pogue,Zabrina,Olivas,Bryson
Olivas,Delonta,Pogue,Adriana,Olivas,Maliki
Olivas,Iridian,Pogue,Zabrina,Olivas,Bryson
Olivas,Bobby,Pogue,Adriana,Olivas,Maliki
Olivas,Morgen,Pogue,Mackenna,Olivas,Tyler
Olivas,August,Pogue,Brecken,Olivas,Romeo
Olivas,Imani,Pogue,Mackenna,Olivas,Tyler
Olivas,Luis,Pogue,Brecken,Olivas,Romeo
Olivas,Sidney,Pogue,Mackenna,Olivas,Tyler
Olivas,Paul,Pogue,Brecken,Olivas,Romeo
Olivas,Ashtyn,Pogue,Mackenna,Olivas,Tyler
Olivas,Van,Pogue,Brecken,Olivas,Romeo
Olivas,Arianna,Pogue,Mackenna,Olivas,Tyler
Olivas,Terrence,Pogue,Brecken,Olivas,Romeo
Olivas,Ali,Pogue,Mackenna,Olivas,Tyler
Olivas,Camden,Pogue,Brecken,Olivas,Romeo
Olivas,Anitra,Pogue,Mackenna,Olivas,Tyler
Olivas,Collin,Pogue,Marysol,Olivas,Addison
Olivas,Sapphire,Pogue,Mackenna,Olivas,Tyler
Olivas,Ezra,Pogue,Marysol,Olivas,Addison
Olivas,Rachel,Pogue,Mackenna,Olivas,Tyler
Olivas,Darian,Pogue,Marysol,Olivas,Addison
Olivas,Jordyn,Pogue,Mackenna,Olivas,Tyler
Olivas,Ramiro,Pogue,Marysol,Olivas,Addison
Olivas,Mia,Pogue,Mackenna,Olivas,Tyler
Olivas,Dontae,Pogue,Marysol,Olivas,Addison
Olivas,Kaili,Pogue,Mackenna,Olivas,Tyler
Olivas,Gunnar,Pogue,Marysol,Olivas,Addison
Llewellyn,Charlene,Cameron,Kelci,Llewellyn,Zane
Olivas,Zachariah,Pogue,Joanna,Olivas,Darrin
Llewellyn,Cortney,Cameron,Kelci,Llewellyn,Zane
Olivas,Michael,Pogue,Joanna,Olivas,Darrin
Llewellyn,Faith,Cameron,Kelci,Llewellyn,Zane
Olivas,Zachery,Pogue,Joanna,Olivas,Darrin
Llewellyn,Yvonne,Cameron,Kayli,Llewellyn,Andreas
Olivas,Fred,Pogue,Joanna,Olivas,Darrin
Llewellyn,Christa,Cameron,Kayli,Llewellyn,Andreas
Olivas,Arjun,Pogue,Joanna,Olivas,Darrin
Llewellyn,Aja,Cameron,Kayli,Llewellyn,Andreas
Olivas,Landen,Pogue,Joanna,Olivas,Darrin
Llewellyn,Jayme,Cameron,Kayli,Llewellyn,Andreas
Olivas,Julio,Pogue,Maricarmen,Olivas,Cyrus
Llewellyn,Kamri,Cameron,Kayli,Llewellyn,Andreas
Olivas,Isaac,Pogue,Maricarmen,Olivas,Cyrus
Llewellyn,Natalee,Cameron,Myra,Llewellyn,Abdul
Olivas,Justyn,Pogue,Zabrina,Olivas,Bryson
Llewellyn,Kaitlyn,Cameron,Myra,Llewellyn,Abdul
Olivas,Jashua,Pogue,Zabrina,Olivas,Bryson
Llewellyn,Jennie,Cameron,Myra,Llewellyn,Abdul
Olivas,Clinton,Pogue,Zabrina,Olivas,Bryson
Llewellyn,Taelor,Cameron,Myra,Llewellyn,Abdul
Olivas,Deandre,Pogue,Zabrina,Olivas,Bryson
Llewellyn,Sheyla,Cameron,Myra,Llewellyn,Abdul
Olivas,Lazaro,Pogue,Zabrina,Olivas,Bryson
Llewellyn,Madalyn,Cameron,Myra,Llewellyn,Abdul
Olivas,Camron,Pogue,Zabrina,Olivas,Bryson
Llewellyn,Dayna,Cameron,Myra,Llewellyn,Abdul
Olivas,Hugh,Pogue,Zabrina,Olivas,Bryson
Llewellyn,Kealani,Cameron,Myra,Llewellyn,Abdul
Olivas,Carl,Pogue,Zabrina,Olivas,Bryson
Llewellyn,Jordan,Cameron,Myra,Llewellyn,Abdul
Olivas,Jacob,Pogue,Zabrina,Olivas,Bryson
Llewellyn,Anne,Olivas,Daniela,Llewellyn,Rory
Olivas,Darrell,Pogue,Mackenna,Olivas,Tyler
Llewellyn,Noel,Olivas,Daniela,Llewellyn,Rory
Olivas,Clint,Pogue,Mackenna,Olivas,Tyler
Llewellyn,Karen,Olivas,Daniela,Llewellyn,Rory
Olivas,Logan,Pogue,Mackenna,Olivas,Tyler
Llewellyn,Emmily,Olivas,Daniela,Llewellyn,Rory
Olivas,Tyrone,Pogue,Mackenna,Olivas,Tyler
Llewellyn,Adriane,Olivas,Brittany,Llewellyn,Ignacio
Olivas,Daryl,Pogue,Mackenna,Olivas,Tyler
Llewellyn,Kaylie,Olivas,Brittany,Llewellyn,Ignacio
Olivas,Kristopher,Pogue,Mackenna,Olivas,Tyler
Llewellyn,Klee,Olivas,Brittany,Llewellyn,Ignacio
Olivas,Damion,Pogue,Mackenna,Olivas,Tyler
Llewellyn,Kayleen,Olivas,Brittany,Llewellyn,Ignacio
Olivas,Jamie,Pogue,Mackenna,Olivas,Tyler
Llewellyn,Minna,Olivas,Brittany,Llewellyn,Ignacio
Llewellyn,Peter,Cameron,Kelci,Llewellyn,Zane
Llewellyn,Eva,Olivas,Brittany,Llewellyn,Ignacio
Llewellyn,Dusty,Cameron,Kelci,Llewellyn,Zane
Llewellyn,Helen,Olivas,Neda,Llewellyn,Miles
Llewellyn,Nestor,Cameron,Kayli,Llewellyn,Andreas
Llewellyn,Aleasha,Olivas,Neda,Llewellyn,Miles
Llewellyn,Killian,Cameron,Myra,Llewellyn,Abdul
Llewellyn,Anamarie,Olivas,Cheryl,Llewellyn,Theodore
Llewellyn,Terence,Cameron,Myra,Llewellyn,Abdul
Llewellyn,Karina,Olivas,Cheryl,Llewellyn,Theodore
Llewellyn,Dylon,Cameron,Myra,Llewellyn,Abdul
Llewellyn,Alana,Olivas,Cheryl,Llewellyn,Theodore
Llewellyn,Sydney,Cameron,Myra,Llewellyn,Abdul
Llewellyn,Colette,Olivas,Cheryl,Llewellyn,Theodore
Llewellyn,Fred,Cameron,Myra,Llewellyn,Abdul
Llewellyn,Ciera,Olivas,Chynna,Llewellyn,Felix
Llewellyn,Willis,Cameron,Myra,Llewellyn,Abdul
Llewellyn,Cassandra,Olivas,Chynna,Llewellyn,Felix
Llewellyn,Reid,Cameron,Myra,Llewellyn,Abdul
Llewellyn,Jori,Olivas,Chynna,Llewellyn,Felix
Llewellyn,Abdiel,Olivas,Daniela,Llewellyn,Rory
Llewellyn,Linnea,Olivas,Chynna,Llewellyn,Felix
Llewellyn,River,Olivas,Daniela,Llewellyn,Rory
Llewellyn,Torrie,Olivas,Chynna,Llewellyn,Felix
Llewellyn,Arjun,Olivas,Daniela,Llewellyn,Rory
Llewellyn,Jaquana,Olivas,Chynna,Llewellyn,Felix
Llewellyn,Bryce,Olivas,Daniela,Llewellyn,Rory
Llewellyn,Laquisha,Olivas,Chynna,Llewellyn,Felix
Llewellyn,Randy,Olivas,Daniela,Llewellyn,Rory
Llewellyn,Mindi,Olivas,Chynna,Llewellyn,Felix
Llewellyn,Jasper,Olivas,Daniela,Llewellyn,Rory
Llewellyn,Kimberlee,Olivas,Lila,Llewellyn,Eduardo
Llewellyn,Reginald,Olivas,Brittany,Llewellyn,Ignacio
Llewellyn,Sky,Olivas,Lila,Llewellyn,Eduardo
Llewellyn,Fabian,Olivas,Brittany,Llewellyn,Ignacio
Llewellyn,Susana,Olivas,Lila,Llewellyn,Eduardo
Llewellyn,Martin,Olivas,Brittany,Llewellyn,Ignacio
Llewellyn,Libby,Olivas,Lila,Llewellyn,Eduardo
Llewellyn,Bailey,Olivas,Neda,Llewellyn,Miles
Llewellyn,Giselle,Olivas,Lila,Llewellyn,Eduardo
Llewellyn,Sunny,Olivas,Neda,Llewellyn,Miles
Llewellyn,Natalia,Olivas,Lila,Llewellyn,Eduardo
Llewellyn,Jasen,Olivas,Neda,Llewellyn,Miles
Llewellyn,Jenae,Olivas,Lila,Llewellyn,Eduardo
Llewellyn,Denzell,Olivas,Cheryl,Llewellyn,Theodore
Llewellyn,Aria,Olivas,Lila,Llewellyn,Eduardo
Llewellyn,Sterling,Olivas,Cheryl,Llewellyn,Theodore
Llewellyn,Tabatha,Olivas,Carly,Llewellyn,Joseph
Llewellyn,Edgar,Olivas,Cheryl,Llewellyn,Theodore
Llewellyn,Kasey,O'Leary,Valerie,Llewellyn,Jalen
Llewellyn,Emanuel,Olivas,Cheryl,Llewellyn,Theodore
Llewellyn,Ellie,O'Leary,Valerie,Llewellyn,Jalen
Llewellyn,Byron,Olivas,Cheryl,Llewellyn,Theodore
Llewellyn,Chaya,O'Leary,Valerie,Llewellyn,Jalen
Llewellyn,Chandler,Olivas,Chynna,Llewellyn,Felix
O'Leary,Aleah,Llewellyn,Danae,O'Leary,Fredrick
Llewellyn,Brannon,Olivas,Chynna,Llewellyn,Felix
O'Leary,Benita,Llewellyn,Danae,O'Leary,Fredrick
Llewellyn,Travis,Olivas,Chynna,Llewellyn,Felix
O'Leary,Kyle,Llewellyn,Danae,O'Leary,Fredrick
Llewellyn,Erick,Olivas,Chynna,Llewellyn,Felix
O'Leary,Patsy,Llewellyn,Danae,O'Leary,Fredrick
Llewellyn,Colt,Olivas,Chynna,Llewellyn,Felix
O'Leary,Shekinah,Llewellyn,Danae,O'Leary,Fredrick
Llewellyn,Jules,Olivas,Chynna,Llewellyn,Felix
O'Leary,Gabrielle,Llewellyn,Danae,O'Leary,Fredrick
Llewellyn,Ross,Olivas,Chynna,Llewellyn,Felix
Chawla,Haley,Llewellyn,Shane,Chawla,Ethan
Llewellyn,Mauro,Olivas,Chynna,Llewellyn,Felix
Chawla,Allegra,Llewellyn,Shane,Chawla,Ethan
Llewellyn,Nickolas,Olivas,Chynna,Llewellyn,Felix
Chawla,Jaimie,Llewellyn,Shane,Chawla,Ethan
Llewellyn,Tallon,Olivas,Chynna,Llewellyn,Felix
Chawla,Chanel,Llewellyn,Shane,Chawla,Ethan
Llewellyn,Santos,Olivas,Lila,Llewellyn,Eduardo
Chawla,Emily,Llewellyn,Elizabeth,Chawla,Emerson
Llewellyn,Deleon,Olivas,Lila,Llewellyn,Eduardo
Chawla,Felisha,Llewellyn,Elizabeth,Chawla,Emerson
Llewellyn,Hakeem,Olivas,Lila,Llewellyn,Eduardo
Chawla,Abbie,Llewellyn,Elizabeth,Chawla,Emerson
Llewellyn,Vernon,Olivas,Lila,Llewellyn,Eduardo
Chawla,Reilly,Llewellyn,Elizabeth,Chawla,Emerson
Llewellyn,Lorenzo,Olivas,Lila,Llewellyn,Eduardo
Chawla,Kaela,O'Leary,Tierra,Chawla,Britt
Llewellyn,Francesco,Olivas,Lila,Llewellyn,Eduardo
Chawla,Tamia,O'Leary,Tierra,Chawla,Britt
Llewellyn,Yuri,Olivas,Lila,Llewellyn,Eduardo
Chawla,Kaydee,O'Leary,Tierra,Chawla,Britt
Llewellyn,Kelvin,Olivas,Carly,Llewellyn,Joseph
Chawla,Darian,O'Leary,Tierra,Chawla,Britt
Llewellyn,Jeremiah,Olivas,Carly,Llewellyn,Joseph
Chawla,Celeste,O'Leary,Tierra,Chawla,Britt
Llewellyn,Xavier,Olivas,Carly,Llewellyn,Joseph
Chawla,Brieanna,O'Leary,Tierra,Chawla,Britt
Llewellyn,Terrell,Olivas,Carly,Llewellyn,Joseph
Chawla,Jamee,O'Leary,Tierra,Chawla,Britt
Llewellyn,Rowan,O'Leary,Valerie,Llewellyn,Jalen
Chawla,Serena,O'Leary,Tierra,Chawla,Britt
Llewellyn,Gunner,O'Leary,Valerie,Llewellyn,Jalen
Chawla,Roxanne,O'Leary,Tierra,Chawla,Britt
Llewellyn,Korey,O'Leary,Valerie,Llewellyn,Jalen
Chawla,Linsey,O'Leary,Celena,Chawla,Wanya
Llewellyn,Zachariah,O'Leary,Valerie,Llewellyn,Jalen
Chawla,Sheila,O'Leary,Celena,Chawla,Wanya
O'Leary,Shaquille,Llewellyn,Danae,O'Leary,Fredrick
Chawla,Christy,O'Leary,Celena,Chawla,Wanya
O'Leary,Bruce,Llewellyn,Danae,O'Leary,Fredrick
Chawla,Constance,O'Leary,Celena,Chawla,Wanya
O'Leary,Ibrahim,Llewellyn,Danae,O'Leary,Fredrick
Chawla,Micah,O'Leary,Celena,Chawla,Wanya
O'Leary,Edgardo,Llewellyn,Danae,O'Leary,Fredrick
Chawla,Monique,O'Leary,Celena,Chawla,Wanya
O'Leary,Christophe,Llewellyn,Danae,O'Leary,Fredrick
Chawla,Symphony,O'Leary,Celena,Chawla,Wanya
Chawla,Kerrick,Llewellyn,Shane,Chawla,Ethan
Chawla,Breanne,O'Leary,Celena,Chawla,Wanya
Chawla,Dayton,Llewellyn,Shane,Chawla,Ethan
Chawla,Fatima,Coolidge,Juliet,Chawla,Rafael
Chawla,Esau,Llewellyn,Elizabeth,Chawla,Emerson
Chawla,Austin,Coolidge,Juliet,Chawla,Rafael
Chawla,Quinton,Llewellyn,Elizabeth,Chawla,Emerson
Chawla,Shawn,Coolidge,Juliet,Chawla,Rafael
Chawla,Braden,Llewellyn,Elizabeth,Chawla,Emerson
Chawla,Frances,Coolidge,Juliet,Chawla,Rafael
Chawla,Irfan,Llewellyn,Elizabeth,Chawla,Emerson
Chawla,Raven,Coolidge,Juliet,Chawla,Rafael
Chawla,Dana,O'Leary,Tierra,Chawla,Britt
Chawla,Candace,Coolidge,Juliet,Chawla,Rafael
Chawla,Trace,O'Leary,Tierra,Chawla,Britt
Chawla,Tanya,Coolidge,Juliet,Chawla,Rafael
Chawla,Conner,O'Leary,Tierra,Chawla,Britt
Chawla,Cambria,Coolidge,Juliet,Chawla,Rafael
Chawla,Coby,O'Leary,Tierra,Chawla,Britt
Chawla,Ivana,Coolidge,Juliet,Chawla,Rafael
Chawla,Alex,O'Leary,Tierra,Chawla,Britt
Chawla,Kacey,Coolidge,Juliet,Chawla,Rafael
Chawla,Dimitri,O'Leary,Tierra,Chawla,Britt
Chawla,Ayesha,Coolidge,Juliet,Chawla,Rafael
Chawla,Gideon,O'Leary,Tierra,Chawla,Britt
Chawla,Guadalupe,Coolidge,Maren,Chawla,Malik
Chawla,Cecil,O'Leary,Tierra,Chawla,Britt
Chawla,Destany,Coolidge,Maren,Chawla,Malik
Chawla,Landin,O'Leary,Tierra,Chawla,Britt
Chawla,Baby,Coolidge,Maren,Chawla,Malik
Chawla,Westley,O'Leary,Tierra,Chawla,Britt
Chawla,Camila,Coolidge,Maren,Chawla,Malik
Chawla,Tomas,O'Leary,Celena,Chawla,Wanya
Chawla,Haylie,Fisher,Kendyl,Chawla,Alejandro
Chawla,Rigoberto,O'Leary,Celena,Chawla,Wanya
Chawla,Janie,Fisher,Kendyl,Chawla,Alejandro
Chawla,Clarence,O'Leary,Celena,Chawla,Wanya
Chawla,Karah,Fisher,Kendyl,Chawla,Alejandro
Chawla,Greyson,O'Leary,Celena,Chawla,Wanya
Chawla,Tiera,Fisher,Kendyl,Chawla,Alejandro
Chawla,Reid,O'Leary,Celena,Chawla,Wanya
Chawla,Darcy,Fisher,Kendyl,Chawla,Alejandro
Chawla,David,O'Leary,Celena,Chawla,Wanya
Chawla,Lydia,Fisher,Kendyl,Chawla,Alejandro
Chawla,Deric,O'Leary,Celena,Chawla,Wanya
Chawla,Nathalia,Fisher,Kendyl,Chawla,Alejandro
Chawla,Nicholas,O'Leary,Celena,Chawla,Wanya
Chawla,Hailee,Fisher,Carolyn,Chawla,Habram
Chawla,Ezra,Coolidge,Juliet,Chawla,Rafael
Chawla,Abbey,Fisher,Carolyn,Chawla,Habram
Chawla,Patrick,Coolidge,Juliet,Chawla,Rafael
Chawla,Janelle,Fisher,Carolyn,Chawla,Habram
Chawla,Juan,Coolidge,Juliet,Chawla,Rafael
Chawla,Khyla,Fisher,Carolyn,Chawla,Habram
Chawla,Terry,Coolidge,Juliet,Chawla,Rafael
Chawla,Nichole,Fisher,Carolyn,Chawla,Habram
Chawla,Edgardo,Coolidge,Juliet,Chawla,Rafael
Chawla,Laquisha,Fisher,Carolyn,Chawla,Habram
Chawla,Vinh,Coolidge,Juliet,Chawla,Rafael
Chawla,Geraldine,Fisher,Carolyn,Chawla,Habram
Chawla,Ever,Coolidge,Juliet,Chawla,Rafael
Chawla,Kelsy,Fisher,Carolyn,Chawla,Habram
Chawla,Perry,Coolidge,Juliet,Chawla,Rafael
Chawla,Sharae,Fisher,Carolyn,Chawla,Habram
Chawla,Frank,Coolidge,Maren,Chawla,Malik
Chawla,Presley,Fisher,Carolyn,Chawla,Habram
Chawla,Stephen,Coolidge,Maren,Chawla,Malik
Chawla,Maegen,Fisher,Carolyn,Chawla,Habram
Chawla,Jeb,Coolidge,Maren,Chawla,Malik
Chawla,Diane,Fisher,Carolyn,Chawla,Habram
Chawla,Braxton,Coolidge,Maren,Chawla,Malik
Chawla,Daija,Fisher,Keiarra,Chawla,Oscar
Chawla,Kegan,Coolidge,Maren,Chawla,Malik
Chawla,Shyann,Fisher,Keiarra,Chawla,Oscar
Chawla,Cody,Coolidge,Maren,Chawla,Malik
Chawla,Cristal,Fisher,Keiarra,Chawla,Oscar
Chawla,Lukas,Coolidge,Maren,Chawla,Malik
Chawla,Aidan,Fisher,Keiarra,Chawla,Oscar
Chawla,Tevin,Fisher,Kendyl,Chawla,Alejandro
Chawla,Louisa,Fisher,Keiarra,Chawla,Oscar
Chawla,Sidney,Fisher,Kendyl,Chawla,Alejandro
Chawla,Sariah,Fisher,Carina,Chawla,Franklin
Chawla,Brad,Fisher,Kendyl,Chawla,Alejandro
Chawla,Marisa,Fisher,Carina,Chawla,Franklin
Chawla,Samual,Fisher,Kendyl,Chawla,Alejandro
Chawla,Clair,Fisher,Carina,Chawla,Franklin
Chawla,Brennan,Fisher,Kendyl,Chawla,Alejandro
Chawla,Reina,Fisher,Carina,Chawla,Franklin
Chawla,Skylar,Fisher,Kendyl,Chawla,Alejandro
Chawla,Justine,Fisher,Carina,Chawla,Franklin
Chawla,Terrell,Fisher,Carolyn,Chawla,Habram
Chawla,Maeghan,Fisher,Carina,Chawla,Franklin
Chawla,Jairus,Fisher,Carolyn,Chawla,Habram
Chawla,Kylee,Fisher,Marissa,Chawla,Alan
Chawla,Geoffrey,Fisher,Carolyn,Chawla,Habram
Chawla,Katelyn,Fisher,Marissa,Chawla,Alan
Chawla,Demetrius,Fisher,Carolyn,Chawla,Habram
Chawla,Jenniffer,Fisher,Marissa,Chawla,Alan
Chawla,Elmer,Fisher,Carolyn,Chawla,Habram
Chawla,Rebekah,Fisher,Haylie,Chawla,Darrius
Chawla,Devante,Fisher,Carolyn,Chawla,Habram
Chawla,Myesha,Fisher,Haylie,Chawla,Darrius
Chawla,Jayson,Fisher,Carolyn,Chawla,Habram
Chawla,Sapphire,Fisher,Blair,Chawla,Keith
Chawla,Jarrod,Fisher,Keiarra,Chawla,Oscar
Chawla,Alexia,Fisher,Blair,Chawla,Keith
Chawla,Ray,Fisher,Keiarra,Chawla,Oscar
Chawla,Taylorann,Fisher,Blair,Chawla,Keith
Chawla,Fernando,Fisher,Keiarra,Chawla,Oscar
Chawla,Annika,Fisher,Blair,Chawla,Keith
Chawla,Jackson,Fisher,Keiarra,Chawla,Oscar
Chawla,Debbie,Fisher,Blair,Chawla,Keith
Chawla,Tayler,Fisher,Keiarra,Chawla,Oscar
Chawla,Jill,Fisher,Blair,Chawla,Keith
Chawla,Ashton,Fisher,Carina,Chawla,Franklin
Chawla,Abigail,Fisher,Blair,Chawla,Keith
Chawla,Chance,Fisher,Carina,Chawla,Franklin
Chawla,Devon,Fisher,Blair,Chawla,Keith
Chawla,Leon,Fisher,Carina,Chawla,Franklin
Coolidge,Rachel,Chawla,Dulce,Coolidge,Jessie
Chawla,Nickalus,Fisher,Carina,Chawla,Franklin
Coolidge,Estrella,Chawla,Dulce,Coolidge,Jessie
Chawla,Ronald,Fisher,Carina,Chawla,Franklin
Coolidge,Ashli,Chawla,Dulce,Coolidge,Jessie
Chawla,Valentin,Fisher,Carina,Chawla,Franklin
Coolidge,Callan,Chawla,Dulce,Coolidge,Jessie
Chawla,Easton,Fisher,Carina,Chawla,Franklin
Coolidge,Tatiana,Chawla,Dulce,Coolidge,Jessie
Chawla,Jayce,Fisher,Marissa,Chawla,Alan
Coolidge,Alicia,Chawla,Dulce,Coolidge,Jessie
Chawla,Sterling,Fisher,Marissa,Chawla,Alan
Coolidge,Megan,Chawla,Dulce,Coolidge,Jessie
Chawla,Mike,Fisher,Marissa,Chawla,Alan
Coolidge,Rocio,Chawla,Dulce,Coolidge,Jessie
Chawla,Ramiro,Fisher,Haylie,Chawla,Darrius
Coolidge,Ellen,Chawla,Dulce,Coolidge,Jessie
Chawla,Carlos,Fisher,Haylie,Chawla,Darrius
Coolidge,Ida,Chawla,Dulce,Coolidge,Jessie
Chawla,Bryson,Fisher,Blair,Chawla,Keith
Coolidge,Kyndra,Chawla,Spencer,Coolidge,Zev
Chawla,Buford,Fisher,Blair,Chawla,Keith
Coolidge,Deja,Chawla,Spencer,Coolidge,Zev
Chawla,Isiah,Fisher,Blair,Chawla,Keith
Coolidge,Yessenia,Chawla,Spencer,Coolidge,Zev
Chawla,Kyler,Fisher,Blair,Chawla,Keith
Coolidge,Mckenna,Chawla,Spencer,Coolidge,Zev
Chawla,Ross,Fisher,Blair,Chawla,Keith
Coolidge,Jada,Chawla,Spencer,Coolidge,Zev
Chawla,Timothy,Fisher,Blair,Chawla,Keith
Coolidge,Gilda,Chawla,Spencer,Coolidge,Zev
Chawla,Reed,Fisher,Blair,Chawla,Keith
Coolidge,Harlie,Chawla,Spencer,Coolidge,Zev
Chawla,Mohammad,Fisher,Blair,Chawla,Keith
Coolidge,Zandria,Chawla,Synthia,Coolidge,Campbell
Chawla,Marshall,Fisher,Blair,Chawla,Keith
Coolidge,Marisol,Chawla,Synthia,Coolidge,Campbell
Chawla,Cristian,Fisher,Blair,Chawla,Keith
Coolidge,Joyce,Chawla,Synthia,Coolidge,Campbell
Coolidge,Emmanuel,Chawla,Dulce,Coolidge,Jessie
Coolidge,Shane,Chawla,Synthia,Coolidge,Campbell
Coolidge,Hunter,Chawla,Dulce,Coolidge,Jessie
Coolidge,Reyna,Chawla,Synthia,Coolidge,Campbell
Coolidge,Jordan,Chawla,Dulce,Coolidge,Jessie
Coolidge,Emmalee,Chawla,Synthia,Coolidge,Campbell
Coolidge,Dedrick,Chawla,Dulce,Coolidge,Jessie
Coolidge,Kristen,Chawla,Synthia,Coolidge,Campbell
Coolidge,Keion,Chawla,Dulce,Coolidge,Jessie
Coolidge,Kelsi,Chawla,Synthia,Coolidge,Campbell
Coolidge,Tyquan,Chawla,Dulce,Coolidge,Jessie
Coolidge,Sofia,Chawla,Alayna,Coolidge,Marcos
Coolidge,Julio,Chawla,Dulce,Coolidge,Jessie
Coolidge,Sheyla,Chawla,Alayna,Coolidge,Marcos
Coolidge,Ramon,Chawla,Dulce,Coolidge,Jessie
Coolidge,Moesha,Chawla,Alayna,Coolidge,Marcos
Coolidge,Louis,Chawla,Dulce,Coolidge,Jessie
Coolidge,Valentina,Chawla,Alayna,Coolidge,Marcos
Coolidge,Trevor,Chawla,Dulce,Coolidge,Jessie
Coolidge,Haiden,Chawla,Alayna,Coolidge,Marcos
Coolidge,Charlie,Chawla,Spencer,Coolidge,Zev
Coolidge,Alexandria,Chawla,Alayna,Coolidge,Marcos
Coolidge,Asa,Chawla,Spencer,Coolidge,Zev
Coolidge,Ciara,Chawla,Alayna,Coolidge,Marcos
Coolidge,Sebastien,Chawla,Spencer,Coolidge,Zev
Coolidge,Mykayla,Chawla,Alayna,Coolidge,Marcos
Coolidge,Tyrone,Chawla,Spencer,Coolidge,Zev
Coolidge,Kianna,Chawla,Alayna,Coolidge,Marcos
Coolidge,Greyson,Chawla,Spencer,Coolidge,Zev
Coolidge,Teagan,Chawla,Alayna,Coolidge,Marcos
Coolidge,Oneil,Chawla,Spencer,Coolidge,Zev
Coolidge,Kaleigh,Chawla,Alayna,Coolidge,Marcos
