Searfoss,Trevin,Caldwell,Tyeisha,Searfoss,Rayvon
Frick,Valeria,Spring,Miriam,Frick,Dandre
McNair,Aspen,Hayes,Ashli,McNair,Dominick
Low,Ali,Chamitoff,Patsy,Low,Raul
Culbertson,Benjamen,Massimino,Kiera,Culbertson,Yakov
Beering,Maranda,Conrad,Ebony,Beering,Esteban
Shaw,Al,Sellers,Zoe,Shaw,Kendall
McMonagle,Esperanza,Curbeam,Jaymie,McMonagle,Robert
Covey,Oliver,Weber,Jaqueline,Covey,Diamond
Bolden,Erica,Nixon,Marianne,Bolden,Trentin
Onizuka,Tommy,Evans,Keishla,Onizuka,Davin
Daniels,Carson,Linnehan,Deyaneira,Daniels,Jakob
Bloomfield,Efren,Caldwell,Maxine,Bloomfield,Paris
Readdy,Alissa,Linenger,Dorothy,Readdy,Christen
Franklin,Ravon,Torvalds,Delanie,Franklin,Weston
Rominger,Clarissa,Taft,Tammy,Rominger,Jesus
Borman,Maurice,Duffy,Maureen,Borman,Nickalus
Noriega,Athena,Grout,Jhane,Noriega,Terrence
Horowitz,Dane,Reisman,Karly,Horowitz,Chad
Johnson,Judy,Carter,Malina,Johnson,Alberto
Harding,Garret,Lenoir,Mia,Harding,Steve
Still,Tania,Buchanan,Courtney,Still,Rene
Brady,Marc,Jefferson,Tonya,Brady,Terrell
McCulley,Silvia,Walz,Dianne,McCulley,Ravon
Shriver,Lane,Wisoff,Jane,Shriver,Marshall
Camarda,Amberly,Wilcutt,Xiomara,Camarda,Ignacio
Searfoss,Ryland,Frick,Valeria,Searfoss,Trevin
Parker,Rayna,Apt,Taelor,Parker,Rashad
Searfoss,Austen,Frick,Valeria,Searfoss,Trevin
Carr,Shaylee,Weitz,Deandrea,Carr,Forest
McNair,Darrin,Low,Ali,McNair,Aspen
Evans,Debora,Bursch,Tamra,Evans,Ezra
McNair,Kirkland,Low,Ali,McNair,Aspen
Sullivan,Sophia,Apt,Shamaria,Sullivan,Irvin
McNair,Patric,Low,Ali,McNair,Aspen
Searfoss,Unique,Frick,Valeria,Searfoss,Trevin
McNair,Allan,Low,Ali,McNair,Aspen
Searfoss,Geneva,Frick,Valeria,Searfoss,Trevin
McNair,Marc,Low,Ali,McNair,Aspen
Searfoss,Ashton,Frick,Valeria,Searfoss,Trevin
McNair,Denzel,Low,Ali,McNair,Aspen
Searfoss,Miracle,Frick,Valeria,Searfoss,Trevin
McNair,Brett,Low,Ali,McNair,Aspen
Searfoss,Bobbie,Frick,Valeria,Searfoss,Trevin
McNair,Lamont,Low,Ali,McNair,Aspen
Searfoss,Brittney,Frick,Valeria,Searfoss,Trevin
Culbertson,Agustin,Beering,Maranda,Culbertson,Benjamen
Searfoss,Paxton,Frick,Valeria,Searfoss,Trevin
Culbertson,Grady,Beering,Maranda,Culbertson,Benjamen
Searfoss,Camila,Frick,Valeria,Searfoss,Trevin
Culbertson,Nikolas,Beering,Maranda,Culbertson,Benjamen
Searfoss,Breana,Frick,Valeria,Searfoss,Trevin
Culbertson,Ever,Beering,Maranda,Culbertson,Benjamen
Searfoss,Geraldine,Frick,Valeria,Searfoss,Trevin
Culbertson,Braxton,Beering,Maranda,Culbertson,Benjamen
Searfoss,Kailey,Frick,Valeria,Searfoss,Trevin
Culbertson,Ross,Beering,Maranda,Culbertson,Benjamen
Searfoss,Destiny,Frick,Valeria,Searfoss,Trevin
Culbertson,Silas,Beering,Maranda,Culbertson,Benjamen
Searfoss,Kerry,Frick,Valeria,Searfoss,Trevin
Shaw,Ted,McMonagle,Esperanza,Shaw,Al
Searfoss,Ashlyn,Frick,Valeria,Searfoss,Trevin
Shaw,Daequan,McMonagle,Esperanza,Shaw,Al
Searfoss,Molli,Frick,Valeria,Searfoss,Trevin
Shaw,Fredrick,McMonagle,Esperanza,Shaw,Al
McNair,Jesica,Low,Ali,McNair,Aspen
Shaw,Marvin,McMonagle,Esperanza,Shaw,Al
McNair,Kenna,Low,Ali,McNair,Aspen
Shaw,Garin,McMonagle,Esperanza,Shaw,Al
McNair,Susana,Low,Ali,McNair,Aspen
Shaw,Angelo,McMonagle,Esperanza,Shaw,Al
McNair,Alissa,Low,Ali,McNair,Aspen
Shaw,Romello,McMonagle,Esperanza,Shaw,Al
McNair,Nancy,Low,Ali,McNair,Aspen
Covey,Myron,Bolden,Erica,Covey,Oliver
McNair,Iris,Low,Ali,McNair,Aspen
Covey,Buford,Bolden,Erica,Covey,Oliver
Culbertson,Yesenia,Beering,Maranda,Culbertson,Benjamen
Covey,Nicholaus,Bolden,Erica,Covey,Oliver
Culbertson,Chelsey,Beering,Maranda,Culbertson,Benjamen
Covey,Brodie,Bolden,Erica,Covey,Oliver
Culbertson,Camilla,Beering,Maranda,Culbertson,Benjamen
Covey,Richie,Bolden,Erica,Covey,Oliver
Culbertson,Tanya,Beering,Maranda,Culbertson,Benjamen
Onizuka,Jakob,Daniels,Carson,Onizuka,Tommy
Culbertson,Kailee,Beering,Maranda,Culbertson,Benjamen
Onizuka,Steven,Daniels,Carson,Onizuka,Tommy
Culbertson,Kiarra,Beering,Maranda,Culbertson,Benjamen
Bloomfield,Ernest,Readdy,Alissa,Bloomfield,Efren
Culbertson,Ashton,Beering,Maranda,Culbertson,Benjamen
Bloomfield,Cristopher,Readdy,Alissa,Bloomfield,Efren
Culbertson,Dajanae,Beering,Maranda,Culbertson,Benjamen
Franklin,Isiah,Rominger,Clarissa,Franklin,Ravon
Culbertson,Danae,Beering,Maranda,Culbertson,Benjamen
Franklin,Kristopher,Rominger,Clarissa,Franklin,Ravon
Culbertson,Xochitl,Beering,Maranda,Culbertson,Benjamen
Franklin,Bennett,Rominger,Clarissa,Franklin,Ravon
Culbertson,Brigid,Beering,Maranda,Culbertson,Benjamen
Franklin,Skylar,Rominger,Clarissa,Franklin,Ravon
Shaw,Marivel,McMonagle,Esperanza,Shaw,Al
Borman,Jayce,Noriega,Athena,Borman,Maurice
Shaw,Christa,McMonagle,Esperanza,Shaw,Al
Borman,Elias,Noriega,Athena,Borman,Maurice
Shaw,Loni,McMonagle,Esperanza,Shaw,Al
Borman,Landen,Noriega,Athena,Borman,Maurice
Shaw,Shae,McMonagle,Esperanza,Shaw,Al
Borman,Javier,Noriega,Athena,Borman,Maurice
Shaw,Dylan,McMonagle,Esperanza,Shaw,Al
Horowitz,Jordin,Johnson,Judy,Horowitz,Dane
Covey,Jordyn,Bolden,Erica,Covey,Oliver
Horowitz,Rashad,Johnson,Judy,Horowitz,Dane
Covey,Ivelisse,Bolden,Erica,Covey,Oliver
Horowitz,Nolan,Johnson,Judy,Horowitz,Dane
Covey,Lydia,Bolden,Erica,Covey,Oliver
Horowitz,Levi,Johnson,Judy,Horowitz,Dane
Covey,Trista,Bolden,Erica,Covey,Oliver
Horowitz,Benjamen,Johnson,Judy,Horowitz,Dane
Covey,Estela,Bolden,Erica,Covey,Oliver
Horowitz,Dyllon,Johnson,Judy,Horowitz,Dane
Covey,Mollie,Bolden,Erica,Covey,Oliver
Horowitz,Diondre,Johnson,Judy,Horowitz,Dane
Covey,Gabriela,Bolden,Erica,Covey,Oliver
Harding,Hakeem,Still,Tania,Harding,Garret
Covey,Deserae,Bolden,Erica,Covey,Oliver
Harding,Alek,Still,Tania,Harding,Garret
Onizuka,Yesenia,Daniels,Carson,Onizuka,Tommy
Harding,Shlomo,Still,Tania,Harding,Garret
Onizuka,Tasia,Daniels,Carson,Onizuka,Tommy
Harding,Harrison,Still,Tania,Harding,Garret
Onizuka,Noelle,Daniels,Carson,Onizuka,Tommy
Harding,Mauricio,Still,Tania,Harding,Garret
Onizuka,Caitlin,Daniels,Carson,Onizuka,Tommy
Brady,Tristin,McCulley,Silvia,Brady,Marc
Onizuka,Marisa,Daniels,Carson,Onizuka,Tommy
Brady,Jasper,McCulley,Silvia,Brady,Marc
Onizuka,Zabrina,Daniels,Carson,Onizuka,Tommy
Brady,Michel,McCulley,Silvia,Brady,Marc
Bloomfield,Austin,Readdy,Alissa,Bloomfield,Efren
Brady,Jeb,McCulley,Silvia,Brady,Marc
Franklin,Gabriella,Rominger,Clarissa,Franklin,Ravon
Brady,Vernon,McCulley,Silvia,Brady,Marc
Borman,Keira,Noriega,Athena,Borman,Maurice
Brady,Demetrius,McCulley,Silvia,Brady,Marc
Horowitz,Chaya,Johnson,Judy,Horowitz,Dane
Brady,Reese,McCulley,Silvia,Brady,Marc
Horowitz,Danielle,Johnson,Judy,Horowitz,Dane
Shriver,Bennie,Camarda,Amberly,Shriver,Lane
Horowitz,Gabriella,Johnson,Judy,Horowitz,Dane
Shriver,Collin,Camarda,Amberly,Shriver,Lane
Horowitz,Justina,Johnson,Judy,Horowitz,Dane
Shriver,Damian,Camarda,Amberly,Shriver,Lane
Horowitz,Krystle,Johnson,Judy,Horowitz,Dane
Shriver,Russell,Camarda,Amberly,Shriver,Lane
Horowitz,Hannah,Johnson,Judy,Horowitz,Dane
Searfoss,Dana,Parker,Rayna,Searfoss,Ryland
Horowitz,Carissa,Johnson,Judy,Horowitz,Dane
Searfoss,Deleon,Parker,Rayna,Searfoss,Ryland
Horowitz,Kacie,Johnson,Judy,Horowitz,Dane
Searfoss,Idris,Parker,Rayna,Searfoss,Ryland
Harding,Emma,Still,Tania,Harding,Garret
Searfoss,George,Parker,Rayna,Searfoss,Ryland
Harding,Tatiana,Still,Tania,Harding,Garret
Searfoss,Garrett,Parker,Rayna,Searfoss,Ryland
Harding,Eryn,Still,Tania,Harding,Garret
Searfoss,Tyran,Parker,Rayna,Searfoss,Ryland
Harding,Laken,Still,Tania,Harding,Garret
Searfoss,Zev,Parker,Rayna,Searfoss,Ryland
Harding,Maureen,Still,Tania,Harding,Garret
Searfoss,Jack,Parker,Rayna,Searfoss,Ryland
Brady,Janice,McCulley,Silvia,Brady,Marc
Searfoss,Tom,Parker,Rayna,Searfoss,Ryland
Brady,Brook,McCulley,Silvia,Brady,Marc
Searfoss,Erich,Parker,Rayna,Searfoss,Ryland
Brady,Essence,McCulley,Silvia,Brady,Marc
Searfoss,Braxton,Carr,Shaylee,Searfoss,Austen
Brady,Rebecca,McCulley,Silvia,Brady,Marc
Searfoss,Jovon,Carr,Shaylee,Searfoss,Austen
Brady,Patrice,McCulley,Silvia,Brady,Marc
McNair,Shmuel,Evans,Debora,McNair,Darrin
Brady,Selina,McCulley,Silvia,Brady,Marc
McNair,Gavin,Evans,Debora,McNair,Darrin
Brady,Tayler,McCulley,Silvia,Brady,Marc
McNair,Jarrod,Evans,Debora,McNair,Darrin
Brady,Yasmeen,McCulley,Silvia,Brady,Marc
McNair,Preston,Evans,Debora,McNair,Darrin
Shriver,Amy,Camarda,Amberly,Shriver,Lane
McNair,Perry,Sullivan,Sophia,McNair,Kirkland
Shriver,Yajaira,Camarda,Amberly,Shriver,Lane
McNair,Angel,Sullivan,Sophia,McNair,Kirkland
Shriver,Deanna,Camarda,Amberly,Shriver,Lane
McNair,Juan,Sullivan,Sophia,McNair,Kirkland
Shriver,Chanel,Camarda,Amberly,Shriver,Lane
McNair,Philip,Sullivan,Sophia,McNair,Kirkland
Searfoss,Lillian,Parker,Rayna,Searfoss,Ryland
McNair,Vinh,Sullivan,Sophia,McNair,Kirkland
Searfoss,Kealani,Parker,Rayna,Searfoss,Ryland
McNair,Ian,Sullivan,Sophia,McNair,Kirkland
Searfoss,Marelyn,Parker,Rayna,Searfoss,Ryland
McNair,Treshaun,Sullivan,Sophia,McNair,Kirkland
Searfoss,Idaly,Parker,Rayna,Searfoss,Ryland
McNair,Maurice,Sullivan,Sophia,McNair,Kirkland
Searfoss,Katelin,Parker,Rayna,Searfoss,Ryland
McNair,Arjun,Sullivan,Sophia,McNair,Kirkland
Searfoss,Brianne,Parker,Rayna,Searfoss,Ryland
McNair,Jimmy,Sullivan,Sophia,McNair,Kirkland
Searfoss,Kristie,Carr,Shaylee,Searfoss,Austen
McNair,Jordon,Sullivan,Sophia,McNair,Kirkland
Searfoss,Marysol,Carr,Shaylee,Searfoss,Austen
McNair,Mathew,Sullivan,Sophia,McNair,Kirkland
Searfoss,Shea,Carr,Shaylee,Searfoss,Austen
McNair,Kurt,Searfoss,Unique,McNair,Patric
Searfoss,Trinity,Carr,Shaylee,Searfoss,Austen
McNair,Glenn,Searfoss,Unique,McNair,Patric
Searfoss,Elana,Carr,Shaylee,Searfoss,Austen
McNair,Alexandro,Searfoss,Unique,McNair,Patric
Searfoss,Pamela,Carr,Shaylee,Searfoss,Austen
McNair,Rogelio,Searfoss,Unique,McNair,Patric
Searfoss,Lexus,Carr,Shaylee,Searfoss,Austen
McNair,Harley,Searfoss,Unique,McNair,Patric
Searfoss,Kaydee,Carr,Shaylee,Searfoss,Austen
McNair,Tanner,Searfoss,Unique,McNair,Patric
Searfoss,Mollie,Carr,Shaylee,Searfoss,Austen
McNair,Javier,Searfoss,Unique,McNair,Patric
McNair,Madeleine,Evans,Debora,McNair,Darrin
McNair,Timothy,Searfoss,Unique,McNair,Patric
McNair,Jazmyn,Evans,Debora,McNair,Darrin
McNair,Dusty,Searfoss,Unique,McNair,Patric
McNair,Darian,Evans,Debora,McNair,Darrin
McNair,Josie,Searfoss,Geneva,McNair,Allan
McNair,Mollie,Evans,Debora,McNair,Darrin
McNair,Oscar,Searfoss,Geneva,McNair,Allan
McNair,Amari,Evans,Debora,McNair,Darrin
McNair,Terance,Searfoss,Geneva,McNair,Allan
McNair,Libby,Sullivan,Sophia,McNair,Kirkland
McNair,Sebastien,Searfoss,Geneva,McNair,Allan
McNair,Sarah,Sullivan,Sophia,McNair,Kirkland
McNair,Alex,Searfoss,Geneva,McNair,Allan
McNair,Kristin,Sullivan,Sophia,McNair,Kirkland
McNair,Randall,Searfoss,Geneva,McNair,Allan
McNair,Debbie,Sullivan,Sophia,McNair,Kirkland
McNair,Myles,Searfoss,Geneva,McNair,Allan
McNair,Theresa,Sullivan,Sophia,McNair,Kirkland
McNair,Wylie,Searfoss,Geneva,McNair,Allan
McNair,Blake,Sullivan,Sophia,McNair,Kirkland
McNair,Morgan,Searfoss,Geneva,McNair,Allan
McNair,Monet,Searfoss,Unique,McNair,Patric
McNair,Ray,Searfoss,Ashton,McNair,Marc
McNair,Victoria,Searfoss,Unique,McNair,Patric
McNair,Bo,Searfoss,Ashton,McNair,Marc
McNair,Shanique,Searfoss,Unique,McNair,Patric
McNair,Bretton,Searfoss,Ashton,McNair,Marc
McNair,Jesslyn,Searfoss,Unique,McNair,Patric
McNair,Walker,Searfoss,Ashton,McNair,Marc
McNair,Emiley,Searfoss,Geneva,McNair,Allan
McNair,Deleon,Searfoss,Ashton,McNair,Marc
McNair,Allegra,Searfoss,Geneva,McNair,Allan
McNair,Eddie,Searfoss,Ashton,McNair,Marc
McNair,Liza,Searfoss,Geneva,McNair,Allan
McNair,Quayshawn,Searfoss,Ashton,McNair,Marc
McNair,Lila,Searfoss,Geneva,McNair,Allan
McNair,Jeffrey,Searfoss,Ashton,McNair,Marc
McNair,Kimberly,Searfoss,Geneva,McNair,Allan
McNair,Nicholas,Searfoss,Ashton,McNair,Marc
McNair,Donisha,Searfoss,Geneva,McNair,Allan
McNair,Nick,Searfoss,Ashton,McNair,Marc
McNair,Kelsi,Searfoss,Geneva,McNair,Allan
McNair,Dontae,Searfoss,Miracle,McNair,Denzel
McNair,Rachel,Searfoss,Geneva,McNair,Allan
McNair,Sammie,Searfoss,Miracle,McNair,Denzel
McNair,Alexandria,Searfoss,Ashton,McNair,Marc
McNair,Jessee,Searfoss,Miracle,McNair,Denzel
McNair,Daja,Searfoss,Ashton,McNair,Marc
McNair,Tracy,Searfoss,Miracle,McNair,Denzel
McNair,Mallory,Searfoss,Ashton,McNair,Marc
McNair,Brendan,Searfoss,Miracle,McNair,Denzel
McNair,Maryanne,Searfoss,Ashton,McNair,Marc
McNair,Trevor,Searfoss,Miracle,McNair,Denzel
McNair,Promise,Searfoss,Ashton,McNair,Marc
McNair,Jeremey,Searfoss,Miracle,McNair,Denzel
McNair,Delaney,Searfoss,Miracle,McNair,Denzel
McNair,Sergio,Searfoss,Miracle,McNair,Denzel
McNair,Tamia,Searfoss,Bobbie,McNair,Brett
McNair,Brennen,Searfoss,Bobbie,McNair,Brett
McNair,Gabrielle,Searfoss,Bobbie,McNair,Brett
McNair,Garrett,Searfoss,Bobbie,McNair,Brett
McNair,London,Searfoss,Bobbie,McNair,Brett
McNair,Eugene,Searfoss,Bobbie,McNair,Brett
McNair,Kaina,Searfoss,Brittney,McNair,Lamont
McNair,Jackson,Searfoss,Bobbie,McNair,Brett
McNair,Ashly,Searfoss,Brittney,McNair,Lamont
McNair,Bret,Searfoss,Bobbie,McNair,Brett
McNair,Tonya,Searfoss,Brittney,McNair,Lamont
McNair,Felipe,Searfoss,Bobbie,McNair,Brett
McNair,Devany,Searfoss,Brittney,McNair,Lamont
McNair,Miles,Searfoss,Brittney,McNair,Lamont
Culbertson,Zoey,Searfoss,Paxton,Culbertson,Agustin
McNair,Hayes,Searfoss,Brittney,McNair,Lamont
Culbertson,Alexi,Searfoss,Paxton,Culbertson,Agustin
McNair,Keith,Searfoss,Brittney,McNair,Lamont
Culbertson,Kennedy,Searfoss,Paxton,Culbertson,Agustin
Culbertson,Henry,Searfoss,Paxton,Culbertson,Agustin
Culbertson,Rose,Searfoss,Camila,Culbertson,Grady
Culbertson,Daequan,Searfoss,Paxton,Culbertson,Agustin
Culbertson,Evangelina,Searfoss,Breana,Culbertson,Nikolas
Culbertson,Romello,Searfoss,Paxton,Culbertson,Agustin
Culbertson,Christa,Searfoss,Breana,Culbertson,Nikolas
Culbertson,Amari,Searfoss,Paxton,Culbertson,Agustin
Culbertson,Hattie,Searfoss,Breana,Culbertson,Nikolas
Culbertson,Tyreek,Searfoss,Paxton,Culbertson,Agustin
Culbertson,Leanna,Searfoss,Geraldine,Culbertson,Ever
Culbertson,Clinton,Searfoss,Paxton,Culbertson,Agustin
Culbertson,Baylee,Searfoss,Geraldine,Culbertson,Ever
Culbertson,Danny,Searfoss,Camila,Culbertson,Grady
Culbertson,Summer,Searfoss,Geraldine,Culbertson,Ever
Culbertson,Lamont,Searfoss,Camila,Culbertson,Grady
Culbertson,Kaylin,Searfoss,Geraldine,Culbertson,Ever
Culbertson,Dyllon,Searfoss,Camila,Culbertson,Grady
Culbertson,Haiden,Searfoss,Geraldine,Culbertson,Ever
Culbertson,Reese,Searfoss,Breana,Culbertson,Nikolas
Culbertson,Cambria,Searfoss,Geraldine,Culbertson,Ever
Culbertson,Emmanuel,Searfoss,Breana,Culbertson,Nikolas
Culbertson,Ashlie,Searfoss,Geraldine,Culbertson,Ever
Culbertson,Eddie,Searfoss,Breana,Culbertson,Nikolas
Culbertson,Yolanda,Searfoss,Geraldine,Culbertson,Ever
Culbertson,Cristobal,Searfoss,Breana,Culbertson,Nikolas
Culbertson,Cori,Searfoss,Geraldine,Culbertson,Ever
Culbertson,Emanuel,Searfoss,Breana,Culbertson,Nikolas
Culbertson,Katy,Searfoss,Geraldine,Culbertson,Ever
Culbertson,Jean,Searfoss,Breana,Culbertson,Nikolas
Culbertson,Randi,Searfoss,Geraldine,Culbertson,Ever
Culbertson,Latrell,Searfoss,Geraldine,Culbertson,Ever
Culbertson,Kelli,Searfoss,Geraldine,Culbertson,Ever
Culbertson,Salvatore,Searfoss,Geraldine,Culbertson,Ever
Culbertson,Jaycee,Searfoss,Kailey,Culbertson,Braxton
Culbertson,Gene,Searfoss,Geraldine,Culbertson,Ever
Culbertson,Savannah,Searfoss,Destiny,Culbertson,Ross
Culbertson,Kayle,Searfoss,Geraldine,Culbertson,Ever
Culbertson,Marianna,Searfoss,Destiny,Culbertson,Ross
Culbertson,Conrad,Searfoss,Geraldine,Culbertson,Ever
Culbertson,Jordan,Searfoss,Destiny,Culbertson,Ross
Culbertson,Jamir,Searfoss,Kailey,Culbertson,Braxton
Culbertson,Katelynn,Searfoss,Kerry,Culbertson,Silas
Culbertson,German,Searfoss,Kailey,Culbertson,Braxton
Culbertson,Sienna,Searfoss,Kerry,Culbertson,Silas
Culbertson,Santos,Searfoss,Kailey,Culbertson,Braxton
Culbertson,Roxanne,Searfoss,Kerry,Culbertson,Silas
Culbertson,Rashaun,Searfoss,Kailey,Culbertson,Braxton
Culbertson,Heather,Searfoss,Kerry,Culbertson,Silas
Culbertson,Cristopher,Searfoss,Kailey,Culbertson,Braxton
Culbertson,Kourtney,Searfoss,Kerry,Culbertson,Silas
Culbertson,Elliot,Searfoss,Kailey,Culbertson,Braxton
Culbertson,Rani,Searfoss,Kerry,Culbertson,Silas
Culbertson,Geoffrey,Searfoss,Destiny,Culbertson,Ross
Culbertson,Porsha,Searfoss,Kerry,Culbertson,Silas
Culbertson,Blake,Searfoss,Kerry,Culbertson,Silas
Culbertson,Skye,Searfoss,Kerry,Culbertson,Silas
Culbertson,Guy,Searfoss,Kerry,Culbertson,Silas
Culbertson,Shari,Searfoss,Kerry,Culbertson,Silas
Culbertson,Dallas,Searfoss,Kerry,Culbertson,Silas
Culbertson,Eliana,Searfoss,Kerry,Culbertson,Silas
Shaw,Micah,Searfoss,Ashlyn,Shaw,Ted
Culbertson,Chastity,Searfoss,Kerry,Culbertson,Silas
Shaw,Ralph,Searfoss,Ashlyn,Shaw,Ted
Shaw,Clare,Searfoss,Ashlyn,Shaw,Ted
Shaw,Yobani,Searfoss,Ashlyn,Shaw,Ted
Shaw,Deisy,Searfoss,Ashlyn,Shaw,Ted
Shaw,Drake,Searfoss,Ashlyn,Shaw,Ted
Shaw,Ayla,Searfoss,Ashlyn,Shaw,Ted
Shaw,Charles,Searfoss,Ashlyn,Shaw,Ted
Shaw,Shari,Searfoss,Ashlyn,Shaw,Ted
Shaw,Jovonte,Searfoss,Ashlyn,Shaw,Ted
Shaw,Tiyanna,Searfoss,Ashlyn,Shaw,Ted
Shaw,Truman,Searfoss,Ashlyn,Shaw,Ted
Shaw,Nayeli,McNair,Jesica,Shaw,Fredrick
Shaw,Brent,Searfoss,Ashlyn,Shaw,Ted
Shaw,Jensen,McNair,Jesica,Shaw,Fredrick
Shaw,Dorian,Searfoss,Ashlyn,Shaw,Ted
Shaw,Jaimie,McNair,Jesica,Shaw,Fredrick
Shaw,Diego,Searfoss,Ashlyn,Shaw,Ted
Shaw,Mileena,McNair,Jesica,Shaw,Fredrick
Shaw,Joan,Searfoss,Ashlyn,Shaw,Ted
Shaw,Cody,McNair,Jesica,Shaw,Fredrick
Shaw,Marielle,Searfoss,Ashlyn,Shaw,Ted
Shaw,Mallory,McNair,Jesica,Shaw,Fredrick
Shaw,Benny,Searfoss,Ashlyn,Shaw,Ted
Shaw,Deyaneira,McNair,Jesica,Shaw,Fredrick
Shaw,Moises,Searfoss,Molli,Shaw,Daequan
Shaw,Kaylyn,McNair,Kenna,Shaw,Marvin
Shaw,Donte,Searfoss,Molli,Shaw,Daequan
Shaw,Joy,McNair,Susana,Shaw,Garin
Shaw,Taquan,Searfoss,Molli,Shaw,Daequan
Shaw,Caitriona,McNair,Susana,Shaw,Garin
Shaw,Ravon,Searfoss,Molli,Shaw,Daequan
Shaw,Marianna,McNair,Susana,Shaw,Garin
Shaw,Jamison,McNair,Jesica,Shaw,Fredrick
Shaw,Raquel,McNair,Susana,Shaw,Garin
Shaw,Zakery,McNair,Jesica,Shaw,Fredrick
Shaw,Demi,McNair,Susana,Shaw,Garin
Shaw,Jose,McNair,Jesica,Shaw,Fredrick
Shaw,Shanise,McNair,Susana,Shaw,Garin
Shaw,Shmuel,McNair,Jesica,Shaw,Fredrick
Shaw,Allyson,McNair,Susana,Shaw,Garin
Shaw,Gordon,McNair,Jesica,Shaw,Fredrick
Shaw,Miranda,McNair,Susana,Shaw,Garin
Shaw,Leroy,McNair,Jesica,Shaw,Fredrick
Shaw,Marian,McNair,Susana,Shaw,Garin
Shaw,Brady,McNair,Jesica,Shaw,Fredrick
Shaw,Amna,McNair,Susana,Shaw,Garin
Shaw,Bryson,McNair,Jesica,Shaw,Fredrick
Shaw,Salina,McNair,Alissa,Shaw,Angelo
Shaw,Tavon,McNair,Jesica,Shaw,Fredrick
Shaw,Ashlyn,McNair,Nancy,Shaw,Romello
Shaw,Maximillia,McNair,Jesica,Shaw,Fredrick
Shaw,Calli,McNair,Nancy,Shaw,Romello
Shaw,Jamel,McNair,Jesica,Shaw,Fredrick
Shaw,Siearra,McNair,Nancy,Shaw,Romello
Shaw,Humberto,McNair,Kenna,Shaw,Marvin
Shaw,Paige,McNair,Nancy,Shaw,Romello
Shaw,Tysheem,McNair,Kenna,Shaw,Marvin
Shaw,Shea,McNair,Nancy,Shaw,Romello
Shaw,Hiram,McNair,Kenna,Shaw,Marvin
Shaw,Keely,McNair,Nancy,Shaw,Romello
Shaw,Jon,McNair,Susana,Shaw,Garin
Shaw,Clarissa,McNair,Nancy,Shaw,Romello
Shaw,Marques,McNair,Susana,Shaw,Garin
Shaw,Linda,McNair,Nancy,Shaw,Romello
Shaw,Alvin,McNair,Susana,Shaw,Garin
Shaw,Isamar,McNair,Nancy,Shaw,Romello
Shaw,Paris,McNair,Susana,Shaw,Garin
Shaw,Trisha,McNair,Nancy,Shaw,Romello
Shaw,Saxon,McNair,Susana,Shaw,Garin
Shaw,Kaili,McNair,Nancy,Shaw,Romello
Shaw,Jairus,McNair,Susana,Shaw,Garin
Shaw,Leigh,McNair,Nancy,Shaw,Romello
Shaw,Rex,McNair,Susana,Shaw,Garin
Covey,Kiersten,McNair,Iris,Covey,Myron
Shaw,Edwin,McNair,Susana,Shaw,Garin
Covey,Rosalinda,McNair,Iris,Covey,Myron
Shaw,Keaton,McNair,Alissa,Shaw,Angelo
Covey,Jocelyn,McNair,Iris,Covey,Myron
Shaw,Killian,McNair,Alissa,Shaw,Angelo
Covey,Marion,Culbertson,Yesenia,Covey,Buford
Shaw,Keifer,McNair,Alissa,Shaw,Angelo
Covey,Danika,Culbertson,Yesenia,Covey,Buford
Shaw,Colbey,McNair,Alissa,Shaw,Angelo
Covey,Brenna,Culbertson,Yesenia,Covey,Buford
Shaw,Brodie,McNair,Nancy,Shaw,Romello
Covey,Rocio,Culbertson,Yesenia,Covey,Buford
Shaw,Lars,McNair,Nancy,Shaw,Romello
Covey,Nicolette,Culbertson,Yesenia,Covey,Buford
Shaw,Dusty,McNair,Nancy,Shaw,Romello
Covey,Tierney,Culbertson,Chelsey,Covey,Nicholaus
Shaw,Austin,McNair,Nancy,Shaw,Romello
Covey,Angle,Culbertson,Chelsey,Covey,Nicholaus
Shaw,Cameron,McNair,Nancy,Shaw,Romello
Covey,Beatriz,Culbertson,Camilla,Covey,Brodie
Shaw,Kaleb,McNair,Nancy,Shaw,Romello
Covey,Jill,Culbertson,Camilla,Covey,Brodie
Shaw,Chaz,McNair,Nancy,Shaw,Romello
Covey,Nyla,Culbertson,Camilla,Covey,Brodie
Covey,Raul,McNair,Iris,Covey,Myron
Covey,Amy,Culbertson,Camilla,Covey,Brodie
Covey,Remington,McNair,Iris,Covey,Myron
Covey,Ravin,Culbertson,Camilla,Covey,Brodie
Covey,Montel,McNair,Iris,Covey,Myron
Covey,Sheniqua,Culbertson,Camilla,Covey,Brodie
Covey,Adam,McNair,Iris,Covey,Myron
Covey,Lakeisha,Culbertson,Tanya,Covey,Richie
Covey,Rowan,McNair,Iris,Covey,Myron
Covey,Ann,Culbertson,Tanya,Covey,Richie
Covey,Johnathen,McNair,Iris,Covey,Myron
Covey,Jennah,Culbertson,Tanya,Covey,Richie
Covey,Abraham,McNair,Iris,Covey,Myron
Covey,Maren,Culbertson,Tanya,Covey,Richie
Covey,Asa,McNair,Iris,Covey,Myron
Covey,Asya,Culbertson,Tanya,Covey,Richie
Covey,Arian,McNair,Iris,Covey,Myron
Onizuka,Ashly,Culbertson,Kailee,Onizuka,Jakob
Covey,Emmanuel,McNair,Iris,Covey,Myron
Onizuka,Marianna,Culbertson,Kailee,Onizuka,Jakob
Covey,Benjamen,McNair,Iris,Covey,Myron
Onizuka,Latoya,Culbertson,Kailee,Onizuka,Jakob
Covey,Damian,Culbertson,Yesenia,Covey,Buford
Onizuka,Connie,Culbertson,Kailee,Onizuka,Jakob
Covey,Xavier,Culbertson,Yesenia,Covey,Buford
Onizuka,Tanna,Culbertson,Kailee,Onizuka,Jakob
Covey,Marlon,Culbertson,Yesenia,Covey,Buford
Onizuka,Jessa,Culbertson,Kiarra,Onizuka,Steven
Covey,Silas,Culbertson,Yesenia,Covey,Buford
Onizuka,Spencer,Culbertson,Kiarra,Onizuka,Steven
Covey,Donte,Culbertson,Yesenia,Covey,Buford
Onizuka,Kaylie,Culbertson,Kiarra,Onizuka,Steven
Covey,Ivan,Culbertson,Yesenia,Covey,Buford
Onizuka,Anissa,Culbertson,Kiarra,Onizuka,Steven
Covey,Henry,Culbertson,Chelsey,Covey,Nicholaus
Onizuka,Julia,Culbertson,Kiarra,Onizuka,Steven
Covey,Forest,Culbertson,Chelsey,Covey,Nicholaus
Onizuka,Jill,Culbertson,Kiarra,Onizuka,Steven
Covey,Nick,Culbertson,Camilla,Covey,Brodie
Onizuka,Tynia,Culbertson,Kiarra,Onizuka,Steven
Covey,Brandon,Culbertson,Camilla,Covey,Brodie
Onizuka,Hallie,Culbertson,Kiarra,Onizuka,Steven
Covey,Demarcus,Culbertson,Tanya,Covey,Richie
Onizuka,Cassie,Culbertson,Kiarra,Onizuka,Steven
Covey,Brent,Culbertson,Tanya,Covey,Richie
Bloomfield,Meagan,Culbertson,Ashton,Bloomfield,Ernest
Covey,Mike,Culbertson,Tanya,Covey,Richie
Bloomfield,Peyton,Culbertson,Ashton,Bloomfield,Ernest
Covey,Jordan,Culbertson,Tanya,Covey,Richie
Bloomfield,Chantal,Culbertson,Ashton,Bloomfield,Ernest
Covey,Emiliano,Culbertson,Tanya,Covey,Richie
Bloomfield,Brigid,Culbertson,Ashton,Bloomfield,Ernest
Covey,Leo,Culbertson,Tanya,Covey,Richie
Bloomfield,Dulce,Culbertson,Ashton,Bloomfield,Ernest
Onizuka,Tysen,Culbertson,Kailee,Onizuka,Jakob
Bloomfield,Haley,Culbertson,Ashton,Bloomfield,Ernest
Onizuka,Emerson,Culbertson,Kailee,Onizuka,Jakob
Bloomfield,Brieanna,Culbertson,Ashton,Bloomfield,Ernest
Onizuka,Amir,Culbertson,Kailee,Onizuka,Jakob
Bloomfield,Brianne,Culbertson,Dajanae,Bloomfield,Cristopher
Onizuka,Clayton,Culbertson,Kailee,Onizuka,Jakob
Bloomfield,Jaycie,Culbertson,Dajanae,Bloomfield,Cristopher
Onizuka,Adonis,Culbertson,Kiarra,Onizuka,Steven
Bloomfield,Ayanna,Culbertson,Dajanae,Bloomfield,Cristopher
Onizuka,Ethan,Culbertson,Kiarra,Onizuka,Steven
Bloomfield,Bayleigh,Culbertson,Dajanae,Bloomfield,Cristopher
Onizuka,Alfonso,Culbertson,Kiarra,Onizuka,Steven
Franklin,Nicolette,Culbertson,Danae,Franklin,Isiah
Onizuka,Raequan,Culbertson,Kiarra,Onizuka,Steven
Franklin,Elissa,Culbertson,Danae,Franklin,Isiah
Onizuka,Montana,Culbertson,Kiarra,Onizuka,Steven
Franklin,Sheila,Culbertson,Danae,Franklin,Isiah
Onizuka,Tristen,Culbertson,Kiarra,Onizuka,Steven
Franklin,Jadah,Culbertson,Danae,Franklin,Isiah
Bloomfield,Trey,Culbertson,Ashton,Bloomfield,Ernest
Franklin,Zulema,Culbertson,Danae,Franklin,Isiah
Bloomfield,Zakery,Culbertson,Ashton,Bloomfield,Ernest
Franklin,Barbara,Culbertson,Danae,Franklin,Isiah
Bloomfield,Joe,Culbertson,Ashton,Bloomfield,Ernest
Franklin,Lakendra,Culbertson,Danae,Franklin,Isiah
Bloomfield,Oliver,Culbertson,Ashton,Bloomfield,Ernest
Franklin,Kayland,Culbertson,Danae,Franklin,Isiah
Bloomfield,Armani,Culbertson,Ashton,Bloomfield,Ernest
Franklin,Perla,Culbertson,Danae,Franklin,Isiah
Bloomfield,Wylie,Culbertson,Ashton,Bloomfield,Ernest
Franklin,Makenzi,Culbertson,Danae,Franklin,Isiah
Bloomfield,Gage,Culbertson,Ashton,Bloomfield,Ernest
Franklin,Hannah,Culbertson,Danae,Franklin,Isiah
Bloomfield,Christian,Culbertson,Ashton,Bloomfield,Ernest
Franklin,Norma,Culbertson,Danae,Franklin,Isiah
Bloomfield,Reuben,Culbertson,Ashton,Bloomfield,Ernest
Franklin,Lizette,Culbertson,Danae,Franklin,Isiah
Bloomfield,David,Culbertson,Ashton,Bloomfield,Ernest
Franklin,Zoee,Culbertson,Danae,Franklin,Isiah
Bloomfield,Caleb,Culbertson,Ashton,Bloomfield,Ernest
Franklin,Tasha,Culbertson,Xochitl,Franklin,Kristopher
Bloomfield,Estevan,Culbertson,Ashton,Bloomfield,Ernest
Franklin,Jameisha,Culbertson,Xochitl,Franklin,Kristopher
Bloomfield,Evan,Culbertson,Ashton,Bloomfield,Ernest
Franklin,Haylee,Culbertson,Xochitl,Franklin,Kristopher
Franklin,Britt,Culbertson,Danae,Franklin,Isiah
Franklin,Heidi,Culbertson,Xochitl,Franklin,Kristopher
Franklin,Nickolas,Culbertson,Danae,Franklin,Isiah
Franklin,Edith,Culbertson,Xochitl,Franklin,Kristopher
Franklin,Zackery,Culbertson,Danae,Franklin,Isiah
Franklin,Yessenia,Culbertson,Xochitl,Franklin,Kristopher
Franklin,Sydney,Culbertson,Danae,Franklin,Isiah
Franklin,Jazmyn,Culbertson,Xochitl,Franklin,Kristopher
Franklin,Benny,Culbertson,Danae,Franklin,Isiah
Franklin,Keyondra,Culbertson,Xochitl,Franklin,Kristopher
Franklin,Gerard,Culbertson,Danae,Franklin,Isiah
Franklin,Colette,Culbertson,Xochitl,Franklin,Kristopher
Franklin,Ralph,Culbertson,Xochitl,Franklin,Kristopher
Franklin,Chloe,Culbertson,Xochitl,Franklin,Kristopher
Franklin,Oscar,Culbertson,Xochitl,Franklin,Kristopher
Franklin,Cameron,Culbertson,Xochitl,Franklin,Kristopher
Franklin,Mohamad,Culbertson,Xochitl,Franklin,Kristopher
Franklin,Onesha,Culbertson,Xochitl,Franklin,Kristopher
Franklin,Edgardo,Culbertson,Xochitl,Franklin,Kristopher
Franklin,Karli,Culbertson,Xochitl,Franklin,Kristopher
Franklin,Miguel,Culbertson,Xochitl,Franklin,Kristopher
Franklin,Cynthia,Culbertson,Xochitl,Franklin,Kristopher
Franklin,Adrian,Culbertson,Brigid,Franklin,Bennett
Franklin,Caylee,Culbertson,Brigid,Franklin,Bennett
Franklin,Samuel,Culbertson,Brigid,Franklin,Bennett
Franklin,Kellie,Culbertson,Brigid,Franklin,Bennett
Franklin,Marielle,Culbertson,Brigid,Franklin,Bennett
Franklin,Porsha,Culbertson,Brigid,Franklin,Bennett
Franklin,Devyn,Culbertson,Brigid,Franklin,Bennett
Franklin,Chantelle,Culbertson,Brigid,Franklin,Bennett
Franklin,Stephanie,Culbertson,Brigid,Franklin,Bennett
Franklin,Yamilex,Shaw,Marivel,Franklin,Skylar
Franklin,Stephan,Culbertson,Brigid,Franklin,Bennett
Franklin,Ceaira,Shaw,Marivel,Franklin,Skylar
Franklin,Lucas,Culbertson,Brigid,Franklin,Bennett
Franklin,Simone,Shaw,Marivel,Franklin,Skylar
Franklin,Alec,Culbertson,Brigid,Franklin,Bennett
Franklin,Alisia,Shaw,Marivel,Franklin,Skylar
Franklin,Kylan,Shaw,Marivel,Franklin,Skylar
Franklin,Aleasha,Shaw,Marivel,Franklin,Skylar
Franklin,Bryan,Shaw,Marivel,Franklin,Skylar
Franklin,Emely,Shaw,Marivel,Franklin,Skylar
Franklin,Tyson,Shaw,Marivel,Franklin,Skylar
Franklin,Larissa,Shaw,Marivel,Franklin,Skylar
Borman,Amari,Shaw,Christa,Borman,Jayce
Borman,Kayley,Shaw,Christa,Borman,Jayce
Borman,Robert,Shaw,Christa,Borman,Jayce
Borman,Porsha,Shaw,Christa,Borman,Jayce
Borman,Douglas,Shaw,Christa,Borman,Jayce
Borman,Jaquana,Shaw,Christa,Borman,Jayce
Borman,Tyreek,Shaw,Christa,Borman,Jayce
Borman,Ariel,Shaw,Loni,Borman,Elias
Borman,Craig,Shaw,Loni,Borman,Elias
Borman,Janeth,Shaw,Loni,Borman,Elias
Borman,Sergio,Shaw,Loni,Borman,Elias
Borman,Jaqueline,Shaw,Loni,Borman,Elias
Borman,Israel,Shaw,Loni,Borman,Elias
Borman,Kristian,Shaw,Loni,Borman,Elias
Borman,Jaron,Shaw,Loni,Borman,Elias
Borman,Sarah,Shaw,Loni,Borman,Elias
Borman,Tanner,Shaw,Loni,Borman,Elias
Borman,Allegra,Shaw,Loni,Borman,Elias
Borman,Jashua,Shaw,Loni,Borman,Elias
Borman,Harmony,Shaw,Loni,Borman,Elias
Borman,Migel,Shaw,Loni,Borman,Elias
Borman,Delanie,Shaw,Loni,Borman,Elias
Borman,Kareem,Shaw,Loni,Borman,Elias
Borman,Frances,Shaw,Loni,Borman,Elias
Borman,Esteban,Shaw,Shae,Borman,Landen
Borman,Cali,Shaw,Loni,Borman,Elias
Borman,Arnold,Shaw,Shae,Borman,Landen
Borman,Sandra,Shaw,Loni,Borman,Elias
Borman,Reuben,Shaw,Shae,Borman,Landen
Borman,Melissa,Shaw,Loni,Borman,Elias
Borman,Lukas,Shaw,Shae,Borman,Landen
Borman,Laurel,Shaw,Shae,Borman,Landen
Borman,Ishmael,Shaw,Shae,Borman,Landen
Borman,Haiden,Shaw,Shae,Borman,Landen
Borman,Dylan,Shaw,Shae,Borman,Landen
Borman,Zaria,Shaw,Shae,Borman,Landen
Borman,Sidney,Shaw,Shae,Borman,Landen
Borman,Amber,Shaw,Shae,Borman,Landen
Borman,Kegan,Shaw,Shae,Borman,Landen
Borman,Susana,Shaw,Shae,Borman,Landen
Borman,Jovon,Shaw,Shae,Borman,Landen
Borman,Natalie,Shaw,Dylan,Borman,Javier
Borman,Dillon,Shaw,Shae,Borman,Landen
Borman,Anamaria,Shaw,Dylan,Borman,Javier
Borman,Colton,Shaw,Shae,Borman,Landen
Horowitz,Makenzie,Covey,Jordyn,Horowitz,Jordin
Borman,Mickey,Shaw,Shae,Borman,Landen
Horowitz,Aileen,Covey,Jordyn,Horowitz,Jordin
Borman,Tony,Shaw,Dylan,Borman,Javier
Horowitz,Bridgett,Covey,Ivelisse,Horowitz,Rashad
Borman,Mason,Shaw,Dylan,Borman,Javier
Horowitz,Cassidy,Covey,Ivelisse,Horowitz,Rashad
Borman,Darien,Shaw,Dylan,Borman,Javier
Horowitz,Regina,Covey,Ivelisse,Horowitz,Rashad
Borman,Conrad,Shaw,Dylan,Borman,Javier
Horowitz,Makenzi,Covey,Ivelisse,Horowitz,Rashad
Borman,Clay,Shaw,Dylan,Borman,Javier
Horowitz,Ashtin,Covey,Ivelisse,Horowitz,Rashad
Borman,Michal,Shaw,Dylan,Borman,Javier
Horowitz,Sean,Covey,Lydia,Horowitz,Nolan
Horowitz,Lucas,Covey,Jordyn,Horowitz,Jordin
Horowitz,Latosha,Covey,Lydia,Horowitz,Nolan
Horowitz,Peter,Covey,Jordyn,Horowitz,Jordin
Horowitz,Alysia,Covey,Lydia,Horowitz,Nolan
Horowitz,Matthew,Covey,Ivelisse,Horowitz,Rashad
Horowitz,Shelly,Covey,Lydia,Horowitz,Nolan
Horowitz,Gary,Covey,Lydia,Horowitz,Nolan
Horowitz,Sharae,Covey,Lydia,Horowitz,Nolan
Horowitz,Ignacio,Covey,Lydia,Horowitz,Nolan
Horowitz,Kirstin,Covey,Lydia,Horowitz,Nolan
Horowitz,Lawrence,Covey,Lydia,Horowitz,Nolan
Horowitz,Lora,Covey,Trista,Horowitz,Levi
Horowitz,Leon,Covey,Lydia,Horowitz,Nolan
Horowitz,Kylie,Covey,Trista,Horowitz,Levi
Horowitz,Jerryd,Covey,Trista,Horowitz,Levi
Horowitz,Farrah,Covey,Trista,Horowitz,Levi
Horowitz,Jaleel,Covey,Trista,Horowitz,Levi
Horowitz,Kyra,Covey,Trista,Horowitz,Levi
Horowitz,Keagan,Covey,Trista,Horowitz,Levi
Horowitz,Jasmin,Covey,Trista,Horowitz,Levi
Horowitz,Mathew,Covey,Trista,Horowitz,Levi
Horowitz,Kerri,Covey,Trista,Horowitz,Levi
Horowitz,Manuel,Covey,Trista,Horowitz,Levi
Horowitz,Rosemary,Covey,Trista,Horowitz,Levi
Horowitz,Saul,Covey,Trista,Horowitz,Levi
Horowitz,Katlyn,Covey,Trista,Horowitz,Levi
Horowitz,Tyren,Covey,Trista,Horowitz,Levi
Horowitz,Cameron,Covey,Trista,Horowitz,Levi
Horowitz,Dylon,Covey,Trista,Horowitz,Levi
Horowitz,Kierra,Covey,Trista,Horowitz,Levi
Horowitz,Yuri,Covey,Trista,Horowitz,Levi
Horowitz,Octavia,Covey,Estela,Horowitz,Benjamen
Horowitz,Marques,Covey,Estela,Horowitz,Benjamen
Horowitz,Harlie,Covey,Estela,Horowitz,Benjamen
Horowitz,Steven,Covey,Estela,Horowitz,Benjamen
Horowitz,Chasity,Covey,Estela,Horowitz,Benjamen
Horowitz,Zev,Covey,Estela,Horowitz,Benjamen
Horowitz,Gilda,Covey,Estela,Horowitz,Benjamen
Horowitz,Nelson,Covey,Estela,Horowitz,Benjamen
Horowitz,Kaitlyn,Covey,Estela,Horowitz,Benjamen
Horowitz,Erik,Covey,Estela,Horowitz,Benjamen
Horowitz,Tianna,Covey,Estela,Horowitz,Benjamen
Horowitz,Larry,Covey,Mollie,Horowitz,Dyllon
Horowitz,Melody,Covey,Estela,Horowitz,Benjamen
Horowitz,Taquan,Covey,Mollie,Horowitz,Dyllon
Horowitz,Rita,Covey,Estela,Horowitz,Benjamen
Horowitz,Olivier,Covey,Mollie,Horowitz,Dyllon
Horowitz,Jaden,Covey,Mollie,Horowitz,Dyllon
Horowitz,Israel,Covey,Mollie,Horowitz,Dyllon
Horowitz,Banesa,Covey,Mollie,Horowitz,Dyllon
Horowitz,Maximillia,Covey,Gabriela,Horowitz,Diondre
Horowitz,Magdalena,Covey,Gabriela,Horowitz,Diondre
Horowitz,Ross,Covey,Gabriela,Horowitz,Diondre
Horowitz,Mariangeli,Covey,Gabriela,Horowitz,Diondre
Horowitz,Cristopher,Covey,Gabriela,Horowitz,Diondre
Horowitz,Cherokee,Covey,Gabriela,Horowitz,Diondre
Horowitz,Benito,Covey,Gabriela,Horowitz,Diondre
Horowitz,Clara,Covey,Gabriela,Horowitz,Diondre
Horowitz,Niko,Covey,Gabriela,Horowitz,Diondre
Horowitz,Alondra,Covey,Gabriela,Horowitz,Diondre
Horowitz,Jackson,Covey,Gabriela,Horowitz,Diondre
Horowitz,Irma,Covey,Gabriela,Horowitz,Diondre
Horowitz,Rhett,Covey,Gabriela,Horowitz,Diondre
Horowitz,Lauren,Covey,Gabriela,Horowitz,Diondre
Harding,Raymond,Covey,Deserae,Harding,Hakeem
Horowitz,Kirstie,Covey,Gabriela,Horowitz,Diondre
Harding,Franklin,Covey,Deserae,Harding,Hakeem
Horowitz,Kaelyn,Covey,Gabriela,Horowitz,Diondre
Harding,Emilio,Covey,Deserae,Harding,Hakeem
Horowitz,Synthia,Covey,Gabriela,Horowitz,Diondre
Harding,Tomas,Covey,Deserae,Harding,Hakeem
Harding,Leanna,Covey,Deserae,Harding,Hakeem
Harding,Al,Covey,Deserae,Harding,Hakeem
Harding,Misty,Covey,Deserae,Harding,Hakeem
Harding,Tristan,Covey,Deserae,Harding,Hakeem
Harding,Lillian,Covey,Deserae,Harding,Hakeem
Harding,Moises,Onizuka,Yesenia,Harding,Alek
Harding,Carli,Covey,Deserae,Harding,Hakeem
Harding,Fredrick,Onizuka,Yesenia,Harding,Alek
Harding,Grace,Covey,Deserae,Harding,Hakeem
Harding,Aiden,Onizuka,Yesenia,Harding,Alek
Harding,Jacquelin,Covey,Deserae,Harding,Hakeem
Harding,Rex,Onizuka,Yesenia,Harding,Alek
Harding,Kendal,Covey,Deserae,Harding,Hakeem
Harding,Gary,Onizuka,Tasia,Harding,Shlomo
Harding,Chana,Covey,Deserae,Harding,Hakeem
Harding,Preston,Onizuka,Tasia,Harding,Shlomo
Harding,Caitlan,Covey,Deserae,Harding,Hakeem
Harding,Guillermo,Onizuka,Tasia,Harding,Shlomo
Harding,Sarafina,Onizuka,Yesenia,Harding,Alek
Harding,Kelvin,Onizuka,Tasia,Harding,Shlomo
Harding,Blaine,Onizuka,Yesenia,Harding,Alek
Harding,Santos,Onizuka,Tasia,Harding,Shlomo
Harding,Jaymi,Onizuka,Tasia,Harding,Shlomo
Harding,Leonard,Onizuka,Tasia,Harding,Shlomo
Harding,Candy,Onizuka,Tasia,Harding,Shlomo
Harding,Montel,Onizuka,Tasia,Harding,Shlomo
Harding,Kaytlin,Onizuka,Tasia,Harding,Shlomo
Harding,Terence,Onizuka,Tasia,Harding,Shlomo
Harding,Marisol,Onizuka,Tasia,Harding,Shlomo
Harding,Brenden,Onizuka,Tasia,Harding,Shlomo
Harding,Tammy,Onizuka,Tasia,Harding,Shlomo
Harding,Abdul,Onizuka,Tasia,Harding,Shlomo
Harding,Marisela,Onizuka,Tasia,Harding,Shlomo
Harding,Bronson,Onizuka,Noelle,Harding,Harrison
Harding,Lilly,Onizuka,Tasia,Harding,Shlomo
Harding,Mark,Onizuka,Noelle,Harding,Harrison
Harding,Kailee,Onizuka,Tasia,Harding,Shlomo
Harding,Olivier,Onizuka,Noelle,Harding,Harrison
Harding,Ariel,Onizuka,Tasia,Harding,Shlomo
Harding,Shamar,Onizuka,Noelle,Harding,Harrison
Harding,Micah,Onizuka,Noelle,Harding,Harrison
Harding,Davin,Onizuka,Noelle,Harding,Harrison
Harding,Keiarra,Onizuka,Noelle,Harding,Harrison
Harding,Darian,Onizuka,Noelle,Harding,Harrison
Harding,Ayla,Onizuka,Noelle,Harding,Harrison
Harding,Rodrigo,Onizuka,Noelle,Harding,Harrison
Harding,Judith,Onizuka,Noelle,Harding,Harrison
Harding,Erin,Onizuka,Noelle,Harding,Harrison
Harding,Camilla,Onizuka,Noelle,Harding,Harrison
Harding,Domonic,Onizuka,Caitlin,Harding,Mauricio
Harding,Christian,Onizuka,Caitlin,Harding,Mauricio
Harding,Terrence,Onizuka,Caitlin,Harding,Mauricio
Harding,Joanna,Onizuka,Caitlin,Harding,Mauricio
Harding,Valentine,Onizuka,Caitlin,Harding,Mauricio
Harding,Mckayla,Onizuka,Caitlin,Harding,Mauricio
Harding,Jawaun,Onizuka,Caitlin,Harding,Mauricio
Harding,Brianne,Onizuka,Caitlin,Harding,Mauricio
Harding,Noah,Onizuka,Caitlin,Harding,Mauricio
Harding,Marlene,Onizuka,Caitlin,Harding,Mauricio
Harding,Alfonso,Onizuka,Caitlin,Harding,Mauricio
Harding,Mckenna,Onizuka,Caitlin,Harding,Mauricio
Harding,Mickey,Onizuka,Caitlin,Harding,Mauricio
Harding,Nichelle,Onizuka,Caitlin,Harding,Mauricio
Brady,Titus,Onizuka,Marisa,Brady,Tristin
Harding,Monet,Onizuka,Caitlin,Harding,Mauricio
Brady,Mohamed,Onizuka,Marisa,Brady,Tristin
Harding,Maryanna,Onizuka,Caitlin,Harding,Mauricio
Brady,Kalon,Onizuka,Zabrina,Brady,Jasper
Harding,Kaitlynn,Onizuka,Caitlin,Harding,Mauricio
Brady,Harley,Bloomfield,Austin,Brady,Michel
Harding,Rosemarie,Onizuka,Caitlin,Harding,Mauricio
Brady,Kristian,Bloomfield,Austin,Brady,Michel
Harding,Jailene,Onizuka,Caitlin,Harding,Mauricio
Brady,Forest,Bloomfield,Austin,Brady,Michel
Brady,Drew,Onizuka,Marisa,Brady,Tristin
Brady,Damian,Bloomfield,Austin,Brady,Michel
Brady,Megan,Onizuka,Marisa,Brady,Tristin
Brady,Alden,Bloomfield,Austin,Brady,Michel
Brady,Kassandra,Onizuka,Marisa,Brady,Tristin
Brady,Donovan,Bloomfield,Austin,Brady,Michel
Brady,Elana,Onizuka,Marisa,Brady,Tristin
Brady,Carson,Franklin,Gabriella,Brady,Jeb
Brady,Makala,Onizuka,Marisa,Brady,Tristin
Brady,Glenn,Franklin,Gabriella,Brady,Jeb
Brady,Alicia,Onizuka,Marisa,Brady,Tristin
Brady,Zaire,Franklin,Gabriella,Brady,Jeb
Brady,Lily,Onizuka,Zabrina,Brady,Jasper
Brady,Willis,Franklin,Gabriella,Brady,Jeb
Brady,Jena,Onizuka,Zabrina,Brady,Jasper
Brady,Bruce,Franklin,Gabriella,Brady,Jeb
Brady,Zoi,Bloomfield,Austin,Brady,Michel
Brady,Micah,Franklin,Gabriella,Brady,Jeb
Brady,Becca,Bloomfield,Austin,Brady,Michel
Brady,Mauro,Franklin,Gabriella,Brady,Jeb
Brady,Allana,Bloomfield,Austin,Brady,Michel
Brady,Bronson,Borman,Keira,Brady,Vernon
Brady,Marina,Bloomfield,Austin,Brady,Michel
Brady,Joel,Horowitz,Chaya,Brady,Demetrius
Brady,Estefania,Bloomfield,Austin,Brady,Michel
Brady,Esteban,Horowitz,Chaya,Brady,Demetrius
Brady,Stella,Bloomfield,Austin,Brady,Michel
Brady,Devyn,Horowitz,Danielle,Brady,Reese
Brady,Maison,Bloomfield,Austin,Brady,Michel
Brady,Thaddeus,Horowitz,Danielle,Brady,Reese
Brady,Regina,Bloomfield,Austin,Brady,Michel
Brady,Anthoni,Horowitz,Danielle,Brady,Reese
Brady,Ixchel,Bloomfield,Austin,Brady,Michel
Brady,Darren,Horowitz,Danielle,Brady,Reese
Brady,Dulce,Franklin,Gabriella,Brady,Jeb
Shriver,Joshua,Horowitz,Gabriella,Shriver,Bennie
Brady,Kaydee,Franklin,Gabriella,Brady,Jeb
Shriver,Bill,Horowitz,Gabriella,Shriver,Bennie
Brady,Minna,Franklin,Gabriella,Brady,Jeb
Shriver,Amari,Horowitz,Gabriella,Shriver,Bennie
Brady,Karlie,Franklin,Gabriella,Brady,Jeb
Shriver,Torey,Horowitz,Gabriella,Shriver,Bennie
Brady,Casie,Franklin,Gabriella,Brady,Jeb
Shriver,Camden,Horowitz,Gabriella,Shriver,Bennie
Brady,Delilah,Franklin,Gabriella,Brady,Jeb
Shriver,Simeon,Horowitz,Justina,Shriver,Collin
Brady,Sydni,Borman,Keira,Brady,Vernon
Shriver,Tristen,Horowitz,Justina,Shriver,Collin
Brady,Karla,Borman,Keira,Brady,Vernon
Shriver,Wesley,Horowitz,Krystle,Shriver,Damian
Brady,Joanna,Borman,Keira,Brady,Vernon
Shriver,Jared,Horowitz,Krystle,Shriver,Damian
Brady,Measia,Borman,Keira,Brady,Vernon
Shriver,Gunnar,Horowitz,Krystle,Shriver,Damian
Brady,Mckayla,Horowitz,Chaya,Brady,Demetrius
Shriver,Edwin,Horowitz,Hannah,Shriver,Russell
Brady,Sapphire,Horowitz,Chaya,Brady,Demetrius
Shriver,Shareef,Horowitz,Hannah,Shriver,Russell
Brady,Aleah,Horowitz,Danielle,Brady,Reese
Shriver,Edgardo,Horowitz,Hannah,Shriver,Russell
Brady,Danielle,Horowitz,Danielle,Brady,Reese
Shriver,Grady,Horowitz,Hannah,Shriver,Russell
Brady,Carra,Horowitz,Danielle,Brady,Reese
Shriver,Benny,Horowitz,Hannah,Shriver,Russell
Brady,Tatiana,Horowitz,Danielle,Brady,Reese
Shriver,Garin,Horowitz,Hannah,Shriver,Russell
Brady,Bria,Horowitz,Danielle,Brady,Reese
Shriver,Keifer,Horowitz,Hannah,Shriver,Russell
Shriver,Skye,Horowitz,Gabriella,Shriver,Bennie
Shriver,Caden,Horowitz,Hannah,Shriver,Russell
Shriver,Sarahmarie,Horowitz,Gabriella,Shriver,Bennie
Searfoss,Yovani,Horowitz,Carissa,Searfoss,Dana
Shriver,Camille,Horowitz,Gabriella,Shriver,Bennie
Searfoss,Darian,Horowitz,Carissa,Searfoss,Dana
Shriver,Alessandra,Horowitz,Gabriella,Shriver,Bennie
Searfoss,Jabari,Horowitz,Carissa,Searfoss,Dana
Shriver,Carrie,Horowitz,Gabriella,Shriver,Bennie
Searfoss,Jessie,Horowitz,Carissa,Searfoss,Dana
Shriver,Danielle,Horowitz,Gabriella,Shriver,Bennie
Searfoss,Johnny,Horowitz,Carissa,Searfoss,Dana
Shriver,Grace,Horowitz,Gabriella,Shriver,Bennie
Searfoss,Brad,Horowitz,Carissa,Searfoss,Dana
Shriver,Debora,Horowitz,Gabriella,Shriver,Bennie
Searfoss,Britt,Horowitz,Carissa,Searfoss,Dana
Shriver,Colleen,Horowitz,Gabriella,Shriver,Bennie
Searfoss,Colby,Horowitz,Kacie,Searfoss,Deleon
Shriver,Callie,Horowitz,Gabriella,Shriver,Bennie
Searfoss,Vinh,Horowitz,Kacie,Searfoss,Deleon
Shriver,Elisa,Horowitz,Gabriella,Shriver,Bennie
Searfoss,Callahan,Horowitz,Kacie,Searfoss,Deleon
Shriver,Jodie,Horowitz,Gabriella,Shriver,Bennie
Searfoss,Jakob,Horowitz,Kacie,Searfoss,Deleon
Shriver,Shoshana,Horowitz,Justina,Shriver,Collin
Searfoss,Grayson,Horowitz,Kacie,Searfoss,Deleon
Shriver,Chloie,Horowitz,Justina,Shriver,Collin
Searfoss,Claudio,Horowitz,Kacie,Searfoss,Deleon
Shriver,Perla,Horowitz,Justina,Shriver,Collin
Searfoss,Ray,Horowitz,Kacie,Searfoss,Deleon
Shriver,Savanna,Horowitz,Justina,Shriver,Collin
Searfoss,Earl,Horowitz,Kacie,Searfoss,Deleon
Shriver,Isabel,Horowitz,Justina,Shriver,Collin
Searfoss,Tucker,Horowitz,Kacie,Searfoss,Deleon
Shriver,Emely,Horowitz,Justina,Shriver,Collin
Searfoss,Brenton,Harding,Emma,Searfoss,Idris
Shriver,Adele,Horowitz,Justina,Shriver,Collin
Searfoss,Melvin,Harding,Emma,Searfoss,Idris
Shriver,Yazmin,Horowitz,Justina,Shriver,Collin
Searfoss,Victor,Harding,Emma,Searfoss,Idris
Shriver,Trinity,Horowitz,Justina,Shriver,Collin
Searfoss,Zane,Harding,Emma,Searfoss,Idris
Shriver,Hattie,Horowitz,Justina,Shriver,Collin
Searfoss,Brice,Harding,Emma,Searfoss,Idris
Shriver,Diana,Horowitz,Justina,Shriver,Collin
Searfoss,Owen,Harding,Emma,Searfoss,Idris
Shriver,Marycather,Horowitz,Justina,Shriver,Collin
Searfoss,Moshe,Harding,Emma,Searfoss,Idris
Shriver,Casie,Horowitz,Krystle,Shriver,Damian
Searfoss,Roger,Harding,Emma,Searfoss,Idris
Shriver,Zoe,Horowitz,Krystle,Shriver,Damian
Searfoss,Deontae,Harding,Emma,Searfoss,Idris
Shriver,Alycia,Horowitz,Krystle,Shriver,Damian
Searfoss,Tarik,Harding,Emma,Searfoss,Idris
Shriver,Lindsey,Horowitz,Krystle,Shriver,Damian
Searfoss,Jonathon,Harding,Emma,Searfoss,Idris
Shriver,Camelia,Horowitz,Hannah,Shriver,Russell
Searfoss,Buford,Harding,Emma,Searfoss,Idris
Shriver,Tiffani,Horowitz,Hannah,Shriver,Russell
Searfoss,Trey,Harding,Emma,Searfoss,Idris
Shriver,Coralys,Horowitz,Hannah,Shriver,Russell
Searfoss,Corbin,Harding,Emma,Searfoss,Idris
Shriver,Thalia,Horowitz,Hannah,Shriver,Russell
