Fillmore,Javen,Altman,Melissa,Fillmore,Andre
Pogue,Mandi,Loria,Mayra,Pogue,Dustin
Creamer,Desmond,Hobaugh,Banesa,Creamer,Shareef
Akers,Viviana,Grabe,Anja,Akers,Ignacio
Parker,Kyler,Melnick,Nina,Parker,Darrion
Brand,Casandra,Schwartz,Irene,Brand,Reuben
Aldrin,Nadav,Covey,Linda,Aldrin,Mauricio
Torvalds,Victoria,O'Leary,Christine,Torvalds,Keith
Ford,Eugene,Lind,Maranda,Ford,Jack
Kregel,Maxine,Creighton,Janet,Kregel,Tre
Ferguson,Reuben,Wetherbee,Francis,Ferguson,Stephon
McCulley,Giselle,McBride,Karissa,McCulley,Cyrus
Noriega,Errol,Aldrin,Allegra,Noriega,Antoine
Lopez,Savanah,Gemar,Juanita,Lopez,Garrett
Brandenstein,Roman,Monroe,Krystan,Brandenstein,Phillip
Akers,Sally,Camarda,Marissa,Akers,Terrance
Grissom,Sterling,Overmyer,Yessenia,Grissom,Dean
Phillips,Suzanna,Truly,Devin,Phillips,Jamie
Precour,Dallin,Caldwell,Alannah,Precour,Cyrus
Freeman,Mckenzie,Glenn,Shane,Freeman,Deante
Swanson,Jaleel,Hawley,Leeann,Swanson,Adalberto
Washington,Genevieve,Harrison,Regina,Washington,Malcolm
Readdy,Irfan,Aldrin,Alysa,Readdy,Larry
Valheim,Liza,Conrad,Carolina,Valheim,Joel
Anders,Stephen,Fullerton,Keisha,Anders,Al
Bobko,Tyeisha,Jones,Amber,Bobko,Pierce
Johnson,Richard,Cagle,Vivian,Johnson,Chadwick
Pffaff,Monet,Linnehan,Alycia,Pffaff,Trevon
Duke,Deante,Engle,Colette,Duke,Brock
Polansky,Madalyn,Harding,Paxton,Polansky,Giovanni
Fillmore,Tobias,Pogue,Mandi,Fillmore,Javen
Fillmore,Suzanne,Pogue,Mandi,Fillmore,Javen
Fillmore,Armani,Pogue,Mandi,Fillmore,Javen
Fillmore,Kelcee,Pogue,Mandi,Fillmore,Javen
Fillmore,David,Pogue,Mandi,Fillmore,Javen
Fillmore,Danae,Pogue,Mandi,Fillmore,Javen
Fillmore,Quinton,Pogue,Mandi,Fillmore,Javen
Fillmore,Deanna,Pogue,Mandi,Fillmore,Javen
Fillmore,Hakeem,Pogue,Mandi,Fillmore,Javen
Fillmore,Tamara,Pogue,Mandi,Fillmore,Javen
Fillmore,Callum,Pogue,Mandi,Fillmore,Javen
Creamer,Anahi,Akers,Viviana,Creamer,Desmond
Fillmore,Jimmy,Pogue,Mandi,Fillmore,Javen
Creamer,Cassidy,Akers,Viviana,Creamer,Desmond
Fillmore,Enoch,Pogue,Mandi,Fillmore,Javen
Creamer,Kendal,Akers,Viviana,Creamer,Desmond
Creamer,Jordin,Akers,Viviana,Creamer,Desmond
Creamer,Alesia,Akers,Viviana,Creamer,Desmond
Creamer,Dexter,Akers,Viviana,Creamer,Desmond
Creamer,Susanna,Akers,Viviana,Creamer,Desmond
Creamer,Daniel,Akers,Viviana,Creamer,Desmond
Creamer,Savana,Akers,Viviana,Creamer,Desmond
Parker,Keith,Brand,Casandra,Parker,Kyler
Creamer,Yoana,Akers,Viviana,Creamer,Desmond
Parker,Rahim,Brand,Casandra,Parker,Kyler
Creamer,Gretchen,Akers,Viviana,Creamer,Desmond
Parker,Houston,Brand,Casandra,Parker,Kyler
Creamer,Maxine,Akers,Viviana,Creamer,Desmond
Parker,Darien,Brand,Casandra,Parker,Kyler
Parker,Jessica,Brand,Casandra,Parker,Kyler
Aldrin,Quanterriu,Torvalds,Victoria,Aldrin,Nadav
Aldrin,Rebecca,Torvalds,Victoria,Aldrin,Nadav
Ford,Stephen,Kregel,Maxine,Ford,Eugene
Aldrin,Johnna,Torvalds,Victoria,Aldrin,Nadav
Ford,Bradlee,Kregel,Maxine,Ford,Eugene
Ford,Chantal,Kregel,Maxine,Ford,Eugene
Ford,Jamir,Kregel,Maxine,Ford,Eugene
Ford,Shanique,Kregel,Maxine,Ford,Eugene
Ford,Justice,Kregel,Maxine,Ford,Eugene
Ford,Blaze,Kregel,Maxine,Ford,Eugene
Ford,Colby,Kregel,Maxine,Ford,Eugene
Ford,Abigayle,Kregel,Maxine,Ford,Eugene
Ford,Deanthony,Kregel,Maxine,Ford,Eugene
Ford,Alissa,Kregel,Maxine,Ford,Eugene
Ferguson,Weston,McCulley,Giselle,Ferguson,Reuben
Ford,Tayla,Kregel,Maxine,Ford,Eugene
Ferguson,Francis,McCulley,Giselle,Ferguson,Reuben
Ford,Maribel,Kregel,Maxine,Ford,Eugene
Ferguson,Estevan,McCulley,Giselle,Ferguson,Reuben
Ford,Shea,Kregel,Maxine,Ford,Eugene
Ferguson,Brendan,McCulley,Giselle,Ferguson,Reuben
Ford,Keara,Kregel,Maxine,Ford,Eugene
Noriega,Julian,Lopez,Savanah,Noriega,Errol
Ford,Kayle,Kregel,Maxine,Ford,Eugene
Noriega,Emilio,Lopez,Savanah,Noriega,Errol
Ford,Linda,Kregel,Maxine,Ford,Eugene
Noriega,Camden,Lopez,Savanah,Noriega,Errol
Ferguson,Arielle,McCulley,Giselle,Ferguson,Reuben
Brandenstein,Max,Akers,Sally,Brandenstein,Roman
Noriega,Brittney,Lopez,Savanah,Noriega,Errol
Brandenstein,Marcos,Akers,Sally,Brandenstein,Roman
Noriega,Bethany,Lopez,Savanah,Noriega,Errol
Brandenstein,Raymond,Akers,Sally,Brandenstein,Roman
Noriega,Rhiannon,Lopez,Savanah,Noriega,Errol
Brandenstein,Gerardo,Akers,Sally,Brandenstein,Roman
Noriega,Jena,Lopez,Savanah,Noriega,Errol
Brandenstein,Izaiah,Akers,Sally,Brandenstein,Roman
Brandenstein,Johnna,Akers,Sally,Brandenstein,Roman
Grissom,Ezekiel,Phillips,Suzanna,Grissom,Sterling
Brandenstein,Natalie,Akers,Sally,Brandenstein,Roman
Grissom,Richard,Phillips,Suzanna,Grissom,Sterling
Brandenstein,Chantal,Akers,Sally,Brandenstein,Roman
Precour,Lucas,Freeman,Mckenzie,Precour,Dallin
Brandenstein,Kristy,Akers,Sally,Brandenstein,Roman
Precour,Freeman,Freeman,Mckenzie,Precour,Dallin
Brandenstein,Micaela,Akers,Sally,Brandenstein,Roman
Precour,Carter,Freeman,Mckenzie,Precour,Dallin
Grissom,Selena,Phillips,Suzanna,Grissom,Sterling
Precour,Brenton,Freeman,Mckenzie,Precour,Dallin
Grissom,Calandra,Phillips,Suzanna,Grissom,Sterling
Swanson,Deandre,Washington,Genevieve,Swanson,Jaleel
Precour,Siarra,Freeman,Mckenzie,Precour,Dallin
Swanson,Branden,Washington,Genevieve,Swanson,Jaleel
Precour,Kyra,Freeman,Mckenzie,Precour,Dallin
Swanson,Leonardo,Washington,Genevieve,Swanson,Jaleel
Precour,Kaylie,Freeman,Mckenzie,Precour,Dallin
Swanson,Jackson,Washington,Genevieve,Swanson,Jaleel
Precour,Emely,Freeman,Mckenzie,Precour,Dallin
Swanson,Jordin,Washington,Genevieve,Swanson,Jaleel
Swanson,Kiesha,Washington,Genevieve,Swanson,Jaleel
Swanson,Tanner,Washington,Genevieve,Swanson,Jaleel
Swanson,Alysia,Washington,Genevieve,Swanson,Jaleel
Readdy,Scott,Valheim,Liza,Readdy,Irfan
Swanson,Janae,Washington,Genevieve,Swanson,Jaleel
Readdy,Nick,Valheim,Liza,Readdy,Irfan
Swanson,Mercedes,Washington,Genevieve,Swanson,Jaleel
Anders,Rayquan,Bobko,Tyeisha,Anders,Stephen
Swanson,Deyaneira,Washington,Genevieve,Swanson,Jaleel
Anders,Kendrick,Bobko,Tyeisha,Anders,Stephen
Swanson,Maison,Washington,Genevieve,Swanson,Jaleel
Anders,Landon,Bobko,Tyeisha,Anders,Stephen
Swanson,Mindy,Washington,Genevieve,Swanson,Jaleel
Anders,Reese,Bobko,Tyeisha,Anders,Stephen
Swanson,Gabriela,Washington,Genevieve,Swanson,Jaleel
Anders,Dedrick,Bobko,Tyeisha,Anders,Stephen
Readdy,Caitlyn,Valheim,Liza,Readdy,Irfan
Anders,Savion,Bobko,Tyeisha,Anders,Stephen
Anders,Sally,Bobko,Tyeisha,Anders,Stephen
Anders,Denzel,Bobko,Tyeisha,Anders,Stephen
Anders,Kaydee,Bobko,Tyeisha,Anders,Stephen
Anders,Ralph,Bobko,Tyeisha,Anders,Stephen
Anders,Marelyn,Bobko,Tyeisha,Anders,Stephen
Anders,Arian,Bobko,Tyeisha,Anders,Stephen
Anders,Mindy,Bobko,Tyeisha,Anders,Stephen
Anders,Shmuel,Bobko,Tyeisha,Anders,Stephen
Anders,Jazmin,Bobko,Tyeisha,Anders,Stephen
Anders,Zachariah,Bobko,Tyeisha,Anders,Stephen
Anders,Divya,Bobko,Tyeisha,Anders,Stephen
Johnson,Mauricio,Pffaff,Monet,Johnson,Richard
Duke,Makenna,Polansky,Madalyn,Duke,Deante
Johnson,Jacoby,Pffaff,Monet,Johnson,Richard
Duke,Caitlin,Polansky,Madalyn,Duke,Deante
Johnson,Emmanuel,Pffaff,Monet,Johnson,Richard
Duke,Lucia,Polansky,Madalyn,Duke,Deante
Duke,Perry,Polansky,Madalyn,Duke,Deante
Duke,Tabitha,Polansky,Madalyn,Duke,Deante
Duke,Jay,Polansky,Madalyn,Duke,Deante
Duke,Leeann,Polansky,Madalyn,Duke,Deante
Duke,Isaiah,Polansky,Madalyn,Duke,Deante
Duke,Daniela,Polansky,Madalyn,Duke,Deante
Duke,Armani,Polansky,Madalyn,Duke,Deante
Duke,Beatriz,Polansky,Madalyn,Duke,Deante
Duke,Stevan,Polansky,Madalyn,Duke,Deante
Duke,Marianne,Polansky,Madalyn,Duke,Deante
Duke,Chadwick,Polansky,Madalyn,Duke,Deante
Duke,Kate,Polansky,Madalyn,Duke,Deante
Duke,Jessee,Polansky,Madalyn,Duke,Deante
Duke,Rebekkah,Polansky,Madalyn,Duke,Deante
Duke,Hayden,Polansky,Madalyn,Duke,Deante
Fillmore,Montana,Creamer,Anahi,Fillmore,Tobias
Fillmore,Tommy,Creamer,Anahi,Fillmore,Tobias
Fillmore,Allison,Creamer,Anahi,Fillmore,Tobias
Fillmore,Darius,Creamer,Cassidy,Fillmore,Armani
Fillmore,Shakia,Creamer,Cassidy,Fillmore,Armani
Fillmore,Hugh,Creamer,Cassidy,Fillmore,Armani
Fillmore,Devany,Creamer,Cassidy,Fillmore,Armani
Fillmore,Rigoberto,Creamer,Cassidy,Fillmore,Armani
Fillmore,Amna,Creamer,Cassidy,Fillmore,Armani
Fillmore,Heriberto,Creamer,Cassidy,Fillmore,Armani
Fillmore,Debra,Creamer,Cassidy,Fillmore,Armani
Fillmore,Sterling,Creamer,Cassidy,Fillmore,Armani
Fillmore,Aubrey,Creamer,Cassidy,Fillmore,Armani
Fillmore,Zaire,Creamer,Cassidy,Fillmore,Armani
Fillmore,Elizabeth,Creamer,Cassidy,Fillmore,Armani
Fillmore,Perry,Creamer,Cassidy,Fillmore,Armani
Fillmore,Paige,Creamer,Cassidy,Fillmore,Armani
Fillmore,Arthur,Creamer,Cassidy,Fillmore,Armani
Fillmore,Chanelle,Creamer,Kendal,Fillmore,David
Fillmore,Paris,Creamer,Cassidy,Fillmore,Armani
Fillmore,Tabitha,Creamer,Kendal,Fillmore,David
Fillmore,Deonte,Creamer,Cassidy,Fillmore,Armani
Fillmore,Dajanae,Creamer,Kendal,Fillmore,David
Fillmore,Mario,Creamer,Kendal,Fillmore,David
Fillmore,Imelda,Creamer,Alesia,Fillmore,Quinton
Fillmore,Jeremey,Creamer,Kendal,Fillmore,David
Fillmore,Arlene,Creamer,Alesia,Fillmore,Quinton
Fillmore,Baby,Creamer,Kendal,Fillmore,David
Fillmore,Allie,Creamer,Alesia,Fillmore,Quinton
Fillmore,Johnny,Creamer,Kendal,Fillmore,David
Fillmore,Maddison,Creamer,Susanna,Fillmore,Hakeem
Fillmore,Payton,Creamer,Kendal,Fillmore,David
Fillmore,Reilly,Creamer,Susanna,Fillmore,Hakeem
Fillmore,Kevon,Creamer,Kendal,Fillmore,David
Fillmore,Ida,Creamer,Susanna,Fillmore,Hakeem
Fillmore,Raekwon,Creamer,Susanna,Fillmore,Hakeem
Fillmore,Tristan,Creamer,Savana,Fillmore,Callum
Fillmore,Alejandro,Creamer,Susanna,Fillmore,Hakeem
Fillmore,Sadie,Creamer,Savana,Fillmore,Callum
Fillmore,Dimitri,Creamer,Susanna,Fillmore,Hakeem
Fillmore,Celia,Creamer,Savana,Fillmore,Callum
Fillmore,Trevin,Creamer,Susanna,Fillmore,Hakeem
Fillmore,London,Creamer,Savana,Fillmore,Callum
Fillmore,Bryce,Creamer,Savana,Fillmore,Callum
Fillmore,Karina,Creamer,Savana,Fillmore,Callum
Fillmore,Saul,Creamer,Savana,Fillmore,Callum
Fillmore,Charlotte,Creamer,Savana,Fillmore,Callum
Fillmore,Lane,Creamer,Savana,Fillmore,Callum
Fillmore,Ansley,Creamer,Savana,Fillmore,Callum
Fillmore,Timothy,Creamer,Savana,Fillmore,Callum
Fillmore,Makaila,Creamer,Savana,Fillmore,Callum
Fillmore,Kristofer,Creamer,Savana,Fillmore,Callum
Fillmore,Tia,Creamer,Yoana,Fillmore,Jimmy
Fillmore,Tylor,Creamer,Yoana,Fillmore,Jimmy
Fillmore,Breann,Creamer,Yoana,Fillmore,Jimmy
Fillmore,Van,Creamer,Yoana,Fillmore,Jimmy
Fillmore,Tierra,Creamer,Yoana,Fillmore,Jimmy
Fillmore,Jesse,Creamer,Yoana,Fillmore,Jimmy
Fillmore,Shyanne,Creamer,Yoana,Fillmore,Jimmy
Fillmore,Jessie,Creamer,Yoana,Fillmore,Jimmy
Fillmore,Carissa,Creamer,Yoana,Fillmore,Jimmy
Fillmore,Coby,Creamer,Yoana,Fillmore,Jimmy
Fillmore,Kylie,Creamer,Yoana,Fillmore,Jimmy
Fillmore,Harrison,Creamer,Yoana,Fillmore,Jimmy
Fillmore,Maisie,Creamer,Yoana,Fillmore,Jimmy
Fillmore,Migel,Creamer,Yoana,Fillmore,Jimmy
Fillmore,Tiara,Creamer,Yoana,Fillmore,Jimmy
Fillmore,Nick,Creamer,Yoana,Fillmore,Jimmy
Fillmore,Zenia,Creamer,Yoana,Fillmore,Jimmy
Fillmore,Max,Creamer,Gretchen,Fillmore,Enoch
Fillmore,Sally,Creamer,Gretchen,Fillmore,Enoch
Fillmore,Caden,Creamer,Gretchen,Fillmore,Enoch
Fillmore,Dixie,Creamer,Gretchen,Fillmore,Enoch
Fillmore,Braxton,Creamer,Gretchen,Fillmore,Enoch
Fillmore,Priscilla,Creamer,Gretchen,Fillmore,Enoch
Fillmore,Derrick,Creamer,Gretchen,Fillmore,Enoch
Fillmore,Regina,Creamer,Gretchen,Fillmore,Enoch
Fillmore,Albert,Creamer,Gretchen,Fillmore,Enoch
Fillmore,Fabiola,Creamer,Gretchen,Fillmore,Enoch
Fillmore,Justin,Creamer,Gretchen,Fillmore,Enoch
Fillmore,Avery,Creamer,Gretchen,Fillmore,Enoch
Fillmore,Dakotah,Creamer,Gretchen,Fillmore,Enoch
Fillmore,Lea,Creamer,Gretchen,Fillmore,Enoch
Fillmore,Slaten,Creamer,Gretchen,Fillmore,Enoch
Fillmore,Liz,Creamer,Gretchen,Fillmore,Enoch
Creamer,Johnny,Fillmore,Suzanne,Creamer,Jordin
Creamer,Ashleigh,Fillmore,Suzanne,Creamer,Jordin
Creamer,Diego,Fillmore,Suzanne,Creamer,Jordin
Creamer,Bridgette,Fillmore,Suzanne,Creamer,Jordin
Creamer,Trace,Fillmore,Suzanne,Creamer,Jordin
Creamer,Bailee,Fillmore,Suzanne,Creamer,Jordin
Creamer,Javon,Fillmore,Kelcee,Creamer,Dexter
Creamer,Zabrina,Fillmore,Suzanne,Creamer,Jordin
Creamer,Moshe,Fillmore,Kelcee,Creamer,Dexter
Creamer,Shyann,Fillmore,Suzanne,Creamer,Jordin
Creamer,Anibal,Fillmore,Kelcee,Creamer,Dexter
Creamer,Bonnie,Fillmore,Suzanne,Creamer,Jordin
Creamer,Carlos,Fillmore,Kelcee,Creamer,Dexter
Creamer,Marisa,Fillmore,Suzanne,Creamer,Jordin
Creamer,Deshawn,Fillmore,Kelcee,Creamer,Dexter
Creamer,Deanna,Fillmore,Kelcee,Creamer,Dexter
Creamer,Sebastien,Fillmore,Danae,Creamer,Daniel
Creamer,Macie,Fillmore,Kelcee,Creamer,Dexter
Creamer,Ryan,Fillmore,Danae,Creamer,Daniel
Creamer,Sally,Fillmore,Danae,Creamer,Daniel
Parker,Thomas,Fillmore,Deanna,Parker,Keith
Creamer,Evelyn,Fillmore,Danae,Creamer,Daniel
Parker,Alejandro,Fillmore,Deanna,Parker,Keith
Creamer,Phoebe,Fillmore,Danae,Creamer,Daniel
Parker,Deon,Fillmore,Deanna,Parker,Keith
Creamer,Ashlee,Fillmore,Danae,Creamer,Daniel
Parker,Xavier,Fillmore,Deanna,Parker,Keith
Creamer,Ana,Fillmore,Danae,Creamer,Daniel
Parker,Steve,Fillmore,Deanna,Parker,Keith
Creamer,Anika,Fillmore,Danae,Creamer,Daniel
Parker,Tristan,Fillmore,Deanna,Parker,Keith
Creamer,Stella,Fillmore,Danae,Creamer,Daniel
Parker,Orlando,Fillmore,Deanna,Parker,Keith
Creamer,Breonna,Fillmore,Danae,Creamer,Daniel
Parker,Pedro,Fillmore,Tamara,Parker,Rahim
Creamer,Camisha,Fillmore,Danae,Creamer,Daniel
Parker,Kahlil,Fillmore,Tamara,Parker,Rahim
Creamer,Carol,Fillmore,Danae,Creamer,Daniel
Parker,Vincent,Fillmore,Tamara,Parker,Rahim
Parker,Olivia,Fillmore,Deanna,Parker,Keith
Parker,Devyn,Fillmore,Tamara,Parker,Rahim
Parker,Shannon,Fillmore,Deanna,Parker,Keith
Parker,Griffin,Fillmore,Tamara,Parker,Rahim
Parker,Jacquelyn,Fillmore,Deanna,Parker,Keith
Parker,Alden,Fillmore,Tamara,Parker,Rahim
Parker,Vivian,Fillmore,Deanna,Parker,Keith
Parker,Coby,Creamer,Maxine,Parker,Houston
Parker,Kenyetta,Fillmore,Deanna,Parker,Keith
Parker,Cedric,Creamer,Maxine,Parker,Houston
Parker,Hope,Fillmore,Deanna,Parker,Keith
Parker,Henry,Aldrin,Rebecca,Parker,Darien
Parker,Iridiana,Fillmore,Deanna,Parker,Keith
Parker,Bo,Aldrin,Rebecca,Parker,Darien
Parker,Luisa,Fillmore,Deanna,Parker,Keith
Parker,Alexander,Aldrin,Rebecca,Parker,Darien
Parker,Tanna,Fillmore,Deanna,Parker,Keith
Parker,Trenton,Aldrin,Rebecca,Parker,Darien
Parker,Anitra,Fillmore,Tamara,Parker,Rahim
Parker,Garrick,Aldrin,Rebecca,Parker,Darien
Parker,Deja,Fillmore,Tamara,Parker,Rahim
Parker,Garrison,Aldrin,Rebecca,Parker,Darien
Parker,Marcela,Fillmore,Tamara,Parker,Rahim
Parker,Cyrus,Aldrin,Rebecca,Parker,Darien
Parker,Jaymi,Fillmore,Tamara,Parker,Rahim
Parker,Saul,Aldrin,Rebecca,Parker,Darien
Parker,Karlee,Fillmore,Tamara,Parker,Rahim
Parker,Talon,Aldrin,Rebecca,Parker,Darien
Parker,Mariangeli,Fillmore,Tamara,Parker,Rahim
Parker,Jair,Aldrin,Rebecca,Parker,Darien
Parker,Sofia,Fillmore,Tamara,Parker,Rahim
Parker,Tylor,Aldrin,Rebecca,Parker,Darien
Parker,Emely,Fillmore,Tamara,Parker,Rahim
Aldrin,Zakery,Parker,Jessica,Aldrin,Quanterriu
Parker,Alisa,Fillmore,Tamara,Parker,Rahim
Aldrin,Valentine,Parker,Jessica,Aldrin,Quanterriu
Parker,Shelbi,Fillmore,Tamara,Parker,Rahim
Aldrin,Addison,Parker,Jessica,Aldrin,Quanterriu
Parker,Minnie,Creamer,Maxine,Parker,Houston
Aldrin,Sahil,Parker,Jessica,Aldrin,Quanterriu
Parker,Catherine,Creamer,Maxine,Parker,Houston
Aldrin,Nick,Parker,Jessica,Aldrin,Quanterriu
Parker,Alexandria,Creamer,Maxine,Parker,Houston
Aldrin,Jeramie,Parker,Jessica,Aldrin,Quanterriu
Parker,Holly,Creamer,Maxine,Parker,Houston
Aldrin,Cade,Parker,Jessica,Aldrin,Quanterriu
Parker,Jaymie,Creamer,Maxine,Parker,Houston
Aldrin,Landen,Parker,Jessica,Aldrin,Quanterriu
Parker,Janeth,Aldrin,Rebecca,Parker,Darien
Aldrin,Morgan,Parker,Jessica,Aldrin,Quanterriu
Parker,Kelcee,Aldrin,Rebecca,Parker,Darien
Aldrin,Coy,Parker,Jessica,Aldrin,Quanterriu
Parker,Jayla,Aldrin,Rebecca,Parker,Darien
Aldrin,Jarod,Parker,Jessica,Aldrin,Quanterriu
Aldrin,Ariel,Parker,Jessica,Aldrin,Quanterriu
Ford,Noah,Aldrin,Johnna,Ford,Stephen
Aldrin,Aidan,Parker,Jessica,Aldrin,Quanterriu
Ford,Mathew,Aldrin,Johnna,Ford,Stephen
Aldrin,Lakendra,Parker,Jessica,Aldrin,Quanterriu
Ford,Vincent,Aldrin,Johnna,Ford,Stephen
Aldrin,Lyndsey,Parker,Jessica,Aldrin,Quanterriu
Ford,Elvin,Aldrin,Johnna,Ford,Stephen
Aldrin,Candice,Parker,Jessica,Aldrin,Quanterriu
Ford,Gunnar,Aldrin,Johnna,Ford,Stephen
Aldrin,Vivian,Parker,Jessica,Aldrin,Quanterriu
Ford,Hayes,Ferguson,Arielle,Ford,Bradlee
Ford,Sasha,Aldrin,Johnna,Ford,Stephen
Ford,Sebastien,Ferguson,Arielle,Ford,Bradlee
Ford,Kelsy,Aldrin,Johnna,Ford,Stephen
Ford,Tom,Ferguson,Arielle,Ford,Bradlee
Ford,Hailee,Aldrin,Johnna,Ford,Stephen
Ford,Kristofer,Noriega,Brittney,Ford,Jamir
Ford,Marisol,Aldrin,Johnna,Ford,Stephen
Ford,Reece,Noriega,Brittney,Ford,Jamir
Ford,Kinsey,Aldrin,Johnna,Ford,Stephen
Ford,Timothy,Noriega,Brittney,Ford,Jamir
Ford,Ilana,Ferguson,Arielle,Ford,Bradlee
Ford,August,Noriega,Brittney,Ford,Jamir
Ford,Shyanne,Ferguson,Arielle,Ford,Bradlee
Ford,Kendall,Noriega,Brittney,Ford,Jamir
Ford,Jamie,Ferguson,Arielle,Ford,Bradlee
Ford,Stevan,Noriega,Brittney,Ford,Jamir
Ford,Vivian,Ferguson,Arielle,Ford,Bradlee
Ford,Elias,Noriega,Brittney,Ford,Jamir
Ford,Brecken,Noriega,Brittney,Ford,Jamir
Ford,Cade,Noriega,Brittney,Ford,Jamir
Ford,Breeanna,Noriega,Brittney,Ford,Jamir
Ford,Brannon,Noriega,Bethany,Ford,Justice
Ford,Danielle,Noriega,Brittney,Ford,Jamir
Ford,Royce,Noriega,Bethany,Ford,Justice
Ford,Alice,Noriega,Brittney,Ford,Jamir
Ford,Elliott,Noriega,Bethany,Ford,Justice
Ford,Janeth,Noriega,Brittney,Ford,Jamir
Ford,Rashad,Noriega,Bethany,Ford,Justice
Ford,Susana,Noriega,Brittney,Ford,Jamir
Ford,Wilson,Noriega,Bethany,Ford,Justice
Ford,Carmelita,Noriega,Brittney,Ford,Jamir
Ford,Seamus,Noriega,Bethany,Ford,Justice
Ford,Kristian,Noriega,Brittney,Ford,Jamir
Ford,Kalon,Noriega,Bethany,Ford,Justice
Ford,Aubrie,Noriega,Bethany,Ford,Justice
Ford,Miles,Noriega,Rhiannon,Ford,Colby
Ford,Desaree,Noriega,Bethany,Ford,Justice
Ford,Shlomo,Noriega,Rhiannon,Ford,Colby
Ford,Alexandria,Noriega,Bethany,Ford,Justice
Ford,Branden,Noriega,Rhiannon,Ford,Colby
Ford,Latosha,Noriega,Bethany,Ford,Justice
Ford,Trevon,Noriega,Rhiannon,Ford,Colby
Ford,Jocelyn,Noriega,Bethany,Ford,Justice
Ford,Tallon,Noriega,Rhiannon,Ford,Colby
Ford,Kaylie,Noriega,Bethany,Ford,Justice
Ford,Darian,Noriega,Rhiannon,Ford,Colby
Ford,Elena,Noriega,Bethany,Ford,Justice
Ford,Alfonso,Noriega,Rhiannon,Ford,Colby
Ford,Alysha,Noriega,Rhiannon,Ford,Colby
Ford,Jonathon,Noriega,Rhiannon,Ford,Colby
Ford,Tiara,Noriega,Rhiannon,Ford,Colby
Ford,Weston,Noriega,Jena,Ford,Deanthony
Ford,Ashley,Noriega,Rhiannon,Ford,Colby
Ford,Cameron,Noriega,Jena,Ford,Deanthony
Ford,Jayla,Noriega,Jena,Ford,Deanthony
Ford,Nathaniel,Noriega,Jena,Ford,Deanthony
Ford,Reagan,Noriega,Jena,Ford,Deanthony
Ford,Nicholas,Noriega,Jena,Ford,Deanthony
Ford,Nathalie,Noriega,Jena,Ford,Deanthony
Ferguson,Tyren,Ford,Chantal,Ferguson,Weston
Ford,Madeline,Noriega,Jena,Ford,Deanthony
Ferguson,Romello,Ford,Chantal,Ferguson,Weston
Ford,Sarah,Noriega,Jena,Ford,Deanthony
Ferguson,Brody,Ford,Chantal,Ferguson,Weston
Ford,Lisette,Noriega,Jena,Ford,Deanthony
Ferguson,Jarrod,Ford,Chantal,Ferguson,Weston
Ford,Estrella,Noriega,Jena,Ford,Deanthony
Ferguson,Caden,Ford,Shanique,Ferguson,Francis
Ford,Savannah,Noriega,Jena,Ford,Deanthony
Ferguson,Glenn,Ford,Shanique,Ferguson,Francis
Ferguson,Quinn,Ford,Chantal,Ferguson,Weston
Ferguson,Montana,Ford,Shanique,Ferguson,Francis
Ferguson,Kassandra,Ford,Shanique,Ferguson,Francis
Ferguson,Arturo,Ford,Shanique,Ferguson,Francis
Ferguson,Anastasia,Ford,Shanique,Ferguson,Francis
Ferguson,Dominique,Ford,Shanique,Ferguson,Francis
Ferguson,Sommer,Ford,Shanique,Ferguson,Francis
Ferguson,Kai,Ford,Shanique,Ferguson,Francis
Ferguson,Stephany,Ford,Shanique,Ferguson,Francis
Ferguson,Isaac,Ford,Shanique,Ferguson,Francis
Ferguson,Liz,Ford,Shanique,Ferguson,Francis
Ferguson,Alfred,Ford,Shanique,Ferguson,Francis
Ferguson,Mackenzie,Ford,Shanique,Ferguson,Francis
Ferguson,Callahan,Ford,Shanique,Ferguson,Francis
Ferguson,Annalie,Ford,Shanique,Ferguson,Francis
Ferguson,Emerson,Ford,Blaze,Ferguson,Estevan
Ferguson,Nathalia,Ford,Blaze,Ferguson,Estevan
Ferguson,Orlando,Ford,Blaze,Ferguson,Estevan
Ferguson,Zoe,Ford,Blaze,Ferguson,Estevan
Ferguson,Tony,Ford,Blaze,Ferguson,Estevan
Ferguson,Sierra,Ford,Blaze,Ferguson,Estevan
Ferguson,Augustus,Ford,Blaze,Ferguson,Estevan
Ferguson,Aesha,Ford,Blaze,Ferguson,Estevan
Ferguson,Jay,Ford,Blaze,Ferguson,Estevan
Ferguson,Ravin,Ford,Blaze,Ferguson,Estevan
Ferguson,Samual,Ford,Blaze,Ferguson,Estevan
Ferguson,Rianna,Ford,Blaze,Ferguson,Estevan
Ferguson,Braeden,Ford,Blaze,Ferguson,Estevan
Ferguson,Ronni,Ford,Abigayle,Ferguson,Brendan
Ferguson,Carson,Ford,Blaze,Ferguson,Estevan
Ferguson,Kathryn,Ford,Abigayle,Ferguson,Brendan
Ferguson,Mike,Ford,Abigayle,Ferguson,Brendan
Ferguson,Jane,Ford,Abigayle,Ferguson,Brendan
Ferguson,Trey,Ford,Abigayle,Ferguson,Brendan
Ferguson,Gloria,Ford,Abigayle,Ferguson,Brendan
Ferguson,Evan,Ford,Abigayle,Ferguson,Brendan
Ferguson,Janesha,Ford,Abigayle,Ferguson,Brendan
Ferguson,Duncan,Ford,Abigayle,Ferguson,Brendan
Ferguson,Sasha,Ford,Abigayle,Ferguson,Brendan
Ferguson,Sean,Ford,Abigayle,Ferguson,Brendan
Ferguson,Marissa,Ford,Abigayle,Ferguson,Brendan
Ferguson,Emmitt,Ford,Abigayle,Ferguson,Brendan
Ferguson,Jenniffer,Ford,Abigayle,Ferguson,Brendan
Ferguson,Andre,Ford,Abigayle,Ferguson,Brendan
Ferguson,Alexandria,Ford,Abigayle,Ferguson,Brendan
Noriega,Josejuan,Ford,Alissa,Noriega,Julian
Ferguson,Tamera,Ford,Abigayle,Ferguson,Brendan
Noriega,Dallin,Ford,Alissa,Noriega,Julian
Ferguson,Brecken,Ford,Abigayle,Ferguson,Brendan
Noriega,Walter,Ford,Alissa,Noriega,Julian
Noriega,Jailene,Ford,Alissa,Noriega,Julian
Noriega,Tracy,Ford,Alissa,Noriega,Julian
Noriega,Christina,Ford,Alissa,Noriega,Julian
Noriega,Kameron,Ford,Alissa,Noriega,Julian
Noriega,Diamond,Ford,Alissa,Noriega,Julian
Noriega,Rhett,Ford,Tayla,Noriega,Emilio
Noriega,Shane,Ford,Alissa,Noriega,Julian
Noriega,Kenny,Ford,Tayla,Noriega,Emilio
Noriega,Lea,Ford,Alissa,Noriega,Julian
Noriega,Nick,Ford,Tayla,Noriega,Emilio
Noriega,Carli,Ford,Alissa,Noriega,Julian
Noriega,Kevon,Ford,Tayla,Noriega,Emilio
Noriega,Jasmine,Ford,Tayla,Noriega,Emilio
Noriega,Valentin,Ford,Tayla,Noriega,Emilio
Noriega,Jesica,Ford,Tayla,Noriega,Emilio
Noriega,Edgar,Ford,Tayla,Noriega,Emilio
Noriega,Kaitlyn,Ford,Tayla,Noriega,Emilio
Noriega,Joshua,Ford,Tayla,Noriega,Emilio
Noriega,Rylee,Ford,Tayla,Noriega,Emilio
Noriega,Ignacio,Ford,Maribel,Noriega,Camden
Noriega,Jessenia,Ford,Tayla,Noriega,Emilio
Noriega,Benjamen,Ford,Maribel,Noriega,Camden
Noriega,Janette,Ford,Tayla,Noriega,Emilio
Noriega,Dillon,Ford,Maribel,Noriega,Camden
Noriega,Dominique,Ford,Tayla,Noriega,Emilio
Noriega,Forest,Ford,Maribel,Noriega,Camden
Noriega,Raquel,Ford,Tayla,Noriega,Emilio
Brandenstein,Hector,Ford,Shea,Brandenstein,Max
Noriega,Robin,Ford,Tayla,Noriega,Emilio
Brandenstein,Joseph,Ford,Shea,Brandenstein,Max
Noriega,Bayleigh,Ford,Maribel,Noriega,Camden
Brandenstein,Nigel,Ford,Shea,Brandenstein,Max
Noriega,Macy,Ford,Maribel,Noriega,Camden
Brandenstein,Felipe,Ford,Shea,Brandenstein,Max
Noriega,Thalia,Ford,Maribel,Noriega,Camden
Brandenstein,Terence,Ford,Keara,Brandenstein,Marcos
Noriega,Kaci,Ford,Maribel,Noriega,Camden
Brandenstein,Dontae,Ford,Keara,Brandenstein,Marcos
Brandenstein,Kristian,Ford,Shea,Brandenstein,Max
Brandenstein,Dana,Ford,Keara,Brandenstein,Marcos
Brandenstein,Isabel,Ford,Shea,Brandenstein,Max
Brandenstein,Ayub,Ford,Keara,Brandenstein,Marcos
Brandenstein,Charlotte,Ford,Shea,Brandenstein,Max
Brandenstein,Wyatt,Ford,Keara,Brandenstein,Marcos
Brandenstein,Kelcee,Ford,Shea,Brandenstein,Max
Brandenstein,Colton,Ford,Keara,Brandenstein,Marcos
Brandenstein,Ruth,Ford,Shea,Brandenstein,Max
Brandenstein,Santos,Ford,Keara,Brandenstein,Marcos
Brandenstein,Mia,Ford,Shea,Brandenstein,Max
Brandenstein,Victor,Ford,Keara,Brandenstein,Marcos
Brandenstein,Caitlan,Ford,Shea,Brandenstein,Max
Brandenstein,Scott,Ford,Keara,Brandenstein,Marcos
Brandenstein,Keely,Ford,Shea,Brandenstein,Max
Brandenstein,Rigoberto,Ford,Keara,Brandenstein,Marcos
Brandenstein,Sarafina,Ford,Keara,Brandenstein,Marcos
Brandenstein,Ian,Ford,Kayle,Brandenstein,Raymond
Brandenstein,Alani,Ford,Keara,Brandenstein,Marcos
Brandenstein,Joshua,Ford,Kayle,Brandenstein,Raymond
Brandenstein,Michal,Ford,Keara,Brandenstein,Marcos
Brandenstein,Kenneth,Ford,Kayle,Brandenstein,Raymond
Brandenstein,Marlee,Ford,Keara,Brandenstein,Marcos
Brandenstein,Corbin,Ford,Kayle,Brandenstein,Raymond
Brandenstein,Daphne,Ford,Keara,Brandenstein,Marcos
Brandenstein,Jarrod,Ford,Kayle,Brandenstein,Raymond
Brandenstein,Maddison,Ford,Kayle,Brandenstein,Raymond
Brandenstein,Jasper,Ford,Kayle,Brandenstein,Raymond
Brandenstein,Sean,Ford,Kayle,Brandenstein,Raymond
Brandenstein,Dominique,Ford,Kayle,Brandenstein,Raymond
Brandenstein,Berenice,Ford,Kayle,Brandenstein,Raymond
Brandenstein,Deontae,Ford,Kayle,Brandenstein,Raymond
Brandenstein,Carmela,Ford,Kayle,Brandenstein,Raymond
Brandenstein,Efren,Ford,Linda,Brandenstein,Gerardo
Brandenstein,Virginia,Ford,Kayle,Brandenstein,Raymond
Brandenstein,Johnathon,Ford,Linda,Brandenstein,Gerardo
Brandenstein,Baby,Ford,Kayle,Brandenstein,Raymond
Brandenstein,Jarod,Ford,Linda,Brandenstein,Gerardo
Brandenstein,Paxton,Ford,Kayle,Brandenstein,Raymond
Brandenstein,Lauren,Ford,Linda,Brandenstein,Gerardo
Brandenstein,Dajanae,Ford,Kayle,Brandenstein,Raymond
Brandenstein,Tysheem,Ford,Linda,Brandenstein,Gerardo
Brandenstein,Crystal,Ford,Kayle,Brandenstein,Raymond
Brandenstein,Moshe,Grissom,Selena,Brandenstein,Izaiah
Brandenstein,Alexia,Ford,Kayle,Brandenstein,Raymond
Brandenstein,Derek,Grissom,Selena,Brandenstein,Izaiah
Brandenstein,Rose,Ford,Kayle,Brandenstein,Raymond
Brandenstein,Tomas,Grissom,Selena,Brandenstein,Izaiah
Brandenstein,Violet,Ford,Kayle,Brandenstein,Raymond
Brandenstein,Shaquille,Grissom,Selena,Brandenstein,Izaiah
Brandenstein,Amber,Ford,Linda,Brandenstein,Gerardo
Brandenstein,Marques,Grissom,Selena,Brandenstein,Izaiah
Brandenstein,Shiloh,Ford,Linda,Brandenstein,Gerardo
Brandenstein,Felix,Grissom,Selena,Brandenstein,Izaiah
Brandenstein,Frida,Ford,Linda,Brandenstein,Gerardo
Brandenstein,Owen,Grissom,Selena,Brandenstein,Izaiah
Brandenstein,Marelyn,Ford,Linda,Brandenstein,Gerardo
Brandenstein,Jasen,Grissom,Selena,Brandenstein,Izaiah
Brandenstein,Bianca,Ford,Linda,Brandenstein,Gerardo
Grissom,Drew,Brandenstein,Johnna,Grissom,Ezekiel
Brandenstein,Keirra,Grissom,Selena,Brandenstein,Izaiah
Grissom,Coy,Brandenstein,Johnna,Grissom,Ezekiel
Brandenstein,Katelynn,Grissom,Selena,Brandenstein,Izaiah
Grissom,Landen,Brandenstein,Johnna,Grissom,Ezekiel
Brandenstein,Estefany,Grissom,Selena,Brandenstein,Izaiah
Grissom,Eugene,Brandenstein,Johnna,Grissom,Ezekiel
Brandenstein,Lesly,Grissom,Selena,Brandenstein,Izaiah
Grissom,Nicholas,Brandenstein,Johnna,Grissom,Ezekiel
Brandenstein,Jazmon,Grissom,Selena,Brandenstein,Izaiah
Grissom,Louis,Brandenstein,Johnna,Grissom,Ezekiel
Brandenstein,Kayleen,Grissom,Selena,Brandenstein,Izaiah
Grissom,Ibrahim,Brandenstein,Johnna,Grissom,Ezekiel
Brandenstein,Shiane,Grissom,Selena,Brandenstein,Izaiah
Grissom,Aaron,Brandenstein,Johnna,Grissom,Ezekiel
Brandenstein,Doris,Grissom,Selena,Brandenstein,Izaiah
Grissom,Brannon,Brandenstein,Johnna,Grissom,Ezekiel
Grissom,Haiden,Brandenstein,Johnna,Grissom,Ezekiel
Grissom,Jordon,Brandenstein,Johnna,Grissom,Ezekiel
Grissom,Keyondra,Brandenstein,Johnna,Grissom,Ezekiel
Grissom,Donovan,Brandenstein,Natalie,Grissom,Richard
Grissom,Lakendra,Brandenstein,Johnna,Grissom,Ezekiel
Grissom,Darian,Brandenstein,Natalie,Grissom,Richard
Grissom,Lyndsey,Brandenstein,Johnna,Grissom,Ezekiel
Grissom,Trevon,Brandenstein,Natalie,Grissom,Richard
Grissom,Celena,Brandenstein,Johnna,Grissom,Ezekiel
Grissom,Bjorn,Brandenstein,Natalie,Grissom,Richard
Grissom,Shannon,Brandenstein,Johnna,Grissom,Ezekiel
Grissom,Malachi,Brandenstein,Natalie,Grissom,Richard
Grissom,Bertha,Brandenstein,Natalie,Grissom,Richard
Grissom,Santos,Brandenstein,Natalie,Grissom,Richard
Grissom,Jhane,Brandenstein,Natalie,Grissom,Richard
Grissom,Harley,Brandenstein,Natalie,Grissom,Richard
Grissom,Yamilex,Brandenstein,Natalie,Grissom,Richard
Grissom,Landon,Brandenstein,Natalie,Grissom,Richard
Grissom,Gretchen,Brandenstein,Natalie,Grissom,Richard
Precour,Jairo,Brandenstein,Chantal,Precour,Lucas
Grissom,Heaven,Brandenstein,Natalie,Grissom,Richard
Precour,Darrell,Brandenstein,Chantal,Precour,Lucas
Grissom,Kirstie,Brandenstein,Natalie,Grissom,Richard
Precour,Ty,Brandenstein,Chantal,Precour,Lucas
Grissom,Kirsten,Brandenstein,Natalie,Grissom,Richard
Precour,Winston,Brandenstein,Chantal,Precour,Lucas
Grissom,Lizette,Brandenstein,Natalie,Grissom,Richard
Precour,Manuel,Brandenstein,Chantal,Precour,Lucas
Grissom,Marlen,Brandenstein,Natalie,Grissom,Richard
Precour,Alonzo,Brandenstein,Chantal,Precour,Lucas
Grissom,Julia,Brandenstein,Natalie,Grissom,Richard
Precour,Arjun,Brandenstein,Chantal,Precour,Lucas
Grissom,Sinai,Brandenstein,Natalie,Grissom,Richard
Precour,Cecil,Brandenstein,Chantal,Precour,Lucas
Grissom,Juliette,Brandenstein,Natalie,Grissom,Richard
Precour,Ladarius,Brandenstein,Chantal,Precour,Lucas
Precour,Kiana,Brandenstein,Chantal,Precour,Lucas
Precour,Shlomo,Brandenstein,Kristy,Precour,Freeman
Precour,Debra,Brandenstein,Chantal,Precour,Lucas
Precour,Branden,Brandenstein,Kristy,Precour,Freeman
Precour,Austin,Brandenstein,Chantal,Precour,Lucas
Precour,Pedro,Brandenstein,Kristy,Precour,Freeman
Precour,Ayanna,Brandenstein,Chantal,Precour,Lucas
Precour,Rey,Brandenstein,Kristy,Precour,Freeman
Precour,Makenzie,Brandenstein,Chantal,Precour,Lucas
Precour,Ray,Brandenstein,Kristy,Precour,Freeman
Precour,Leigh,Brandenstein,Chantal,Precour,Lucas
Precour,Darius,Brandenstein,Kristy,Precour,Freeman
Precour,Natalia,Brandenstein,Chantal,Precour,Lucas
Precour,Edward,Brandenstein,Kristy,Precour,Freeman
Precour,Madalyn,Brandenstein,Chantal,Precour,Lucas
Precour,Craig,Brandenstein,Kristy,Precour,Freeman
Precour,Hope,Brandenstein,Chantal,Precour,Lucas
Precour,Jamar,Brandenstein,Kristy,Precour,Freeman
Precour,Tehya,Brandenstein,Kristy,Precour,Freeman
Precour,Torey,Brandenstein,Kristy,Precour,Freeman
Precour,Lara,Brandenstein,Kristy,Precour,Freeman
Precour,Samuel,Brandenstein,Kristy,Precour,Freeman
Precour,Kansas,Brandenstein,Kristy,Precour,Freeman
Precour,Wilmer,Brandenstein,Kristy,Precour,Freeman
Precour,Siearra,Brandenstein,Kristy,Precour,Freeman
Precour,Dustin,Brandenstein,Kristy,Precour,Freeman
Precour,Sheyla,Brandenstein,Kristy,Precour,Freeman
Precour,Shaun,Brandenstein,Micaela,Precour,Carter
Precour,Sharon,Brandenstein,Kristy,Precour,Freeman
Precour,Larry,Brandenstein,Micaela,Precour,Carter
Precour,Tanna,Brandenstein,Kristy,Precour,Freeman
Precour,Jonah,Brandenstein,Micaela,Precour,Carter
Precour,Kayli,Brandenstein,Micaela,Precour,Carter
Precour,Bret,Brandenstein,Micaela,Precour,Carter
Precour,Micaela,Brandenstein,Micaela,Precour,Carter
Precour,Desmond,Brandenstein,Micaela,Precour,Carter
Precour,Emerald,Brandenstein,Micaela,Precour,Carter
Precour,Diondre,Grissom,Calandra,Precour,Brenton
Precour,Latoya,Grissom,Calandra,Precour,Brenton
Precour,Elliott,Grissom,Calandra,Precour,Brenton
Precour,Shyanne,Grissom,Calandra,Precour,Brenton
Precour,Demarco,Grissom,Calandra,Precour,Brenton
Precour,Kiesha,Grissom,Calandra,Precour,Brenton
Precour,Marquis,Grissom,Calandra,Precour,Brenton
Precour,Greer,Grissom,Calandra,Precour,Brenton
Precour,Israel,Grissom,Calandra,Precour,Brenton
Precour,Carly,Grissom,Calandra,Precour,Brenton
Precour,Forest,Grissom,Calandra,Precour,Brenton
Precour,Ciera,Grissom,Calandra,Precour,Brenton
Swanson,Darius,Precour,Siarra,Swanson,Deandre
Precour,Evangelina,Grissom,Calandra,Precour,Brenton
Swanson,Ignacio,Precour,Siarra,Swanson,Deandre
Precour,Alina,Grissom,Calandra,Precour,Brenton
Swanson,Joshua,Precour,Siarra,Swanson,Deandre
Precour,Emilia,Grissom,Calandra,Precour,Brenton
Swanson,Anfernee,Precour,Siarra,Swanson,Deandre
Precour,Ashlynn,Grissom,Calandra,Precour,Brenton
Swanson,Daniel,Precour,Siarra,Swanson,Deandre
Precour,Estefania,Grissom,Calandra,Precour,Brenton
Swanson,Josiah,Precour,Siarra,Swanson,Deandre
Precour,Mary,Grissom,Calandra,Precour,Brenton
Swanson,Johnny,Precour,Siarra,Swanson,Deandre
Swanson,Karah,Precour,Siarra,Swanson,Deandre
Swanson,Reid,Precour,Kyra,Swanson,Branden
Swanson,Alannah,Precour,Siarra,Swanson,Deandre
Swanson,Gavin,Precour,Kyra,Swanson,Branden
Swanson,Helena,Precour,Siarra,Swanson,Deandre
Swanson,Freddy,Precour,Kyra,Swanson,Branden
Swanson,Esmeralda,Precour,Siarra,Swanson,Deandre
Swanson,Mckay,Precour,Kyra,Swanson,Branden
Swanson,Anne,Precour,Siarra,Swanson,Deandre
Swanson,Yair,Precour,Kyra,Swanson,Branden
Swanson,Nereida,Precour,Siarra,Swanson,Deandre
Swanson,Isaac,Precour,Kyra,Swanson,Branden
Swanson,Raegan,Precour,Kyra,Swanson,Branden
Swanson,Darryl,Precour,Kyra,Swanson,Branden
Swanson,Scarlett,Precour,Kyra,Swanson,Branden
Swanson,Trenton,Precour,Kaylie,Swanson,Leonardo
Swanson,Rosalinda,Precour,Kyra,Swanson,Branden
Swanson,Chris,Precour,Emely,Swanson,Jackson
Swanson,Rianna,Precour,Kyra,Swanson,Branden
Swanson,Glenn,Precour,Emely,Swanson,Jackson
Swanson,Noel,Precour,Kyra,Swanson,Branden
Swanson,Raymond,Precour,Emely,Swanson,Jackson
Swanson,Veda,Precour,Kyra,Swanson,Branden
Swanson,Angel,Precour,Emely,Swanson,Jackson
Swanson,Natasha,Precour,Kyra,Swanson,Branden
Swanson,Marcos,Readdy,Caitlyn,Swanson,Jordin
Swanson,Sunny,Precour,Kyra,Swanson,Branden
Swanson,Efrain,Readdy,Caitlyn,Swanson,Jordin
Swanson,Ida,Precour,Kyra,Swanson,Branden
Swanson,Trae,Readdy,Caitlyn,Swanson,Jordin
Swanson,Jhane,Precour,Kaylie,Swanson,Leonardo
Swanson,Justus,Readdy,Caitlyn,Swanson,Jordin
Swanson,Shelley,Precour,Kaylie,Swanson,Leonardo
Swanson,Moses,Readdy,Caitlyn,Swanson,Jordin
Swanson,Aylssa,Precour,Kaylie,Swanson,Leonardo
Swanson,Braden,Readdy,Caitlyn,Swanson,Jordin
Swanson,Krystal,Precour,Emely,Swanson,Jackson
Swanson,Isidro,Readdy,Caitlyn,Swanson,Jordin
Swanson,Isabel,Precour,Emely,Swanson,Jackson
Swanson,Guillermo,Readdy,Caitlyn,Swanson,Jordin
Swanson,Shayla,Readdy,Caitlyn,Swanson,Jordin
Swanson,Bailey,Anders,Sally,Swanson,Tanner
Swanson,Kenyatta,Readdy,Caitlyn,Swanson,Jordin
Swanson,Santana,Anders,Sally,Swanson,Tanner
Swanson,Jewel,Readdy,Caitlyn,Swanson,Jordin
Readdy,Kenny,Swanson,Kiesha,Readdy,Scott
Swanson,Ruth,Readdy,Caitlyn,Swanson,Jordin
Readdy,Tre,Swanson,Kiesha,Readdy,Scott
Swanson,Elisabeth,Readdy,Caitlyn,Swanson,Jordin
Readdy,Raphael,Swanson,Kiesha,Readdy,Scott
Swanson,Shaniah,Readdy,Caitlyn,Swanson,Jordin
Readdy,Marlon,Swanson,Kiesha,Readdy,Scott
Swanson,Anastasia,Readdy,Caitlyn,Swanson,Jordin
Readdy,Kerry,Swanson,Kiesha,Readdy,Scott
Swanson,Isadora,Anders,Sally,Swanson,Tanner
Readdy,Lane,Swanson,Kiesha,Readdy,Scott
Swanson,Edith,Anders,Sally,Swanson,Tanner
Readdy,Jawaun,Swanson,Alysia,Readdy,Nick
Swanson,Allana,Anders,Sally,Swanson,Tanner
Readdy,Leland,Swanson,Alysia,Readdy,Nick
Swanson,Elisa,Anders,Sally,Swanson,Tanner
Anders,Khalil,Swanson,Janae,Anders,Rayquan
Swanson,Ashlie,Anders,Sally,Swanson,Tanner
Anders,Cody,Swanson,Janae,Anders,Rayquan
Swanson,Kristen,Anders,Sally,Swanson,Tanner
Anders,Darius,Swanson,Janae,Anders,Rayquan
Readdy,Nayeli,Swanson,Kiesha,Readdy,Scott
Anders,Skylar,Swanson,Janae,Anders,Rayquan
Readdy,Chelsea,Swanson,Kiesha,Readdy,Scott
Anders,Deion,Swanson,Janae,Anders,Rayquan
Readdy,Destiny,Swanson,Kiesha,Readdy,Scott
Anders,Callum,Swanson,Janae,Anders,Rayquan
Readdy,Mattea,Swanson,Alysia,Readdy,Nick
Anders,Marcus,Swanson,Janae,Anders,Rayquan
Readdy,Maria,Swanson,Alysia,Readdy,Nick
Anders,Tate,Swanson,Janae,Anders,Rayquan
Readdy,Anisha,Swanson,Alysia,Readdy,Nick
Anders,Felix,Swanson,Mercedes,Anders,Kendrick
Readdy,Melanie,Swanson,Alysia,Readdy,Nick
Anders,Mohammad,Swanson,Mercedes,Anders,Kendrick
Readdy,Gretchen,Swanson,Alysia,Readdy,Nick
Anders,Harold,Swanson,Deyaneira,Anders,Landon
Readdy,Kaira,Swanson,Alysia,Readdy,Nick
Anders,Johnathon,Swanson,Deyaneira,Anders,Landon
Anders,Kelsey,Swanson,Janae,Anders,Rayquan
Anders,Barry,Swanson,Deyaneira,Anders,Landon
Anders,Gabriel,Swanson,Janae,Anders,Rayquan
Anders,Lashawn,Swanson,Deyaneira,Anders,Landon
Anders,Carol,Swanson,Janae,Anders,Rayquan
Anders,Ezekiel,Swanson,Deyaneira,Anders,Landon
Anders,Tasha,Swanson,Janae,Anders,Rayquan
Anders,Jacky,Swanson,Deyaneira,Anders,Landon
Anders,Kayli,Swanson,Janae,Anders,Rayquan
Anders,Frank,Swanson,Maison,Anders,Reese
Anders,Rebekkah,Swanson,Janae,Anders,Rayquan
Anders,Mohammed,Swanson,Maison,Anders,Reese
Anders,Chana,Swanson,Janae,Anders,Rayquan
Anders,Andreas,Swanson,Maison,Anders,Reese
Anders,Gwendolyn,Swanson,Janae,Anders,Rayquan
Anders,Thomas,Swanson,Maison,Anders,Reese
Anders,Chanelle,Swanson,Janae,Anders,Rayquan
Anders,Andrew,Swanson,Maison,Anders,Reese
Anders,Allana,Swanson,Janae,Anders,Rayquan
Anders,Jaime,Swanson,Maison,Anders,Reese
Anders,Carmelita,Swanson,Janae,Anders,Rayquan
Anders,Bennie,Swanson,Maison,Anders,Reese
Anders,Tabitha,Swanson,Mercedes,Anders,Kendrick
Anders,Curtis,Swanson,Mindy,Anders,Dedrick
Anders,Joanne,Swanson,Mercedes,Anders,Kendrick
Anders,Allan,Swanson,Mindy,Anders,Dedrick
Anders,Meaghan,Swanson,Mercedes,Anders,Kendrick
Anders,Courtney,Swanson,Mindy,Anders,Dedrick
Anders,Bayleigh,Swanson,Mercedes,Anders,Kendrick
Anders,Ishmael,Swanson,Mindy,Anders,Dedrick
Anders,Hallie,Swanson,Mercedes,Anders,Kendrick
Anders,Mitchel,Swanson,Mindy,Anders,Dedrick
Anders,Isis,Swanson,Deyaneira,Anders,Landon
Anders,Buford,Swanson,Mindy,Anders,Dedrick
Anders,Marlena,Swanson,Deyaneira,Anders,Landon
Anders,Dashane,Swanson,Mindy,Anders,Dedrick
Anders,Antoinette,Swanson,Deyaneira,Anders,Landon
Anders,Tristen,Swanson,Mindy,Anders,Dedrick
Anders,Annmarie,Swanson,Deyaneira,Anders,Landon
Anders,Jerry,Swanson,Gabriela,Anders,Savion
Anders,Kaleigh,Swanson,Deyaneira,Anders,Landon
Anders,Efrain,Swanson,Gabriela,Anders,Savion
Anders,Roxanne,Swanson,Deyaneira,Anders,Landon
Anders,Jayson,Swanson,Gabriela,Anders,Savion
Anders,Kaci,Swanson,Deyaneira,Anders,Landon
Anders,Cole,Swanson,Gabriela,Anders,Savion
Anders,Janette,Swanson,Deyaneira,Anders,Landon
Anders,Jairus,Swanson,Gabriela,Anders,Savion
Anders,Mckenzie,Swanson,Deyaneira,Anders,Landon
Anders,Jan,Duke,Makenna,Anders,Denzel
Anders,Stacy,Swanson,Deyaneira,Anders,Landon
Anders,Alejandro,Duke,Makenna,Anders,Denzel
Anders,Tatyana,Swanson,Deyaneira,Anders,Landon
Anders,Griffin,Duke,Makenna,Anders,Denzel
Anders,Shanique,Swanson,Maison,Anders,Reese
Anders,Elijah,Duke,Makenna,Anders,Denzel
Anders,Heavenly,Swanson,Maison,Anders,Reese
Anders,Darrius,Duke,Makenna,Anders,Denzel
Anders,Patricia,Swanson,Mindy,Anders,Dedrick
Anders,Maverick,Duke,Makenna,Anders,Denzel
Anders,Lianna,Swanson,Mindy,Anders,Dedrick
Anders,Jessee,Duke,Caitlin,Anders,Ralph
Anders,Kathryn,Swanson,Mindy,Anders,Dedrick
Anders,Alexander,Duke,Caitlin,Anders,Ralph
Anders,Maren,Swanson,Gabriela,Anders,Savion
Anders,Charly,Duke,Caitlin,Anders,Ralph
Anders,Sophia,Duke,Makenna,Anders,Denzel
Anders,Brice,Duke,Caitlin,Anders,Ralph
Anders,Angel,Duke,Makenna,Anders,Denzel
Anders,Gilbert,Duke,Caitlin,Anders,Ralph
Anders,Jonae,Duke,Makenna,Anders,Denzel
Anders,Jaquan,Duke,Caitlin,Anders,Ralph
Anders,Tess,Duke,Makenna,Anders,Denzel
Anders,Tyran,Duke,Lucia,Anders,Arian
Anders,Kirsten,Duke,Makenna,Anders,Denzel
Anders,Edward,Duke,Lucia,Anders,Arian
Anders,Karena,Duke,Makenna,Anders,Denzel
Anders,Reynaldo,Duke,Tabitha,Anders,Shmuel
Anders,Ceaira,Duke,Makenna,Anders,Denzel
Anders,Brennon,Duke,Tabitha,Anders,Shmuel
Anders,Estrella,Duke,Makenna,Anders,Denzel
Anders,Bretton,Duke,Tabitha,Anders,Shmuel
Anders,Porsha,Duke,Caitlin,Anders,Ralph
Anders,Gavin,Duke,Tabitha,Anders,Shmuel
Anders,Yaritza,Duke,Caitlin,Anders,Ralph
Anders,Andy,Duke,Tabitha,Anders,Shmuel
Anders,Alexandria,Duke,Caitlin,Anders,Ralph
Anders,Jerryd,Duke,Tabitha,Anders,Shmuel
Anders,Miah,Duke,Caitlin,Anders,Ralph
Anders,Gannon,Duke,Leeann,Anders,Zachariah
Anders,Khaliah,Duke,Caitlin,Anders,Ralph
Anders,Asher,Duke,Leeann,Anders,Zachariah
Anders,Joy,Duke,Caitlin,Anders,Ralph
Anders,Campbell,Duke,Leeann,Anders,Zachariah
Anders,Alissa,Duke,Caitlin,Anders,Ralph
Anders,Raequan,Duke,Leeann,Anders,Zachariah
Anders,Kayle,Duke,Caitlin,Anders,Ralph
Anders,Koby,Duke,Leeann,Anders,Zachariah
Anders,Iris,Duke,Caitlin,Anders,Ralph
Anders,Gonzalo,Duke,Leeann,Anders,Zachariah
Anders,Lilian,Duke,Caitlin,Anders,Ralph
Johnson,Moises,Anders,Kaydee,Johnson,Mauricio
Anders,Vera,Duke,Caitlin,Anders,Ralph
Johnson,Cedric,Anders,Kaydee,Johnson,Mauricio
Anders,Geneva,Duke,Lucia,Anders,Arian
Johnson,Brian,Anders,Kaydee,Johnson,Mauricio
Anders,Kayleen,Duke,Lucia,Anders,Arian
Johnson,Fredrick,Anders,Kaydee,Johnson,Mauricio
Anders,Kendal,Duke,Lucia,Anders,Arian
Johnson,Ayub,Anders,Kaydee,Johnson,Mauricio
Anders,Kamri,Duke,Lucia,Anders,Arian
Johnson,Shawn,Anders,Kaydee,Johnson,Mauricio
Anders,Cortney,Duke,Lucia,Anders,Arian
Johnson,Kamau,Anders,Mindy,Johnson,Emmanuel
Anders,India,Duke,Tabitha,Anders,Shmuel
Johnson,Jamel,Anders,Mindy,Johnson,Emmanuel
Anders,Adrienne,Duke,Tabitha,Anders,Shmuel
Johnson,Donald,Anders,Mindy,Johnson,Emmanuel
Anders,Dominique,Duke,Tabitha,Anders,Shmuel
Johnson,Kayle,Anders,Mindy,Johnson,Emmanuel
Anders,Juanita,Duke,Tabitha,Anders,Shmuel
Johnson,Saxon,Anders,Mindy,Johnson,Emmanuel
Anders,Joyce,Duke,Tabitha,Anders,Shmuel
Johnson,Edgar,Anders,Mindy,Johnson,Emmanuel
Anders,Vianey,Duke,Tabitha,Anders,Shmuel
Johnson,Nathaniel,Anders,Mindy,Johnson,Emmanuel
Anders,Leigh,Duke,Leeann,Anders,Zachariah
Johnson,Zachery,Anders,Mindy,Johnson,Emmanuel
Anders,Shayla,Duke,Leeann,Anders,Zachariah
Duke,Jeremiah,Anders,Jazmin,Duke,Perry
Anders,Gilda,Duke,Leeann,Anders,Zachariah
Duke,Bruce,Anders,Jazmin,Duke,Perry
Johnson,Maura,Anders,Kaydee,Johnson,Mauricio
Duke,Reuben,Anders,Jazmin,Duke,Perry
Johnson,Justina,Anders,Kaydee,Johnson,Mauricio
Duke,Deontae,Anders,Jazmin,Duke,Perry
Johnson,Colette,Anders,Kaydee,Johnson,Mauricio
Duke,Sergio,Anders,Jazmin,Duke,Perry
Johnson,Lindsey,Anders,Kaydee,Johnson,Mauricio
Duke,Jan,Anders,Jazmin,Duke,Perry
Johnson,Helena,Anders,Kaydee,Johnson,Mauricio
Duke,Karl,Anders,Jazmin,Duke,Perry
Johnson,Ravin,Anders,Kaydee,Johnson,Mauricio
Duke,Gideon,Anders,Jazmin,Duke,Perry
Johnson,Heaven,Anders,Marelyn,Johnson,Jacoby
Duke,Elvin,Anders,Jazmin,Duke,Perry
Johnson,Camila,Anders,Marelyn,Johnson,Jacoby
Duke,Ricardo,Anders,Jazmin,Duke,Perry
Johnson,Noel,Anders,Marelyn,Johnson,Jacoby
Duke,Bill,Anders,Jazmin,Duke,Perry
Johnson,Daesha,Anders,Mindy,Johnson,Emmanuel
Duke,Cruz,Anders,Jazmin,Duke,Perry
Johnson,Ashtyn,Anders,Mindy,Johnson,Emmanuel
Duke,Yobani,Anders,Jazmin,Duke,Perry
Johnson,Nadine,Anders,Mindy,Johnson,Emmanuel
Duke,Cecil,Anders,Jazmin,Duke,Perry
Johnson,Maryssa,Anders,Mindy,Johnson,Emmanuel
Duke,Paul,Anders,Jazmin,Duke,Perry
Johnson,Sania,Anders,Mindy,Johnson,Emmanuel
Duke,Keaton,Anders,Jazmin,Duke,Perry
Johnson,Esmeralda,Anders,Mindy,Johnson,Emmanuel
Duke,Brenden,Anders,Jazmin,Duke,Perry
Johnson,Alexandrea,Anders,Mindy,Johnson,Emmanuel
Duke,Daniel,Anders,Jazmin,Duke,Perry
Johnson,Tristin,Anders,Mindy,Johnson,Emmanuel
