Reisman,Bobby,Cabana,Ashanti,Reisman,Lauren
Lind,Faith,Creamer,Jasmin,Lind,Jajuan
Pogue,Donald,Fincke,Micayla,Pogue,Cesar
Godwin,Kaili,Lindsey,Asya,Godwin,Bradley
Woodward,Julius,Hudson,Tawny,Woodward,Howard
Deckard,Devonna,Loria,Reagan,Deckard,Erick
Bursch,Kamau,McKinley,Allana,Bursch,Erin
Chilton,Destiny,Brady,Chandler,Chilton,Ramon
Polk,Andre,Adams,Chynna,Polk,Shea
Cockrell,Aylin,Hieb,Jacklyn,Cockrell,Moises
Bloomfield,Ernest,Grunsfeld,Stacy,Bloomfield,Bernard
Harris,Noah,Phillips,Kayleen,Harris,Stephan
Stafford,Edwin,Massimino,Shelby,Stafford,Francesco
Hudson,Aisha,See,Saige,Hudson,Tristen
Hoffman,Darien,Davis,Robyn,Hoffman,Garrett
Covey,Kathleen,Grout,Ella,Covey,Jonah
Godwin,Gabriel,Ivins,Callie,Godwin,Keagan
Anderson,Makaila,Creighton,Tamara,Anderson,Joe
Thorne,Menachem,Gregory,Dominique,Thorne,Howard
Reightler,Stormy,Thorne,Johnna,Reightler,Lamonte
Rominger,Efrain,Daniels,Katelyn,Rominger,Jessee
Evans,Kaylea,Lucid,Selina,Evans,Esteban
Richards,Calvin,Mitchell,Joceline,Richards,Zaire
McBride,Johana,Evans,Karena,McBride,Kerrick
Harding,Jamison,Hoffman,Anthony,Harding,Jaylan
Altman,Heavenly,Anders,Asya,Altman,Bryson
Borman,Brad,Mullane,Cambria,Borman,Cristopher
Reisman,Zahra,Still,Mattie,Reisman,Samuel
Wilson,Sydney,McCool,Mariam,Wilson,Kaden
Daniels,Ashlyn,Buchanan,Chandler,Daniels,Elijah
Reisman,Abraham,Lind,Faith,Reisman,Bobby
Reisman,Kierstin,Lind,Faith,Reisman,Bobby
Reisman,Ruben,Lind,Faith,Reisman,Bobby
Reisman,Candy,Lind,Faith,Reisman,Bobby
Reisman,Cody,Lind,Faith,Reisman,Bobby
Reisman,Estefany,Lind,Faith,Reisman,Bobby
Reisman,Myron,Lind,Faith,Reisman,Bobby
Pogue,Martha,Godwin,Kaili,Pogue,Donald
Pogue,Kerrick,Godwin,Kaili,Pogue,Donald
Pogue,Noelle,Godwin,Kaili,Pogue,Donald
Pogue,Tallon,Godwin,Kaili,Pogue,Donald
Pogue,Unique,Godwin,Kaili,Pogue,Donald
Pogue,Errol,Godwin,Kaili,Pogue,Donald
Pogue,Tania,Godwin,Kaili,Pogue,Donald
Pogue,Corbin,Godwin,Kaili,Pogue,Donald
Pogue,Kylee,Godwin,Kaili,Pogue,Donald
Pogue,Ricardo,Godwin,Kaili,Pogue,Donald
Woodward,Eva,Deckard,Devonna,Woodward,Julius
Woodward,Justin,Deckard,Devonna,Woodward,Julius
Woodward,Alysha,Deckard,Devonna,Woodward,Julius
Woodward,Bronson,Deckard,Devonna,Woodward,Julius
Woodward,Emilia,Deckard,Devonna,Woodward,Julius
Woodward,Dequan,Deckard,Devonna,Woodward,Julius
Woodward,Baily,Deckard,Devonna,Woodward,Julius
Woodward,Daniel,Deckard,Devonna,Woodward,Julius
Woodward,Shanna,Deckard,Devonna,Woodward,Julius
Woodward,Tarik,Deckard,Devonna,Woodward,Julius
Woodward,Jena,Deckard,Devonna,Woodward,Julius
Woodward,Erick,Deckard,Devonna,Woodward,Julius
Woodward,Tehya,Deckard,Devonna,Woodward,Julius
Woodward,Cyrus,Deckard,Devonna,Woodward,Julius
Woodward,Alexandra,Deckard,Devonna,Woodward,Julius
Woodward,Adan,Deckard,Devonna,Woodward,Julius
Woodward,Sharon,Deckard,Devonna,Woodward,Julius
Woodward,Vinh,Deckard,Devonna,Woodward,Julius
Woodward,Carrie,Deckard,Devonna,Woodward,Julius
Bursch,Agustin,Chilton,Destiny,Bursch,Kamau
Bursch,Madilyn,Chilton,Destiny,Bursch,Kamau
Bursch,George,Chilton,Destiny,Bursch,Kamau
Polk,Michal,Cockrell,Aylin,Polk,Andre
Bursch,Brennan,Chilton,Destiny,Bursch,Kamau
Polk,Mindi,Cockrell,Aylin,Polk,Andre
Polk,Deonta,Cockrell,Aylin,Polk,Andre
Polk,Rayna,Cockrell,Aylin,Polk,Andre
Polk,Bill,Cockrell,Aylin,Polk,Andre
Polk,Neda,Cockrell,Aylin,Polk,Andre
Polk,Jeremey,Cockrell,Aylin,Polk,Andre
Polk,Macy,Cockrell,Aylin,Polk,Andre
Polk,Bradlee,Cockrell,Aylin,Polk,Andre
Polk,Janessa,Cockrell,Aylin,Polk,Andre
Polk,Quinton,Cockrell,Aylin,Polk,Andre
Polk,Sheila,Cockrell,Aylin,Polk,Andre
Polk,Dakotah,Cockrell,Aylin,Polk,Andre
Bloomfield,Domonique,Harris,Noah,Bloomfield,Ernest
Bloomfield,Ismael,Harris,Noah,Bloomfield,Ernest
Bloomfield,Ashanti,Harris,Noah,Bloomfield,Ernest
Bloomfield,Adonis,Harris,Noah,Bloomfield,Ernest
Bloomfield,Dylan,Harris,Noah,Bloomfield,Ernest
Bloomfield,Shmuel,Harris,Noah,Bloomfield,Ernest
Bloomfield,Karley,Harris,Noah,Bloomfield,Ernest
Bloomfield,Chris,Harris,Noah,Bloomfield,Ernest
Bloomfield,Shae,Harris,Noah,Bloomfield,Ernest
Bloomfield,Valentine,Harris,Noah,Bloomfield,Ernest
Bloomfield,Itati,Harris,Noah,Bloomfield,Ernest
Bloomfield,Felix,Harris,Noah,Bloomfield,Ernest
Stafford,Ciarra,Hudson,Aisha,Stafford,Edwin
Bloomfield,Kamau,Harris,Noah,Bloomfield,Ernest
Stafford,Delanie,Hudson,Aisha,Stafford,Edwin
Stafford,Daequan,Hudson,Aisha,Stafford,Edwin
Stafford,Haleigh,Hudson,Aisha,Stafford,Edwin
Stafford,Oliver,Hudson,Aisha,Stafford,Edwin
Stafford,Teresa,Hudson,Aisha,Stafford,Edwin
Stafford,Micheal,Hudson,Aisha,Stafford,Edwin
Hoffman,Cecelia,Covey,Kathleen,Hoffman,Darien
Stafford,Raymond,Hudson,Aisha,Stafford,Edwin
Hoffman,Jensen,Covey,Kathleen,Hoffman,Darien
Hoffman,Enrique,Covey,Kathleen,Hoffman,Darien
Hoffman,Ayla,Covey,Kathleen,Hoffman,Darien
Hoffman,Rhett,Covey,Kathleen,Hoffman,Darien
Hoffman,Kitana,Covey,Kathleen,Hoffman,Darien
Hoffman,Arturo,Covey,Kathleen,Hoffman,Darien
Godwin,Aubrie,Anderson,Makaila,Godwin,Gabriel
Hoffman,Derek,Covey,Kathleen,Hoffman,Darien
Godwin,Meaghan,Anderson,Makaila,Godwin,Gabriel
Hoffman,Justyn,Covey,Kathleen,Hoffman,Darien
Godwin,Fabiola,Anderson,Makaila,Godwin,Gabriel
Hoffman,Reynaldo,Covey,Kathleen,Hoffman,Darien
Godwin,Kellie,Anderson,Makaila,Godwin,Gabriel
Godwin,Douglas,Anderson,Makaila,Godwin,Gabriel
Godwin,Katerina,Anderson,Makaila,Godwin,Gabriel
Godwin,Steve,Anderson,Makaila,Godwin,Gabriel
Godwin,Katarina,Anderson,Makaila,Godwin,Gabriel
Godwin,Donovan,Anderson,Makaila,Godwin,Gabriel
Godwin,Xochitl,Anderson,Makaila,Godwin,Gabriel
Godwin,Jarrod,Anderson,Makaila,Godwin,Gabriel
Godwin,Jazmin,Anderson,Makaila,Godwin,Gabriel
Godwin,Mario,Anderson,Makaila,Godwin,Gabriel
Godwin,Yamilex,Anderson,Makaila,Godwin,Gabriel
Godwin,Rashaun,Anderson,Makaila,Godwin,Gabriel
Thorne,Blake,Reightler,Stormy,Thorne,Menachem
Godwin,William,Anderson,Makaila,Godwin,Gabriel
Rominger,Laken,Evans,Kaylea,Rominger,Efrain
Godwin,Brandon,Anderson,Makaila,Godwin,Gabriel
Rominger,Tasha,Evans,Kaylea,Rominger,Efrain
Godwin,Emanuel,Anderson,Makaila,Godwin,Gabriel
Richards,Kealani,McBride,Johana,Richards,Calvin
Thorne,Bo,Reightler,Stormy,Thorne,Menachem
Richards,Kamri,McBride,Johana,Richards,Calvin
Thorne,Dusty,Reightler,Stormy,Thorne,Menachem
Richards,Yesenia,McBride,Johana,Richards,Calvin
Thorne,Estevan,Reightler,Stormy,Thorne,Menachem
Richards,Sarahmarie,McBride,Johana,Richards,Calvin
Thorne,Gabriel,Reightler,Stormy,Thorne,Menachem
Richards,Baily,McBride,Johana,Richards,Calvin
Thorne,Dale,Reightler,Stormy,Thorne,Menachem
Richards,Liza,McBride,Johana,Richards,Calvin
Rominger,Sydney,Evans,Kaylea,Rominger,Efrain
Harding,Kate,Altman,Heavenly,Harding,Jamison
Rominger,Calib,Evans,Kaylea,Rominger,Efrain
Harding,Michel,Altman,Heavenly,Harding,Jamison
Richards,Carson,McBride,Johana,Richards,Calvin
Harding,Blair,Altman,Heavenly,Harding,Jamison
Richards,Trenton,McBride,Johana,Richards,Calvin
Harding,Estefania,Altman,Heavenly,Harding,Jamison
Richards,Sam,McBride,Johana,Richards,Calvin
Harding,Britni,Altman,Heavenly,Harding,Jamison
Richards,Wilmer,McBride,Johana,Richards,Calvin
Harding,Alissa,Altman,Heavenly,Harding,Jamison
Richards,Hunter,McBride,Johana,Richards,Calvin
Harding,Jamiya,Altman,Heavenly,Harding,Jamison
Harding,Agustin,Altman,Heavenly,Harding,Jamison
Harding,Emmalee,Altman,Heavenly,Harding,Jamison
Harding,Zachariah,Altman,Heavenly,Harding,Jamison
Harding,Kristian,Altman,Heavenly,Harding,Jamison
Harding,Jordon,Altman,Heavenly,Harding,Jamison
Borman,Miranda,Reisman,Zahra,Borman,Brad
Harding,Garrison,Altman,Heavenly,Harding,Jamison
Borman,Deanna,Reisman,Zahra,Borman,Brad
Harding,Frederic,Altman,Heavenly,Harding,Jamison
Borman,Britney,Reisman,Zahra,Borman,Brad
Harding,Troy,Altman,Heavenly,Harding,Jamison
Wilson,Grecia,Daniels,Ashlyn,Wilson,Sydney
Harding,Zane,Altman,Heavenly,Harding,Jamison
Wilson,Annemarie,Daniels,Ashlyn,Wilson,Sydney
Harding,Habram,Altman,Heavenly,Harding,Jamison
Wilson,Jaden,Daniels,Ashlyn,Wilson,Sydney
Borman,Joseph,Reisman,Zahra,Borman,Brad
Wilson,Caylin,Daniels,Ashlyn,Wilson,Sydney
Borman,Ian,Reisman,Zahra,Borman,Brad
Wilson,Cambria,Daniels,Ashlyn,Wilson,Sydney
Borman,Lane,Reisman,Zahra,Borman,Brad
Wilson,Mackenna,Daniels,Ashlyn,Wilson,Sydney
Borman,Courtney,Reisman,Zahra,Borman,Brad
Wilson,Tyra,Daniels,Ashlyn,Wilson,Sydney
Borman,Dylan,Reisman,Zahra,Borman,Brad
Wilson,Celia,Daniels,Ashlyn,Wilson,Sydney
Borman,Bennett,Reisman,Zahra,Borman,Brad
Reisman,Kiara,Pogue,Martha,Reisman,Abraham
Wilson,Ian,Daniels,Ashlyn,Wilson,Sydney
Reisman,Amanda,Pogue,Martha,Reisman,Abraham
Wilson,Aidan,Daniels,Ashlyn,Wilson,Sydney
Reisman,Liliana,Pogue,Martha,Reisman,Abraham
Wilson,Alek,Daniels,Ashlyn,Wilson,Sydney
Reisman,Meghan,Pogue,Martha,Reisman,Abraham
Wilson,Armani,Daniels,Ashlyn,Wilson,Sydney
Reisman,Markia,Pogue,Martha,Reisman,Abraham
Wilson,Isaias,Daniels,Ashlyn,Wilson,Sydney
Reisman,Melinda,Pogue,Martha,Reisman,Abraham
Wilson,Jarrod,Daniels,Ashlyn,Wilson,Sydney
Reisman,Nereida,Pogue,Martha,Reisman,Abraham
Wilson,Dayton,Daniels,Ashlyn,Wilson,Sydney
Reisman,Serena,Pogue,Martha,Reisman,Abraham
Wilson,Marcello,Daniels,Ashlyn,Wilson,Sydney
Reisman,Carlie,Pogue,Noelle,Reisman,Ruben
Wilson,Reginald,Daniels,Ashlyn,Wilson,Sydney
Reisman,Deanna,Pogue,Noelle,Reisman,Ruben
Wilson,Parker,Daniels,Ashlyn,Wilson,Sydney
Reisman,Sherry,Pogue,Noelle,Reisman,Ruben
Reisman,Jalil,Pogue,Martha,Reisman,Abraham
Reisman,Tatianna,Pogue,Noelle,Reisman,Ruben
Reisman,Orion,Pogue,Martha,Reisman,Abraham
Reisman,Sadia,Pogue,Noelle,Reisman,Ruben
Reisman,Coleman,Pogue,Martha,Reisman,Abraham
Reisman,Shayla,Pogue,Noelle,Reisman,Ruben
Reisman,Kendall,Pogue,Noelle,Reisman,Ruben
Reisman,Sophia,Pogue,Noelle,Reisman,Ruben
Reisman,Mason,Pogue,Noelle,Reisman,Ruben
Reisman,Karla,Pogue,Noelle,Reisman,Ruben
Reisman,Lionel,Pogue,Noelle,Reisman,Ruben
Reisman,Sean,Pogue,Noelle,Reisman,Ruben
Reisman,Deonta,Pogue,Noelle,Reisman,Ruben
Reisman,Jocelyn,Pogue,Noelle,Reisman,Ruben
Reisman,Landon,Pogue,Noelle,Reisman,Ruben
Reisman,Karissa,Pogue,Unique,Reisman,Cody
Reisman,Garrett,Pogue,Noelle,Reisman,Ruben
Reisman,Lydia,Pogue,Unique,Reisman,Cody
Reisman,Ismael,Pogue,Noelle,Reisman,Ruben
Reisman,Caroline,Pogue,Unique,Reisman,Cody
Reisman,Baby,Pogue,Unique,Reisman,Cody
Reisman,Hanna,Pogue,Unique,Reisman,Cody
Reisman,Clinton,Pogue,Tania,Reisman,Myron
Reisman,Kristina,Pogue,Unique,Reisman,Cody
Reisman,Amir,Pogue,Tania,Reisman,Myron
Reisman,Elisabeth,Pogue,Tania,Reisman,Myron
Reisman,Keegan,Pogue,Tania,Reisman,Myron
Reisman,Helen,Pogue,Tania,Reisman,Myron
Reisman,Tavon,Pogue,Tania,Reisman,Myron
Reisman,Heather,Pogue,Tania,Reisman,Myron
Reisman,Brannon,Pogue,Tania,Reisman,Myron
Reisman,Gerardo,Pogue,Tania,Reisman,Myron
Reisman,Vicente,Pogue,Tania,Reisman,Myron
Reisman,Zenia,Pogue,Tania,Reisman,Myron
Reisman,Ray,Pogue,Tania,Reisman,Myron
Reisman,Jailene,Pogue,Tania,Reisman,Myron
Reisman,Francesco,Pogue,Tania,Reisman,Myron
Reisman,Dorothy,Pogue,Tania,Reisman,Myron
Reisman,Edward,Pogue,Tania,Reisman,Myron
Reisman,Linda,Pogue,Tania,Reisman,Myron
Pogue,Jorge,Reisman,Kierstin,Pogue,Kerrick
Reisman,Chantal,Pogue,Tania,Reisman,Myron
Pogue,Raymond,Reisman,Kierstin,Pogue,Kerrick
Reisman,Kaylah,Pogue,Tania,Reisman,Myron
Pogue,Collin,Reisman,Kierstin,Pogue,Kerrick
Pogue,Caitlin,Reisman,Kierstin,Pogue,Kerrick
Pogue,Isaias,Reisman,Kierstin,Pogue,Kerrick
Pogue,Lacey,Reisman,Kierstin,Pogue,Kerrick
Pogue,Jade,Reisman,Kierstin,Pogue,Kerrick
Pogue,Ariana,Reisman,Kierstin,Pogue,Kerrick
Pogue,Sean,Reisman,Kierstin,Pogue,Kerrick
Pogue,Anja,Reisman,Candy,Pogue,Tallon
Pogue,Savion,Reisman,Candy,Pogue,Tallon
Pogue,Kourtney,Reisman,Candy,Pogue,Tallon
Pogue,Aiden,Reisman,Candy,Pogue,Tallon
Pogue,Kaili,Reisman,Candy,Pogue,Tallon
Pogue,Michel,Reisman,Candy,Pogue,Tallon
Pogue,Irma,Reisman,Candy,Pogue,Tallon
Pogue,Stewart,Reisman,Candy,Pogue,Tallon
Pogue,Tynia,Reisman,Candy,Pogue,Tallon
Pogue,Jairus,Reisman,Candy,Pogue,Tallon
Pogue,Camille,Reisman,Estefany,Pogue,Errol
Pogue,Quanterriu,Reisman,Candy,Pogue,Tallon
Pogue,Ali,Woodward,Eva,Pogue,Corbin
Pogue,Ronald,Reisman,Candy,Pogue,Tallon
Pogue,Ayanna,Woodward,Eva,Pogue,Corbin
Pogue,Oren,Reisman,Candy,Pogue,Tallon
Pogue,Markia,Woodward,Eva,Pogue,Corbin
Pogue,Santana,Reisman,Estefany,Pogue,Errol
Pogue,Kenia,Woodward,Eva,Pogue,Corbin
Pogue,Jovon,Reisman,Estefany,Pogue,Errol
Pogue,Tyeisha,Woodward,Alysha,Pogue,Ricardo
Pogue,Trevor,Reisman,Estefany,Pogue,Errol
Pogue,Kelley,Woodward,Alysha,Pogue,Ricardo
Pogue,Aron,Woodward,Eva,Pogue,Corbin
Pogue,Elyse,Woodward,Alysha,Pogue,Ricardo
Pogue,Colin,Woodward,Eva,Pogue,Corbin
Woodward,Erin,Pogue,Kylee,Woodward,Justin
Pogue,Douglas,Woodward,Eva,Pogue,Corbin
Woodward,Misty,Pogue,Kylee,Woodward,Justin
Pogue,Adam,Woodward,Alysha,Pogue,Ricardo
Woodward,Rose,Pogue,Kylee,Woodward,Justin
Pogue,German,Woodward,Alysha,Pogue,Ricardo
Woodward,Blaze,Pogue,Kylee,Woodward,Justin
Pogue,Clay,Woodward,Alysha,Pogue,Ricardo
Woodward,Minnie,Pogue,Kylee,Woodward,Justin
Pogue,Erick,Woodward,Alysha,Pogue,Ricardo
Woodward,Anisha,Bursch,Madilyn,Woodward,Bronson
Pogue,Ivan,Woodward,Alysha,Pogue,Ricardo
Woodward,Jessica,Bursch,Madilyn,Woodward,Bronson
Woodward,Jack,Pogue,Kylee,Woodward,Justin
Woodward,Margaret,Bursch,Madilyn,Woodward,Bronson
Woodward,Montel,Pogue,Kylee,Woodward,Justin
Woodward,Olivia,Bursch,Madilyn,Woodward,Bronson
Woodward,Mitchell,Pogue,Kylee,Woodward,Justin
Woodward,Amberly,Bursch,Madilyn,Woodward,Bronson
Woodward,Raul,Pogue,Kylee,Woodward,Justin
Woodward,Luna,Bursch,Madilyn,Woodward,Bronson
Woodward,Maleek,Pogue,Kylee,Woodward,Justin
Woodward,Trista,Bursch,Madilyn,Woodward,Bronson
Woodward,Garett,Pogue,Kylee,Woodward,Justin
Woodward,Sherridan,Polk,Michal,Woodward,Dequan
Woodward,Roland,Pogue,Kylee,Woodward,Justin
Woodward,Makayla,Polk,Michal,Woodward,Dequan
Woodward,Leroy,Pogue,Kylee,Woodward,Justin
Woodward,Haley,Polk,Michal,Woodward,Dequan
Woodward,Sunny,Bursch,Madilyn,Woodward,Bronson
Woodward,Jori,Polk,Michal,Woodward,Dequan
Woodward,Jonathan,Bursch,Madilyn,Woodward,Bronson
Woodward,Kailey,Polk,Michal,Woodward,Dequan
Woodward,Lloyd,Bursch,Madilyn,Woodward,Bronson
Woodward,Iris,Polk,Mindi,Woodward,Daniel
Woodward,Dallin,Bursch,Madilyn,Woodward,Bronson
Woodward,Hilda,Polk,Mindi,Woodward,Daniel
Woodward,Jamari,Bursch,Madilyn,Woodward,Bronson
Woodward,Angel,Polk,Mindi,Woodward,Daniel
Woodward,Guillermo,Bursch,Madilyn,Woodward,Bronson
Woodward,Shiann,Polk,Mindi,Woodward,Daniel
Woodward,Demarco,Bursch,Madilyn,Woodward,Bronson
Woodward,Jameisha,Polk,Mindi,Woodward,Daniel
Woodward,Michal,Bursch,Madilyn,Woodward,Bronson
Woodward,Savanah,Polk,Mindi,Woodward,Daniel
Woodward,Destin,Bursch,Madilyn,Woodward,Bronson
Woodward,Rosemary,Polk,Rayna,Woodward,Tarik
Woodward,Brennen,Polk,Michal,Woodward,Dequan
Woodward,Isabelle,Polk,Rayna,Woodward,Tarik
Woodward,Brogan,Polk,Michal,Woodward,Dequan
Woodward,Jordan,Polk,Rayna,Woodward,Tarik
Woodward,Paul,Polk,Michal,Woodward,Dequan
Woodward,Yamilex,Polk,Rayna,Woodward,Tarik
Woodward,Trace,Polk,Michal,Woodward,Dequan
Woodward,Dixie,Polk,Rayna,Woodward,Tarik
Woodward,Keifer,Polk,Mindi,Woodward,Daniel
Woodward,Xian,Polk,Rayna,Woodward,Tarik
Woodward,Douglas,Polk,Mindi,Woodward,Daniel
Woodward,Jackie,Polk,Rayna,Woodward,Tarik
Woodward,Emiliano,Polk,Mindi,Woodward,Daniel
Woodward,Carolyn,Polk,Rayna,Woodward,Tarik
Woodward,Noe,Polk,Mindi,Woodward,Daniel
Woodward,Halee,Polk,Neda,Woodward,Erick
Woodward,Chad,Polk,Rayna,Woodward,Tarik
Woodward,Eleni,Polk,Neda,Woodward,Erick
Woodward,Logan,Polk,Rayna,Woodward,Tarik
Woodward,Annabel,Polk,Neda,Woodward,Erick
Woodward,Dion,Polk,Rayna,Woodward,Tarik
Woodward,Dallas,Polk,Neda,Woodward,Erick
Woodward,Mohammed,Polk,Rayna,Woodward,Tarik
Woodward,Lea,Polk,Neda,Woodward,Erick
Woodward,Tad,Polk,Rayna,Woodward,Tarik
Woodward,Regan,Polk,Neda,Woodward,Erick
Woodward,Tristian,Polk,Rayna,Woodward,Tarik
Woodward,Alannah,Polk,Neda,Woodward,Erick
Woodward,Augustus,Polk,Rayna,Woodward,Tarik
Woodward,Kate,Polk,Neda,Woodward,Erick
Woodward,Kai,Polk,Rayna,Woodward,Tarik
Woodward,Judy,Polk,Macy,Woodward,Cyrus
Woodward,Ezekiel,Polk,Rayna,Woodward,Tarik
Woodward,Darcy,Polk,Macy,Woodward,Cyrus
Woodward,Daequan,Polk,Rayna,Woodward,Tarik
Woodward,Janna,Polk,Janessa,Woodward,Adan
Woodward,Bradly,Polk,Neda,Woodward,Erick
Woodward,Sophia,Polk,Janessa,Woodward,Adan
Woodward,Anfernee,Polk,Neda,Woodward,Erick
Woodward,Natasha,Polk,Janessa,Woodward,Adan
Woodward,Tracy,Polk,Neda,Woodward,Erick
Woodward,Anja,Polk,Janessa,Woodward,Adan
Woodward,Deonte,Polk,Neda,Woodward,Erick
Woodward,Breanna,Polk,Janessa,Woodward,Adan
Woodward,Richard,Polk,Neda,Woodward,Erick
Woodward,Autumn,Polk,Janessa,Woodward,Adan
Woodward,Abdiel,Polk,Macy,Woodward,Cyrus
Woodward,Sherry,Polk,Janessa,Woodward,Adan
Woodward,Sheldon,Polk,Janessa,Woodward,Adan
Woodward,Marlee,Polk,Janessa,Woodward,Adan
Woodward,Allen,Polk,Janessa,Woodward,Adan
Woodward,Karla,Polk,Sheila,Woodward,Vinh
Woodward,Dayton,Polk,Sheila,Woodward,Vinh
Bursch,Tessa,Woodward,Emilia,Bursch,Agustin
Woodward,Zackary,Polk,Sheila,Woodward,Vinh
Bursch,Raven,Woodward,Emilia,Bursch,Agustin
Woodward,Maximilian,Polk,Sheila,Woodward,Vinh
Bursch,Gabriel,Woodward,Emilia,Bursch,Agustin
Bursch,Trace,Woodward,Emilia,Bursch,Agustin
Bursch,Autumn,Woodward,Emilia,Bursch,Agustin
Bursch,Adonis,Woodward,Emilia,Bursch,Agustin
Bursch,Jacquelin,Woodward,Emilia,Bursch,Agustin
Bursch,Esau,Woodward,Emilia,Bursch,Agustin
Bursch,Maggie,Woodward,Emilia,Bursch,Agustin
Bursch,Torey,Woodward,Emilia,Bursch,Agustin
Bursch,Katelyn,Woodward,Emilia,Bursch,Agustin
Bursch,Lionel,Woodward,Emilia,Bursch,Agustin
Bursch,Abbigail,Woodward,Emilia,Bursch,Agustin
Bursch,Owen,Woodward,Emilia,Bursch,Agustin
Bursch,Emely,Woodward,Emilia,Bursch,Agustin
Bursch,Abraham,Woodward,Baily,Bursch,George
Bursch,Anastasia,Woodward,Emilia,Bursch,Agustin
Bursch,Stanley,Woodward,Baily,Bursch,George
Bursch,Corina,Woodward,Emilia,Bursch,Agustin
Bursch,Carlos,Woodward,Baily,Bursch,George
Bursch,Elexus,Woodward,Baily,Bursch,George
Bursch,Dakotah,Woodward,Baily,Bursch,George
Bursch,Caitlan,Woodward,Baily,Bursch,George
Bursch,Domonic,Woodward,Baily,Bursch,George
Bursch,Callie,Woodward,Baily,Bursch,George
Bursch,Arian,Woodward,Shanna,Bursch,Brennan
Bursch,Samantha,Woodward,Baily,Bursch,George
Polk,Montel,Woodward,Jena,Polk,Deonta
Bursch,Dina,Woodward,Baily,Bursch,George
Polk,Griffin,Woodward,Jena,Polk,Deonta
Bursch,Malia,Woodward,Shanna,Bursch,Brennan
Polk,Darryl,Woodward,Jena,Polk,Deonta
Bursch,Lillian,Woodward,Shanna,Bursch,Brennan
Polk,Demetrius,Woodward,Jena,Polk,Deonta
Polk,Mercedes,Woodward,Jena,Polk,Deonta
Polk,Marshall,Woodward,Jena,Polk,Deonta
Polk,Dandrea,Woodward,Jena,Polk,Deonta
Polk,Chance,Woodward,Jena,Polk,Deonta
Polk,Katerina,Woodward,Jena,Polk,Deonta
Polk,Rasheed,Woodward,Tehya,Polk,Bill
Polk,Emmalee,Woodward,Jena,Polk,Deonta
Polk,Braydon,Woodward,Tehya,Polk,Bill
Polk,Nicolle,Woodward,Jena,Polk,Deonta
Polk,Reece,Woodward,Tehya,Polk,Bill
Polk,Gabrielle,Woodward,Jena,Polk,Deonta
Polk,Triston,Woodward,Alexandra,Polk,Jeremey
Polk,Diane,Woodward,Jena,Polk,Deonta
Polk,Terry,Woodward,Alexandra,Polk,Jeremey
Polk,Demi,Woodward,Jena,Polk,Deonta
Polk,Jordin,Woodward,Alexandra,Polk,Jeremey
Polk,Tamara,Woodward,Jena,Polk,Deonta
Polk,Darien,Woodward,Alexandra,Polk,Jeremey
Polk,Gladys,Woodward,Tehya,Polk,Bill
Polk,Talon,Woodward,Alexandra,Polk,Jeremey
Polk,Zahra,Woodward,Tehya,Polk,Bill
Polk,Houston,Woodward,Sharon,Polk,Bradlee
Polk,Quinn,Woodward,Alexandra,Polk,Jeremey
Polk,Trace,Woodward,Sharon,Polk,Bradlee
Polk,Lesli,Woodward,Alexandra,Polk,Jeremey
Polk,Todd,Woodward,Sharon,Polk,Bradlee
Polk,Salena,Woodward,Sharon,Polk,Bradlee
Polk,Andy,Woodward,Carrie,Polk,Quinton
Polk,Drew,Woodward,Sharon,Polk,Bradlee
Polk,Abdul,Woodward,Carrie,Polk,Quinton
Polk,Noel,Woodward,Sharon,Polk,Bradlee
Polk,Devyn,Woodward,Carrie,Polk,Quinton
Polk,Tessa,Woodward,Sharon,Polk,Bradlee
Bloomfield,Coleman,Stafford,Ciarra,Bloomfield,Ismael
Polk,Katherine,Woodward,Sharon,Polk,Bradlee
Bloomfield,Mario,Stafford,Ciarra,Bloomfield,Ismael
Polk,Hadley,Woodward,Sharon,Polk,Bradlee
Bloomfield,Juancarlos,Stafford,Delanie,Bloomfield,Adonis
Polk,Katarina,Woodward,Sharon,Polk,Bradlee
Bloomfield,Bruce,Stafford,Delanie,Bloomfield,Adonis
Polk,Anika,Woodward,Sharon,Polk,Bradlee
Bloomfield,Javion,Stafford,Delanie,Bloomfield,Adonis
Polk,Banesa,Woodward,Sharon,Polk,Bradlee
Bloomfield,Connor,Stafford,Delanie,Bloomfield,Adonis
Polk,Elisa,Woodward,Carrie,Polk,Quinton
Bloomfield,Thaddeus,Stafford,Delanie,Bloomfield,Adonis
Polk,Joan,Woodward,Carrie,Polk,Quinton
Bloomfield,Jaquan,Stafford,Haleigh,Bloomfield,Shmuel
Polk,Julissa,Woodward,Carrie,Polk,Quinton
Bloomfield,Mickey,Stafford,Haleigh,Bloomfield,Shmuel
Polk,Jasmin,Woodward,Carrie,Polk,Quinton
Bloomfield,Dana,Stafford,Haleigh,Bloomfield,Shmuel
Polk,Valeria,Woodward,Carrie,Polk,Quinton
Bloomfield,Jakob,Stafford,Haleigh,Bloomfield,Shmuel
Polk,Summer,Woodward,Carrie,Polk,Quinton
Bloomfield,Francisco,Stafford,Haleigh,Bloomfield,Shmuel
Polk,Maeghan,Woodward,Carrie,Polk,Quinton
Bloomfield,Luis,Stafford,Haleigh,Bloomfield,Shmuel
Polk,Tayler,Woodward,Carrie,Polk,Quinton
Bloomfield,Richard,Stafford,Haleigh,Bloomfield,Shmuel
Polk,Shayna,Woodward,Carrie,Polk,Quinton
Bloomfield,Benjamen,Stafford,Haleigh,Bloomfield,Shmuel
Polk,Nicole,Woodward,Carrie,Polk,Quinton
Bloomfield,Wyatt,Stafford,Haleigh,Bloomfield,Shmuel
Polk,Kassidy,Bloomfield,Domonique,Polk,Dakotah
Bloomfield,Deleon,Stafford,Teresa,Bloomfield,Chris
Polk,Bridgette,Bloomfield,Domonique,Polk,Dakotah
Bloomfield,Samson,Hoffman,Cecelia,Bloomfield,Valentine
Polk,Sydney,Bloomfield,Domonique,Polk,Dakotah
Bloomfield,Elias,Hoffman,Cecelia,Bloomfield,Valentine
Bloomfield,Ashly,Stafford,Ciarra,Bloomfield,Ismael
Bloomfield,Marquise,Hoffman,Ayla,Bloomfield,Kamau
Bloomfield,Cody,Stafford,Delanie,Bloomfield,Adonis
Bloomfield,Jajuan,Hoffman,Ayla,Bloomfield,Kamau
Bloomfield,Kaylah,Stafford,Delanie,Bloomfield,Adonis
Stafford,Conrad,Bloomfield,Ashanti,Stafford,Daequan
Bloomfield,Fatima,Stafford,Delanie,Bloomfield,Adonis
Stafford,Dallin,Bloomfield,Ashanti,Stafford,Daequan
Bloomfield,Rosa,Stafford,Delanie,Bloomfield,Adonis
Stafford,Richie,Bloomfield,Ashanti,Stafford,Daequan
Bloomfield,Lindsay,Stafford,Delanie,Bloomfield,Adonis
Stafford,Nigel,Bloomfield,Ashanti,Stafford,Daequan
Bloomfield,Teagan,Stafford,Haleigh,Bloomfield,Shmuel
Stafford,Marcos,Bloomfield,Ashanti,Stafford,Daequan
Bloomfield,Shiane,Stafford,Haleigh,Bloomfield,Shmuel
Stafford,Bailey,Bloomfield,Ashanti,Stafford,Daequan
Bloomfield,Frances,Stafford,Haleigh,Bloomfield,Shmuel
Stafford,Desmond,Bloomfield,Dylan,Stafford,Oliver
Bloomfield,Michel,Stafford,Haleigh,Bloomfield,Shmuel
Stafford,Sterling,Bloomfield,Dylan,Stafford,Oliver
Bloomfield,Savanah,Stafford,Haleigh,Bloomfield,Shmuel
Stafford,Tylor,Bloomfield,Karley,Stafford,Micheal
Bloomfield,Cailin,Stafford,Haleigh,Bloomfield,Shmuel
Stafford,Moshe,Bloomfield,Karley,Stafford,Micheal
Bloomfield,Serenity,Stafford,Haleigh,Bloomfield,Shmuel
Stafford,Tate,Bloomfield,Karley,Stafford,Micheal
Bloomfield,Emily,Stafford,Haleigh,Bloomfield,Shmuel
Stafford,Dana,Bloomfield,Karley,Stafford,Micheal
Bloomfield,Kitana,Stafford,Haleigh,Bloomfield,Shmuel
Stafford,Reynaldo,Bloomfield,Karley,Stafford,Micheal
Bloomfield,Stella,Stafford,Teresa,Bloomfield,Chris
Stafford,Cullen,Bloomfield,Karley,Stafford,Micheal
Bloomfield,Kristian,Stafford,Teresa,Bloomfield,Chris
Stafford,Brennon,Bloomfield,Shae,Stafford,Raymond
Bloomfield,Anthony,Hoffman,Cecelia,Bloomfield,Valentine
Stafford,Roland,Bloomfield,Shae,Stafford,Raymond
Bloomfield,Francis,Hoffman,Cecelia,Bloomfield,Valentine
Stafford,Wilfredo,Bloomfield,Shae,Stafford,Raymond
Bloomfield,Allana,Hoffman,Cecelia,Bloomfield,Valentine
Stafford,Brad,Bloomfield,Shae,Stafford,Raymond
Bloomfield,Shelbi,Hoffman,Jensen,Bloomfield,Felix
Stafford,Beau,Bloomfield,Shae,Stafford,Raymond
Bloomfield,Colleen,Hoffman,Jensen,Bloomfield,Felix
Stafford,Javon,Bloomfield,Shae,Stafford,Raymond
Bloomfield,Gina,Hoffman,Jensen,Bloomfield,Felix
Stafford,Erich,Bloomfield,Shae,Stafford,Raymond
Bloomfield,Chrystal,Hoffman,Jensen,Bloomfield,Felix
Stafford,Andrew,Bloomfield,Shae,Stafford,Raymond
Bloomfield,Lizbeth,Hoffman,Jensen,Bloomfield,Felix
Stafford,Osvaldo,Bloomfield,Shae,Stafford,Raymond
Bloomfield,Kaleigh,Hoffman,Ayla,Bloomfield,Kamau
Hoffman,Devontae,Bloomfield,Itati,Hoffman,Enrique
Bloomfield,Trisha,Hoffman,Ayla,Bloomfield,Kamau
Hoffman,Lionel,Bloomfield,Itati,Hoffman,Enrique
Bloomfield,Rebeca,Hoffman,Ayla,Bloomfield,Kamau
Hoffman,Antavius,Bloomfield,Itati,Hoffman,Enrique
Bloomfield,Eleni,Hoffman,Ayla,Bloomfield,Kamau
Hoffman,Tyson,Bloomfield,Itati,Hoffman,Enrique
Bloomfield,Christa,Hoffman,Ayla,Bloomfield,Kamau
Hoffman,Hassan,Bloomfield,Itati,Hoffman,Enrique
Stafford,Rachel,Bloomfield,Ashanti,Stafford,Daequan
Hoffman,Grant,Bloomfield,Itati,Hoffman,Enrique
Stafford,Juliet,Bloomfield,Ashanti,Stafford,Daequan
Hoffman,Romello,Godwin,Aubrie,Hoffman,Rhett
Stafford,Lauren,Bloomfield,Ashanti,Stafford,Daequan
Hoffman,Gene,Godwin,Aubrie,Hoffman,Rhett
Stafford,Luz,Bloomfield,Ashanti,Stafford,Daequan
Hoffman,Hashim,Godwin,Aubrie,Hoffman,Rhett
Stafford,Micayla,Bloomfield,Ashanti,Stafford,Daequan
Hoffman,Randy,Godwin,Aubrie,Hoffman,Rhett
Stafford,Passion,Bloomfield,Dylan,Stafford,Oliver
Hoffman,Davis,Godwin,Aubrie,Hoffman,Rhett
Stafford,Megan,Bloomfield,Dylan,Stafford,Oliver
Hoffman,Keifer,Godwin,Aubrie,Hoffman,Rhett
Stafford,Elissa,Bloomfield,Dylan,Stafford,Oliver
Hoffman,Bryce,Godwin,Aubrie,Hoffman,Rhett
Stafford,Nicolette,Bloomfield,Dylan,Stafford,Oliver
Hoffman,Alfred,Godwin,Aubrie,Hoffman,Rhett
Stafford,Josey,Bloomfield,Karley,Stafford,Micheal
Hoffman,Mickey,Godwin,Aubrie,Hoffman,Rhett
Stafford,Denise,Bloomfield,Karley,Stafford,Micheal
Hoffman,Aiden,Godwin,Meaghan,Hoffman,Arturo
Stafford,Jade,Bloomfield,Karley,Stafford,Micheal
Hoffman,Daron,Godwin,Meaghan,Hoffman,Arturo
Stafford,Corina,Bloomfield,Karley,Stafford,Micheal
Hoffman,Jairo,Godwin,Meaghan,Hoffman,Arturo
Stafford,Suleyma,Bloomfield,Karley,Stafford,Micheal
Hoffman,Silas,Godwin,Meaghan,Hoffman,Arturo
Stafford,Loni,Bloomfield,Karley,Stafford,Micheal
Hoffman,Daniel,Godwin,Meaghan,Hoffman,Arturo
Stafford,Abbigail,Bloomfield,Karley,Stafford,Micheal
Hoffman,Errol,Godwin,Meaghan,Hoffman,Arturo
Stafford,Nora,Bloomfield,Karley,Stafford,Micheal
Hoffman,Yovani,Godwin,Meaghan,Hoffman,Arturo
Stafford,Kendall,Bloomfield,Karley,Stafford,Micheal
Hoffman,Olivier,Godwin,Meaghan,Hoffman,Arturo
Stafford,Khaila,Bloomfield,Karley,Stafford,Micheal
Hoffman,Clinton,Godwin,Meaghan,Hoffman,Arturo
Stafford,Marli,Bloomfield,Karley,Stafford,Micheal
Hoffman,Drew,Godwin,Meaghan,Hoffman,Arturo
Stafford,Joanna,Bloomfield,Karley,Stafford,Micheal
Hoffman,Torey,Godwin,Meaghan,Hoffman,Arturo
Stafford,Marie,Bloomfield,Karley,Stafford,Micheal
Hoffman,Hayes,Godwin,Meaghan,Hoffman,Arturo
Stafford,Leigh,Bloomfield,Shae,Stafford,Raymond
Hoffman,Alec,Godwin,Meaghan,Hoffman,Arturo
Stafford,Darcy,Bloomfield,Shae,Stafford,Raymond
Hoffman,Gregory,Godwin,Fabiola,Hoffman,Derek
Stafford,Joi,Bloomfield,Shae,Stafford,Raymond
Hoffman,Roman,Godwin,Fabiola,Hoffman,Derek
Hoffman,Marli,Bloomfield,Itati,Hoffman,Enrique
Hoffman,Cesar,Godwin,Fabiola,Hoffman,Derek
Hoffman,Bridgette,Bloomfield,Itati,Hoffman,Enrique
Hoffman,Rakeem,Godwin,Fabiola,Hoffman,Derek
Hoffman,Mindi,Bloomfield,Itati,Hoffman,Enrique
Hoffman,Tracy,Godwin,Fabiola,Hoffman,Derek
Hoffman,Tori,Godwin,Aubrie,Hoffman,Rhett
Hoffman,Tobias,Godwin,Fabiola,Hoffman,Derek
Hoffman,Emilie,Godwin,Aubrie,Hoffman,Rhett
Hoffman,Martin,Godwin,Fabiola,Hoffman,Derek
Hoffman,Taelor,Godwin,Aubrie,Hoffman,Rhett
Hoffman,Gary,Godwin,Fabiola,Hoffman,Derek
Hoffman,Maryann,Godwin,Aubrie,Hoffman,Rhett
Hoffman,Wilson,Godwin,Fabiola,Hoffman,Derek
Hoffman,Simone,Godwin,Aubrie,Hoffman,Rhett
Hoffman,Deshaun,Godwin,Kellie,Hoffman,Justyn
Hoffman,Colby,Godwin,Aubrie,Hoffman,Rhett
Hoffman,Dontae,Godwin,Kellie,Hoffman,Justyn
Hoffman,Janay,Godwin,Aubrie,Hoffman,Rhett
Hoffman,Mark,Godwin,Kellie,Hoffman,Justyn
Hoffman,Camila,Godwin,Aubrie,Hoffman,Rhett
Hoffman,Deondre,Godwin,Kellie,Hoffman,Justyn
Hoffman,Madeleine,Godwin,Aubrie,Hoffman,Rhett
Hoffman,Quinton,Godwin,Kellie,Hoffman,Justyn
Hoffman,Danae,Godwin,Meaghan,Hoffman,Arturo
Hoffman,Parker,Godwin,Kellie,Hoffman,Justyn
Hoffman,Jayda,Godwin,Meaghan,Hoffman,Arturo
Godwin,Brice,Hoffman,Kitana,Godwin,Douglas
Hoffman,Leanna,Godwin,Meaghan,Hoffman,Arturo
Godwin,Jamal,Hoffman,Kitana,Godwin,Douglas
Hoffman,Ariana,Godwin,Meaghan,Hoffman,Arturo
Godwin,Albert,Hoffman,Kitana,Godwin,Douglas
Hoffman,Carlie,Godwin,Meaghan,Hoffman,Arturo
Godwin,Sahil,Hoffman,Kitana,Godwin,Douglas
Hoffman,Tonya,Godwin,Meaghan,Hoffman,Arturo
Godwin,Perry,Hoffman,Kitana,Godwin,Douglas
Hoffman,Liza,Godwin,Meaghan,Hoffman,Arturo
Godwin,Treshaun,Hoffman,Kitana,Godwin,Douglas
Hoffman,Brecken,Godwin,Fabiola,Hoffman,Derek
Godwin,Mark,Hoffman,Kitana,Godwin,Douglas
Hoffman,Tierney,Godwin,Fabiola,Hoffman,Derek
Godwin,Ishmael,Hoffman,Kitana,Godwin,Douglas
Hoffman,Priscilla,Godwin,Fabiola,Hoffman,Derek
Godwin,Greyson,Hoffman,Kitana,Godwin,Douglas
Hoffman,Lynette,Godwin,Fabiola,Hoffman,Derek
Godwin,Kevon,Hoffman,Kitana,Godwin,Douglas
Hoffman,Sapphire,Godwin,Fabiola,Hoffman,Derek
Godwin,Rodney,Hoffman,Kitana,Godwin,Douglas
Hoffman,Irma,Godwin,Fabiola,Hoffman,Derek
Godwin,Rasheed,Thorne,Blake,Godwin,Steve
Hoffman,Mattie,Godwin,Kellie,Hoffman,Justyn
Godwin,Brady,Thorne,Blake,Godwin,Steve
Hoffman,Dena,Godwin,Kellie,Hoffman,Justyn
Godwin,Dreshaun,Thorne,Blake,Godwin,Steve
Hoffman,Onesha,Godwin,Kellie,Hoffman,Justyn
Godwin,Ignacio,Thorne,Blake,Godwin,Steve
Hoffman,Isamar,Godwin,Kellie,Hoffman,Justyn
Godwin,Hudson,Rominger,Laken,Godwin,Donovan
Hoffman,Christine,Godwin,Kellie,Hoffman,Justyn
Godwin,Kurt,Rominger,Laken,Godwin,Donovan
Hoffman,Tiffany,Godwin,Kellie,Hoffman,Justyn
Godwin,Marielle,Rominger,Tasha,Godwin,Jarrod
Hoffman,Karen,Godwin,Kellie,Hoffman,Justyn
Godwin,Henry,Rominger,Tasha,Godwin,Jarrod
Hoffman,Bobbie,Godwin,Kellie,Hoffman,Justyn
Godwin,Tysheem,Rominger,Tasha,Godwin,Jarrod
Hoffman,Anna,Godwin,Katerina,Hoffman,Reynaldo
Godwin,Erik,Rominger,Tasha,Godwin,Jarrod
Hoffman,Hadley,Godwin,Katerina,Hoffman,Reynaldo
Godwin,Clifford,Rominger,Tasha,Godwin,Jarrod
Hoffman,Ravin,Godwin,Katerina,Hoffman,Reynaldo
Godwin,Dion,Rominger,Tasha,Godwin,Jarrod
Hoffman,Corinne,Godwin,Katerina,Hoffman,Reynaldo
Godwin,Samual,Richards,Kealani,Godwin,Mario
Godwin,Nichelle,Hoffman,Kitana,Godwin,Douglas
Godwin,Misael,Richards,Kealani,Godwin,Mario
Godwin,Geneva,Hoffman,Kitana,Godwin,Douglas
Godwin,Talon,Richards,Kealani,Godwin,Mario
Godwin,Chana,Hoffman,Kitana,Godwin,Douglas
Godwin,David,Richards,Kamri,Godwin,Rashaun
Godwin,Karissa,Hoffman,Kitana,Godwin,Douglas
Godwin,Jeramie,Richards,Kamri,Godwin,Rashaun
Godwin,Isis,Thorne,Blake,Godwin,Steve
Godwin,Joey,Richards,Kamri,Godwin,Rashaun
Godwin,India,Thorne,Blake,Godwin,Steve
Godwin,Mckay,Richards,Yesenia,Godwin,William
Godwin,Maura,Thorne,Blake,Godwin,Steve
Godwin,Jermaine,Richards,Yesenia,Godwin,William
Godwin,Tierra,Thorne,Blake,Godwin,Steve
Godwin,Ryen,Richards,Yesenia,Godwin,William
Godwin,Shelley,Thorne,Blake,Godwin,Steve
Godwin,Jesse,Richards,Yesenia,Godwin,William
Godwin,Heavenly,Thorne,Blake,Godwin,Steve
Godwin,Issac,Richards,Yesenia,Godwin,William
Godwin,Celena,Rominger,Laken,Godwin,Donovan
Godwin,Alec,Richards,Yesenia,Godwin,William
Godwin,Vivian,Rominger,Laken,Godwin,Donovan
Godwin,Benny,Richards,Yesenia,Godwin,William
Godwin,Sarah,Rominger,Laken,Godwin,Donovan
Godwin,Cameron,Richards,Yesenia,Godwin,William
Godwin,Mari,Rominger,Tasha,Godwin,Jarrod
Godwin,Markus,Richards,Yesenia,Godwin,William
Godwin,Karley,Rominger,Tasha,Godwin,Jarrod
Godwin,Angelo,Richards,Sarahmarie,Godwin,Brandon
Godwin,Jillian,Rominger,Tasha,Godwin,Jarrod
Godwin,Jeffrey,Richards,Sarahmarie,Godwin,Brandon
Godwin,Kacie,Rominger,Tasha,Godwin,Jarrod
Godwin,Dane,Richards,Sarahmarie,Godwin,Brandon
Godwin,Marianna,Rominger,Tasha,Godwin,Jarrod
Godwin,Alfredo,Richards,Sarahmarie,Godwin,Brandon
Godwin,Maricela,Rominger,Tasha,Godwin,Jarrod
Godwin,Neal,Richards,Sarahmarie,Godwin,Brandon
Godwin,Antoinette,Rominger,Tasha,Godwin,Jarrod
Godwin,Sebastien,Richards,Sarahmarie,Godwin,Brandon
Godwin,Lizette,Rominger,Tasha,Godwin,Jarrod
Godwin,Ian,Richards,Sarahmarie,Godwin,Brandon
Godwin,Mindy,Rominger,Tasha,Godwin,Jarrod
Godwin,Joseph,Richards,Sarahmarie,Godwin,Brandon
Godwin,Devyn,Rominger,Tasha,Godwin,Jarrod
Godwin,Hayden,Richards,Sarahmarie,Godwin,Brandon
Godwin,Synthia,Richards,Kealani,Godwin,Mario
Godwin,Cedric,Richards,Baily,Godwin,Emanuel
Godwin,Susan,Richards,Kealani,Godwin,Mario
Godwin,Sterling,Richards,Baily,Godwin,Emanuel
Godwin,Raegan,Richards,Kealani,Godwin,Mario
Godwin,Byron,Richards,Baily,Godwin,Emanuel
Godwin,Coral,Richards,Kealani,Godwin,Mario
Godwin,Branden,Richards,Baily,Godwin,Emanuel
Godwin,Shuntara,Richards,Kealani,Godwin,Mario
Godwin,Jared,Richards,Baily,Godwin,Emanuel
Godwin,Rochelle,Richards,Kealani,Godwin,Mario
Thorne,Darius,Godwin,Katarina,Thorne,Bo
Godwin,Mckinzie,Richards,Kamri,Godwin,Rashaun
Thorne,Daryl,Godwin,Xochitl,Thorne,Dusty
Godwin,Tory,Richards,Kamri,Godwin,Rashaun
Thorne,Cody,Godwin,Xochitl,Thorne,Dusty
Godwin,Erika,Richards,Kamri,Godwin,Rashaun
Thorne,Desmond,Godwin,Xochitl,Thorne,Dusty
Godwin,Terri,Richards,Yesenia,Godwin,William
Thorne,Don,Godwin,Xochitl,Thorne,Dusty
Godwin,Desiree,Richards,Yesenia,Godwin,William
Thorne,Dandre,Godwin,Xochitl,Thorne,Dusty
Godwin,Zandria,Richards,Yesenia,Godwin,William
Thorne,Daequan,Godwin,Xochitl,Thorne,Dusty
Godwin,Kassidy,Richards,Yesenia,Godwin,William
Thorne,Melvin,Godwin,Jazmin,Thorne,Estevan
Godwin,Adrienne,Richards,Yesenia,Godwin,William
Thorne,Ricardo,Godwin,Jazmin,Thorne,Estevan
Godwin,Nichole,Richards,Yesenia,Godwin,William
Thorne,Grayson,Godwin,Yamilex,Thorne,Gabriel
Godwin,Bernadette,Richards,Sarahmarie,Godwin,Brandon
Thorne,Jaleel,Godwin,Yamilex,Thorne,Gabriel
Godwin,Khaliah,Richards,Sarahmarie,Godwin,Brandon
Thorne,Devontae,Godwin,Yamilex,Thorne,Gabriel
Godwin,Elaine,Richards,Sarahmarie,Godwin,Brandon
Thorne,Migel,Richards,Liza,Thorne,Dale
Godwin,Genevieve,Richards,Sarahmarie,Godwin,Brandon
Thorne,Cory,Richards,Liza,Thorne,Dale
Godwin,Marianne,Richards,Sarahmarie,Godwin,Brandon
Thorne,Maximillia,Richards,Liza,Thorne,Dale
Godwin,Elizabeth,Richards,Sarahmarie,Godwin,Brandon
Thorne,Eberardo,Richards,Liza,Thorne,Dale
Godwin,Valencia,Richards,Baily,Godwin,Emanuel
Thorne,Lionel,Richards,Liza,Thorne,Dale
Godwin,Aylssa,Richards,Baily,Godwin,Emanuel
Rominger,Salvador,Harding,Kate,Rominger,Sydney
Godwin,Malia,Richards,Baily,Godwin,Emanuel
Rominger,Joseph,Harding,Kate,Rominger,Sydney
Godwin,Johana,Richards,Baily,Godwin,Emanuel
Rominger,Alvaro,Harding,Kate,Rominger,Sydney
Godwin,Ebony,Richards,Baily,Godwin,Emanuel
Rominger,Jules,Harding,Kate,Rominger,Sydney
Godwin,Kristy,Richards,Baily,Godwin,Emanuel
Rominger,Harley,Harding,Kate,Rominger,Sydney
Thorne,Milena,Godwin,Katarina,Thorne,Bo
Rominger,Kamau,Harding,Kate,Rominger,Sydney
Thorne,Delanie,Godwin,Katarina,Thorne,Bo
Rominger,Roland,Harding,Michel,Rominger,Calib
Thorne,Gabriella,Godwin,Katarina,Thorne,Bo
Rominger,Jevon,Harding,Michel,Rominger,Calib
Thorne,Chana,Godwin,Xochitl,Thorne,Dusty
Rominger,Oscar,Harding,Michel,Rominger,Calib
Thorne,Crystal,Godwin,Xochitl,Thorne,Dusty
Richards,Dustin,Harding,Blair,Richards,Carson
Thorne,Carson,Godwin,Xochitl,Thorne,Dusty
Richards,Jacky,Harding,Blair,Richards,Carson
Thorne,Destiny,Godwin,Jazmin,Thorne,Estevan
Richards,Collin,Harding,Blair,Richards,Carson
Thorne,Annalie,Godwin,Yamilex,Thorne,Gabriel
Richards,Hashim,Harding,Blair,Richards,Carson
Thorne,Mariana,Godwin,Yamilex,Thorne,Gabriel
Richards,Conner,Harding,Estefania,Richards,Trenton
Thorne,Halie,Godwin,Yamilex,Thorne,Gabriel
Richards,Brad,Harding,Estefania,Richards,Trenton
Thorne,Kristine,Godwin,Yamilex,Thorne,Gabriel
Richards,Nicholaus,Harding,Estefania,Richards,Trenton
Thorne,Shae,Godwin,Yamilex,Thorne,Gabriel
Richards,Leo,Harding,Estefania,Richards,Trenton
Thorne,Sasha,Godwin,Yamilex,Thorne,Gabriel
Richards,Erik,Harding,Estefania,Richards,Trenton
Thorne,Diamond,Richards,Liza,Thorne,Dale
Richards,Jasper,Harding,Estefania,Richards,Trenton
Thorne,Madeleine,Richards,Liza,Thorne,Dale
Richards,Daquan,Harding,Estefania,Richards,Trenton
Thorne,Lexi,Richards,Liza,Thorne,Dale
Richards,Lukas,Harding,Estefania,Richards,Trenton
Thorne,Tiffanie,Richards,Liza,Thorne,Dale
Richards,Brendan,Harding,Estefania,Richards,Trenton
Thorne,Deisy,Richards,Liza,Thorne,Dale
Richards,Raheem,Harding,Estefania,Richards,Trenton
Thorne,Baylee,Richards,Liza,Thorne,Dale
Richards,Chadwick,Harding,Estefania,Richards,Trenton
Thorne,Stephanie,Richards,Liza,Thorne,Dale
Richards,Menachem,Harding,Estefania,Richards,Trenton
Thorne,Adrian,Richards,Liza,Thorne,Dale
Richards,Dashane,Harding,Estefania,Richards,Trenton
Thorne,Beverly,Richards,Liza,Thorne,Dale
Richards,Victor,Harding,Britni,Richards,Sam
Thorne,Barbara,Richards,Liza,Thorne,Dale
Richards,Kerry,Harding,Britni,Richards,Sam
Thorne,Chantel,Richards,Liza,Thorne,Dale
Richards,Garret,Harding,Britni,Richards,Sam
Thorne,Macey,Richards,Liza,Thorne,Dale
Richards,Byron,Harding,Britni,Richards,Sam
Rominger,Casey,Harding,Kate,Rominger,Sydney
Richards,Bernardo,Harding,Britni,Richards,Sam
Rominger,Yajaira,Harding,Kate,Rominger,Sydney
Richards,Ernest,Harding,Britni,Richards,Sam
Richards,Joi,Harding,Blair,Richards,Carson
Richards,Dakota,Harding,Britni,Richards,Sam
Richards,Maryanne,Harding,Blair,Richards,Carson
Richards,Demonte,Harding,Britni,Richards,Sam
Richards,Willow,Harding,Blair,Richards,Carson
Richards,Rand,Harding,Alissa,Richards,Wilmer
Richards,Chloe,Harding,Blair,Richards,Carson
Richards,Simon,Harding,Alissa,Richards,Wilmer
Richards,Jesica,Harding,Blair,Richards,Carson
Richards,Jessee,Harding,Alissa,Richards,Wilmer
Richards,Breanne,Harding,Blair,Richards,Carson
Richards,Riley,Harding,Alissa,Richards,Wilmer
Richards,Liliana,Harding,Blair,Richards,Carson
Richards,Alonzo,Harding,Alissa,Richards,Wilmer
Richards,Jabria,Harding,Blair,Richards,Carson
Richards,River,Harding,Alissa,Richards,Wilmer
Richards,Georgina,Harding,Estefania,Richards,Trenton
Richards,Kayle,Harding,Jamiya,Richards,Hunter
Richards,Alejandra,Harding,Estefania,Richards,Trenton
Harding,Omar,Borman,Miranda,Harding,Agustin
Richards,Vianey,Harding,Estefania,Richards,Trenton
Harding,Jacori,Borman,Miranda,Harding,Agustin
Richards,Alayna,Harding,Estefania,Richards,Trenton
Harding,Tony,Borman,Miranda,Harding,Agustin
Richards,Ella,Harding,Estefania,Richards,Trenton
Harding,Dandre,Borman,Miranda,Harding,Agustin
Richards,Dulce,Harding,Estefania,Richards,Trenton
Harding,Lee,Borman,Miranda,Harding,Agustin
Richards,Carol,Harding,Estefania,Richards,Trenton
Harding,Harold,Borman,Miranda,Harding,Agustin
Richards,Kaira,Harding,Britni,Richards,Sam
Harding,Quinn,Borman,Miranda,Harding,Agustin
Richards,Mackenzie,Harding,Britni,Richards,Sam
Harding,Jeramie,Borman,Deanna,Harding,Zachariah
Richards,Nathaly,Harding,Britni,Richards,Sam
Harding,Alonzo,Borman,Britney,Harding,Jordon
Richards,Dorian,Harding,Britni,Richards,Sam
Harding,Bill,Borman,Britney,Harding,Jordon
Richards,Melanie,Harding,Alissa,Richards,Wilmer
Harding,Jon,Borman,Britney,Harding,Jordon
Richards,Chynna,Harding,Alissa,Richards,Wilmer
Harding,Keaton,Borman,Britney,Harding,Jordon
Richards,Suzette,Harding,Alissa,Richards,Wilmer
Harding,Wayne,Borman,Britney,Harding,Jordon
Richards,Lara,Harding,Alissa,Richards,Wilmer
Harding,Willie,Borman,Britney,Harding,Jordon
Richards,Kacey,Harding,Alissa,Richards,Wilmer
Harding,Roy,Wilson,Grecia,Harding,Garrison
Richards,Ashly,Harding,Alissa,Richards,Wilmer
Harding,Raekwon,Wilson,Grecia,Harding,Garrison
Richards,Kelley,Harding,Alissa,Richards,Wilmer
Harding,Reese,Wilson,Grecia,Harding,Garrison
Richards,Drew,Harding,Alissa,Richards,Wilmer
Harding,Moses,Wilson,Annemarie,Harding,Frederic
Richards,Alycia,Harding,Jamiya,Richards,Hunter
Harding,Brody,Wilson,Annemarie,Harding,Frederic
Richards,Viviana,Harding,Jamiya,Richards,Hunter
Harding,Kody,Wilson,Annemarie,Harding,Frederic
Harding,Renee,Borman,Miranda,Harding,Agustin
Harding,Noe,Wilson,Annemarie,Harding,Frederic
Harding,Nichelle,Borman,Miranda,Harding,Agustin
Harding,Chandler,Wilson,Annemarie,Harding,Frederic
Harding,Breonna,Borman,Miranda,Harding,Agustin
Harding,Brenden,Wilson,Jaden,Harding,Troy
Harding,Liliana,Borman,Miranda,Harding,Agustin
Harding,Zackary,Wilson,Jaden,Harding,Troy
Harding,Natalie,Borman,Miranda,Harding,Agustin
Harding,Myles,Wilson,Jaden,Harding,Troy
Harding,Chelsie,Borman,Miranda,Harding,Agustin
Harding,Conrad,Wilson,Jaden,Harding,Troy
Harding,Jane,Borman,Miranda,Harding,Agustin
Harding,Keifer,Wilson,Jaden,Harding,Troy
Harding,Sonya,Borman,Miranda,Harding,Agustin
Harding,Neftaly,Wilson,Jaden,Harding,Troy
Harding,Alice,Borman,Miranda,Harding,Agustin
Harding,Jabari,Wilson,Caylin,Harding,Zane
Harding,Marion,Borman,Deanna,Harding,Zachariah
Harding,Arnold,Wilson,Caylin,Harding,Zane
Harding,Bailee,Borman,Deanna,Harding,Zachariah
Harding,Maximillia,Wilson,Caylin,Harding,Zane
Harding,Clarissa,Borman,Deanna,Harding,Zachariah
Harding,Isaiah,Wilson,Caylin,Harding,Zane
Harding,Yazmin,Borman,Deanna,Harding,Zachariah
Harding,Victor,Wilson,Caylin,Harding,Zane
Harding,Cortney,Borman,Britney,Harding,Jordon
Harding,Wilmer,Wilson,Caylin,Harding,Zane
Harding,Amanda,Borman,Britney,Harding,Jordon
Harding,Titus,Wilson,Caylin,Harding,Zane
Harding,Jayla,Borman,Britney,Harding,Jordon
Harding,Heriberto,Wilson,Caylin,Harding,Zane
Harding,Silvia,Borman,Britney,Harding,Jordon
Harding,Harrison,Wilson,Caylin,Harding,Zane
Harding,Harlie,Borman,Britney,Harding,Jordon
Harding,Junior,Wilson,Caylin,Harding,Zane
Harding,Emily,Borman,Britney,Harding,Jordon
Harding,Roberto,Wilson,Caylin,Harding,Zane
Harding,Halie,Wilson,Grecia,Harding,Garrison
Harding,Yair,Wilson,Caylin,Harding,Zane
Harding,Alaina,Wilson,Grecia,Harding,Garrison
Harding,Layne,Wilson,Caylin,Harding,Zane
Harding,Camisha,Wilson,Grecia,Harding,Garrison
Harding,Jaron,Wilson,Caylin,Harding,Zane
Harding,Audrey,Wilson,Grecia,Harding,Garrison
Harding,Devonte,Wilson,Caylin,Harding,Zane
Harding,Kaleigh,Wilson,Grecia,Harding,Garrison
Harding,Grayson,Wilson,Caylin,Harding,Zane
Harding,Karla,Wilson,Grecia,Harding,Garrison
Harding,Hugo,Wilson,Cambria,Harding,Habram
Harding,Keira,Wilson,Annemarie,Harding,Frederic
Harding,Deonte,Wilson,Cambria,Harding,Habram
Harding,Sade,Wilson,Annemarie,Harding,Frederic
