Thagard,Damien,Reilly,Kenyatta,Thagard,Cecil
Gregory,Anjelica,See,Marelyn,Gregory,Jayden
Anderson,Darien,Melroy,Nichole,Anderson,Melvin
Blaha,Bertha,Bowersox,Marina,Blaha,Shan
Lockhart,Franklin,Pogue,Emilia,Lockhart,Edgar
Creamer,Rocio,Springer,Lauren,Creamer,Rogelio
Cunningham,Alberto,Curbeam,Chardonnay,Cunningham,Francesco
White,Brigitte,Melroy,Katharine,White,Alvin
Lu,Javon,Tanner,Athena,Lu,Jaylin
Coolidge,Ashanti,Sega,Karla,Coolidge,Oneil
Grant,Noe,Greene,Diana,Grant,Jalen
Weber,Daesha,See,Hunter,Weber,Raul
Walker,Adonis,Polk,Anita,Walker,Jajuan
McNair,Mackenzie,Wetherbee,Carley,McNair,Kendall
Seddon,Louis,Harbaugh,Cristina,Seddon,Ian
O'Leary,Jeanette,Lopez,Shannon,O'Leary,Saxon
Freeman,Antavius,Hilmers,Bryana,Freeman,Levi
Horowitz,Tiara,Bridges,Krista,Horowitz,Romeo
Cutter,Scott,Glenn,Amy,Cutter,Luis
Jernigan,Jania,Jernigan,Ann,Jernigan,John
McDivitt,Campbell,Carter,Susana,McDivitt,Brannon
Ford,Raquel,Reilly,Sarina,Ford,Gunner
Ivins,Efrain,Young,Tamara,Ivins,Willie
Jones,Jodie,Worden,Drew,Jones,Roger
White,Alexis,Coats,Kelsie,White,Mckay
Hudson,Aylssa,Harbaugh,Annette,Hudson,Alek
Linenger,Slaten,Sturckow,Tyeisha,Linenger,Cedric
Thagard,Lillie,Gregory,Anjelica,Thagard,Damien
Lu,Efren,Hudson,Linnea,Lu,Orlando
Thagard,Margaret,Gregory,Anjelica,Thagard,Damien
Runco,Truman,Melnick,Doris,Runco,Peyton
Thagard,Giovanna,Gregory,Anjelica,Thagard,Damien
Stafford,Tanner,Cabana,Tracy,Stafford,Riley
Thagard,Mari,Gregory,Anjelica,Thagard,Damien
Thagard,Anfernee,Gregory,Anjelica,Thagard,Damien
Thagard,India,Gregory,Anjelica,Thagard,Damien
Thagard,Joseph,Gregory,Anjelica,Thagard,Damien
Thagard,Jennifer,Gregory,Anjelica,Thagard,Damien
Anderson,Edgardo,Blaha,Bertha,Anderson,Darien
Thagard,Chantal,Gregory,Anjelica,Thagard,Damien
Anderson,Terrance,Blaha,Bertha,Anderson,Darien
Thagard,Caitriona,Gregory,Anjelica,Thagard,Damien
Anderson,Dimitri,Blaha,Bertha,Anderson,Darien
Thagard,Makenzi,Gregory,Anjelica,Thagard,Damien
Lockhart,Ben,Creamer,Rocio,Lockhart,Franklin
Anderson,Marianne,Blaha,Bertha,Anderson,Darien
Lockhart,Efren,Creamer,Rocio,Lockhart,Franklin
Anderson,Jasmine,Blaha,Bertha,Anderson,Darien
Cunningham,Bryson,White,Brigitte,Cunningham,Alberto
Anderson,Jessa,Blaha,Bertha,Anderson,Darien
Cunningham,Deleon,White,Brigitte,Cunningham,Alberto
Anderson,Holly,Blaha,Bertha,Anderson,Darien
Cunningham,Gunner,White,Brigitte,Cunningham,Alberto
Lockhart,Kenia,Creamer,Rocio,Lockhart,Franklin
Lu,Brock,Coolidge,Ashanti,Lu,Javon
Lockhart,Divya,Creamer,Rocio,Lockhart,Franklin
Lu,Bradley,Coolidge,Ashanti,Lu,Javon
Cunningham,Kenia,White,Brigitte,Cunningham,Alberto
Lu,Ashton,Coolidge,Ashanti,Lu,Javon
Cunningham,Esperanza,White,Brigitte,Cunningham,Alberto
Lu,Antoine,Coolidge,Ashanti,Lu,Javon
Cunningham,Moriah,White,Brigitte,Cunningham,Alberto
Lu,Diamond,Coolidge,Ashanti,Lu,Javon
Cunningham,Elana,White,Brigitte,Cunningham,Alberto
Lu,Khalid,Coolidge,Ashanti,Lu,Javon
Cunningham,Holland,White,Brigitte,Cunningham,Alberto
Lu,Weston,Coolidge,Ashanti,Lu,Javon
Lu,Cassie,Coolidge,Ashanti,Lu,Javon
Lu,Johnathen,Coolidge,Ashanti,Lu,Javon
Lu,Halee,Coolidge,Ashanti,Lu,Javon
Lu,Spenser,Coolidge,Ashanti,Lu,Javon
Lu,Chase,Coolidge,Ashanti,Lu,Javon
Grant,Justice,Weber,Daesha,Grant,Noe
Lu,Jocelyn,Coolidge,Ashanti,Lu,Javon
Grant,Tallon,Weber,Daesha,Grant,Noe
Lu,Jillian,Coolidge,Ashanti,Lu,Javon
Grant,Osvaldo,Weber,Daesha,Grant,Noe
Lu,Nallely,Coolidge,Ashanti,Lu,Javon
Walker,Andrew,McNair,Mackenzie,Walker,Adonis
Lu,Zoi,Coolidge,Ashanti,Lu,Javon
Seddon,Ronny,O'Leary,Jeanette,Seddon,Louis
Lu,Kristina,Coolidge,Ashanti,Lu,Javon
Seddon,Devontae,O'Leary,Jeanette,Seddon,Louis
Lu,Nikki,Coolidge,Ashanti,Lu,Javon
Seddon,Callum,O'Leary,Jeanette,Seddon,Louis
Grant,Callan,Weber,Daesha,Grant,Noe
Seddon,Spenser,O'Leary,Jeanette,Seddon,Louis
Grant,Janesha,Weber,Daesha,Grant,Noe
Freeman,Cristian,Horowitz,Tiara,Freeman,Antavius
Grant,Larissa,Weber,Daesha,Grant,Noe
Freeman,Jerome,Horowitz,Tiara,Freeman,Antavius
Grant,Kitana,Weber,Daesha,Grant,Noe
Freeman,Mohammed,Horowitz,Tiara,Freeman,Antavius
Grant,Yajaira,Weber,Daesha,Grant,Noe
Cutter,Shayne,Jernigan,Jania,Cutter,Scott
Grant,Karley,Weber,Daesha,Grant,Noe
Cutter,Lawrence,Jernigan,Jania,Cutter,Scott
Grant,Iris,Weber,Daesha,Grant,Noe
Cutter,Dale,Jernigan,Jania,Cutter,Scott
Walker,Macie,McNair,Mackenzie,Walker,Adonis
Cutter,Damien,Jernigan,Jania,Cutter,Scott
Walker,Shane,McNair,Mackenzie,Walker,Adonis
Cutter,Alonzo,Jernigan,Jania,Cutter,Scott
Walker,Debra,McNair,Mackenzie,Walker,Adonis
Ivins,Devon,Jones,Jodie,Ivins,Efrain
Walker,Becca,McNair,Mackenzie,Walker,Adonis
Ivins,Joe,Jones,Jodie,Ivins,Efrain
Walker,Saige,McNair,Mackenzie,Walker,Adonis
Ivins,Issac,Jones,Jodie,Ivins,Efrain
Seddon,Clare,O'Leary,Jeanette,Seddon,Louis
Ivins,Christen,Jones,Jodie,Ivins,Efrain
Seddon,Janna,O'Leary,Jeanette,Seddon,Louis
Ivins,Quintin,Jones,Jodie,Ivins,Efrain
Seddon,Bobbie,O'Leary,Jeanette,Seddon,Louis
Ivins,Jairo,Jones,Jodie,Ivins,Efrain
Freeman,Natasha,Horowitz,Tiara,Freeman,Antavius
Ivins,Josie,Jones,Jodie,Ivins,Efrain
Freeman,Yvonne,Horowitz,Tiara,Freeman,Antavius
Ivins,Maximillia,Jones,Jodie,Ivins,Efrain
Freeman,Evelin,Horowitz,Tiara,Freeman,Antavius
Ivins,Malcolm,Jones,Jodie,Ivins,Efrain
Cutter,Cody,Jernigan,Jania,Cutter,Scott
Ivins,Felix,Jones,Jodie,Ivins,Efrain
Cutter,Leanna,Jernigan,Jania,Cutter,Scott
Ivins,Deion,Jones,Jodie,Ivins,Efrain
Cutter,Emilie,Jernigan,Jania,Cutter,Scott
White,Zachariah,Hudson,Aylssa,White,Alexis
Cutter,Chanel,Jernigan,Jania,Cutter,Scott
White,Theodore,Hudson,Aylssa,White,Alexis
Cutter,Shenelly,Jernigan,Jania,Cutter,Scott
White,Skylar,Hudson,Aylssa,White,Alexis
McDivitt,Malina,Ford,Raquel,McDivitt,Campbell
White,Keion,Hudson,Aylssa,White,Alexis
McDivitt,Josey,Ford,Raquel,McDivitt,Campbell
White,Aiden,Hudson,Aylssa,White,Alexis
McDivitt,Karissa,Ford,Raquel,McDivitt,Campbell
Linenger,Jordin,Thagard,Lillie,Linenger,Slaten
McDivitt,Kaylah,Ford,Raquel,McDivitt,Campbell
Linenger,Darrion,Thagard,Lillie,Linenger,Slaten
McDivitt,Alexa,Ford,Raquel,McDivitt,Campbell
Linenger,Marcello,Thagard,Lillie,Linenger,Slaten
Ivins,Luz,Jones,Jodie,Ivins,Efrain
Linenger,Darryl,Thagard,Lillie,Linenger,Slaten
Ivins,Fabiola,Jones,Jodie,Ivins,Efrain
Linenger,Kai,Thagard,Lillie,Linenger,Slaten
Ivins,Yazmin,Jones,Jodie,Ivins,Efrain
Lu,Ravon,Thagard,Margaret,Lu,Efren
Ivins,Bayleigh,Jones,Jodie,Ivins,Efrain
Lu,Alan,Thagard,Margaret,Lu,Efren
Ivins,Karlee,Jones,Jodie,Ivins,Efrain
Lu,Wilfredo,Thagard,Margaret,Lu,Efren
Ivins,Kaydee,Jones,Jodie,Ivins,Efrain
Lu,Jakob,Thagard,Margaret,Lu,Efren
Ivins,Kandice,Jones,Jodie,Ivins,Efrain
Lu,Oneil,Thagard,Margaret,Lu,Efren
White,Maribel,Hudson,Aylssa,White,Alexis
Lu,Demarcus,Thagard,Margaret,Lu,Efren
White,Mandy,Hudson,Aylssa,White,Alexis
Runco,Dwayne,Thagard,Giovanna,Runco,Truman
White,Camilla,Hudson,Aylssa,White,Alexis
Runco,Kristopher,Thagard,Giovanna,Runco,Truman
White,Monika,Hudson,Aylssa,White,Alexis
Runco,Aleksandr,Thagard,Giovanna,Runco,Truman
White,Hilda,Hudson,Aylssa,White,Alexis
Runco,Paris,Thagard,Giovanna,Runco,Truman
White,Iesha,Hudson,Aylssa,White,Alexis
Runco,Deonte,Thagard,Giovanna,Runco,Truman
White,Mileena,Hudson,Aylssa,White,Alexis
Runco,Troy,Thagard,Giovanna,Runco,Truman
White,Krystle,Hudson,Aylssa,White,Alexis
Runco,Carson,Thagard,Giovanna,Runco,Truman
Linenger,Libby,Thagard,Lillie,Linenger,Slaten
Runco,Darius,Thagard,Giovanna,Runco,Truman
Linenger,Karishma,Thagard,Lillie,Linenger,Slaten
Runco,Orion,Thagard,Giovanna,Runco,Truman
Linenger,Mattie,Thagard,Lillie,Linenger,Slaten
Runco,Rodrigo,Thagard,Giovanna,Runco,Truman
Lu,Paola,Thagard,Margaret,Lu,Efren
Runco,Freddy,Thagard,Giovanna,Runco,Truman
Lu,Farrah,Thagard,Margaret,Lu,Efren
Runco,Paul,Thagard,Giovanna,Runco,Truman
Lu,Georgina,Thagard,Margaret,Lu,Efren
Stafford,Tarik,Thagard,Mari,Stafford,Tanner
Lu,Lillian,Thagard,Margaret,Lu,Efren
Stafford,Dwayne,Thagard,Mari,Stafford,Tanner
Lu,Kali,Thagard,Margaret,Lu,Efren
Stafford,Esteban,Thagard,Mari,Stafford,Tanner
Lu,Imelda,Thagard,Margaret,Lu,Efren
Stafford,Tevin,Thagard,Mari,Stafford,Tanner
Lu,Symphony,Thagard,Margaret,Lu,Efren
Stafford,Amari,Thagard,Mari,Stafford,Tanner
Lu,Alisa,Thagard,Margaret,Lu,Efren
Stafford,Deion,Thagard,Mari,Stafford,Tanner
Lu,Luna,Thagard,Margaret,Lu,Efren
Stafford,Joel,Thagard,Mari,Stafford,Tanner
Runco,Vianey,Thagard,Giovanna,Runco,Truman
Stafford,Rudy,Thagard,Mari,Stafford,Tanner
Runco,Jodie,Thagard,Giovanna,Runco,Truman
Stafford,Ryland,Thagard,Mari,Stafford,Tanner
Runco,Debra,Thagard,Giovanna,Runco,Truman
Thagard,Jamal,Anderson,Marianne,Thagard,Anfernee
Runco,Jazmine,Thagard,Giovanna,Runco,Truman
Thagard,Anibal,Anderson,Marianne,Thagard,Anfernee
Stafford,Jazmine,Thagard,Mari,Stafford,Tanner
Thagard,Justin,Anderson,Marianne,Thagard,Anfernee
Stafford,Angle,Thagard,Mari,Stafford,Tanner
Thagard,Gannon,Anderson,Jasmine,Thagard,Joseph
Stafford,Talia,Thagard,Mari,Stafford,Tanner
Thagard,Byron,Anderson,Jasmine,Thagard,Joseph
Stafford,Salena,Thagard,Mari,Stafford,Tanner
Thagard,Mauricio,Anderson,Jasmine,Thagard,Joseph
Stafford,Dorothy,Thagard,Mari,Stafford,Tanner
Thagard,Noe,Anderson,Jasmine,Thagard,Joseph
Stafford,Shakira,Thagard,Mari,Stafford,Tanner
Anderson,Devonta,Thagard,India,Anderson,Edgardo
Stafford,Elissa,Thagard,Mari,Stafford,Tanner
Anderson,Adalberto,Thagard,India,Anderson,Edgardo
Stafford,Anneliese,Thagard,Mari,Stafford,Tanner
Anderson,Junior,Thagard,India,Anderson,Edgardo
Stafford,Brecken,Thagard,Mari,Stafford,Tanner
Anderson,Jonah,Thagard,India,Anderson,Edgardo
Stafford,Jalen,Thagard,Mari,Stafford,Tanner
Anderson,Deandre,Thagard,India,Anderson,Edgardo
Thagard,Alice,Anderson,Marianne,Thagard,Anfernee
Anderson,Miles,Thagard,India,Anderson,Edgardo
Thagard,Katelin,Anderson,Marianne,Thagard,Anfernee
Anderson,Sedrick,Thagard,India,Anderson,Edgardo
Thagard,Alannah,Anderson,Jasmine,Thagard,Joseph
Anderson,Austen,Thagard,Jennifer,Anderson,Terrance
Thagard,Kallee,Anderson,Jasmine,Thagard,Joseph
Anderson,James,Thagard,Jennifer,Anderson,Terrance
Thagard,Chelsea,Anderson,Jasmine,Thagard,Joseph
Anderson,Kristopher,Thagard,Jennifer,Anderson,Terrance
Anderson,Kenyetta,Thagard,India,Anderson,Edgardo
Anderson,Darian,Thagard,Jennifer,Anderson,Terrance
Anderson,Kori,Thagard,India,Anderson,Edgardo
Anderson,Lamont,Thagard,Jennifer,Anderson,Terrance
Anderson,Carolina,Thagard,India,Anderson,Edgardo
Anderson,Lamar,Thagard,Jennifer,Anderson,Terrance
Anderson,Carley,Thagard,India,Anderson,Edgardo
Anderson,Johnathen,Thagard,Jennifer,Anderson,Terrance
Anderson,Helena,Thagard,India,Anderson,Edgardo
Anderson,Tyrone,Thagard,Jennifer,Anderson,Terrance
Anderson,Chana,Thagard,Jennifer,Anderson,Terrance
Anderson,Dylon,Thagard,Jennifer,Anderson,Terrance
Anderson,Kylee,Thagard,Jennifer,Anderson,Terrance
Anderson,Frankie,Thagard,Jennifer,Anderson,Terrance
Anderson,Jewel,Thagard,Jennifer,Anderson,Terrance
Anderson,Ray,Thagard,Jennifer,Anderson,Terrance
Anderson,Bethany,Thagard,Jennifer,Anderson,Terrance
Anderson,Cedric,Thagard,Chantal,Anderson,Dimitri
Anderson,Michal,Thagard,Jennifer,Anderson,Terrance
Anderson,Jarred,Thagard,Chantal,Anderson,Dimitri
Anderson,Camisha,Thagard,Jennifer,Anderson,Terrance
Anderson,Emanuel,Thagard,Chantal,Anderson,Dimitri
Anderson,Allegra,Thagard,Jennifer,Anderson,Terrance
Anderson,Wilfredo,Thagard,Chantal,Anderson,Dimitri
Anderson,Alice,Thagard,Chantal,Anderson,Dimitri
Anderson,Conner,Thagard,Chantal,Anderson,Dimitri
Anderson,Asya,Thagard,Chantal,Anderson,Dimitri
Anderson,Dale,Thagard,Chantal,Anderson,Dimitri
Anderson,Rian,Thagard,Chantal,Anderson,Dimitri
Anderson,Truman,Thagard,Chantal,Anderson,Dimitri
Anderson,Maison,Thagard,Chantal,Anderson,Dimitri
Anderson,Sterling,Thagard,Chantal,Anderson,Dimitri
Anderson,Kayli,Thagard,Chantal,Anderson,Dimitri
Anderson,Diamond,Thagard,Chantal,Anderson,Dimitri
Anderson,Gretchen,Thagard,Chantal,Anderson,Dimitri
Anderson,Jules,Thagard,Chantal,Anderson,Dimitri
Lockhart,Emmalee,Thagard,Caitriona,Lockhart,Ben
Anderson,Mitchell,Thagard,Chantal,Anderson,Dimitri
Lockhart,Roxanne,Thagard,Caitriona,Lockhart,Ben
Lockhart,Deonte,Thagard,Caitriona,Lockhart,Ben
Lockhart,Desiree,Thagard,Caitriona,Lockhart,Ben
Lockhart,Ricardo,Thagard,Caitriona,Lockhart,Ben
Lockhart,Terra,Thagard,Caitriona,Lockhart,Ben
Lockhart,Bretton,Thagard,Caitriona,Lockhart,Ben
Lockhart,Diane,Thagard,Caitriona,Lockhart,Ben
Lockhart,Michael,Thagard,Caitriona,Lockhart,Ben
Lockhart,Jesica,Thagard,Caitriona,Lockhart,Ben
Lockhart,Marcello,Thagard,Caitriona,Lockhart,Ben
Lockhart,Noel,Thagard,Caitriona,Lockhart,Ben
Lockhart,Jaylon,Thagard,Caitriona,Lockhart,Ben
Lockhart,Keana,Thagard,Caitriona,Lockhart,Ben
Lockhart,Roman,Thagard,Makenzi,Lockhart,Efren
Lockhart,Giovanna,Thagard,Makenzi,Lockhart,Efren
Lockhart,Dakota,Thagard,Makenzi,Lockhart,Efren
Lockhart,Makayla,Thagard,Makenzi,Lockhart,Efren
Lockhart,Larry,Thagard,Makenzi,Lockhart,Efren
Lockhart,Alysia,Thagard,Makenzi,Lockhart,Efren
Lockhart,Jarrett,Thagard,Makenzi,Lockhart,Efren
Lockhart,Cynthia,Thagard,Makenzi,Lockhart,Efren
Lockhart,Roger,Thagard,Makenzi,Lockhart,Efren
Lockhart,Yazmin,Thagard,Makenzi,Lockhart,Efren
Lockhart,Kayle,Thagard,Makenzi,Lockhart,Efren
Lockhart,Anja,Thagard,Makenzi,Lockhart,Efren
Lockhart,Nicholaus,Thagard,Makenzi,Lockhart,Efren
Lockhart,Shakia,Thagard,Makenzi,Lockhart,Efren
Lockhart,Mohamad,Thagard,Makenzi,Lockhart,Efren
Lockhart,Keyshla,Thagard,Makenzi,Lockhart,Efren
Lockhart,Camron,Thagard,Makenzi,Lockhart,Efren
Lockhart,Judy,Thagard,Makenzi,Lockhart,Efren
Lockhart,Colton,Thagard,Makenzi,Lockhart,Efren
Cunningham,Vivien,Anderson,Jessa,Cunningham,Bryson
Lockhart,Dayton,Thagard,Makenzi,Lockhart,Efren
Cunningham,Yuki,Anderson,Jessa,Cunningham,Bryson
Cunningham,Dillon,Anderson,Jessa,Cunningham,Bryson
Cunningham,Jessika,Anderson,Jessa,Cunningham,Bryson
Cunningham,Riley,Anderson,Jessa,Cunningham,Bryson
Cunningham,Elida,Anderson,Jessa,Cunningham,Bryson
Cunningham,Alejandro,Anderson,Jessa,Cunningham,Bryson
Cunningham,Ebony,Anderson,Jessa,Cunningham,Bryson
Cunningham,Emmanuel,Anderson,Jessa,Cunningham,Bryson
Cunningham,Minnie,Anderson,Jessa,Cunningham,Bryson
Cunningham,Zackary,Anderson,Jessa,Cunningham,Bryson
Cunningham,Doris,Anderson,Jessa,Cunningham,Bryson
Cunningham,Jasper,Anderson,Jessa,Cunningham,Bryson
Cunningham,Sandy,Anderson,Jessa,Cunningham,Bryson
Cunningham,Sahil,Anderson,Jessa,Cunningham,Bryson
Cunningham,Shanna,Anderson,Holly,Cunningham,Deleon
Cunningham,Fredrick,Anderson,Jessa,Cunningham,Bryson
Cunningham,Amber,Anderson,Holly,Cunningham,Deleon
Cunningham,Braeden,Anderson,Jessa,Cunningham,Bryson
Cunningham,Mikaela,Anderson,Holly,Cunningham,Deleon
Cunningham,Keegan,Anderson,Jessa,Cunningham,Bryson
Cunningham,Rayna,Anderson,Holly,Cunningham,Deleon
Cunningham,Allen,Anderson,Jessa,Cunningham,Bryson
Cunningham,Noemi,Anderson,Holly,Cunningham,Deleon
Cunningham,Douglas,Anderson,Jessa,Cunningham,Bryson
Cunningham,Kayle,Anderson,Holly,Cunningham,Deleon
Cunningham,Latrell,Anderson,Holly,Cunningham,Deleon
Cunningham,Mara,Anderson,Holly,Cunningham,Deleon
Cunningham,Jace,Anderson,Holly,Cunningham,Deleon
Cunningham,Autumn,Anderson,Holly,Cunningham,Deleon
Cunningham,Treshaun,Anderson,Holly,Cunningham,Deleon
Cunningham,Tiffani,Lockhart,Kenia,Cunningham,Gunner
Cunningham,Korey,Anderson,Holly,Cunningham,Deleon
Lu,Marivel,Lockhart,Divya,Lu,Brock
Cunningham,Shareef,Anderson,Holly,Cunningham,Deleon
Lu,Shyann,Cunningham,Kenia,Lu,Bradley
Cunningham,Royce,Anderson,Holly,Cunningham,Deleon
Lu,Bridgette,Cunningham,Kenia,Lu,Bradley
Cunningham,Bradlee,Anderson,Holly,Cunningham,Deleon
Lu,Alysa,Cunningham,Kenia,Lu,Bradley
Cunningham,Saul,Anderson,Holly,Cunningham,Deleon
Lu,Carissa,Cunningham,Kenia,Lu,Bradley
Cunningham,Elijah,Anderson,Holly,Cunningham,Deleon
Lu,Marelyn,Cunningham,Kenia,Lu,Bradley
Cunningham,Dakotah,Anderson,Holly,Cunningham,Deleon
Lu,Rebeca,Cunningham,Kenia,Lu,Bradley
Cunningham,Elmer,Lockhart,Kenia,Cunningham,Gunner
Lu,Breanne,Cunningham,Kenia,Lu,Bradley
Cunningham,Wayne,Lockhart,Kenia,Cunningham,Gunner
Lu,Allyssa,Cunningham,Kenia,Lu,Bradley
Cunningham,Reed,Lockhart,Kenia,Cunningham,Gunner
Lu,Mallory,Cunningham,Kenia,Lu,Bradley
Cunningham,Paris,Lockhart,Kenia,Cunningham,Gunner
Lu,Onesha,Cunningham,Esperanza,Lu,Ashton
Lu,Erik,Lockhart,Divya,Lu,Brock
Lu,Josie,Cunningham,Esperanza,Lu,Ashton
Lu,Calvin,Lockhart,Divya,Lu,Brock
Lu,Kourtney,Cunningham,Esperanza,Lu,Ashton
Lu,Dion,Lockhart,Divya,Lu,Brock
Lu,Myranda,Cunningham,Esperanza,Lu,Ashton
Lu,Reed,Lockhart,Divya,Lu,Brock
Lu,Rubi,Cunningham,Moriah,Lu,Antoine
Lu,Marcello,Cunningham,Kenia,Lu,Bradley
Lu,Nyasia,Cunningham,Moriah,Lu,Antoine
Lu,Montel,Cunningham,Kenia,Lu,Bradley
Lu,Chardonnay,Cunningham,Moriah,Lu,Antoine
Lu,Coleman,Cunningham,Kenia,Lu,Bradley
Lu,Jaymi,Cunningham,Moriah,Lu,Antoine
Lu,Everett,Cunningham,Kenia,Lu,Bradley
Lu,Ellen,Cunningham,Moriah,Lu,Antoine
Lu,Melvin,Cunningham,Kenia,Lu,Bradley
Lu,Cambria,Cunningham,Elana,Lu,Diamond
Lu,Ali,Cunningham,Kenia,Lu,Bradley
Lu,Alayna,Cunningham,Elana,Lu,Diamond
Lu,Cullen,Cunningham,Kenia,Lu,Bradley
Lu,Violet,Cunningham,Elana,Lu,Diamond
Lu,Randy,Cunningham,Kenia,Lu,Bradley
Lu,Valerie,Cunningham,Elana,Lu,Diamond
Lu,Gregory,Cunningham,Kenia,Lu,Bradley
Lu,Rikki,Cunningham,Elana,Lu,Diamond
Lu,Aleksandr,Cunningham,Esperanza,Lu,Ashton
Lu,Geraldine,Cunningham,Elana,Lu,Diamond
Lu,Grayson,Cunningham,Esperanza,Lu,Ashton
Lu,Justice,Cunningham,Elana,Lu,Diamond
Lu,Dominic,Cunningham,Moriah,Lu,Antoine
Lu,Mandy,Cunningham,Elana,Lu,Diamond
Lu,Estevan,Cunningham,Moriah,Lu,Antoine
Lu,Bridgett,Cunningham,Elana,Lu,Diamond
Lu,Jordan,Cunningham,Elana,Lu,Diamond
Lu,Porsha,Cunningham,Holland,Lu,Khalid
Lu,Silas,Cunningham,Elana,Lu,Diamond
Lu,Ariana,Cunningham,Holland,Lu,Khalid
Lu,Brennan,Cunningham,Elana,Lu,Diamond
Lu,Chantel,Cunningham,Holland,Lu,Khalid
Lu,Elmer,Cunningham,Elana,Lu,Diamond
Lu,Suzanna,Cunningham,Holland,Lu,Khalid
Lu,Joey,Cunningham,Elana,Lu,Diamond
Lu,Keanna,Cunningham,Holland,Lu,Khalid
Lu,Aiden,Cunningham,Elana,Lu,Diamond
Lu,Latoya,Cunningham,Holland,Lu,Khalid
Lu,Guadalupe,Cunningham,Holland,Lu,Khalid
Lu,Baylee,Cunningham,Holland,Lu,Khalid
Lu,Kade,Cunningham,Holland,Lu,Khalid
Lu,Alycia,Cunningham,Holland,Lu,Khalid
Lu,Orion,Cunningham,Holland,Lu,Khalid
Lu,Chanelle,Cunningham,Holland,Lu,Khalid
Lu,Rand,Cunningham,Holland,Lu,Khalid
Lu,Ashley,Cunningham,Holland,Lu,Khalid
Lu,Luis,Cunningham,Holland,Lu,Khalid
Lu,Kaycee,Cunningham,Holland,Lu,Khalid
Lu,Devyn,Cunningham,Holland,Lu,Khalid
Lu,Maeghan,Grant,Callan,Lu,Weston
Lu,Gavin,Cunningham,Holland,Lu,Khalid
Lu,Delaney,Grant,Callan,Lu,Weston
Lu,Charles,Cunningham,Holland,Lu,Khalid
Lu,Jazmon,Grant,Callan,Lu,Weston
Lu,Roger,Cunningham,Holland,Lu,Khalid
Lu,Rachelle,Grant,Callan,Lu,Weston
Lu,Jarred,Grant,Callan,Lu,Weston
Lu,Dajanae,Grant,Callan,Lu,Weston
Lu,Julio,Grant,Callan,Lu,Weston
Lu,Sheyla,Grant,Callan,Lu,Weston
Lu,Derek,Grant,Callan,Lu,Weston
Lu,Adriane,Grant,Callan,Lu,Weston
Lu,Juan,Grant,Callan,Lu,Weston
Lu,Krystan,Grant,Janesha,Lu,Johnathen
Lu,Asa,Grant,Callan,Lu,Weston
Lu,Giuliana,Grant,Janesha,Lu,Johnathen
Lu,Jayce,Grant,Callan,Lu,Weston
Lu,Mandi,Grant,Janesha,Lu,Johnathen
Lu,Marquise,Grant,Callan,Lu,Weston
Lu,Rosemarie,Grant,Janesha,Lu,Johnathen
Lu,Forrest,Grant,Janesha,Lu,Johnathen
Lu,Blair,Grant,Janesha,Lu,Johnathen
Lu,Joan,Grant,Janesha,Lu,Johnathen
Lu,Daniela,Grant,Larissa,Lu,Spenser
Lu,Yobani,Grant,Larissa,Lu,Spenser
Lu,Kori,Grant,Larissa,Lu,Spenser
Lu,Branden,Grant,Larissa,Lu,Spenser
Lu,Francesca,Grant,Larissa,Lu,Spenser
Lu,Saul,Grant,Larissa,Lu,Spenser
Lu,Christina,Grant,Larissa,Lu,Spenser
Lu,Kayle,Grant,Larissa,Lu,Spenser
Lu,Tehya,Grant,Larissa,Lu,Spenser
Lu,Deontae,Grant,Larissa,Lu,Spenser
Lu,Sonya,Grant,Larissa,Lu,Spenser
Lu,Richard,Grant,Larissa,Lu,Spenser
Lu,Clair,Grant,Larissa,Lu,Spenser
Lu,Samuel,Grant,Larissa,Lu,Spenser
Lu,Lynda,Grant,Larissa,Lu,Spenser
Lu,Trevon,Grant,Larissa,Lu,Spenser
Grant,Coral,Lu,Cassie,Grant,Justice
Lu,Enrique,Grant,Larissa,Lu,Spenser
Grant,Brianne,Lu,Halee,Grant,Tallon
Lu,Braden,Grant,Larissa,Lu,Spenser
Grant,Tasha,Lu,Halee,Grant,Tallon
Grant,Al,Lu,Cassie,Grant,Justice
Grant,Mikayla,Lu,Chase,Grant,Osvaldo
Grant,Nick,Lu,Cassie,Grant,Justice
Grant,Bayleigh,Lu,Chase,Grant,Osvaldo
Grant,Noel,Lu,Halee,Grant,Tallon
Walker,Ivy,Lu,Jocelyn,Walker,Andrew
Grant,Frederick,Lu,Halee,Grant,Tallon
Walker,Alessandra,Lu,Jocelyn,Walker,Andrew
Grant,Latrell,Lu,Halee,Grant,Tallon
Seddon,Kristie,Lu,Jillian,Seddon,Ronny
Grant,Sawyer,Lu,Halee,Grant,Tallon
Seddon,Kaci,Lu,Jillian,Seddon,Ronny
Grant,Taquan,Lu,Halee,Grant,Tallon
Seddon,Tess,Lu,Jillian,Seddon,Ronny
Grant,Conor,Lu,Halee,Grant,Tallon
Seddon,Noel,Lu,Nallely,Seddon,Devontae
Grant,Drew,Lu,Halee,Grant,Tallon
Seddon,Bianca,Lu,Nallely,Seddon,Devontae
Grant,Clifford,Lu,Chase,Grant,Osvaldo
Seddon,Chloie,Lu,Nallely,Seddon,Devontae
Grant,Darrell,Lu,Chase,Grant,Osvaldo
Seddon,Mackenna,Lu,Nallely,Seddon,Devontae
Grant,Evan,Lu,Chase,Grant,Osvaldo
Seddon,Marie,Lu,Nallely,Seddon,Devontae
Grant,Tristen,Lu,Chase,Grant,Osvaldo
Seddon,Kassandra,Lu,Zoi,Seddon,Callum
Walker,Josiah,Lu,Jocelyn,Walker,Andrew
Seddon,Mikala,Lu,Zoi,Seddon,Callum
Seddon,Guadalupe,Lu,Jillian,Seddon,Ronny
Seddon,Elexus,Lu,Zoi,Seddon,Callum
Seddon,Deon,Lu,Jillian,Seddon,Ronny
Seddon,Juliet,Lu,Zoi,Seddon,Callum
Seddon,Damon,Lu,Nallely,Seddon,Devontae
Seddon,Ellie,Lu,Kristina,Seddon,Spenser
Seddon,Stevan,Lu,Nallely,Seddon,Devontae
Seddon,Anissa,Lu,Kristina,Seddon,Spenser
Seddon,Tyrell,Lu,Nallely,Seddon,Devontae
Seddon,Meaghan,Lu,Kristina,Seddon,Spenser
Seddon,Maximillia,Lu,Nallely,Seddon,Devontae
Seddon,Chanelle,Lu,Kristina,Seddon,Spenser
Seddon,Saxon,Lu,Zoi,Seddon,Callum
Seddon,Reyanna,Lu,Kristina,Seddon,Spenser
Seddon,Jacob,Lu,Zoi,Seddon,Callum
Freeman,Iridiana,Lu,Nikki,Freeman,Cristian
Seddon,Stanley,Lu,Zoi,Seddon,Callum
Freeman,Shea,Lu,Nikki,Freeman,Cristian
Seddon,Gregory,Lu,Zoi,Seddon,Callum
Freeman,Lucy,Lu,Nikki,Freeman,Cristian
Seddon,Chris,Lu,Zoi,Seddon,Callum
Freeman,Kasandra,Grant,Kitana,Freeman,Jerome
Seddon,Rory,Lu,Kristina,Seddon,Spenser
Freeman,Aesha,Grant,Kitana,Freeman,Jerome
Seddon,Samual,Lu,Kristina,Seddon,Spenser
Freeman,Beatriz,Grant,Kitana,Freeman,Jerome
Seddon,Jeffrey,Lu,Kristina,Seddon,Spenser
Freeman,Halee,Grant,Yajaira,Freeman,Mohammed
Seddon,Devaughn,Lu,Kristina,Seddon,Spenser
Freeman,Tiana,Grant,Yajaira,Freeman,Mohammed
Seddon,Yakov,Lu,Kristina,Seddon,Spenser
Freeman,Sienna,Grant,Yajaira,Freeman,Mohammed
Seddon,Treshaun,Lu,Kristina,Seddon,Spenser
Freeman,Breana,Grant,Yajaira,Freeman,Mohammed
Seddon,Duncan,Lu,Kristina,Seddon,Spenser
Freeman,Ronni,Grant,Yajaira,Freeman,Mohammed
Freeman,Roger,Lu,Nikki,Freeman,Cristian
Freeman,Malia,Grant,Yajaira,Freeman,Mohammed
Freeman,Neftaly,Lu,Nikki,Freeman,Cristian
Freeman,Lilly,Grant,Yajaira,Freeman,Mohammed
Freeman,Al,Lu,Nikki,Freeman,Cristian
Freeman,Celina,Grant,Yajaira,Freeman,Mohammed
Freeman,Tristan,Lu,Nikki,Freeman,Cristian
Freeman,Shanna,Grant,Yajaira,Freeman,Mohammed
Freeman,Marcus,Lu,Nikki,Freeman,Cristian
Freeman,Marlee,Grant,Yajaira,Freeman,Mohammed
Freeman,Edgar,Grant,Kitana,Freeman,Jerome
Cutter,Paris,Grant,Karley,Cutter,Shayne
Freeman,Alonso,Grant,Kitana,Freeman,Jerome
Cutter,Katie,Grant,Karley,Cutter,Shayne
Freeman,Jaylan,Grant,Kitana,Freeman,Jerome
Cutter,Aileen,Grant,Karley,Cutter,Shayne
Freeman,Bjorn,Grant,Kitana,Freeman,Jerome
Cutter,Keirra,Grant,Karley,Cutter,Shayne
Freeman,Everett,Grant,Kitana,Freeman,Jerome
Cutter,Mileena,Grant,Karley,Cutter,Shayne
Freeman,Kristopher,Grant,Yajaira,Freeman,Mohammed
Cutter,Cecelia,Grant,Karley,Cutter,Shayne
Freeman,Jovon,Grant,Yajaira,Freeman,Mohammed
Cutter,Katharine,Grant,Karley,Cutter,Shayne
Freeman,Graham,Grant,Yajaira,Freeman,Mohammed
Cutter,Carrie,Grant,Karley,Cutter,Shayne
Freeman,Jonah,Grant,Yajaira,Freeman,Mohammed
Cutter,Fatima,Grant,Karley,Cutter,Shayne
Cutter,Langston,Grant,Karley,Cutter,Shayne
Cutter,Macy,Grant,Iris,Cutter,Lawrence
Cutter,Malcolm,Grant,Karley,Cutter,Shayne
Cutter,Patrice,Grant,Iris,Cutter,Lawrence
Cutter,Lauren,Grant,Karley,Cutter,Shayne
Cutter,Hunter,Grant,Iris,Cutter,Lawrence
Cutter,Zaire,Grant,Karley,Cutter,Shayne
Cutter,Lizette,Walker,Macie,Cutter,Dale
Cutter,Jaime,Grant,Karley,Cutter,Shayne
Cutter,Loren,Walker,Macie,Cutter,Dale
Cutter,Guillermo,Grant,Karley,Cutter,Shayne
Cutter,Jaden,Walker,Macie,Cutter,Dale
Cutter,Harry,Grant,Karley,Cutter,Shayne
Cutter,Shaniah,Walker,Shane,Cutter,Damien
Cutter,Charly,Grant,Iris,Cutter,Lawrence
Cutter,Heaven,Walker,Debra,Cutter,Alonzo
Cutter,Menachem,Grant,Iris,Cutter,Lawrence
Cutter,Darcie,Walker,Debra,Cutter,Alonzo
Cutter,Hugo,Grant,Iris,Cutter,Lawrence
Ivins,Spencer,Walker,Becca,Ivins,Devon
Cutter,Reed,Grant,Iris,Cutter,Lawrence
Ivins,Emerald,Walker,Becca,Ivins,Devon
Cutter,Romello,Grant,Iris,Cutter,Lawrence
Ivins,Elijah,Walker,Becca,Ivins,Devon
Cutter,Sebastien,Walker,Shane,Cutter,Damien
Ivins,Kassandra,Walker,Becca,Ivins,Devon
Cutter,Khalid,Walker,Shane,Cutter,Damien
Ivins,Lindsey,Walker,Becca,Ivins,Devon
Cutter,Saul,Walker,Shane,Cutter,Damien
Ivins,Maxine,Walker,Becca,Ivins,Devon
Cutter,Nick,Walker,Shane,Cutter,Damien
Ivins,Saige,Walker,Becca,Ivins,Devon
Cutter,Mohammad,Walker,Debra,Cutter,Alonzo
Ivins,Ashton,Walker,Saige,Ivins,Joe
Cutter,Alexis,Walker,Debra,Cutter,Alonzo
Ivins,Carolyn,Walker,Saige,Ivins,Joe
Cutter,Gunner,Walker,Debra,Cutter,Alonzo
Ivins,Antoinette,Walker,Saige,Ivins,Joe
Cutter,Harley,Walker,Debra,Cutter,Alonzo
Ivins,Angela,Walker,Saige,Ivins,Joe
Cutter,Jarrod,Walker,Debra,Cutter,Alonzo
Ivins,Guadalupe,Walker,Saige,Ivins,Joe
Ivins,Jovon,Walker,Becca,Ivins,Devon
Ivins,Keyondra,Seddon,Clare,Ivins,Issac
Ivins,Jamal,Walker,Becca,Ivins,Devon
Ivins,Estrella,Seddon,Clare,Ivins,Issac
Ivins,Jamison,Walker,Becca,Ivins,Devon
Ivins,Georgina,Seddon,Clare,Ivins,Issac
Ivins,Zackary,Walker,Becca,Ivins,Devon
Ivins,Vianey,Seddon,Clare,Ivins,Issac
Ivins,Domenic,Walker,Becca,Ivins,Devon
Ivins,Kristen,Seddon,Janna,Ivins,Christen
Ivins,Kristian,Walker,Saige,Ivins,Joe
Ivins,Holli,Seddon,Janna,Ivins,Christen
Ivins,Rudy,Walker,Saige,Ivins,Joe
Ivins,Shoshana,Seddon,Bobbie,Ivins,Quintin
Ivins,Esau,Walker,Saige,Ivins,Joe
Ivins,Karah,Seddon,Bobbie,Ivins,Quintin
Ivins,Ever,Walker,Saige,Ivins,Joe
Ivins,Erica,Seddon,Bobbie,Ivins,Quintin
Ivins,Joey,Walker,Saige,Ivins,Joe
Ivins,Alisia,Seddon,Bobbie,Ivins,Quintin
Ivins,Donovan,Walker,Saige,Ivins,Joe
Ivins,Kayli,Seddon,Bobbie,Ivins,Quintin
Ivins,Wade,Walker,Saige,Ivins,Joe
Ivins,Anamaria,Seddon,Bobbie,Ivins,Quintin
Ivins,Britt,Walker,Saige,Ivins,Joe
Ivins,Eliana,Seddon,Bobbie,Ivins,Quintin
Ivins,Moses,Walker,Saige,Ivins,Joe
Ivins,Celia,Seddon,Bobbie,Ivins,Quintin
Ivins,Edward,Seddon,Clare,Ivins,Issac
Ivins,Ladaysha,Seddon,Bobbie,Ivins,Quintin
Ivins,San,Seddon,Janna,Ivins,Christen
Ivins,Fatima,Freeman,Natasha,Ivins,Jairo
Ivins,Noel,Seddon,Janna,Ivins,Christen
Ivins,Jaymie,Freeman,Natasha,Ivins,Jairo
Ivins,Wanya,Seddon,Janna,Ivins,Christen
Ivins,Yadira,Freeman,Natasha,Ivins,Jairo
Ivins,Mckay,Seddon,Janna,Ivins,Christen
Ivins,Makala,Freeman,Natasha,Ivins,Jairo
Ivins,Ty,Seddon,Janna,Ivins,Christen
Ivins,Abagail,Freeman,Natasha,Ivins,Jairo
Ivins,Marcell,Seddon,Bobbie,Ivins,Quintin
Ivins,Kate,Freeman,Natasha,Ivins,Jairo
Ivins,Dean,Seddon,Bobbie,Ivins,Quintin
Ivins,Felisha,Freeman,Natasha,Ivins,Jairo
Ivins,Randy,Seddon,Bobbie,Ivins,Quintin
Ivins,Keila,Freeman,Natasha,Ivins,Jairo
Ivins,Irfan,Seddon,Bobbie,Ivins,Quintin
Ivins,Janette,Freeman,Yvonne,Ivins,Josie
Ivins,Tyquan,Seddon,Bobbie,Ivins,Quintin
Ivins,Keara,Freeman,Yvonne,Ivins,Josie
Ivins,Terron,Seddon,Bobbie,Ivins,Quintin
Ivins,Keri,Freeman,Yvonne,Ivins,Josie
Ivins,Henry,Seddon,Bobbie,Ivins,Quintin
Ivins,Makenzi,Freeman,Yvonne,Ivins,Josie
Ivins,Trevor,Seddon,Bobbie,Ivins,Quintin
Ivins,Celena,Freeman,Yvonne,Ivins,Josie
Ivins,Blake,Seddon,Bobbie,Ivins,Quintin
Ivins,Kitana,Freeman,Yvonne,Ivins,Josie
Ivins,Ezequiel,Freeman,Natasha,Ivins,Jairo
Ivins,Shaylee,Freeman,Evelin,Ivins,Maximillia
Ivins,Olivier,Freeman,Natasha,Ivins,Jairo
Ivins,Olivia,Freeman,Evelin,Ivins,Maximillia
Ivins,Jawaun,Freeman,Natasha,Ivins,Jairo
Ivins,Kristina,Freeman,Evelin,Ivins,Maximillia
Ivins,Jake,Freeman,Natasha,Ivins,Jairo
Ivins,Alycia,Freeman,Evelin,Ivins,Maximillia
Ivins,Devan,Freeman,Natasha,Ivins,Jairo
Ivins,Kristine,Freeman,Evelin,Ivins,Maximillia
Ivins,Desmond,Freeman,Natasha,Ivins,Jairo
Ivins,Lucy,Freeman,Evelin,Ivins,Maximillia
Ivins,August,Freeman,Yvonne,Ivins,Josie
Ivins,Cindy,Cutter,Cody,Ivins,Malcolm
Ivins,Abdiel,Freeman,Yvonne,Ivins,Josie
Ivins,Tayla,Cutter,Cody,Ivins,Malcolm
Ivins,Jaylon,Freeman,Yvonne,Ivins,Josie
Ivins,Juliana,Cutter,Cody,Ivins,Malcolm
Ivins,Erick,Freeman,Yvonne,Ivins,Josie
Ivins,Chana,Cutter,Cody,Ivins,Malcolm
Ivins,Fredrick,Freeman,Yvonne,Ivins,Josie
Ivins,Hattie,Cutter,Cody,Ivins,Malcolm
Ivins,Damian,Freeman,Yvonne,Ivins,Josie
Ivins,Terri,Cutter,Cody,Ivins,Malcolm
Ivins,Christian,Freeman,Yvonne,Ivins,Josie
Ivins,Stormy,Cutter,Cody,Ivins,Malcolm
Ivins,James,Freeman,Yvonne,Ivins,Josie
Ivins,Sabrina,Cutter,Cody,Ivins,Malcolm
Ivins,Derrick,Freeman,Evelin,Ivins,Maximillia
Ivins,Marisela,Cutter,Cody,Ivins,Malcolm
Ivins,Lukas,Freeman,Evelin,Ivins,Maximillia
Ivins,Daniela,Cutter,Cody,Ivins,Malcolm
Ivins,Billy,Freeman,Evelin,Ivins,Maximillia
Ivins,Jesica,Cutter,Cody,Ivins,Malcolm
Ivins,Jack,Cutter,Cody,Ivins,Malcolm
Ivins,Niyah,Cutter,Cody,Ivins,Malcolm
Ivins,Ralph,Cutter,Cody,Ivins,Malcolm
Ivins,Breonna,Cutter,Leanna,Ivins,Felix
Ivins,Marlon,Cutter,Cody,Ivins,Malcolm
Ivins,Kalee,Cutter,Leanna,Ivins,Felix
Ivins,Alex,Cutter,Cody,Ivins,Malcolm
Ivins,Raven,Cutter,Leanna,Ivins,Felix
Ivins,Beau,Cutter,Cody,Ivins,Malcolm
Ivins,Cody,Cutter,Leanna,Ivins,Felix
Ivins,Charly,Cutter,Cody,Ivins,Malcolm
Ivins,Margo,Cutter,Leanna,Ivins,Felix
Ivins,Kerry,Cutter,Cody,Ivins,Malcolm
Ivins,Malinda,Cutter,Emilie,Ivins,Deion
Ivins,Moshe,Cutter,Cody,Ivins,Malcolm
Ivins,Tarah,Cutter,Emilie,Ivins,Deion
Ivins,Nickalus,Cutter,Leanna,Ivins,Felix
Ivins,Brieanna,Cutter,Emilie,Ivins,Deion
Ivins,Guillermo,Cutter,Leanna,Ivins,Felix
Ivins,Carina,Cutter,Emilie,Ivins,Deion
Ivins,Aron,Cutter,Leanna,Ivins,Felix
Ivins,Tiona,Cutter,Emilie,Ivins,Deion
Ivins,Simon,Cutter,Leanna,Ivins,Felix
White,Jessika,Cutter,Chanel,White,Zachariah
Ivins,Tyler,Cutter,Leanna,Ivins,Felix
White,Yasmeen,McDivitt,Malina,White,Skylar
Ivins,Cristopher,Cutter,Leanna,Ivins,Felix
White,Johnna,McDivitt,Malina,White,Skylar
Ivins,John,Cutter,Emilie,Ivins,Deion
White,Lily,McDivitt,Malina,White,Skylar
Ivins,Jeramie,Cutter,Emilie,Ivins,Deion
White,Camisha,McDivitt,Malina,White,Skylar
Ivins,Maximilian,Cutter,Emilie,Ivins,Deion
White,Daphne,McDivitt,Malina,White,Skylar
Ivins,Mariano,Cutter,Emilie,Ivins,Deion
White,Ashlie,McDivitt,Malina,White,Skylar
Ivins,Slaten,Cutter,Emilie,Ivins,Deion
White,Grace,McDivitt,Malina,White,Skylar
Ivins,Cecil,Cutter,Emilie,Ivins,Deion
White,Cassidy,McDivitt,Josey,White,Keion
Ivins,Guy,Cutter,Emilie,Ivins,Deion
White,Elizabet,McDivitt,Josey,White,Keion
White,Arturo,Cutter,Chanel,White,Zachariah
White,Joi,McDivitt,Josey,White,Keion
White,Elias,Cutter,Chanel,White,Zachariah
White,Anika,McDivitt,Josey,White,Keion
White,Elvin,Cutter,Chanel,White,Zachariah
White,Estefani,McDivitt,Josey,White,Keion
White,Rowan,Cutter,Shenelly,White,Theodore
White,Shea,McDivitt,Karissa,White,Aiden
White,Patrick,Cutter,Shenelly,White,Theodore
White,India,McDivitt,Karissa,White,Aiden
White,Mario,Cutter,Shenelly,White,Theodore
Linenger,Camille,McDivitt,Kaylah,Linenger,Jordin
White,Jeff,McDivitt,Malina,White,Skylar
Linenger,Sidney,McDivitt,Kaylah,Linenger,Jordin
White,Justin,McDivitt,Malina,White,Skylar
Linenger,Chantel,McDivitt,Kaylah,Linenger,Jordin
White,Owen,McDivitt,Malina,White,Skylar
Linenger,Aundrea,McDivitt,Kaylah,Linenger,Jordin
White,Gerardo,McDivitt,Malina,White,Skylar
Linenger,Jasmine,McDivitt,Kaylah,Linenger,Jordin
White,Dwayne,McDivitt,Malina,White,Skylar
Linenger,Annemarie,McDivitt,Kaylah,Linenger,Jordin
White,Joshua,McDivitt,Malina,White,Skylar
Linenger,Ayanna,McDivitt,Kaylah,Linenger,Jordin
White,Kameron,McDivitt,Malina,White,Skylar
Linenger,Alice,McDivitt,Kaylah,Linenger,Jordin
White,Jai,McDivitt,Malina,White,Skylar
Linenger,Mallory,McDivitt,Kaylah,Linenger,Jordin
White,Jovon,McDivitt,Malina,White,Skylar
Linenger,Katy,McDivitt,Kaylah,Linenger,Jordin
White,Jon,McDivitt,Josey,White,Keion
Linenger,Aliyah,McDivitt,Kaylah,Linenger,Jordin
White,Coby,McDivitt,Josey,White,Keion
Linenger,Heidy,McDivitt,Kaylah,Linenger,Jordin
White,Kody,McDivitt,Josey,White,Keion
Linenger,Luz,McDivitt,Kaylah,Linenger,Jordin
White,Jeremiah,McDivitt,Josey,White,Keion
Linenger,Trinity,McDivitt,Alexa,Linenger,Darrion
White,Jacori,McDivitt,Josey,White,Keion
Linenger,Jania,McDivitt,Alexa,Linenger,Darrion
White,Denver,McDivitt,Josey,White,Keion
Linenger,Georgia,McDivitt,Alexa,Linenger,Darrion
White,Peyton,McDivitt,Josey,White,Keion
Linenger,Dasia,McDivitt,Alexa,Linenger,Darrion
White,Joan,McDivitt,Josey,White,Keion
Linenger,Drew,McDivitt,Alexa,Linenger,Darrion
White,Roger,McDivitt,Josey,White,Keion
Linenger,Shayla,Ivins,Luz,Linenger,Marcello
White,Maverick,McDivitt,Josey,White,Keion
Linenger,Jena,Ivins,Luz,Linenger,Marcello
White,Francisco,McDivitt,Karissa,White,Aiden
Linenger,Breeanna,Ivins,Luz,Linenger,Marcello
White,Quentin,McDivitt,Karissa,White,Aiden
Linenger,Alexandrea,Ivins,Luz,Linenger,Marcello
Linenger,Amir,McDivitt,Kaylah,Linenger,Jordin
Linenger,Darian,Ivins,Luz,Linenger,Marcello
Linenger,Jaquan,McDivitt,Kaylah,Linenger,Jordin
Linenger,Breanna,Ivins,Luz,Linenger,Marcello
Linenger,Ted,McDivitt,Kaylah,Linenger,Jordin
Linenger,Ivelisse,Ivins,Yazmin,Linenger,Kai
Linenger,Clarence,McDivitt,Kaylah,Linenger,Jordin
Lu,Aishah,Ivins,Bayleigh,Lu,Ravon
Linenger,Ivan,McDivitt,Alexa,Linenger,Darrion
Lu,Kyana,Ivins,Bayleigh,Lu,Ravon
Linenger,Deion,McDivitt,Alexa,Linenger,Darrion
Lu,Joceline,Ivins,Bayleigh,Lu,Ravon
Linenger,Kevin,McDivitt,Alexa,Linenger,Darrion
Lu,Tamisha,Ivins,Bayleigh,Lu,Ravon
Linenger,Willis,McDivitt,Alexa,Linenger,Darrion
Lu,Anaya,Ivins,Bayleigh,Lu,Ravon
Linenger,Valentine,Ivins,Luz,Linenger,Marcello
Lu,Shawn,Ivins,Bayleigh,Lu,Ravon
Linenger,Camron,Ivins,Luz,Linenger,Marcello
Lu,Benita,Ivins,Bayleigh,Lu,Ravon
Linenger,Jermaine,Ivins,Luz,Linenger,Marcello
Lu,Krystle,Ivins,Karlee,Lu,Alan
Linenger,Shmuel,Ivins,Luz,Linenger,Marcello
Lu,Shaina,Ivins,Karlee,Lu,Alan
Linenger,Kenny,Ivins,Luz,Linenger,Marcello
Lu,Alannah,Ivins,Karlee,Lu,Alan
Linenger,Freddy,Ivins,Luz,Linenger,Marcello
Lu,Stephanie,Ivins,Karlee,Lu,Alan
Linenger,Kody,Ivins,Luz,Linenger,Marcello
Lu,Mahogany,Ivins,Karlee,Lu,Alan
Linenger,Marc,Ivins,Fabiola,Linenger,Darryl
Lu,Angelique,Ivins,Karlee,Lu,Alan
Linenger,Jaleel,Ivins,Fabiola,Linenger,Darryl
Lu,Alissa,Ivins,Karlee,Lu,Alan
Linenger,Erick,Ivins,Fabiola,Linenger,Darryl
Lu,Colette,Ivins,Karlee,Lu,Alan
Linenger,Colt,Ivins,Fabiola,Linenger,Darryl
Lu,Tayler,Ivins,Karlee,Lu,Alan
Linenger,Jimmy,Ivins,Fabiola,Linenger,Darryl
Lu,Aileen,Ivins,Karlee,Lu,Alan
Linenger,Johnathon,Ivins,Fabiola,Linenger,Darryl
Lu,Sapphire,Ivins,Kaydee,Lu,Wilfredo
Linenger,Simeon,Ivins,Fabiola,Linenger,Darryl
Lu,Nereida,Ivins,Kaydee,Lu,Wilfredo
Linenger,Jevin,Ivins,Fabiola,Linenger,Darryl
Lu,Liliana,Ivins,Kaydee,Lu,Wilfredo
Linenger,Julian,Ivins,Fabiola,Linenger,Darryl
Lu,Aubrie,Ivins,Kaydee,Lu,Wilfredo
Linenger,Barrett,Ivins,Yazmin,Linenger,Kai
Lu,Valeria,Ivins,Kaydee,Lu,Wilfredo
Linenger,Leo,Ivins,Yazmin,Linenger,Kai
Lu,Leandra,Ivins,Kandice,Lu,Jakob
Linenger,Killian,Ivins,Yazmin,Linenger,Kai
Lu,Itzel,Ivins,Kandice,Lu,Jakob
Linenger,Quincy,Ivins,Yazmin,Linenger,Kai
Lu,Shea,Ivins,Kandice,Lu,Jakob
Lu,Tyson,Ivins,Bayleigh,Lu,Ravon
Lu,Kylee,Ivins,Kandice,Lu,Jakob
Lu,Beau,Ivins,Bayleigh,Lu,Ravon
Lu,Payton,Ivins,Kandice,Lu,Jakob
Lu,Fredy,Ivins,Karlee,Lu,Alan
Lu,Elijah,White,Maribel,Lu,Oneil
Lu,Clarence,Ivins,Karlee,Lu,Alan
Lu,Stella,White,Maribel,Lu,Oneil
Lu,Rasheed,Ivins,Karlee,Lu,Alan
Lu,Katelynn,White,Maribel,Lu,Oneil
Lu,Lukas,Ivins,Karlee,Lu,Alan
Lu,Shiann,White,Maribel,Lu,Oneil
Lu,Perry,Ivins,Karlee,Lu,Alan
Lu,Neda,White,Maribel,Lu,Oneil
Lu,Layne,Ivins,Karlee,Lu,Alan
Lu,Elena,White,Maribel,Lu,Oneil
Lu,Dusty,Ivins,Karlee,Lu,Alan
Lu,Debbie,White,Maribel,Lu,Oneil
Lu,Gerard,Ivins,Karlee,Lu,Alan
Lu,Brenna,White,Maribel,Lu,Oneil
Lu,Jonathan,Ivins,Karlee,Lu,Alan
Lu,Keira,White,Maribel,Lu,Oneil
Lu,Matthew,Ivins,Karlee,Lu,Alan
Lu,Angelica,White,Maribel,Lu,Oneil
Lu,Darius,Ivins,Kaydee,Lu,Wilfredo
Lu,Sadia,White,Mandy,Lu,Demarcus
Lu,Brody,Ivins,Kaydee,Lu,Wilfredo
Lu,Dena,White,Mandy,Lu,Demarcus
Lu,Salvatore,Ivins,Kaydee,Lu,Wilfredo
Lu,Rebekah,White,Mandy,Lu,Demarcus
Lu,Dandre,Ivins,Kaydee,Lu,Wilfredo
Runco,Kristy,White,Camilla,Runco,Dwayne
Lu,Ladarius,Ivins,Kaydee,Lu,Wilfredo
Runco,Lauren,White,Camilla,Runco,Dwayne
Lu,Skylar,Ivins,Kaydee,Lu,Wilfredo
Runco,Gloria,White,Camilla,Runco,Dwayne
Lu,Devan,Ivins,Kaydee,Lu,Wilfredo
Runco,Ashly,White,Camilla,Runco,Dwayne
Lu,Colby,Ivins,Kaydee,Lu,Wilfredo
Runco,Joyce,White,Camilla,Runco,Dwayne
Lu,Ryen,Ivins,Kandice,Lu,Jakob
Runco,Ali,White,Monika,Runco,Kristopher
Lu,Ishmael,Ivins,Kandice,Lu,Jakob
Runco,Karena,White,Monika,Runco,Kristopher
Lu,Frederick,Ivins,Kandice,Lu,Jakob
Runco,Aubree,White,Monika,Runco,Kristopher
Lu,Alejandro,Ivins,Kandice,Lu,Jakob
Runco,Kaycee,White,Monika,Runco,Kristopher
Lu,Javen,Ivins,Kandice,Lu,Jakob
Runco,Paula,White,Monika,Runco,Kristopher
Lu,Clifford,Ivins,Kandice,Lu,Jakob
Runco,Kalee,White,Monika,Runco,Kristopher
Lu,Dennis,White,Maribel,Lu,Oneil
Runco,Janette,White,Hilda,Runco,Aleksandr
Lu,Brice,White,Maribel,Lu,Oneil
Runco,Martha,White,Hilda,Runco,Aleksandr
Lu,Alexandro,White,Maribel,Lu,Oneil
Runco,Tory,White,Hilda,Runco,Aleksandr
Lu,Jeremey,White,Maribel,Lu,Oneil
Runco,Kitana,White,Hilda,Runco,Aleksandr
Lu,Jasen,White,Maribel,Lu,Oneil
Runco,Zenia,White,Hilda,Runco,Aleksandr
Lu,Brennon,White,Maribel,Lu,Oneil
Runco,Coral,White,Hilda,Runco,Aleksandr
Lu,Kenyon,White,Maribel,Lu,Oneil
Runco,Macy,White,Hilda,Runco,Aleksandr
Lu,Yuri,White,Maribel,Lu,Oneil
Runco,Elisa,White,Hilda,Runco,Aleksandr
Lu,Micheal,White,Mandy,Lu,Demarcus
Runco,Aisha,White,Hilda,Runco,Aleksandr
Lu,Jared,White,Mandy,Lu,Demarcus
Runco,Paxton,White,Hilda,Runco,Aleksandr
Lu,Jordon,White,Mandy,Lu,Demarcus
Runco,Katlyn,White,Iesha,Runco,Paris
Runco,Alec,White,Camilla,Runco,Dwayne
Runco,Leticia,White,Iesha,Runco,Paris
Runco,Ismael,White,Camilla,Runco,Dwayne
Runco,Alexi,White,Iesha,Runco,Paris
Runco,Keion,White,Camilla,Runco,Dwayne
Runco,Roslyn,White,Iesha,Runco,Paris
Runco,Jacoby,White,Monika,Runco,Kristopher
Runco,Unique,White,Iesha,Runco,Paris
Runco,Jaylen,White,Monika,Runco,Kristopher
Runco,Olivia,White,Iesha,Runco,Paris
Runco,Dan,White,Monika,Runco,Kristopher
Runco,Margo,White,Iesha,Runco,Paris
Runco,Jakob,White,Monika,Runco,Kristopher
Runco,Jena,White,Iesha,Runco,Paris
Runco,Douglas,White,Monika,Runco,Kristopher
Runco,Lauryn,White,Iesha,Runco,Paris
Runco,Humberto,White,Monika,Runco,Kristopher
Runco,Alissa,White,Mileena,Runco,Deonte
Runco,Allen,White,Monika,Runco,Kristopher
Runco,Estefania,White,Mileena,Runco,Deonte
Runco,Brennan,White,Monika,Runco,Kristopher
Runco,Anahi,White,Mileena,Runco,Deonte
Runco,Harold,White,Hilda,Runco,Aleksandr
Runco,Valentina,White,Mileena,Runco,Deonte
Runco,Everett,White,Hilda,Runco,Aleksandr
Runco,Larissa,White,Mileena,Runco,Deonte
Runco,Jalil,White,Hilda,Runco,Aleksandr
Runco,Yvette,White,Mileena,Runco,Deonte
